{
"type": "FeatureCollection",
"name": "CAR_2026",
"crs": { "type": "name", "properties": { "name": "urn:ogc:def:crs:OGC:1.3:CRS84" } },
"features": [
{ "type": "Feature", "properties": { }, "geometry": { "type": "Polygon", "coordinates": [ [ [ -56.19685827, -9.86184514 ], [ -56.19514655, -9.8618084 ], [ -56.1914804, -9.86346012 ], [ -56.18781425, -9.86511185 ], [ -56.18414809, -9.86676357 ], [ -56.1853077, -9.87072262 ], [ -56.1864673, -9.87468168 ], [ -56.1876269, -9.87864073 ], [ -56.1887865, -9.88259979 ], [ -56.1899461, -9.88655884 ], [ -56.1911057, -9.89051789 ], [ -56.19226531, -9.89447695 ], [ -56.19342491, -9.898436 ], [ -56.19458451, -9.90239505 ], [ -56.19574411, -9.90635411 ], [ -56.19690371, -9.91031316 ], [ -56.19806331, -9.91427222 ], [ -56.19986379, -9.91794533 ], [ -56.20166427, -9.92161845 ], [ -56.20346475, -9.92529157 ], [ -56.20526523, -9.92896469 ], [ -56.20706571, -9.9326378 ], [ -56.20886619, -9.93631092 ], [ -56.21066667, -9.93998404 ], [ -56.21246715, -9.94365716 ], [ -56.21638669, -9.94245926 ], [ -56.22030622, -9.94126137 ], [ -56.22422576, -9.94006347 ], [ -56.2281453, -9.93886558 ], [ -56.23206484, -9.93766768 ], [ -56.23598437, -9.93646979 ], [ -56.23990391, -9.93527189 ], [ -56.24382345, -9.934074 ], [ -56.24259406, -9.93002104 ], [ -56.24136468, -9.92596809 ], [ -56.24013529, -9.92191513 ], [ -56.23890591, -9.91786217 ], [ -56.23799562, -9.91481476 ], [ -56.23716692, -9.91201794 ], [ -56.23633822, -9.90922112 ], [ -56.23559164, -9.90670694 ], [ -56.23484502, -9.90420405 ], [ -56.2340984, -9.90170115 ], [ -56.23294299, -9.89782066 ], [ -56.23178758, -9.89394017 ], [ -56.23063217, -9.89005968 ], [ -56.22947676, -9.88617919 ], [ -56.22832136, -9.8822987 ], [ -56.22716595, -9.8784182 ], [ -56.22601054, -9.87453771 ], [ -56.22324471, -9.87162219 ], [ -56.22137065, -9.87057809 ], [ -56.21728525, -9.8691226 ], [ -56.21319986, -9.86766711 ], [ -56.20911446, -9.86621161 ], [ -56.20502907, -9.86475612 ], [ -56.20094367, -9.86330063 ], [ -56.19685827, -9.86184514 ] ] ] } },
{ "type": "Feature", "properties": { }, "geometry": { "type": "Polygon", "coordinates": [ [ [ -56.25445053, -12.34612905 ], [ -56.25377479, -12.34661667 ], [ -56.25355323, -12.34677675 ], [ -56.2533927, -12.34689251 ], [ -56.25141165, -12.34832111 ], [ -56.25260048, -12.34845184 ], [ -56.25295718, -12.34849107 ], [ -56.25324859, -12.34840934 ], [ -56.25689521, -12.34881055 ], [ -56.26054183, -12.34921176 ], [ -56.26418846, -12.34961297 ], [ -56.26783508, -12.35001418 ], [ -56.26803102, -12.34957407 ], [ -56.26805781, -12.3489002 ], [ -56.26836423, -12.34845324 ], [ -56.26782332, -12.34792443 ], [ -56.26819222, -12.34726668 ], [ -56.26792747, -12.34652376 ], [ -56.26821738, -12.34628889 ], [ -56.26860387, -12.34631778 ], [ -56.26895899, -12.34601626 ], [ -56.26955962, -12.34553717 ], [ -56.26982347, -12.34507897 ], [ -56.27042607, -12.34501675 ], [ -56.27106285, -12.34427082 ], [ -56.27145383, -12.34366936 ], [ -56.2719884, -12.34322997 ], [ -56.27239109, -12.34241848 ], [ -56.27268281, -12.34179189 ], [ -56.27323938, -12.34101057 ], [ -56.27355095, -12.34058812 ], [ -56.27359841, -12.33965181 ], [ -56.27389393, -12.33918094 ], [ -56.27375682, -12.33890568 ], [ -56.27397884, -12.33857007 ], [ -56.27352438, -12.33848151 ], [ -56.27334336, -12.33808795 ], [ -56.27341852, -12.33761369 ], [ -56.27317311, -12.33715729 ], [ -56.27295611, -12.3362738 ], [ -56.27247407, -12.33604772 ], [ -56.27231271, -12.33509548 ], [ -56.27256725, -12.33440757 ], [ -56.27199355, -12.33387416 ], [ -56.27192596, -12.33317038 ], [ -56.27194928, -12.33265204 ], [ -56.27165901, -12.33232365 ], [ -56.27162952, -12.33191259 ], [ -56.27127813, -12.33160484 ], [ -56.27110064, -12.33093586 ], [ -56.27056795, -12.33060393 ], [ -56.27051308, -12.33006078 ], [ -56.27033835, -12.32932525 ], [ -56.27027523, -12.32883642 ], [ -56.27024155, -12.3282776 ], [ -56.27019096, -12.32788212 ], [ -56.27000379, -12.32732433 ], [ -56.27049484, -12.32687958 ], [ -56.27051929, -12.32625155 ], [ -56.27052845, -12.32573019 ], [ -56.27057672, -12.32526879 ], [ -56.27074385, -12.32479486 ], [ -56.27074855, -12.3244263 ], [ -56.27072008, -12.32374623 ], [ -56.27062672, -12.32311852 ], [ -56.27085864, -12.32279207 ], [ -56.2706247, -12.32195357 ], [ -56.27094949, -12.32156471 ], [ -56.27109254, -12.32134897 ], [ -56.27078771, -12.32103674 ], [ -56.27071468, -12.32074049 ], [ -56.27048329, -12.32011006 ], [ -56.27018986, -12.31883365 ], [ -56.27015161, -12.31813203 ], [ -56.27002161, -12.31775298 ], [ -56.2701422, -12.31701417 ], [ -56.27024578, -12.31616933 ], [ -56.2701635, -12.31512805 ], [ -56.27020186, -12.31430301 ], [ -56.26988793, -12.3137838 ], [ -56.26960824, -12.31371643 ], [ -56.26938963, -12.3132547 ], [ -56.26857316, -12.3128516 ], [ -56.26806825, -12.31263694 ], [ -56.26705844, -12.31316863 ], [ -56.26690721, -12.31334506 ], [ -56.2630601, -12.31521257 ], [ -56.259213, -12.31708008 ], [ -56.25536589, -12.31894759 ], [ -56.25151879, -12.3208151 ], [ -56.24767168, -12.32268261 ], [ -56.24382458, -12.32455012 ], [ -56.24518114, -12.3272739 ], [ -56.24684925, -12.33066779 ], [ -56.24851736, -12.33406167 ], [ -56.25018547, -12.33745556 ], [ -56.25185358, -12.34084944 ], [ -56.25352169, -12.34424333 ], [ -56.25445053, -12.34612905 ] ] ] } },
{ "type": "Feature", "properties": { }, "geometry": { "type": "Polygon", "coordinates": [ [ [ -56.18058139, -13.35234389 ], [ -56.18040472, -13.35245528 ], [ -56.18006333, -13.35249333 ], [ -56.18012972, -13.35259944 ], [ -56.17995583, -13.35266111 ], [ -56.17985139, -13.35271167 ], [ -56.17955944, -13.35272056 ], [ -56.17961889, -13.35287667 ], [ -56.17952694, -13.3529275 ], [ -56.17934222, -13.35277167 ], [ -56.17915972, -13.35280833 ], [ -56.17894972, -13.35286972 ], [ -56.17894889, -13.35307917 ], [ -56.17866583, -13.35309028 ], [ -56.17866083, -13.35338861 ], [ -56.17838028, -13.35340389 ], [ -56.17844194, -13.35323861 ], [ -56.17829389, -13.35318139 ], [ -56.17800611, -13.35322194 ], [ -56.1781325, -13.35341111 ], [ -56.17801889, -13.35353389 ], [ -56.17758389, -13.35349611 ], [ -56.17724167, -13.35369611 ], [ -56.17708806, -13.35382806 ], [ -56.17690222, -13.35342194 ], [ -56.17674444, -13.3535025 ], [ -56.17641389, -13.35355944 ], [ -56.17642806, -13.35378556 ], [ -56.17630667, -13.35397778 ], [ -56.17615389, -13.35395417 ], [ -56.17583278, -13.35405694 ], [ -56.17561722, -13.35426 ], [ -56.1753675, -13.35426861 ], [ -56.17512889, -13.35441556 ], [ -56.17486806, -13.35444833 ], [ -56.17482972, -13.35466111 ], [ -56.17458444, -13.35479528 ], [ -56.17429444, -13.35488694 ], [ -56.17405444, -13.35490778 ], [ -56.17382167, -13.35505611 ], [ -56.17367056, -13.35504528 ], [ -56.17340639, -13.35514917 ], [ -56.17310861, -13.35534306 ], [ -56.17303556, -13.3553425 ], [ -56.17261278, -13.35540639 ], [ -56.1722825, -13.35553583 ], [ -56.17205306, -13.35566222 ], [ -56.17167722, -13.35555944 ], [ -56.17142056, -13.35544194 ], [ -56.1709925, -13.35540833 ], [ -56.17101139, -13.35581444 ], [ -56.17038222, -13.35596056 ], [ -56.17027361, -13.35609639 ], [ -56.17001389, -13.35610806 ], [ -56.16976917, -13.35632111 ], [ -56.16950639, -13.35638194 ], [ -56.16928306, -13.35636306 ], [ -56.16501563, -13.35600313 ], [ -56.1607482, -13.3556432 ], [ -56.15648076, -13.35528326 ], [ -56.15221333, -13.35492333 ], [ -56.15378, -13.35806583 ], [ -56.15534666, -13.36120833 ], [ -56.15691333, -13.36435083 ], [ -56.16129422, -13.3653055 ], [ -56.16567511, -13.36626017 ], [ -56.170056, -13.36721483 ], [ -56.17443689, -13.3681695 ], [ -56.17881778, -13.36912417 ], [ -56.17905306, -13.36946722 ], [ -56.17910694, -13.36946972 ], [ -56.17934944, -13.36935194 ], [ -56.17950139, -13.36929167 ], [ -56.17952, -13.36913444 ], [ -56.17961667, -13.3689 ], [ -56.17969306, -13.36875 ], [ -56.17987833, -13.36856917 ], [ -56.18002917, -13.36849639 ], [ -56.18017639, -13.36844889 ], [ -56.18049972, -13.36851194 ], [ -56.18062778, -13.36843528 ], [ -56.18051417, -13.36829778 ], [ -56.18067806, -13.36805861 ], [ -56.1808475, -13.36743694 ], [ -56.18103889, -13.36718 ], [ -56.1811225, -13.36684667 ], [ -56.18132194, -13.36646861 ], [ -56.18131417, -13.36616833 ], [ -56.18144944, -13.36569167 ], [ -56.18144528, -13.36541 ], [ -56.18153972, -13.36500389 ], [ -56.18157722, -13.36474278 ], [ -56.18174278, -13.364385 ], [ -56.18183889, -13.36420833 ], [ -56.18173028, -13.36393194 ], [ -56.18162444, -13.36368972 ], [ -56.18165861, -13.36349861 ], [ -56.18175333, -13.36331194 ], [ -56.18162, -13.36312361 ], [ -56.18149889, -13.36302889 ], [ -56.1813975, -13.36284778 ], [ -56.18134278, -13.36272667 ], [ -56.18134222, -13.36242972 ], [ -56.18120083, -13.36202861 ], [ -56.181335, -13.36178694 ], [ -56.18157611, -13.36186833 ], [ -56.18173694, -13.36182833 ], [ -56.18200306, -13.36191333 ], [ -56.18220222, -13.36179111 ], [ -56.18244278, -13.36177194 ], [ -56.18260139, -13.36170722 ], [ -56.1827425, -13.36152556 ], [ -56.18293111, -13.36136111 ], [ -56.183135, -13.36138694 ], [ -56.18337778, -13.3614825 ], [ -56.18370028, -13.36160861 ], [ -56.18378694, -13.36157889 ], [ -56.18405333, -13.36139194 ], [ -56.18431, -13.36118139 ], [ -56.18442056, -13.36105222 ], [ -56.18458833, -13.36091611 ], [ -56.18483, -13.36062278 ], [ -56.18495167, -13.36038389 ], [ -56.18513889, -13.36014639 ], [ -56.18548139, -13.35930889 ], [ -56.18544472, -13.35903139 ], [ -56.18531806, -13.358675 ], [ -56.18544361, -13.35844944 ], [ -56.18562972, -13.35859278 ], [ -56.18549722, -13.35817833 ], [ -56.18558278, -13.35797806 ], [ -56.18569361, -13.35784194 ], [ -56.18575472, -13.35750972 ], [ -56.18578278, -13.35727667 ], [ -56.18601722, -13.35713389 ], [ -56.18629278, -13.35691583 ], [ -56.18635722, -13.35667639 ], [ -56.186565, -13.35651639 ], [ -56.18669472, -13.35638194 ], [ -56.18673083, -13.35611722 ], [ -56.18656222, -13.35600944 ], [ -56.18649778, -13.35582861 ], [ -56.1863975, -13.35607472 ], [ -56.18615556, -13.35596806 ], [ -56.18593389, -13.35565194 ], [ -56.18573444, -13.35561583 ], [ -56.18572806, -13.35535194 ], [ -56.18532167, -13.35528778 ], [ -56.18499361, -13.35517111 ], [ -56.18487056, -13.35494806 ], [ -56.18492, -13.35482222 ], [ -56.18505111, -13.35449278 ], [ -56.18517222, -13.35418556 ], [ -56.18509583, -13.35395833 ], [ -56.18486611, -13.35370194 ], [ -56.18488056, -13.35306778 ], [ -56.18475861, -13.3529775 ], [ -56.18451083, -13.35314194 ], [ -56.18430444, -13.35290944 ], [ -56.18420056, -13.35288694 ], [ -56.18414861, -13.35275611 ], [ -56.18399417, -13.35281472 ], [ -56.18407389, -13.3530125 ], [ -56.18393611, -13.3531775 ], [ -56.18388417, -13.35305111 ], [ -56.18377417, -13.35307361 ], [ -56.18352583, -13.35325972 ], [ -56.18323667, -13.35331917 ], [ -56.18292417, -13.35304389 ], [ -56.18277722, -13.35299306 ], [ -56.18268722, -13.35313861 ], [ -56.18247583, -13.35307417 ], [ -56.18235222, -13.35289139 ], [ -56.18217944, -13.35318111 ], [ -56.18197139, -13.35320111 ], [ -56.181845, -13.352995 ], [ -56.18163556, -13.35311361 ], [ -56.18148944, -13.35320417 ], [ -56.18129806, -13.35305806 ], [ -56.18118361, -13.35310139 ], [ -56.18067944, -13.35309028 ], [ -56.18066083, -13.35292833 ], [ -56.18083889, -13.35291194 ], [ -56.1807525, -13.35276472 ], [ -56.1805525, -13.35276333 ], [ -56.180495, -13.35252694 ], [ -56.18058139, -13.35234389 ] ] ] } },
{ "type": "Feature", "properties": { }, "geometry": { "type": "Polygon", "coordinates": [ [ [ -56.02705081, -12.85086949 ], [ -56.02664065, -12.85065468 ], [ -56.0278514, -12.84661185 ], [ -56.02906214, -12.84256902 ], [ -56.02963776, -12.84065269 ], [ -56.02607464, -12.83904945 ], [ -56.02251152, -12.83744621 ], [ -56.0189484, -12.83584297 ], [ -56.01538528, -12.83423973 ], [ -56.01182216, -12.83263649 ], [ -56.00825905, -12.83103325 ], [ -56.00469593, -12.82943001 ], [ -56.00459391, -12.82949867 ], [ -56.003462, -12.83026056 ], [ -56.00332007, -12.83104248 ], [ -56.00230361, -12.83056448 ], [ -56.00208267, -12.8310735 ], [ -56.00216283, -12.8330861 ], [ -56.00394724, -12.8339784 ], [ -56.00423931, -12.83494424 ], [ -56.00358411, -12.83561581 ], [ -56.00251361, -12.8356103 ], [ -56.00122558, -12.83590686 ], [ -56.00100486, -12.83650041 ], [ -56.00082195, -12.83796988 ], [ -56.0003707, -12.83877024 ], [ -56.00062178, -12.83952002 ], [ -56.00063105, -12.8408111 ], [ -56.00008189, -12.84110901 ], [ -55.99781994, -12.84010492 ], [ -55.99678857, -12.84128814 ], [ -55.99589873, -12.84158935 ], [ -55.99510916, -12.84123678 ], [ -55.9950013, -12.84266485 ], [ -55.9957135, -12.84349786 ], [ -55.9968778, -12.84383567 ], [ -55.99799309, -12.84510032 ], [ -55.99849923, -12.84613766 ], [ -55.99920578, -12.84758573 ], [ -55.99935466, -12.84789086 ], [ -55.99948364, -12.84896703 ], [ -56.00006192, -12.85014328 ], [ -56.00187851, -12.85096276 ], [ -56.00199594, -12.85170235 ], [ -56.00099502, -12.85275107 ], [ -55.99847865, -12.85290595 ], [ -55.99810223, -12.85339032 ], [ -55.99918968, -12.85585721 ], [ -55.99773923, -12.85675986 ], [ -55.99747504, -12.85666687 ], [ -55.99678844, -12.85585681 ], [ -55.99606884, -12.85522974 ], [ -55.99520015, -12.85423175 ], [ -55.9942496, -12.85530532 ], [ -55.99310889, -12.85442356 ], [ -55.99209095, -12.85406793 ], [ -55.99051237, -12.85256124 ], [ -55.98952347, -12.8523672 ], [ -55.9887555, -12.85211497 ], [ -55.98706543, -12.852041 ], [ -55.98673083, -12.85227217 ], [ -55.98663378, -12.85246892 ], [ -55.99026617, -12.85389022 ], [ -55.99389856, -12.85531152 ], [ -55.99753095, -12.85673283 ], [ -55.99768549, -12.8567933 ], [ -56.00123695, -12.85818265 ], [ -56.00478841, -12.859572 ], [ -56.00833987, -12.86096136 ], [ -56.01189132, -12.86235071 ], [ -56.01544278, -12.86374006 ], [ -56.01899424, -12.86512942 ], [ -56.02080637, -12.86170327 ], [ -56.02106823, -12.86218788 ], [ -56.02314896, -12.86565683 ], [ -56.02522968, -12.86912578 ], [ -56.0273104, -12.87259474 ], [ -56.02939112, -12.87606369 ], [ -56.03147184, -12.87953264 ], [ -56.03355256, -12.88300159 ], [ -56.03563329, -12.88647054 ], [ -56.03571046, -12.88658285 ], [ -56.03610999, -12.88580819 ], [ -56.03744355, -12.88501933 ], [ -56.03808931, -12.88376853 ], [ -56.03877779, -12.88390406 ], [ -56.0404644, -12.88262986 ], [ -56.04167664, -12.88118646 ], [ -56.04250156, -12.88072853 ], [ -56.04293372, -12.88004303 ], [ -56.0432965, -12.87954607 ], [ -56.04390157, -12.87822305 ], [ -56.04389295, -12.87808884 ], [ -56.0436378, -12.87409118 ], [ -56.04338264, -12.87009353 ], [ -56.04312748, -12.86609587 ], [ -56.04287233, -12.86209822 ], [ -56.04261717, -12.85810057 ], [ -56.03872558, -12.8562928 ], [ -56.03483399, -12.85448503 ], [ -56.0309424, -12.85267726 ], [ -56.02705081, -12.85086949 ] ] ] } },
{ "type": "Feature", "properties": { }, "geometry": { "type": "Polygon", "coordinates": [ [ [ -56.13956332, -12.83623736 ], [ -56.13908405, -12.84022017 ], [ -56.13860478, -12.84420298 ], [ -56.13812552, -12.84818578 ], [ -56.13764625, -12.85216859 ], [ -56.13716063, -12.85618315 ], [ -56.136675, -12.86019771 ], [ -56.13618938, -12.86421226 ], [ -56.13570375, -12.86822682 ], [ -56.1351801, -12.87255823 ], [ -56.13512463, -12.87295933 ], [ -56.13502225, -12.87333423 ], [ -56.13482563, -12.8736674 ], [ -56.13461084, -12.87389925 ], [ -56.13289275, -12.87553281 ], [ -56.13117465, -12.87716637 ], [ -56.12819694, -12.87999836 ], [ -56.12521922, -12.88283034 ], [ -56.1222415, -12.88566233 ], [ -56.11950448, -12.88826609 ], [ -56.11676745, -12.89086985 ], [ -56.11403043, -12.89347361 ], [ -56.1112934, -12.89607737 ], [ -56.1085294, -12.8986963 ], [ -56.10576539, -12.90131524 ], [ -56.10300139, -12.90393417 ], [ -56.10649584, -12.90534829 ], [ -56.10999028, -12.90676241 ], [ -56.11348473, -12.90817653 ], [ -56.11697917, -12.90959065 ], [ -56.12047362, -12.91100477 ], [ -56.12396806, -12.91241889 ], [ -56.12440724, -12.91259615 ], [ -56.12446, -12.91200237 ], [ -56.12397177, -12.91096707 ], [ -56.12373646, -12.90953469 ], [ -56.12368764, -12.90817527 ], [ -56.12413465, -12.90641072 ], [ -56.1243913, -12.90562874 ], [ -56.12432259, -12.90444981 ], [ -56.12439913, -12.90337925 ], [ -56.12423781, -12.90288122 ], [ -56.12407422, -12.90237587 ], [ -56.12403977, -12.90157293 ], [ -56.12430291, -12.90067488 ], [ -56.1239132, -12.9002307 ], [ -56.1239164, -12.89931062 ], [ -56.1241078, -12.89863113 ], [ -56.12467286, -12.89826719 ], [ -56.12528043, -12.89837447 ], [ -56.1256031, -12.89782192 ], [ -56.12555191, -12.89724705 ], [ -56.12656319, -12.8968741 ], [ -56.1271407, -12.89709159 ], [ -56.12786436, -12.89691669 ], [ -56.12841349, -12.89691852 ], [ -56.12921772, -12.89674199 ], [ -56.12992744, -12.89670773 ], [ -56.13043997, -12.89692526 ], [ -56.13101814, -12.89692718 ], [ -56.13128166, -12.89665671 ], [ -56.13140856, -12.89652657 ], [ -56.13135732, -12.89588461 ], [ -56.13064268, -12.89472678 ], [ -56.13119409, -12.89433429 ], [ -56.13177749, -12.89423351 ], [ -56.1323482, -12.89500442 ], [ -56.13328198, -12.89470253 ], [ -56.13311824, -12.89410034 ], [ -56.13234195, -12.89358329 ], [ -56.13226237, -12.89273861 ], [ -56.13280447, -12.89207583 ], [ -56.13327368, -12.89181173 ], [ -56.13390008, -12.8912373 ], [ -56.13476481, -12.89090859 ], [ -56.13548453, -12.89109696 ], [ -56.13701239, -12.89246235 ], [ -56.1382973, -12.89253865 ], [ -56.13876309, -12.89314029 ], [ -56.13951654, -12.89287431 ], [ -56.13968344, -12.89242069 ], [ -56.13921971, -12.8919979 ], [ -56.13907503, -12.8909955 ], [ -56.13930831, -12.89075024 ], [ -56.13941579, -12.89001865 ], [ -56.13968669, -12.88995733 ], [ -56.13978411, -12.89030721 ], [ -56.13992746, -12.89037966 ], [ -56.14027733, -12.8900524 ], [ -56.14111816, -12.89021566 ], [ -56.14127741, -12.8911908 ], [ -56.14147359, -12.89174553 ], [ -56.14139996, -12.89209386 ], [ -56.14141616, -12.89274746 ], [ -56.14156451, -12.89335456 ], [ -56.14167782, -12.89339933 ], [ -56.14193332, -12.89328705 ], [ -56.14231657, -12.89338931 ], [ -56.14328878, -12.8932999 ], [ -56.14385556, -12.89309497 ], [ -56.14461996, -12.89242882 ], [ -56.14484771, -12.89223462 ], [ -56.14484621, -12.89145521 ], [ -56.1447788, -12.89111474 ], [ -56.14308499, -12.88937433 ], [ -56.14139119, -12.88763392 ], [ -56.14355844, -12.8898608 ], [ -56.14576632, -12.88987471 ], [ -56.14841198, -12.88901724 ], [ -56.15105764, -12.88815976 ], [ -56.15245511, -12.8859738 ], [ -56.15385258, -12.88378783 ], [ -56.15398042, -12.8817256 ], [ -56.15576386, -12.87872764 ], [ -56.15730311, -12.88025787 ], [ -56.15731675, -12.88017509 ], [ -56.15738449, -12.88009258 ], [ -56.15849035, -12.87942992 ], [ -56.15859004, -12.87952166 ], [ -56.15889522, -12.87945627 ], [ -56.15850079, -12.87875941 ], [ -56.15827704, -12.87855877 ], [ -56.15813715, -12.87872081 ], [ -56.15766689, -12.87843212 ], [ -56.1576074, -12.87825471 ], [ -56.15762874, -12.87809989 ], [ -56.15773287, -12.87774569 ], [ -56.15795497, -12.87747234 ], [ -56.15782657, -12.87744906 ], [ -56.15766809, -12.87752061 ], [ -56.15757858, -12.87744591 ], [ -56.15757482, -12.87730195 ], [ -56.15735875, -12.87703976 ], [ -56.15735346, -12.87691298 ], [ -56.15724026, -12.87680963 ], [ -56.15716691, -12.87664076 ], [ -56.15696377, -12.87648015 ], [ -56.15654503, -12.87621903 ], [ -56.15596864, -12.87594944 ], [ -56.15533596, -12.87558889 ], [ -56.1553773, -12.87491369 ], [ -56.15560366, -12.87463385 ], [ -56.15590672, -12.87387865 ], [ -56.15585635, -12.87361744 ], [ -56.15552791, -12.8732831 ], [ -56.15525591, -12.8725511 ], [ -56.15506188, -12.87234088 ], [ -56.15497686, -12.87213544 ], [ -56.15499994, -12.87173731 ], [ -56.15506058, -12.87165496 ], [ -56.15525105, -12.87163441 ], [ -56.15521959, -12.87153413 ], [ -56.15511886, -12.87150586 ], [ -56.15481895, -12.87156765 ], [ -56.15449932, -12.87132673 ], [ -56.15438549, -12.87078159 ], [ -56.15436838, -12.87066046 ], [ -56.15444839, -12.87043612 ], [ -56.15480804, -12.87028474 ], [ -56.15497888, -12.87031929 ], [ -56.15490728, -12.8701535 ], [ -56.15459378, -12.87020177 ], [ -56.15444731, -12.87001811 ], [ -56.154642, -12.86972524 ], [ -56.15478551, -12.8696672 ], [ -56.15501892, -12.86953766 ], [ -56.15515773, -12.86955754 ], [ -56.15542711, -12.86947468 ], [ -56.15544691, -12.86931389 ], [ -56.15558379, -12.86922382 ], [ -56.15567023, -12.86933803 ], [ -56.15591689, -12.86979291 ], [ -56.15609149, -12.86985884 ], [ -56.15630535, -12.86987065 ], [ -56.15734238, -12.86911049 ], [ -56.15750007, -12.86921615 ], [ -56.15743522, -12.86871267 ], [ -56.1574769, -12.86842916 ], [ -56.15764077, -12.86825988 ], [ -56.15782133, -12.86830874 ], [ -56.1577789, -12.86765515 ], [ -56.15790495, -12.86724812 ], [ -56.15801786, -12.867104 ], [ -56.15811488, -12.86700195 ], [ -56.15823327, -12.86695577 ], [ -56.15834118, -12.86698613 ], [ -56.15844766, -12.86711252 ], [ -56.15863256, -12.86649573 ], [ -56.15890227, -12.86587053 ], [ -56.15891613, -12.8656108 ], [ -56.15877504, -12.86538828 ], [ -56.15875259, -12.86518422 ], [ -56.15881847, -12.8651026 ], [ -56.15899531, -12.86510561 ], [ -56.15910963, -12.86520264 ], [ -56.15931355, -12.86515446 ], [ -56.15976892, -12.86470509 ], [ -56.15971257, -12.86438528 ], [ -56.15978757, -12.86417059 ], [ -56.15993327, -12.86414158 ], [ -56.16014395, -12.86444372 ], [ -56.16027834, -12.86449198 ], [ -56.1604555, -12.86428856 ], [ -56.16044134, -12.86391771 ], [ -56.16039237, -12.86387225 ], [ -56.16020485, -12.86395086 ], [ -56.15997132, -12.86389504 ], [ -56.15975178, -12.86365337 ], [ -56.15959102, -12.86333214 ], [ -56.15973376, -12.86308711 ], [ -56.16039609, -12.86269844 ], [ -56.16049497, -12.86256141 ], [ -56.16045091, -12.8623137 ], [ -56.16069675, -12.86224197 ], [ -56.16081559, -12.86236405 ], [ -56.16082824, -12.86246898 ], [ -56.16103664, -12.86259596 ], [ -56.16110945, -12.86253806 ], [ -56.1612451, -12.86234581 ], [ -56.16120922, -12.86199441 ], [ -56.16136859, -12.86165142 ], [ -56.16151013, -12.86074035 ], [ -56.16174674, -12.86025321 ], [ -56.16181978, -12.85979257 ], [ -56.16174382, -12.85916301 ], [ -56.1617205, -12.85883001 ], [ -56.16150257, -12.8581301 ], [ -56.16159209, -12.85784159 ], [ -56.16147368, -12.85775694 ], [ -56.16112752, -12.8579024 ], [ -56.16112436, -12.85744035 ], [ -56.16108252, -12.85732991 ], [ -56.16118686, -12.85712779 ], [ -56.16137772, -12.85707035 ], [ -56.16140374, -12.85695036 ], [ -56.16091297, -12.85674363 ], [ -56.16099746, -12.85649877 ], [ -56.16130206, -12.85629323 ], [ -56.16127855, -12.8562134 ], [ -56.16115196, -12.85617782 ], [ -56.16089274, -12.85639699 ], [ -56.16064877, -12.85629683 ], [ -56.16040854, -12.85593285 ], [ -56.16045945, -12.8557236 ], [ -56.16087907, -12.85551852 ], [ -56.16087853, -12.85545893 ], [ -56.16081388, -12.85533349 ], [ -56.16073419, -12.85530005 ], [ -56.16028517, -12.85539636 ], [ -56.16017931, -12.85494637 ], [ -56.16024541, -12.85416327 ], [ -56.16028348, -12.85404811 ], [ -56.16010953, -12.85384375 ], [ -56.15968005, -12.85388496 ], [ -56.15970844, -12.85360593 ], [ -56.15985126, -12.85344517 ], [ -56.16018675, -12.85342942 ], [ -56.16020862, -12.85328265 ], [ -56.16014712, -12.85301472 ], [ -56.1602788, -12.85284859 ], [ -56.16041042, -12.85275769 ], [ -56.16025378, -12.85256026 ], [ -56.16015646, -12.85261673 ], [ -56.15975741, -12.85248525 ], [ -56.16003483, -12.85219544 ], [ -56.16009423, -12.85193187 ], [ -56.16041467, -12.85186762 ], [ -56.16064479, -12.85197396 ], [ -56.16075755, -12.85215181 ], [ -56.16095479, -12.85216962 ], [ -56.16094886, -12.85212394 ], [ -56.16101068, -12.85170975 ], [ -56.16116156, -12.85156457 ], [ -56.16128672, -12.85153043 ], [ -56.1615485, -12.85170631 ], [ -56.16163463, -12.85160487 ], [ -56.161286, -12.85122065 ], [ -56.16115119, -12.85071821 ], [ -56.16116899, -12.85052006 ], [ -56.16128667, -12.84949219 ], [ -56.16137459, -12.84929436 ], [ -56.16124764, -12.84886645 ], [ -56.16134299, -12.8483766 ], [ -56.16125315, -12.84770612 ], [ -56.1604148, -12.84716617 ], [ -56.15968729, -12.84732931 ], [ -56.1591285, -12.84718692 ], [ -56.15775976, -12.8469988 ], [ -56.15601002, -12.84721796 ], [ -56.15562088, -12.84702005 ], [ -56.15508137, -12.84634849 ], [ -56.15507108, -12.84609067 ], [ -56.15553807, -12.84571359 ], [ -56.1556902, -12.84571616 ], [ -56.15601944, -12.84602473 ], [ -56.1562236, -12.84611915 ], [ -56.15640112, -12.84597134 ], [ -56.15698248, -12.84614067 ], [ -56.15689685, -12.84559525 ], [ -56.15722782, -12.84529974 ], [ -56.15762542, -12.84469909 ], [ -56.15737768, -12.84404719 ], [ -56.15718718, -12.84377939 ], [ -56.15714617, -12.84345058 ], [ -56.15766168, -12.84352457 ], [ -56.15781612, -12.84349622 ], [ -56.15793496, -12.8433674 ], [ -56.15798111, -12.84304194 ], [ -56.15832223, -12.84296464 ], [ -56.15868924, -12.84330254 ], [ -56.15878124, -12.84320672 ], [ -56.15862926, -12.84288515 ], [ -56.15895844, -12.84226674 ], [ -56.15931085, -12.84175935 ], [ -56.15923005, -12.84147708 ], [ -56.15942403, -12.84117018 ], [ -56.1596005, -12.84116704 ], [ -56.15983285, -12.84129247 ], [ -56.15990117, -12.84153022 ], [ -56.16014729, -12.84161835 ], [ -56.16053334, -12.84149408 ], [ -56.16086552, -12.84163864 ], [ -56.16098002, -12.84178811 ], [ -56.16089965, -12.84201725 ], [ -56.16091374, -12.84207435 ], [ -56.1611495, -12.84172725 ], [ -56.16138598, -12.84127456 ], [ -56.16157235, -12.84112415 ], [ -56.15726652, -12.84012878 ], [ -56.15373071, -12.83930615 ], [ -56.1501949, -12.83848353 ], [ -56.14665909, -12.8376609 ], [ -56.14312328, -12.83683827 ], [ -56.13958747, -12.83601564 ], [ -56.13956332, -12.83623736 ] ] ] } },
{ "type": "Feature", "properties": { }, "geometry": { "type": "Polygon", "coordinates": [ [ [ -56.15993297, -13.37557139 ], [ -56.15984809, -13.37561275 ], [ -56.15973686, -13.37566694 ], [ -56.15958269, -13.37575833 ], [ -56.15945325, -13.37588583 ], [ -56.15886408, -13.37609389 ], [ -56.15856602, -13.37611722 ], [ -56.15849186, -13.37618417 ], [ -56.15830102, -13.3762925 ], [ -56.15808241, -13.37637528 ], [ -56.15786741, -13.3763525 ], [ -56.15776436, -13.37647944 ], [ -56.15760297, -13.37649583 ], [ -56.15753547, -13.37656917 ], [ -56.15733269, -13.37655111 ], [ -56.15724436, -13.37655222 ], [ -56.15697491, -13.37659 ], [ -56.15672547, -13.37661222 ], [ -56.15646241, -13.37660056 ], [ -56.15600241, -13.37652611 ], [ -56.15566436, -13.37641056 ], [ -56.15538797, -13.37628917 ], [ -56.15518075, -13.37625111 ], [ -56.15477602, -13.37622 ], [ -56.15444713, -13.37598972 ], [ -56.15438158, -13.37587444 ], [ -56.15411269, -13.37546194 ], [ -56.15365991, -13.37527667 ], [ -56.15338491, -13.37511528 ], [ -56.15313436, -13.37516194 ], [ -56.1527713, -13.37505861 ], [ -56.15255658, -13.37502278 ], [ -56.15220686, -13.3750675 ], [ -56.15201908, -13.37506806 ], [ -56.15177797, -13.37503667 ], [ -56.15154908, -13.37518361 ], [ -56.15139047, -13.37509639 ], [ -56.15133047, -13.37500639 ], [ -56.15116047, -13.37498639 ], [ -56.15093186, -13.37493806 ], [ -56.15062713, -13.37484639 ], [ -56.15056658, -13.37463194 ], [ -56.15046491, -13.37451528 ], [ -56.15014325, -13.37443278 ], [ -56.14986019, -13.37419 ], [ -56.14968825, -13.37408389 ], [ -56.14949519, -13.37388139 ], [ -56.14914213, -13.37364028 ], [ -56.14893436, -13.37359472 ], [ -56.14870713, -13.37349944 ], [ -56.14845075, -13.37344611 ], [ -56.14797047, -13.37340389 ], [ -56.14794936, -13.37316556 ], [ -56.14782408, -13.3731875 ], [ -56.1475038, -13.37321194 ], [ -56.14735019, -13.373245 ], [ -56.14706713, -13.37332389 ], [ -56.14675102, -13.37324722 ], [ -56.14652186, -13.37321583 ], [ -56.14633575, -13.37314944 ], [ -56.14611575, -13.37313 ], [ -56.14604325, -13.37332028 ], [ -56.1469458, -13.37514918 ], [ -56.14710039, -13.37546243 ], [ -56.14871925, -13.37874281 ], [ -56.15033811, -13.3820232 ], [ -56.15195697, -13.38530359 ], [ -56.15357583, -13.38858397 ], [ -56.15441205, -13.39027845 ], [ -56.15582408, -13.39313972 ], [ -56.15600741, -13.39319167 ], [ -56.15628713, -13.3931975 ], [ -56.15655519, -13.39314333 ], [ -56.15676686, -13.39301 ], [ -56.15693963, -13.39312278 ], [ -56.15701575, -13.39311444 ], [ -56.15721713, -13.39298806 ], [ -56.15742547, -13.39287639 ], [ -56.15754936, -13.39268194 ], [ -56.1576788, -13.39249667 ], [ -56.15793158, -13.39223056 ], [ -56.15821325, -13.39213917 ], [ -56.1584113, -13.39222583 ], [ -56.15847352, -13.39244222 ], [ -56.15853602, -13.39260556 ], [ -56.1587738, -13.39269889 ], [ -56.15913963, -13.39270861 ], [ -56.15934158, -13.39280806 ], [ -56.1596188, -13.39280333 ], [ -56.16030547, -13.39281778 ], [ -56.1606013, -13.39288861 ], [ -56.1609313, -13.39314139 ], [ -56.16114019, -13.39325389 ], [ -56.16145797, -13.39324 ], [ -56.16175102, -13.39332667 ], [ -56.16194963, -13.39344528 ], [ -56.1620988, -13.39356694 ], [ -56.16230241, -13.39370944 ], [ -56.16256741, -13.3938225 ], [ -56.16278713, -13.39396333 ], [ -56.16345575, -13.39392306 ], [ -56.16329352, -13.39363028 ], [ -56.16328825, -13.393555 ], [ -56.16334352, -13.39350222 ], [ -56.16342297, -13.39347417 ], [ -56.16336019, -13.39336361 ], [ -56.16335158, -13.39329861 ], [ -56.16338991, -13.393245 ], [ -56.16373269, -13.39302139 ], [ -56.16396005, -13.39283697 ], [ -56.16402241, -13.39278639 ], [ -56.16428333, -13.392465 ], [ -56.16434241, -13.39243222 ], [ -56.16440825, -13.3924475 ], [ -56.16462241, -13.39259333 ], [ -56.16465797, -13.39264056 ], [ -56.16465936, -13.39269917 ], [ -56.16479741, -13.39285194 ], [ -56.16495019, -13.392755 ], [ -56.16509463, -13.392565 ], [ -56.16510651, -13.39239073 ], [ -56.16511, -13.39233667 ], [ -56.16519963, -13.39236667 ], [ -56.16543555, -13.3925044 ], [ -56.16549237, -13.39253758 ], [ -56.16573963, -13.39268194 ], [ -56.16573408, -13.39285167 ], [ -56.16576852, -13.39285528 ], [ -56.16595408, -13.39279917 ], [ -56.16614241, -13.392805 ], [ -56.16620575, -13.39294333 ], [ -56.16630852, -13.39297389 ], [ -56.16637075, -13.39293861 ], [ -56.16635658, -13.39288028 ], [ -56.16622269, -13.39276056 ], [ -56.16616991, -13.39270056 ], [ -56.16618547, -13.39262306 ], [ -56.16627181, -13.39251104 ], [ -56.16629102, -13.39248611 ], [ -56.16637297, -13.39245083 ], [ -56.16644713, -13.3925 ], [ -56.16649491, -13.3925925 ], [ -56.16666019, -13.39267833 ], [ -56.16680936, -13.39282278 ], [ -56.16679686, -13.39314722 ], [ -56.16676741, -13.39319611 ], [ -56.16681213, -13.3932025 ], [ -56.16688825, -13.39326972 ], [ -56.16685408, -13.39336444 ], [ -56.16664797, -13.393515 ], [ -56.16659534, -13.39353546 ], [ -56.16646075, -13.39358778 ], [ -56.16651547, -13.39405056 ], [ -56.16640047, -13.39422444 ], [ -56.16628463, -13.39430611 ], [ -56.16626741, -13.394355 ], [ -56.1664463, -13.39450333 ], [ -56.16642713, -13.39472639 ], [ -56.16655658, -13.39485056 ], [ -56.16659741, -13.39516222 ], [ -56.1667763, -13.39546389 ], [ -56.16658991, -13.39567778 ], [ -56.16668075, -13.39586139 ], [ -56.16675991, -13.39611222 ], [ -56.16677713, -13.39634139 ], [ -56.16691047, -13.39648611 ], [ -56.16758707, -13.39644918 ], [ -56.16793822, -13.39643001 ], [ -56.17185186, -13.39621639 ], [ -56.17040484, -13.39360179 ], [ -56.16895782, -13.39098719 ], [ -56.16826244, -13.38973071 ], [ -56.16804938, -13.38934574 ], [ -56.16798102, -13.38922222 ], [ -56.16792491, -13.38913 ], [ -56.16797921, -13.38902459 ], [ -56.16799575, -13.3889925 ], [ -56.16798825, -13.38889056 ], [ -56.16774047, -13.38877972 ], [ -56.16765963, -13.38865833 ], [ -56.16765186, -13.38857444 ], [ -56.16771825, -13.38852083 ], [ -56.16792269, -13.3884775 ], [ -56.16792519, -13.38846 ], [ -56.16771186, -13.38836694 ], [ -56.16766241, -13.38831528 ], [ -56.16766658, -13.38824444 ], [ -56.16776797, -13.38804444 ], [ -56.1678888, -13.38776333 ], [ -56.16805269, -13.38771889 ], [ -56.16805797, -13.38735556 ], [ -56.16809213, -13.38728667 ], [ -56.16816825, -13.38726833 ], [ -56.16838352, -13.38731139 ], [ -56.16840908, -13.38719806 ], [ -56.16835102, -13.38696889 ], [ -56.16838297, -13.38669972 ], [ -56.16843797, -13.38662722 ], [ -56.16852991, -13.38663778 ], [ -56.16874602, -13.38679528 ], [ -56.16889931, -13.38679944 ], [ -56.1689538, -13.38672306 ], [ -56.16897186, -13.38661306 ], [ -56.16900436, -13.3865575 ], [ -56.1690663, -13.38653722 ], [ -56.16915741, -13.38654028 ], [ -56.1692938, -13.38643 ], [ -56.1693988, -13.38626417 ], [ -56.1692763, -13.38634972 ], [ -56.16907852, -13.38625417 ], [ -56.16902936, -13.38618306 ], [ -56.16906102, -13.38610278 ], [ -56.16927065, -13.38593626 ], [ -56.16930667, -13.3859075 ], [ -56.16946289, -13.38572744 ], [ -56.16949417, -13.38569139 ], [ -56.16953817, -13.38564596 ], [ -56.16977158, -13.38540389 ], [ -56.16988019, -13.385385 ], [ -56.16992963, -13.38548167 ], [ -56.16987825, -13.38576639 ], [ -56.16995047, -13.38580833 ], [ -56.1702138, -13.38570278 ], [ -56.17044408, -13.38552306 ], [ -56.17052963, -13.38544194 ], [ -56.17069352, -13.38531278 ], [ -56.17072186, -13.38525972 ], [ -56.17050075, -13.38528889 ], [ -56.1704438, -13.38527889 ], [ -56.17040408, -13.3852375 ], [ -56.17032797, -13.38507667 ], [ -56.17048186, -13.38472694 ], [ -56.1703113, -13.38440806 ], [ -56.17045769, -13.38419306 ], [ -56.17049186, -13.38391444 ], [ -56.17070297, -13.38360556 ], [ -56.1709113, -13.38337417 ], [ -56.17090944, -13.38328611 ], [ -56.17086991, -13.38323056 ], [ -56.1708113, -13.38327028 ], [ -56.17074575, -13.38328528 ], [ -56.17068713, -13.38325306 ], [ -56.17059241, -13.38313944 ], [ -56.17057547, -13.38305694 ], [ -56.17063436, -13.38299667 ], [ -56.17082658, -13.38293222 ], [ -56.1708313, -13.38286306 ], [ -56.17060297, -13.38273639 ], [ -56.17055575, -13.38266278 ], [ -56.1705938, -13.38258417 ], [ -56.17090575, -13.38236222 ], [ -56.17096325, -13.38224389 ], [ -56.17091658, -13.38216306 ], [ -56.1708438, -13.38219139 ], [ -56.17074825, -13.38217528 ], [ -56.17072019, -13.38208444 ], [ -56.1707738, -13.38188556 ], [ -56.1708338, -13.38182333 ], [ -56.17091991, -13.38183806 ], [ -56.17096352, -13.38187167 ], [ -56.17102519, -13.38182194 ], [ -56.17101269, -13.38179917 ], [ -56.17100713, -13.38171278 ], [ -56.1710788, -13.38166139 ], [ -56.17121602, -13.38164361 ], [ -56.17142436, -13.3813875 ], [ -56.17152325, -13.38115222 ], [ -56.17146241, -13.38108194 ], [ -56.17144575, -13.38099361 ], [ -56.17151519, -13.380935 ], [ -56.17187963, -13.38086472 ], [ -56.17222436, -13.38093694 ], [ -56.17227408, -13.38085472 ], [ -56.17241102, -13.38069083 ], [ -56.17235186, -13.38058861 ], [ -56.17226075, -13.38060333 ], [ -56.17216325, -13.38055472 ], [ -56.17218186, -13.38044889 ], [ -56.17232102, -13.3803175 ], [ -56.1723188, -13.38001389 ], [ -56.17239186, -13.37978694 ], [ -56.17235352, -13.3795025 ], [ -56.17228963, -13.37936417 ], [ -56.17223325, -13.37918333 ], [ -56.17235602, -13.37889667 ], [ -56.17231797, -13.37876472 ], [ -56.17248213, -13.37833972 ], [ -56.17262352, -13.37822139 ], [ -56.17292158, -13.37792194 ], [ -56.17296491, -13.377825 ], [ -56.17300713, -13.377645 ], [ -56.17314519, -13.37732806 ], [ -56.17328491, -13.37712194 ], [ -56.1734863, -13.37687944 ], [ -56.17367603, -13.37666929 ], [ -56.1737288, -13.37661083 ], [ -56.17386436, -13.37658083 ], [ -56.1739463, -13.37645917 ], [ -56.1739238, -13.37630083 ], [ -56.17396297, -13.376115 ], [ -56.17392102, -13.37581917 ], [ -56.17394352, -13.37540361 ], [ -56.17427019, -13.37500667 ], [ -56.17431241, -13.37492139 ], [ -56.17449436, -13.37471583 ], [ -56.17470352, -13.37443472 ], [ -56.17466019, -13.37426111 ], [ -56.17462658, -13.37397028 ], [ -56.17458825, -13.37351694 ], [ -56.17480352, -13.37333306 ], [ -56.17480852, -13.37288639 ], [ -56.17461991, -13.37290528 ], [ -56.17439797, -13.37293972 ], [ -56.17431908, -13.37291528 ], [ -56.17429213, -13.37283861 ], [ -56.17429325, -13.37281528 ], [ -56.17408075, -13.37275917 ], [ -56.17402769, -13.37272194 ], [ -56.17401325, -13.37266 ], [ -56.17401825, -13.37257778 ], [ -56.17383269, -13.37240889 ], [ -56.17360408, -13.37223944 ], [ -56.17355519, -13.37208 ], [ -56.17347741, -13.37198694 ], [ -56.17344186, -13.372 ], [ -56.17335991, -13.37199222 ], [ -56.17331713, -13.37192333 ], [ -56.17330463, -13.37178528 ], [ -56.17306686, -13.37172333 ], [ -56.17293019, -13.37172222 ], [ -56.1727938, -13.37172083 ], [ -56.17269547, -13.37176917 ], [ -56.17261963, -13.37169167 ], [ -56.17259797, -13.37152583 ], [ -56.17244575, -13.37159222 ], [ -56.17227075, -13.37149611 ], [ -56.17222936, -13.37144806 ], [ -56.17222963, -13.37138528 ], [ -56.17228408, -13.37124333 ], [ -56.17201658, -13.37137333 ], [ -56.17181325, -13.37125278 ], [ -56.17178047, -13.37126167 ], [ -56.17175547, -13.37144306 ], [ -56.17169213, -13.37151694 ], [ -56.17159658, -13.37149278 ], [ -56.17148297, -13.37137417 ], [ -56.17136102, -13.37148278 ], [ -56.17117658, -13.37157778 ], [ -56.17108019, -13.37158806 ], [ -56.17091519, -13.37172222 ], [ -56.17088852, -13.37181917 ], [ -56.1708463, -13.37187333 ], [ -56.17077741, -13.37188333 ], [ -56.17059713, -13.37183556 ], [ -56.17055741, -13.37191278 ], [ -56.17046991, -13.37192361 ], [ -56.1704788, -13.37199417 ], [ -56.17027436, -13.37211917 ], [ -56.17024491, -13.37231139 ], [ -56.17003297, -13.37246917 ], [ -56.16988352, -13.37238222 ], [ -56.16991047, -13.37243389 ], [ -56.16984019, -13.3726625 ], [ -56.1693088, -13.37265444 ], [ -56.16922991, -13.37260861 ], [ -56.16922658, -13.37251861 ], [ -56.16918019, -13.37251111 ], [ -56.16909575, -13.37259194 ], [ -56.16903213, -13.37259444 ], [ -56.16886297, -13.37272389 ], [ -56.16879186, -13.37274222 ], [ -56.16872963, -13.37270361 ], [ -56.16867213, -13.37262083 ], [ -56.16864186, -13.37261472 ], [ -56.1685988, -13.37267 ], [ -56.16852075, -13.37270556 ], [ -56.16844658, -13.37266306 ], [ -56.16836186, -13.37252972 ], [ -56.16819491, -13.37252639 ], [ -56.16813019, -13.37265111 ], [ -56.16816269, -13.37273722 ], [ -56.16795575, -13.37293778 ], [ -56.16782936, -13.37298583 ], [ -56.16782102, -13.3730375 ], [ -56.16778658, -13.37309472 ], [ -56.16772102, -13.37311333 ], [ -56.1675463, -13.37309694 ], [ -56.16743186, -13.37323639 ], [ -56.1672788, -13.37326167 ], [ -56.16715186, -13.3734075 ], [ -56.1670638, -13.37354417 ], [ -56.1669238, -13.3737125 ], [ -56.16682269, -13.37390389 ], [ -56.16667241, -13.3740675 ], [ -56.16657241, -13.37422 ], [ -56.16619658, -13.37429611 ], [ -56.16599297, -13.37428889 ], [ -56.16590686, -13.37430444 ], [ -56.16545769, -13.37433333 ], [ -56.16525519, -13.37422056 ], [ -56.1649688, -13.37428306 ], [ -56.16468769, -13.37427972 ], [ -56.16420547, -13.37423778 ], [ -56.16390852, -13.37415306 ], [ -56.16368575, -13.37418861 ], [ -56.16340186, -13.37425278 ], [ -56.16316658, -13.37424444 ], [ -56.1629263, -13.37427806 ], [ -56.16260825, -13.37426361 ], [ -56.16236519, -13.37426167 ], [ -56.1620938, -13.37435167 ], [ -56.16178936, -13.37449194 ], [ -56.16160047, -13.374605 ], [ -56.16154102, -13.37461639 ], [ -56.1616013, -13.37492944 ], [ -56.16145741, -13.37504861 ], [ -56.16095575, -13.37504889 ], [ -56.16064158, -13.37517472 ], [ -56.16036491, -13.37527889 ], [ -56.16020102, -13.37542167 ], [ -56.16012335, -13.37546505 ], [ -56.15993297, -13.37557139 ] ] ] } },
{ "type": "Feature", "properties": { }, "geometry": { "type": "Polygon", "coordinates": [ [ [ -56.15194156, -13.15086837 ], [ -56.15162024, -13.15115429 ], [ -56.15159632, -13.15125284 ], [ -56.15177043, -13.1514737 ], [ -56.15193893, -13.15151791 ], [ -56.15199789, -13.15161299 ], [ -56.15194286, -13.15177107 ], [ -56.15185598, -13.15181131 ], [ -56.151587, -13.15176794 ], [ -56.15140324, -13.15164041 ], [ -56.15125598, -13.1517838 ], [ -56.1511202, -13.15209984 ], [ -56.1508403, -13.15223703 ], [ -56.15057654, -13.15241275 ], [ -56.15036691, -13.15292428 ], [ -56.15030888, -13.15307514 ], [ -56.15003567, -13.15340882 ], [ -56.14996535, -13.15354847 ], [ -56.1499987, -13.15363812 ], [ -56.14973549, -13.15399633 ], [ -56.14964857, -13.15433579 ], [ -56.14981498, -13.1544815 ], [ -56.14960298, -13.15500368 ], [ -56.14933434, -13.15520982 ], [ -56.14848196, -13.15587986 ], [ -56.14807339, -13.15590838 ], [ -56.14742777, -13.15554069 ], [ -56.14693263, -13.15553893 ], [ -56.1467447, -13.1557324 ], [ -56.14641708, -13.15585742 ], [ -56.14637864, -13.15605459 ], [ -56.14578131, -13.15660864 ], [ -56.14588728, -13.15675235 ], [ -56.14615671, -13.1569258 ], [ -56.14580656, -13.15738413 ], [ -56.14534655, -13.15750605 ], [ -56.14480501, -13.157623 ], [ -56.14443969, -13.15766628 ], [ -56.14427226, -13.15782565 ], [ -56.1442278, -13.15795588 ], [ -56.14419684, -13.15816787 ], [ -56.14399568, -13.15823781 ], [ -56.14387188, -13.15819365 ], [ -56.14372295, -13.15804012 ], [ -56.14365324, -13.15812334 ], [ -56.14377584, -13.15850411 ], [ -56.14359919, -13.15855761 ], [ -56.14321202, -13.15843997 ], [ -56.14303962, -13.15864068 ], [ -56.14312401, -13.1588824 ], [ -56.14307431, -13.15905219 ], [ -56.14287133, -13.15903102 ], [ -56.1460407, -13.16082561 ], [ -56.14921007, -13.1626202 ], [ -56.15237944, -13.16441478 ], [ -56.15554881, -13.16620937 ], [ -56.15871818, -13.16800396 ], [ -56.15948984, -13.16392098 ], [ -56.1602615, -13.15983801 ], [ -56.16103316, -13.15575503 ], [ -56.16180482, -13.15167205 ], [ -56.15851707, -13.15140416 ], [ -56.15522931, -13.15113626 ], [ -56.15194156, -13.15086837 ] ] ] } },
{ "type": "Feature", "properties": { }, "geometry": { "type": "Polygon", "coordinates": [ [ [ -56.04524167, -13.31642083 ], [ -56.04701595, -13.32046466 ], [ -56.04879023, -13.3245085 ], [ -56.0505645, -13.32855233 ], [ -56.05233878, -13.33259617 ], [ -56.05411306, -13.33664 ], [ -56.0584625, -13.33698896 ], [ -56.06281195, -13.33733792 ], [ -56.06716139, -13.33768687 ], [ -56.07151083, -13.33803583 ], [ -56.07156861, -13.33791889 ], [ -56.07160417, -13.33781694 ], [ -56.07163556, -13.33764472 ], [ -56.07157083, -13.33751639 ], [ -56.07154722, -13.33731472 ], [ -56.07156417, -13.33711611 ], [ -56.07156583, -13.33698111 ], [ -56.07155944, -13.33697333 ], [ -56.07164028, -13.33688667 ], [ -56.07151583, -13.33674167 ], [ -56.07159694, -13.33662667 ], [ -56.0716525, -13.33649694 ], [ -56.07208806, -13.33624778 ], [ -56.07215056, -13.33612306 ], [ -56.07185528, -13.33575722 ], [ -56.07179806, -13.33554167 ], [ -56.0717675, -13.33528944 ], [ -56.07161361, -13.33528 ], [ -56.07152778, -13.335045 ], [ -56.07138806, -13.33488972 ], [ -56.07138083, -13.33477139 ], [ -56.07139389, -13.33476833 ], [ -56.07141667, -13.33477806 ], [ -56.07147194, -13.33469278 ], [ -56.0714875, -13.33461083 ], [ -56.07149639, -13.3344825 ], [ -56.07150833, -13.33444667 ], [ -56.07146111, -13.33433861 ], [ -56.07153028, -13.33430306 ], [ -56.07147194, -13.33405722 ], [ -56.07125944, -13.33392 ], [ -56.07125639, -13.33379083 ], [ -56.07118917, -13.33357778 ], [ -56.07121, -13.33346972 ], [ -56.07107583, -13.33335139 ], [ -56.07101, -13.33309028 ], [ -56.07101833, -13.33292806 ], [ -56.0711625, -13.33288611 ], [ -56.071075, -13.33269889 ], [ -56.07120639, -13.33264889 ], [ -56.07130028, -13.33251444 ], [ -56.07142028, -13.33251056 ], [ -56.07149639, -13.33230639 ], [ -56.07147111, -13.33217972 ], [ -56.07169583, -13.33209417 ], [ -56.07177444, -13.33217278 ], [ -56.07186639, -13.33202 ], [ -56.07178222, -13.33184889 ], [ -56.07188222, -13.33175611 ], [ -56.07186528, -13.33167083 ], [ -56.07178778, -13.33167278 ], [ -56.07172472, -13.33154306 ], [ -56.07187556, -13.33148 ], [ -56.07184111, -13.33124 ], [ -56.07198028, -13.33107111 ], [ -56.07208667, -13.33102722 ], [ -56.07223361, -13.33083306 ], [ -56.07227694, -13.33060583 ], [ -56.07234028, -13.33047917 ], [ -56.07243694, -13.33040556 ], [ -56.07245583, -13.33020111 ], [ -56.07232917, -13.33013056 ], [ -56.07232944, -13.32991028 ], [ -56.07254889, -13.32979861 ], [ -56.07241333, -13.32967222 ], [ -56.072445, -13.32946389 ], [ -56.0724475, -13.32914139 ], [ -56.07224417, -13.32900917 ], [ -56.07236889, -13.32883417 ], [ -56.07257167, -13.32882778 ], [ -56.07257667, -13.32865 ], [ -56.07269917, -13.32853917 ], [ -56.07275528, -13.32823722 ], [ -56.0727675, -13.32809722 ], [ -56.07285139, -13.32810972 ], [ -56.07289917, -13.32796111 ], [ -56.07289222, -13.32784139 ], [ -56.07278611, -13.32766306 ], [ -56.07285361, -13.32755528 ], [ -56.07272528, -13.3275375 ], [ -56.07266, -13.32741889 ], [ -56.07276361, -13.32735778 ], [ -56.0730275, -13.327005 ], [ -56.07314944, -13.32679361 ], [ -56.07300306, -13.32665778 ], [ -56.07311528, -13.32645972 ], [ -56.07320472, -13.32627917 ], [ -56.0731075, -13.32615083 ], [ -56.07339083, -13.32570417 ], [ -56.07363056, -13.32546889 ], [ -56.07365278, -13.32523056 ], [ -56.07371278, -13.32508917 ], [ -56.07396944, -13.32514472 ], [ -56.07391361, -13.32491944 ], [ -56.07403778, -13.32473806 ], [ -56.07399, -13.32462 ], [ -56.07421306, -13.32444278 ], [ -56.07433056, -13.32423611 ], [ -56.07441028, -13.32425417 ], [ -56.07449472, -13.32407528 ], [ -56.07455417, -13.32390083 ], [ -56.07469889, -13.32372389 ], [ -56.074715, -13.32354389 ], [ -56.07483222, -13.32343833 ], [ -56.07478306, -13.32323 ], [ -56.07488833, -13.3231575 ], [ -56.07508639, -13.323175 ], [ -56.07507, -13.32302028 ], [ -56.07522944, -13.32309611 ], [ -56.07530111, -13.32283389 ], [ -56.07538667, -13.32277056 ], [ -56.07541028, -13.32260222 ], [ -56.07545889, -13.32258944 ], [ -56.07549083, -13.32246389 ], [ -56.07557694, -13.322355 ], [ -56.075565, -13.32226556 ], [ -56.0757225, -13.32219556 ], [ -56.07586861, -13.32223417 ], [ -56.0758675, -13.32188806 ], [ -56.076065, -13.32169139 ], [ -56.07607833, -13.32156444 ], [ -56.07616194, -13.32142083 ], [ -56.0762875, -13.32150139 ], [ -56.07644694, -13.32141139 ], [ -56.07254628, -13.32078757 ], [ -56.06864562, -13.32016375 ], [ -56.06474496, -13.31953993 ], [ -56.06084431, -13.31891611 ], [ -56.05694365, -13.31829229 ], [ -56.05304299, -13.31766847 ], [ -56.04914233, -13.31704465 ], [ -56.04524167, -13.31642083 ] ] ] } },
{ "type": "Feature", "properties": { }, "geometry": { "type": "Polygon", "coordinates": [ [ [ -56.02778222, -13.18651556 ], [ -56.02421412, -13.18816385 ], [ -56.02064602, -13.18981213 ], [ -56.01707792, -13.19146042 ], [ -56.01350981, -13.19310871 ], [ -56.00994171, -13.19475699 ], [ -56.00637361, -13.19640528 ], [ -56.005485, -13.19680972 ], [ -56.00549472, -13.19681944 ], [ -56.00573222, -13.19730778 ], [ -56.00564, -13.19740917 ], [ -56.00580972, -13.19747194 ], [ -56.00593, -13.19775611 ], [ -56.00622889, -13.19771611 ], [ -56.00650111, -13.19776278 ], [ -56.00679417, -13.19773972 ], [ -56.00677833, -13.19788111 ], [ -56.00719861, -13.19780611 ], [ -56.00732306, -13.19793222 ], [ -56.0074775, -13.19796417 ], [ -56.00773222, -13.19805111 ], [ -56.00799028, -13.19785111 ], [ -56.00824278, -13.19793278 ], [ -56.00817167, -13.19822806 ], [ -56.00809611, -13.19842861 ], [ -56.00816333, -13.19891111 ], [ -56.00830667, -13.19907778 ], [ -56.00800139, -13.19948 ], [ -56.00805778, -13.19978139 ], [ -56.0082025, -13.19965056 ], [ -56.00829139, -13.19978278 ], [ -56.00810639, -13.20008194 ], [ -56.00866722, -13.20066167 ], [ -56.00875389, -13.20088 ], [ -56.008915, -13.20108861 ], [ -56.00913083, -13.20120583 ], [ -56.00946972, -13.20087417 ], [ -56.00957, -13.2005475 ], [ -56.00972667, -13.20035056 ], [ -56.01009917, -13.20060556 ], [ -56.0105625, -13.20114111 ], [ -56.01073944, -13.20158083 ], [ -56.01058222, -13.20162778 ], [ -56.01030389, -13.20147639 ], [ -56.01042139, -13.20199389 ], [ -56.01057417, -13.20201167 ], [ -56.01057222, -13.20233528 ], [ -56.01065861, -13.20244528 ], [ -56.01054444, -13.20272944 ], [ -56.01052722, -13.20293722 ], [ -56.01047611, -13.20311361 ], [ -56.01035417, -13.20329806 ], [ -56.01060944, -13.20335639 ], [ -56.01099389, -13.2034775 ], [ -56.01117639, -13.20368556 ], [ -56.011655, -13.20400278 ], [ -56.01157167, -13.20419778 ], [ -56.011635, -13.2043625 ], [ -56.01188056, -13.20428389 ], [ -56.01182083, -13.20447361 ], [ -56.01175944, -13.20469389 ], [ -56.01161444, -13.20491444 ], [ -56.01184472, -13.20526583 ], [ -56.0119325, -13.2053075 ], [ -56.01204917, -13.20542639 ], [ -56.01282028, -13.20439306 ], [ -56.0156675, -13.20159514 ], [ -56.01851472, -13.19879723 ], [ -56.02136195, -13.19599931 ], [ -56.02420917, -13.19320139 ], [ -56.02705639, -13.19040348 ], [ -56.02990361, -13.18760556 ], [ -56.02778222, -13.18651556 ] ] ] } },
{ "type": "Feature", "properties": { }, "geometry": { "type": "Polygon", "coordinates": [ [ [ -56.16014052, -12.8524684 ], [ -56.16028812, -12.85238275 ], [ -56.16034297, -12.85245664 ], [ -56.1606086, -12.85278668 ], [ -56.16048999, -12.8528686 ], [ -56.16037577, -12.85294748 ], [ -56.16029631, -12.85304742 ], [ -56.16034649, -12.85328144 ], [ -56.16034684, -12.85328309 ], [ -56.16034083, -12.85332134 ], [ -56.16030706, -12.85355956 ], [ -56.16022973, -12.85356319 ], [ -56.16019335, -12.8535649 ], [ -56.15991673, -12.85357788 ], [ -56.15984161, -12.85366244 ], [ -56.15983434, -12.85373388 ], [ -56.16016879, -12.85370179 ], [ -56.16043853, -12.85401868 ], [ -56.16038189, -12.85419011 ], [ -56.16447382, -12.8551505 ], [ -56.16856574, -12.85611088 ], [ -56.17265767, -12.85707127 ], [ -56.1767496, -12.85803165 ], [ -56.18084153, -12.85899204 ], [ -56.18493346, -12.85995243 ], [ -56.18902538, -12.86091281 ], [ -56.19311731, -12.8618732 ], [ -56.19720924, -12.86283358 ], [ -56.19771857, -12.86063358 ], [ -56.19365958, -12.85968284 ], [ -56.1896006, -12.85873209 ], [ -56.18554161, -12.85778135 ], [ -56.18148263, -12.85683061 ], [ -56.17742364, -12.85587986 ], [ -56.17336466, -12.85492912 ], [ -56.16930567, -12.85397838 ], [ -56.16524669, -12.85302764 ], [ -56.1611877, -12.85207689 ], [ -56.16109829, -12.85205878 ], [ -56.16108837, -12.85212523 ], [ -56.16111368, -12.85232017 ], [ -56.16092514, -12.85230315 ], [ -56.16067647, -12.85228069 ], [ -56.16064018, -12.85222345 ], [ -56.16054897, -12.8520796 ], [ -56.16039734, -12.85200952 ], [ -56.16020982, -12.85204712 ], [ -56.16016457, -12.85224224 ], [ -56.16013559, -12.85228829 ], [ -56.1600057, -12.85242398 ], [ -56.16014052, -12.8524684 ] ] ] } },
{ "type": "Feature", "properties": { }, "geometry": { "type": "Polygon", "coordinates": [ [ [ -55.98663378, -12.85246892 ], [ -55.98652941, -12.85268052 ], [ -55.98699442, -12.85352426 ], [ -55.98728424, -12.8548091 ], [ -55.98770477, -12.85500358 ], [ -55.98872206, -12.85489737 ], [ -55.98943394, -12.85519446 ], [ -55.98951452, -12.85522809 ], [ -55.99012657, -12.85548352 ], [ -55.99044958, -12.85676929 ], [ -55.99108635, -12.85784931 ], [ -55.99153543, -12.85927328 ], [ -55.99163853, -12.85990034 ], [ -55.99168556, -12.86002286 ], [ -55.99172162, -12.86003731 ], [ -55.99586154, -12.86165605 ], [ -56.00000146, -12.8632748 ], [ -56.00414139, -12.86489355 ], [ -56.00828131, -12.86651229 ], [ -56.01242123, -12.86813104 ], [ -56.01656116, -12.86974978 ], [ -56.0177777, -12.8674396 ], [ -56.01899424, -12.86512942 ], [ -56.01627821, -12.86406699 ], [ -56.01356218, -12.86300457 ], [ -56.00971526, -12.86149948 ], [ -56.00586835, -12.85999438 ], [ -56.00202144, -12.85848929 ], [ -55.99817452, -12.8569842 ], [ -55.99432761, -12.8554791 ], [ -55.9904807, -12.85397401 ], [ -55.98663378, -12.85246892 ] ] ] } },
{ "type": "Feature", "properties": { }, "geometry": { "type": "Polygon", "coordinates": [ [ [ -56.14973444, -13.35102778 ], [ -56.14948528, -13.35112917 ], [ -56.14919639, -13.35127889 ], [ -56.14904972, -13.35137778 ], [ -56.14890306, -13.351325 ], [ -56.14881194, -13.35157528 ], [ -56.14862667, -13.35172222 ], [ -56.14840278, -13.35176639 ], [ -56.14830556, -13.35198472 ], [ -56.14818, -13.35204556 ], [ -56.14801917, -13.35217167 ], [ -56.14798611, -13.35232083 ], [ -56.14744833, -13.35265389 ], [ -56.14695972, -13.35289556 ], [ -56.14672444, -13.35308083 ], [ -56.14654778, -13.35317806 ], [ -56.14637, -13.35325917 ], [ -56.145965, -13.35340417 ], [ -56.14575556, -13.35348944 ], [ -56.14539917, -13.35359528 ], [ -56.14510528, -13.35363583 ], [ -56.14484222, -13.35368389 ], [ -56.144505, -13.35374 ], [ -56.14428028, -13.35377556 ], [ -56.14395639, -13.35379944 ], [ -56.14379167, -13.35388056 ], [ -56.14351778, -13.35396472 ], [ -56.14331361, -13.35410472 ], [ -56.14307056, -13.35415278 ], [ -56.14286917, -13.35423056 ], [ -56.14259444, -13.35438167 ], [ -56.14232417, -13.35454889 ], [ -56.14208806, -13.35471333 ], [ -56.14219917, -13.35490472 ], [ -56.14194833, -13.35514694 ], [ -56.14149639, -13.35534889 ], [ -56.14132389, -13.35556028 ], [ -56.14116556, -13.35582222 ], [ -56.14092806, -13.35605444 ], [ -56.14061444, -13.35625278 ], [ -56.14040667, -13.35658194 ], [ -56.14017861, -13.35677889 ], [ -56.1399875, -13.35697361 ], [ -56.13998972, -13.35714861 ], [ -56.13965389, -13.35752667 ], [ -56.13946194, -13.35770361 ], [ -56.13914306, -13.35789417 ], [ -56.13897639, -13.35799083 ], [ -56.13877111, -13.35800556 ], [ -56.13854278, -13.35806639 ], [ -56.14003459, -13.36109445 ], [ -56.14152639, -13.3641225 ], [ -56.1430182, -13.36715056 ], [ -56.14451, -13.37017861 ], [ -56.14588417, -13.37297028 ], [ -56.14613278, -13.37304083 ], [ -56.14635583, -13.37306056 ], [ -56.14654417, -13.3731275 ], [ -56.14676833, -13.37315833 ], [ -56.14706528, -13.37323028 ], [ -56.1473275, -13.37315722 ], [ -56.14749, -13.37312222 ], [ -56.14781222, -13.37309778 ], [ -56.1480325, -13.37305889 ], [ -56.14805556, -13.37332056 ], [ -56.14846444, -13.37335667 ], [ -56.148735, -13.37341278 ], [ -56.14896278, -13.37350833 ], [ -56.14918, -13.37355583 ], [ -56.14955583, -13.37381278 ], [ -56.1497475, -13.37401361 ], [ -56.14991528, -13.37411722 ], [ -56.1501875, -13.37435083 ], [ -56.15051611, -13.374435 ], [ -56.15065, -13.37458861 ], [ -56.1507025, -13.37477444 ], [ -56.150955, -13.37485056 ], [ -56.15117556, -13.37489722 ], [ -56.15138417, -13.37492167 ], [ -56.15145528, -13.37502833 ], [ -56.15154528, -13.37507778 ], [ -56.15175583, -13.3749425 ], [ -56.152025, -13.3749775 ], [ -56.15220056, -13.37497722 ], [ -56.15255806, -13.37493139 ], [ -56.15279194, -13.37497028 ], [ -56.15313861, -13.37506917 ], [ -56.15340194, -13.37502 ], [ -56.15370167, -13.37519583 ], [ -56.15401667, -13.37532611 ], [ -56.15417528, -13.37538944 ], [ -56.15428972, -13.37557167 ], [ -56.15446056, -13.37582778 ], [ -56.1545175, -13.37592806 ], [ -56.15480917, -13.37613222 ], [ -56.15501111, -13.37614972 ], [ -56.15519222, -13.37616111 ], [ -56.15541556, -13.37620222 ], [ -56.15569833, -13.37632639 ], [ -56.15602528, -13.37643806 ], [ -56.15647194, -13.37651056 ], [ -56.15672306, -13.37652167 ], [ -56.15696389, -13.37650028 ], [ -56.15723694, -13.37646194 ], [ -56.15733611, -13.37646056 ], [ -56.1574975, -13.376475 ], [ -56.15755778, -13.37640944 ], [ -56.15771611, -13.37639333 ], [ -56.15782667, -13.37625722 ], [ -56.15807, -13.37628306 ], [ -56.15826083, -13.37621083 ], [ -56.15843667, -13.37611083 ], [ -56.15852667, -13.37602972 ], [ -56.15884417, -13.37600472 ], [ -56.15911778, -13.37590722 ], [ -56.15938139, -13.375815 ], [ -56.1594675, -13.37558667 ], [ -56.15961444, -13.375425 ], [ -56.16017278, -13.3748225 ], [ -56.1604975, -13.37463417 ], [ -56.16084528, -13.37430111 ], [ -56.1614575, -13.37428833 ], [ -56.16153472, -13.37417556 ], [ -56.16157444, -13.37450667 ], [ -56.16174667, -13.37441167 ], [ -56.16205889, -13.37426778 ], [ -56.16235028, -13.37417111 ], [ -56.16261056, -13.37417333 ], [ -56.16275806, -13.37418 ], [ -56.16116824, -13.37113694 ], [ -56.15957843, -13.36809389 ], [ -56.15798861, -13.36505083 ], [ -56.15687556, -13.36480667 ], [ -56.15658833, -13.36474361 ], [ -56.15488437, -13.36131549 ], [ -56.15318042, -13.35788736 ], [ -56.15147646, -13.35445924 ], [ -56.1497725, -13.35103111 ], [ -56.14973444, -13.35102778 ] ] ] } },
{ "type": "Feature", "properties": { }, "geometry": { "type": "Polygon", "coordinates": [ [ [ -56.05477379, -13.18297965 ], [ -56.05438209, -13.18175018 ], [ -56.05332501, -13.17843204 ], [ -56.05226792, -13.1751139 ], [ -56.05121083, -13.17179575 ], [ -56.05117977, -13.17169827 ], [ -56.04986935, -13.16758469 ], [ -56.04986056, -13.1675571 ], [ -56.04974809, -13.16720404 ], [ -56.04966816, -13.16716451 ], [ -56.04948839, -13.16724585 ], [ -56.04941751, -13.16712949 ], [ -56.04927083, -13.16714821 ], [ -56.04915147, -13.1673304 ], [ -56.04892043, -13.16733253 ], [ -56.0486648, -13.16732128 ], [ -56.04865265, -13.16721762 ], [ -56.04840971, -13.16724248 ], [ -56.04812292, -13.1672746 ], [ -56.04806849, -13.16729592 ], [ -56.04805787, -13.16729677 ], [ -56.04785187, -13.1673132 ], [ -56.04783861, -13.16720615 ], [ -56.0478333, -13.16716327 ], [ -56.04782503, -13.16709656 ], [ -56.04774957, -13.16714121 ], [ -56.04754762, -13.16703965 ], [ -56.04721049, -13.16705992 ], [ -56.04694181, -13.1668459 ], [ -56.04672122, -13.1666978 ], [ -56.04661271, -13.16665174 ], [ -56.04652288, -13.16647482 ], [ -56.04656072, -13.16640164 ], [ -56.04654776, -13.16631524 ], [ -56.0462264, -13.16629117 ], [ -56.0462114, -13.16616291 ], [ -56.04615146, -13.16610509 ], [ -56.04593422, -13.16602255 ], [ -56.04569306, -13.16606442 ], [ -56.04544322, -13.16596521 ], [ -56.04535212, -13.16576008 ], [ -56.04540238, -13.16564589 ], [ -56.04514661, -13.1655048 ], [ -56.04516847, -13.1653651 ], [ -56.04502205, -13.1653151 ], [ -56.04504921, -13.16511755 ], [ -56.04484468, -13.16503976 ], [ -56.0446082, -13.16496953 ], [ -56.04478438, -13.16462489 ], [ -56.04468964, -13.16459552 ], [ -56.04487414, -13.16445977 ], [ -56.04460903, -13.16430273 ], [ -56.04436942, -13.16430256 ], [ -56.04436395, -13.16430714 ], [ -56.04422113, -13.16442669 ], [ -56.04421117, -13.16442502 ], [ -56.04413665, -13.16441254 ], [ -56.04395281, -13.16438175 ], [ -56.04383232, -13.16423609 ], [ -56.04378185, -13.16404612 ], [ -56.04355759, -13.16391699 ], [ -56.04346825, -13.16380599 ], [ -56.04319179, -13.16372096 ], [ -56.04292153, -13.16353397 ], [ -56.04273329, -13.16330109 ], [ -56.04249286, -13.16317813 ], [ -56.04238494, -13.16305278 ], [ -56.04238528, -13.16291779 ], [ -56.04213577, -13.16261668 ], [ -56.04191756, -13.16268874 ], [ -56.0418361, -13.1625897 ], [ -56.04172039, -13.16257065 ], [ -56.04170839, -13.16276083 ], [ -56.04152736, -13.16269063 ], [ -56.04129797, -13.16279104 ], [ -56.04108267, -13.16266067 ], [ -56.04105157, -13.16244853 ], [ -56.04091292, -13.16244449 ], [ -56.04092312, -13.16221605 ], [ -56.0408254, -13.16207753 ], [ -56.04081429, -13.16173111 ], [ -56.04099927, -13.16173361 ], [ -56.04094186, -13.1615494 ], [ -56.04090069, -13.16148424 ], [ -56.04079561, -13.16148213 ], [ -56.04059939, -13.16138058 ], [ -56.04050252, -13.16123655 ], [ -56.04019309, -13.16134805 ], [ -56.03989095, -13.16134394 ], [ -56.03972675, -13.16128826 ], [ -56.03970155, -13.16117189 ], [ -56.03959635, -13.16103606 ], [ -56.03961104, -13.16081749 ], [ -56.03939487, -13.16067437 ], [ -56.03944936, -13.16054031 ], [ -56.03928879, -13.16043184 ], [ -56.0392842, -13.16026031 ], [ -56.03921527, -13.16026014 ], [ -56.03917233, -13.16008241 ], [ -56.0391763, -13.15993875 ], [ -56.03915692, -13.15989329 ], [ -56.03924479, -13.15964796 ], [ -56.0390254, -13.15938359 ], [ -56.03892943, -13.15936424 ], [ -56.03877809, -13.15941765 ], [ -56.03858114, -13.15931592 ], [ -56.03862028, -13.15912086 ], [ -56.03856511, -13.15909651 ], [ -56.03850197, -13.15898579 ], [ -56.03856481, -13.15891379 ], [ -56.03855963, -13.15875066 ], [ -56.03849238, -13.15877292 ], [ -56.03841798, -13.15866351 ], [ -56.03825934, -13.15855379 ], [ -56.03814567, -13.15855472 ], [ -56.03808881, -13.15846653 ], [ -56.03796179, -13.15848459 ], [ -56.03785866, -13.15843285 ], [ -56.03770931, -13.15835417 ], [ -56.03763611, -13.15836502 ], [ -56.03757983, -13.15831634 ], [ -56.0374616, -13.15832811 ], [ -56.03735571, -13.15817708 ], [ -56.03743242, -13.1580742 ], [ -56.03724789, -13.15800425 ], [ -56.0371935, -13.15803904 ], [ -56.03708127, -13.15795508 ], [ -56.037074, -13.15794962 ], [ -56.03691159, -13.15793283 ], [ -56.03667643, -13.15783376 ], [ -56.03664251, -13.15777857 ], [ -56.036554, -13.15781133 ], [ -56.03645326, -13.15773763 ], [ -56.03638761, -13.15772626 ], [ -56.03630326, -13.15763715 ], [ -56.03623017, -13.15749945 ], [ -56.03608276, -13.15737503 ], [ -56.03609941, -13.15731849 ], [ -56.03603387, -13.1573017 ], [ -56.0360214, -13.15718863 ], [ -56.03605908, -13.15694402 ], [ -56.03596858, -13.15675101 ], [ -56.03592364, -13.15663629 ], [ -56.03574316, -13.15659266 ], [ -56.03573233, -13.15655374 ], [ -56.03562592, -13.15649186 ], [ -56.03561262, -13.15640113 ], [ -56.03544062, -13.15638312 ], [ -56.03518967, -13.15624222 ], [ -56.03520586, -13.15611136 ], [ -56.03488294, -13.15592272 ], [ -56.03488055, -13.15573356 ], [ -56.03483461, -13.1557314 ], [ -56.03476759, -13.1555759 ], [ -56.03481699, -13.15542519 ], [ -56.03472314, -13.15528903 ], [ -56.03469835, -13.15511661 ], [ -56.03461926, -13.15507309 ], [ -56.03462768, -13.15501951 ], [ -56.03455117, -13.15500304 ], [ -56.03453369, -13.15508633 ], [ -56.03431073, -13.15491136 ], [ -56.03435083, -13.15482453 ], [ -56.03417931, -13.15473157 ], [ -56.03400137, -13.15460713 ], [ -56.03401942, -13.15452139 ], [ -56.03390876, -13.1544377 ], [ -56.03378812, -13.15435651 ], [ -56.03371824, -13.15417704 ], [ -56.03364862, -13.15416801 ], [ -56.03361042, -13.15391001 ], [ -56.03349143, -13.15392556 ], [ -56.03337574, -13.15387685 ], [ -56.03322005, -13.15379579 ], [ -56.03313252, -13.153813 ], [ -56.03295081, -13.15370762 ], [ -56.03278315, -13.15373583 ], [ -56.03259119, -13.15370391 ], [ -56.03251018, -13.15358833 ], [ -56.03232811, -13.15352643 ], [ -56.0321419, -13.15344038 ], [ -56.03190905, -13.15336464 ], [ -56.03178069, -13.1532298 ], [ -56.03176086, -13.15311237 ], [ -56.0316908, -13.15312078 ], [ -56.03160105, -13.15302198 ], [ -56.03127359, -13.15309706 ], [ -56.03119882, -13.15303737 ], [ -56.03112874, -13.15309769 ], [ -56.03105759, -13.15305465 ], [ -56.03100798, -13.15293268 ], [ -56.03091079, -13.15287219 ], [ -56.03081942, -13.15295095 ], [ -56.03061668, -13.15267985 ], [ -56.03057382, -13.15262264 ], [ -56.03046047, -13.15256371 ], [ -56.03037825, -13.15247516 ], [ -56.03025999, -13.15249279 ], [ -56.03003265, -13.15247322 ], [ -56.02976977, -13.15226825 ], [ -56.02973532, -13.15237174 ], [ -56.02946864, -13.15238492 ], [ -56.02927645, -13.15250382 ], [ -56.02929054, -13.15255866 ], [ -56.02918509, -13.15262869 ], [ -56.02915803, -13.15275264 ], [ -56.02895697, -13.15268814 ], [ -56.0287807, -13.15272472 ], [ -56.02873054, -13.15255284 ], [ -56.02849912, -13.15244383 ], [ -56.02834679, -13.15256215 ], [ -56.02821245, -13.15247158 ], [ -56.02796429, -13.15246622 ], [ -56.02794725, -13.15229454 ], [ -56.02782363, -13.15231578 ], [ -56.02775817, -13.15239934 ], [ -56.02763799, -13.15232023 ], [ -56.02735722, -13.1522311 ], [ -56.02736677, -13.15198657 ], [ -56.02727079, -13.15189814 ], [ -56.02702339, -13.15184178 ], [ -56.02674931, -13.15174138 ], [ -56.02667596, -13.15167329 ], [ -56.02659945, -13.15151441 ], [ -56.026495, -13.15144801 ], [ -56.02631033, -13.1513927 ], [ -56.02632596, -13.15122061 ], [ -56.02630393, -13.15114503 ], [ -56.02611505, -13.15093971 ], [ -56.02602297, -13.15082435 ], [ -56.0257991, -13.15072007 ], [ -56.02556765, -13.15054958 ], [ -56.02535229, -13.15041549 ], [ -56.02526681, -13.15040368 ], [ -56.02525498, -13.15019912 ], [ -56.02528294, -13.1500335 ], [ -56.02519861, -13.14996455 ], [ -56.02500761, -13.14999393 ], [ -56.02472574, -13.14999838 ], [ -56.02467172, -13.15001065 ], [ -56.0245333, -13.14994946 ], [ -56.0244282, -13.14990702 ], [ -56.02443828, -13.14980751 ], [ -56.02423984, -13.14978117 ], [ -56.02407223, -13.14986905 ], [ -56.02393282, -13.14996174 ], [ -56.023751, -13.15000345 ], [ -56.02360657, -13.1498756 ], [ -56.02362484, -13.14975641 ], [ -56.02355817, -13.14972478 ], [ -56.02346264, -13.14964341 ], [ -56.02338585, -13.14972033 ], [ -56.02298004, -13.14954872 ], [ -56.02286946, -13.14951485 ], [ -56.0226826, -13.1494777 ], [ -56.02249949, -13.14958704 ], [ -56.02228945, -13.14955604 ], [ -56.02193108, -13.1496582 ], [ -56.02184724, -13.14976873 ], [ -56.02177075, -13.14970072 ], [ -56.02152356, -13.14972979 ], [ -56.02130035, -13.14983238 ], [ -56.02108548, -13.14992387 ], [ -56.0210035, -13.15003034 ], [ -56.02087256, -13.14996827 ], [ -56.0207655, -13.15007111 ], [ -56.02047354, -13.15033925 ], [ -56.02031219, -13.15042769 ], [ -56.02023673, -13.15047442 ], [ -56.02003512, -13.15050114 ], [ -56.01977346, -13.15062066 ], [ -56.01974053, -13.15047949 ], [ -56.01948214, -13.15033511 ], [ -56.01925897, -13.15019339 ], [ -56.01910246, -13.15004036 ], [ -56.01904136, -13.14988389 ], [ -56.01892364, -13.14976689 ], [ -56.01894177, -13.1496855 ], [ -56.0188812, -13.14955959 ], [ -56.01864461, -13.14940471 ], [ -56.0184159, -13.14938359 ], [ -56.01838079, -13.14918671 ], [ -56.01829474, -13.14924877 ], [ -56.01816774, -13.14919349 ], [ -56.01817755, -13.14906994 ], [ -56.01805262, -13.14904785 ], [ -56.01805665, -13.1489164 ], [ -56.01797135, -13.14886011 ], [ -56.01802814, -13.14866151 ], [ -56.01787758, -13.14863797 ], [ -56.01789342, -13.14845874 ], [ -56.0178, -13.14840368 ], [ -56.01763502, -13.14826923 ], [ -56.01771556, -13.1480841 ], [ -56.01761672, -13.14809186 ], [ -56.01746711, -13.14806109 ], [ -56.01740309, -13.14812929 ], [ -56.0171798, -13.1479948 ], [ -56.01712998, -13.14797282 ], [ -56.01710871, -13.14796343 ], [ -56.01710165, -13.14785843 ], [ -56.01688423, -13.14780308 ], [ -56.01677297, -13.14745501 ], [ -56.01671205, -13.14741653 ], [ -56.01668815, -13.14730343 ], [ -56.01658932, -13.14721444 ], [ -56.01642999, -13.14723915 ], [ -56.01642751, -13.14709959 ], [ -56.01642675, -13.14705641 ], [ -56.01631441, -13.14702533 ], [ -56.0163159, -13.14685825 ], [ -56.01611237, -13.14681615 ], [ -56.01606519, -13.14684725 ], [ -56.01590942, -13.14681076 ], [ -56.01579092, -13.14672857 ], [ -56.0156853, -13.14670114 ], [ -56.01556494, -13.14660095 ], [ -56.01546517, -13.14642354 ], [ -56.01534717, -13.14630907 ], [ -56.01520461, -13.14626901 ], [ -56.015178, -13.14616349 ], [ -56.01495211, -13.14617465 ], [ -56.01483673, -13.1461884 ], [ -56.01475319, -13.14610816 ], [ -56.01487107, -13.14595156 ], [ -56.0147747, -13.14580345 ], [ -56.01484431, -13.14567497 ], [ -56.01494687, -13.14568332 ], [ -56.01487105, -13.14554126 ], [ -56.01491092, -13.14525887 ], [ -56.01487538, -13.14514852 ], [ -56.01467019, -13.14517386 ], [ -56.01458108, -13.14526375 ], [ -56.01438713, -13.14524908 ], [ -56.01426139, -13.14513025 ], [ -56.0140496, -13.14507636 ], [ -56.01402418, -13.14492717 ], [ -56.01390895, -13.14478939 ], [ -56.01369491, -13.14485792 ], [ -56.01367364, -13.14475657 ], [ -56.01353625, -13.1446914 ], [ -56.01352939, -13.14483866 ], [ -56.01349403, -13.14505172 ], [ -56.01361719, -13.1450766 ], [ -56.01355225, -13.14525908 ], [ -56.01359401, -13.14542814 ], [ -56.01361676, -13.14560055 ], [ -56.01352565, -13.14568212 ], [ -56.01345394, -13.14598925 ], [ -56.01348982, -13.14608197 ], [ -56.01349124, -13.14628053 ], [ -56.01330421, -13.14640223 ], [ -56.01311622, -13.14637257 ], [ -56.01291795, -13.14637489 ], [ -56.01287376, -13.14658168 ], [ -56.0127507, -13.146717 ], [ -56.01274064, -13.14685584 ], [ -56.01291525, -13.14686546 ], [ -56.01296773, -13.14696015 ], [ -56.0129643, -13.14705597 ], [ -56.01304296, -13.14708662 ], [ -56.01310938, -13.1471125 ], [ -56.013116, -13.14718901 ], [ -56.01328334, -13.14726226 ], [ -56.01342177, -13.14725031 ], [ -56.01357464, -13.14750433 ], [ -56.01363729, -13.14759507 ], [ -56.0135589, -13.14775128 ], [ -56.01348091, -13.14787277 ], [ -56.01355536, -13.14789629 ], [ -56.01359229, -13.14802952 ], [ -56.01372065, -13.14802179 ], [ -56.01375996, -13.14822691 ], [ -56.0137036, -13.14834025 ], [ -56.01363996, -13.14845203 ], [ -56.0135398, -13.14851168 ], [ -56.01335763, -13.14866396 ], [ -56.01323155, -13.14879295 ], [ -56.01287168, -13.14892502 ], [ -56.01300472, -13.14894632 ], [ -56.01297261, -13.14901537 ], [ -56.01298506, -13.14911098 ], [ -56.01283659, -13.1491153 ], [ -56.01283262, -13.14923219 ], [ -56.01303362, -13.1492873 ], [ -56.01330811, -13.1492596 ], [ -56.0134931, -13.14920986 ], [ -56.01373002, -13.14927776 ], [ -56.01379065, -13.1493911 ], [ -56.01383935, -13.1495544 ], [ -56.01395595, -13.14960602 ], [ -56.01406066, -13.14965217 ], [ -56.01408768, -13.14983979 ], [ -56.01396024, -13.14989265 ], [ -56.01395247, -13.15015374 ], [ -56.01377299, -13.15050828 ], [ -56.01371018, -13.15055081 ], [ -56.01378573, -13.15064576 ], [ -56.01374632, -13.15074154 ], [ -56.01378737, -13.15081204 ], [ -56.01388644, -13.15093005 ], [ -56.01398258, -13.15104588 ], [ -56.01400897, -13.15118295 ], [ -56.01397666, -13.15132596 ], [ -56.01379312, -13.15126594 ], [ -56.01376033, -13.15136626 ], [ -56.01378754, -13.15143743 ], [ -56.01386889, -13.15165275 ], [ -56.01372678, -13.15163584 ], [ -56.01362344, -13.15180099 ], [ -56.01373236, -13.15194761 ], [ -56.01377533, -13.15211486 ], [ -56.01357296, -13.15224256 ], [ -56.01368377, -13.15240166 ], [ -56.01353591, -13.1525331 ], [ -56.01333842, -13.15256995 ], [ -56.01331082, -13.15278006 ], [ -56.01328186, -13.15293953 ], [ -56.01311163, -13.15294086 ], [ -56.01312587, -13.15304896 ], [ -56.01320078, -13.15309618 ], [ -56.01322472, -13.15322294 ], [ -56.01329974, -13.15335894 ], [ -56.01311358, -13.1534452 ], [ -56.01305721, -13.15351433 ], [ -56.01316636, -13.15358356 ], [ -56.01318534, -13.15365741 ], [ -56.01303023, -13.15373185 ], [ -56.01311887, -13.15389928 ], [ -56.01300064, -13.15434755 ], [ -56.01313402, -13.15444915 ], [ -56.01306926, -13.15451671 ], [ -56.01295824, -13.15461556 ], [ -56.01284866, -13.15451713 ], [ -56.01284118, -13.15470272 ], [ -56.01280475, -13.15481415 ], [ -56.01269532, -13.15479311 ], [ -56.01250802, -13.1549112 ], [ -56.01224321, -13.15494083 ], [ -56.01228604, -13.15505067 ], [ -56.01239062, -13.15515269 ], [ -56.01258492, -13.15515489 ], [ -56.01269716, -13.15525749 ], [ -56.01269248, -13.15545629 ], [ -56.01284368, -13.15585397 ], [ -56.01274936, -13.15585957 ], [ -56.01278434, -13.15601929 ], [ -56.012792, -13.15617854 ], [ -56.0126747, -13.15616561 ], [ -56.01261162, -13.15615868 ], [ -56.01248706, -13.1562987 ], [ -56.01246124, -13.15640963 ], [ -56.01227875, -13.15647818 ], [ -56.01235947, -13.1565511 ], [ -56.0125111, -13.15660737 ], [ -56.01236805, -13.15666596 ], [ -56.01257786, -13.15689397 ], [ -56.01249849, -13.15722259 ], [ -56.01259281, -13.15737793 ], [ -56.01253828, -13.1575175 ], [ -56.01231029, -13.15744962 ], [ -56.01204046, -13.15755618 ], [ -56.01194128, -13.15769332 ], [ -56.01161967, -13.15785238 ], [ -56.01145244, -13.15804712 ], [ -56.01125945, -13.15813598 ], [ -56.01129497, -13.15825094 ], [ -56.01118566, -13.1584516 ], [ -56.01096722, -13.15860401 ], [ -56.01099235, -13.15887074 ], [ -56.01092908, -13.15932636 ], [ -56.0110377, -13.15922606 ], [ -56.01115548, -13.15939685 ], [ -56.01104327, -13.15979397 ], [ -56.01088002, -13.15982499 ], [ -56.01096882, -13.16027586 ], [ -56.01087465, -13.16049683 ], [ -56.01078995, -13.16068222 ], [ -56.01033983, -13.1608114 ], [ -56.01003202, -13.16095506 ], [ -56.00973187, -13.16121393 ], [ -56.00975117, -13.16141518 ], [ -56.0095207, -13.16192024 ], [ -56.00957424, -13.16211954 ], [ -56.00942841, -13.16250107 ], [ -56.0093009, -13.1625248 ], [ -56.00919825, -13.16269782 ], [ -56.00923408, -13.1627825 ], [ -56.00916018, -13.16296385 ], [ -56.00893168, -13.16300004 ], [ -56.00878529, -13.16329115 ], [ -56.00885697, -13.16329414 ], [ -56.00887882, -13.16354937 ], [ -56.00863452, -13.16361371 ], [ -56.00845675, -13.16388417 ], [ -56.00843973, -13.16417108 ], [ -56.00844616, -13.16454551 ], [ -56.00849797, -13.16489823 ], [ -56.00873694, -13.1648987 ], [ -56.00874639, -13.16518589 ], [ -56.00866432, -13.16540528 ], [ -56.00870274, -13.16544042 ], [ -56.00862024, -13.16567473 ], [ -56.00835909, -13.1658446 ], [ -56.00809867, -13.16601809 ], [ -56.00793549, -13.16607722 ], [ -56.00779702, -13.16618763 ], [ -56.00783164, -13.16627239 ], [ -56.00784619, -13.16646466 ], [ -56.00803171, -13.16690633 ], [ -56.00810305, -13.16722179 ], [ -56.00801056, -13.16743779 ], [ -56.00815322, -13.16752487 ], [ -56.0082259, -13.16769232 ], [ -56.00827745, -13.16808799 ], [ -56.00825521, -13.16838654 ], [ -56.00806834, -13.16851086 ], [ -56.00777891, -13.16853181 ], [ -56.00756968, -13.16840957 ], [ -56.00740183, -13.16871199 ], [ -56.00724968, -13.1686209 ], [ -56.00716215, -13.16872734 ], [ -56.00698975, -13.16867061 ], [ -56.00696145, -13.16875567 ], [ -56.00665675, -13.16878831 ], [ -56.00623484, -13.1689883 ], [ -56.00614568, -13.16913216 ], [ -56.00596983, -13.16913012 ], [ -56.00609929, -13.1693355 ], [ -56.00590554, -13.16960699 ], [ -56.00570414, -13.16964789 ], [ -56.00561596, -13.16989221 ], [ -56.00541236, -13.16992984 ], [ -56.00541895, -13.1701729 ], [ -56.0051638, -13.1705691 ], [ -56.00527762, -13.17101139 ], [ -56.00509575, -13.17099378 ], [ -56.00471945, -13.17077325 ], [ -56.00469289, -13.17090696 ], [ -56.00433004, -13.17112643 ], [ -56.00403773, -13.17135657 ], [ -56.00371361, -13.171695 ], [ -56.00376078, -13.17187303 ], [ -56.00363067, -13.17215009 ], [ -56.0034109, -13.17237599 ], [ -56.00325797, -13.17245379 ], [ -56.00311871, -13.17259854 ], [ -56.0029741, -13.17269716 ], [ -56.00285499, -13.17287771 ], [ -56.00265223, -13.17302692 ], [ -56.00273931, -13.17314543 ], [ -56.00278125, -13.17338256 ], [ -56.00271974, -13.17339778 ], [ -56.00268517, -13.17361772 ], [ -56.00267727, -13.1738826 ], [ -56.00278337, -13.17404395 ], [ -56.00294381, -13.17423046 ], [ -56.00283283, -13.17440787 ], [ -56.00260243, -13.17445598 ], [ -56.0024827, -13.1742642 ], [ -56.00230181, -13.17438917 ], [ -56.0022401, -13.17456831 ], [ -56.00212609, -13.1746958 ], [ -56.00184497, -13.17469037 ], [ -56.00163031, -13.17454261 ], [ -56.00156568, -13.17469055 ], [ -56.00142062, -13.17482904 ], [ -56.00119175, -13.17495554 ], [ -56.00105502, -13.17495311 ], [ -56.00095116, -13.17507956 ], [ -56.00084718, -13.17519117 ], [ -56.0009065, -13.17535306 ], [ -56.00100694, -13.17534017 ], [ -56.00105549, -13.17545048 ], [ -56.00090473, -13.17576661 ], [ -56.00076044, -13.17569435 ], [ -56.00032713, -13.17583416 ], [ -56.00014151, -13.17601209 ], [ -55.99988914, -13.17621897 ], [ -55.99956694, -13.17656074 ], [ -55.9994532, -13.17680369 ], [ -55.99942164, -13.17698575 ], [ -55.99941711, -13.1770115 ], [ -55.99913278, -13.17715849 ], [ -55.9989384, -13.17717473 ], [ -55.9988999, -13.17761164 ], [ -55.99871724, -13.17778343 ], [ -55.99885952, -13.1781705 ], [ -55.99904102, -13.17825846 ], [ -55.99909433, -13.17851554 ], [ -55.99886906, -13.17875226 ], [ -55.99879176, -13.17879009 ], [ -55.9985329, -13.17891677 ], [ -55.99831176, -13.17917955 ], [ -55.99816111, -13.17922772 ], [ -55.99806811, -13.17922632 ], [ -55.99519964, -13.17918315 ], [ -55.99463061, -13.17917458 ], [ -55.99352438, -13.17915791 ], [ -55.99299652, -13.17914996 ], [ -55.98870575, -13.17908524 ], [ -55.98441497, -13.17902053 ], [ -55.98574195, -13.18197878 ], [ -55.98706892, -13.18493703 ], [ -55.98839589, -13.18789528 ], [ -55.98859187, -13.18833218 ], [ -55.98983649, -13.19110663 ], [ -55.9910811, -13.19388107 ], [ -55.99232572, -13.19665552 ], [ -55.99332425, -13.1988813 ], [ -55.9960402, -13.19618753 ], [ -55.99875615, -13.19349376 ], [ -55.9988286, -13.1934219 ], [ -55.99892134, -13.19332991 ], [ -55.99962998, -13.19262703 ], [ -55.99954495, -13.1925685 ], [ -55.99951486, -13.19267177 ], [ -55.9993792, -13.19269837 ], [ -55.99931004, -13.19267902 ], [ -55.99927284, -13.19234775 ], [ -55.99931491, -13.19225164 ], [ -55.99921851, -13.19203883 ], [ -55.99933685, -13.19196779 ], [ -55.99929826, -13.1917094 ], [ -55.99946921, -13.19165272 ], [ -55.99931968, -13.19156081 ], [ -55.99923566, -13.19165766 ], [ -55.99895375, -13.19155218 ], [ -55.99879971, -13.19151395 ], [ -55.99863954, -13.19124514 ], [ -55.99847719, -13.19131709 ], [ -55.99842487, -13.19121582 ], [ -55.99827442, -13.19123816 ], [ -55.99798328, -13.19120074 ], [ -55.99783445, -13.19105181 ], [ -55.99761192, -13.190824 ], [ -55.99739385, -13.19064319 ], [ -55.99735742, -13.19034846 ], [ -55.99717207, -13.19033907 ], [ -55.99694395, -13.1900321 ], [ -55.99690931, -13.18972942 ], [ -55.99678871, -13.18976174 ], [ -55.99672772, -13.18952999 ], [ -55.99629136, -13.18942642 ], [ -55.9962624, -13.1891775 ], [ -55.99618073, -13.18892168 ], [ -55.99604448, -13.18901704 ], [ -55.9958272, -13.18891095 ], [ -55.99599864, -13.18861658 ], [ -55.99620945, -13.18834241 ], [ -55.99635536, -13.1879843 ], [ -55.99592242, -13.18770807 ], [ -55.99602492, -13.18748302 ], [ -55.99621088, -13.18719832 ], [ -55.996165, -13.18682322 ], [ -55.99577005, -13.18669118 ], [ -55.99550713, -13.18621908 ], [ -55.99546877, -13.1857787 ], [ -55.99559395, -13.18542189 ], [ -55.99564287, -13.18498491 ], [ -55.99559231, -13.18460087 ], [ -55.9957357, -13.1843659 ], [ -55.99569341, -13.18415406 ], [ -55.99562673, -13.18381997 ], [ -55.99596335, -13.18386787 ], [ -55.99604686, -13.18344063 ], [ -55.99616362, -13.18315717 ], [ -55.99639721, -13.18282024 ], [ -55.99645111, -13.18243584 ], [ -55.99698791, -13.18257948 ], [ -55.9975522, -13.18262422 ], [ -56.0001568, -13.18283046 ], [ -56.0027614, -13.18303671 ], [ -56.00510601, -13.18322233 ], [ -56.0074355, -13.18340672 ], [ -56.00976499, -13.18359112 ], [ -56.01158622, -13.18373526 ], [ -56.01469274, -13.183983 ], [ -56.01779926, -13.18423074 ], [ -56.02090578, -13.18447848 ], [ -56.02212135, -13.18456879 ], [ -56.02225801, -13.1845796 ], [ -56.02439027, -13.18474826 ], [ -56.0241073, -13.18460198 ], [ -56.02431958, -13.18420062 ], [ -56.02604764, -13.18509594 ], [ -56.02745265, -13.18582387 ], [ -56.0275788, -13.18588922 ], [ -56.02793909, -13.18607589 ], [ -56.03108326, -13.18770109 ], [ -56.03154929, -13.18794199 ], [ -56.03200408, -13.18817707 ], [ -56.0354905, -13.18997006 ], [ -56.03901973, -13.19178097 ], [ -56.04001641, -13.19229239 ], [ -56.0429757, -13.19381084 ], [ -56.04605223, -13.19538924 ], [ -56.04912877, -13.19696763 ], [ -56.0521519, -13.19851882 ], [ -56.05517503, -13.20007001 ], [ -56.05559199, -13.19929116 ], [ -56.05696452, -13.19672734 ], [ -56.05833704, -13.19416351 ], [ -56.05733375, -13.19101452 ], [ -56.05633045, -13.18786553 ], [ -56.05532715, -13.18471654 ], [ -56.05477379, -13.18297965 ] ] ] } },
{ "type": "Feature", "properties": { }, "geometry": { "type": "Polygon", "coordinates": [ [ [ -56.13897418, -13.16202472 ], [ -56.13846098, -13.16617056 ], [ -56.13794779, -13.1703164 ], [ -56.13743459, -13.17446225 ], [ -56.13692139, -13.17860809 ], [ -56.1364082, -13.18275393 ], [ -56.135895, -13.18689978 ], [ -56.1353818, -13.19104562 ], [ -56.13486861, -13.19519146 ], [ -56.13634087, -13.19544092 ], [ -56.13781075, -13.19568873 ], [ -56.14160825, -13.19633174 ], [ -56.14540575, -13.19697475 ], [ -56.14920325, -13.19761776 ], [ -56.15300075, -13.19826077 ], [ -56.15370428, -13.19453527 ], [ -56.15440781, -13.19080977 ], [ -56.15511133, -13.18708427 ], [ -56.15581486, -13.18335877 ], [ -56.15392729, -13.17980189 ], [ -56.15203972, -13.17624501 ], [ -56.15015215, -13.17268813 ], [ -56.14754438, -13.1713752 ], [ -56.14493661, -13.17006227 ], [ -56.14481973, -13.17000338 ], [ -56.14480176, -13.16988967 ], [ -56.14477919, -13.16974719 ], [ -56.1449945, -13.16973371 ], [ -56.14522177, -13.16967687 ], [ -56.14511036, -13.16944992 ], [ -56.14501176, -13.16938657 ], [ -56.14504891, -13.1692913 ], [ -56.14499195, -13.16916525 ], [ -56.14486073, -13.16898371 ], [ -56.14478233, -13.16881627 ], [ -56.14442342, -13.16870422 ], [ -56.14471471, -13.16857219 ], [ -56.14459541, -13.16854448 ], [ -56.14461554, -13.16848704 ], [ -56.14461274, -13.16830946 ], [ -56.14439409, -13.16824788 ], [ -56.14455482, -13.16798367 ], [ -56.14446946, -13.16782733 ], [ -56.14427743, -13.16759441 ], [ -56.14404586, -13.16750846 ], [ -56.14402564, -13.16729944 ], [ -56.14386924, -13.16729955 ], [ -56.14385042, -13.16705916 ], [ -56.14374926, -13.16683079 ], [ -56.1436273, -13.16677261 ], [ -56.14347259, -13.16684596 ], [ -56.14333861, -13.16671396 ], [ -56.14322601, -13.16682905 ], [ -56.14311993, -13.16666242 ], [ -56.14306021, -13.16669477 ], [ -56.14285672, -13.16670494 ], [ -56.14279636, -13.16657887 ], [ -56.14296811, -13.16648686 ], [ -56.14268379, -13.16628582 ], [ -56.14280007, -13.16614832 ], [ -56.14268341, -13.16599911 ], [ -56.14258858, -13.16612366 ], [ -56.14240695, -13.16597784 ], [ -56.14225455, -13.16596973 ], [ -56.14224983, -13.16576203 ], [ -56.14213568, -13.16582151 ], [ -56.14202519, -13.16585866 ], [ -56.14197351, -13.16580957 ], [ -56.14197161, -13.16566589 ], [ -56.14181518, -13.16565072 ], [ -56.14163671, -13.16557788 ], [ -56.141682, -13.16531736 ], [ -56.1415858, -13.16525429 ], [ -56.14155182, -13.16510228 ], [ -56.14144822, -13.16504452 ], [ -56.14142403, -13.16494254 ], [ -56.14120997, -13.16486153 ], [ -56.14115475, -13.1647165 ], [ -56.14090289, -13.16460073 ], [ -56.14086945, -13.16445487 ], [ -56.14085894, -13.16421234 ], [ -56.14081293, -13.16399138 ], [ -56.14080376, -13.16379135 ], [ -56.14072714, -13.16377374 ], [ -56.1406774, -13.16388406 ], [ -56.14057208, -13.16392114 ], [ -56.14044436, -13.16379648 ], [ -56.1402409, -13.16361325 ], [ -56.14016281, -13.1634373 ], [ -56.14001878, -13.16325391 ], [ -56.13994579, -13.1632562 ], [ -56.1398155, -13.16336236 ], [ -56.13964501, -13.16309271 ], [ -56.13957015, -13.16315394 ], [ -56.13935726, -13.1629789 ], [ -56.13941749, -13.1627725 ], [ -56.13930339, -13.16250033 ], [ -56.13920429, -13.16244782 ], [ -56.13921254, -13.1623314 ], [ -56.13905434, -13.16224063 ], [ -56.13912057, -13.1620621 ], [ -56.13908567, -13.16190872 ], [ -56.13898975, -13.16189918 ], [ -56.13897418, -13.16202472 ] ] ] } },
{ "type": "Feature", "properties": { }, "geometry": { "type": "Polygon", "coordinates": [ [ [ -56.09121806, -13.39164472 ], [ -56.09102472, -13.39223361 ], [ -56.0895227, -13.39617496 ], [ -56.08802067, -13.40011631 ], [ -56.08651865, -13.40405766 ], [ -56.08501663, -13.40799901 ], [ -56.0835146, -13.41194036 ], [ -56.08201258, -13.41588171 ], [ -56.08051056, -13.41982306 ], [ -56.08027694, -13.42064778 ], [ -56.08018972, -13.42143 ], [ -56.0802475, -13.42247028 ], [ -56.08075208, -13.42591625 ], [ -56.08125667, -13.42936222 ], [ -56.08559344, -13.429949 ], [ -56.08993022, -13.43053578 ], [ -56.094267, -13.43112255 ], [ -56.09860378, -13.43170933 ], [ -56.10294056, -13.43229611 ], [ -56.10731278, -13.43266528 ], [ -56.11012083, -13.43313056 ], [ -56.11019694, -13.43314306 ], [ -56.11020556, -13.432965 ], [ -56.10992389, -13.43276194 ], [ -56.10971944, -13.43257583 ], [ -56.10943444, -13.43191806 ], [ -56.10925444, -13.43130611 ], [ -56.10899278, -13.43077889 ], [ -56.10872417, -13.43058194 ], [ -56.10876, -13.43023417 ], [ -56.10864444, -13.4298625 ], [ -56.10852806, -13.42951278 ], [ -56.10820444, -13.42904361 ], [ -56.10766917, -13.42861472 ], [ -56.10737389, -13.42821917 ], [ -56.10731778, -13.42773889 ], [ -56.107145, -13.42741528 ], [ -56.10691778, -13.42707583 ], [ -56.10651389, -13.42681389 ], [ -56.10636389, -13.42646778 ], [ -56.10615944, -13.42625889 ], [ -56.10583083, -13.42558889 ], [ -56.10572472, -13.4251725 ], [ -56.10554639, -13.42470694 ], [ -56.10558278, -13.42432028 ], [ -56.10557806, -13.42393556 ], [ -56.10552139, -13.42361028 ], [ -56.10534639, -13.42332556 ], [ -56.10520917, -13.42277278 ], [ -56.10495694, -13.42234944 ], [ -56.10481111, -13.42201944 ], [ -56.10465167, -13.42162056 ], [ -56.10447917, -13.42132639 ], [ -56.10433139, -13.4210575 ], [ -56.10435667, -13.42075694 ], [ -56.10437139, -13.42049611 ], [ -56.10424444, -13.42015444 ], [ -56.10416972, -13.41992889 ], [ -56.10418806, -13.41963611 ], [ -56.10427806, -13.4192825 ], [ -56.10427806, -13.41894306 ], [ -56.10391417, -13.41882139 ], [ -56.10383778, -13.41848 ], [ -56.10383361, -13.41808778 ], [ -56.10361167, -13.41791333 ], [ -56.10351111, -13.41758472 ], [ -56.10320556, -13.41738278 ], [ -56.10298056, -13.41699583 ], [ -56.10281778, -13.41672972 ], [ -56.10289056, -13.41648694 ], [ -56.10272917, -13.41613167 ], [ -56.10237917, -13.41582444 ], [ -56.102515, -13.41542056 ], [ -56.10248611, -13.41511889 ], [ -56.10245556, -13.41488361 ], [ -56.10250056, -13.41453611 ], [ -56.10270194, -13.41381472 ], [ -56.10265833, -13.41336528 ], [ -56.10290694, -13.41303778 ], [ -56.10310694, -13.41277139 ], [ -56.10338028, -13.41232 ], [ -56.10384167, -13.41198028 ], [ -56.10433778, -13.41192917 ], [ -56.10484917, -13.4120775 ], [ -56.10540806, -13.412235 ], [ -56.10544889, -13.41191111 ], [ -56.10571167, -13.41143972 ], [ -56.10575139, -13.41113111 ], [ -56.10577556, -13.41082361 ], [ -56.10595167, -13.41051 ], [ -56.10588556, -13.41004667 ], [ -56.10589306, -13.40964222 ], [ -56.10607028, -13.40933306 ], [ -56.10624556, -13.40900111 ], [ -56.10670056, -13.40879472 ], [ -56.10703972, -13.40876528 ], [ -56.10724, -13.40901111 ], [ -56.10748778, -13.40934861 ], [ -56.10787278, -13.40955583 ], [ -56.10813056, -13.40944 ], [ -56.10827944, -13.40932306 ], [ -56.10828694, -13.40923722 ], [ -56.10832306, -13.40888444 ], [ -56.10817278, -13.408635 ], [ -56.10841806, -13.40808861 ], [ -56.1084475, -13.40803833 ], [ -56.10828222, -13.40798389 ], [ -56.1081275, -13.40799528 ], [ -56.10798278, -13.40794083 ], [ -56.10773111, -13.40771278 ], [ -56.10753556, -13.40773111 ], [ -56.10733861, -13.40759806 ], [ -56.10709639, -13.40747194 ], [ -56.10696972, -13.40735694 ], [ -56.10675361, -13.40726722 ], [ -56.1066125, -13.40709028 ], [ -56.10644472, -13.4067725 ], [ -56.10621444, -13.40666528 ], [ -56.10604333, -13.40651056 ], [ -56.1058675, -13.40640806 ], [ -56.10559472, -13.40627417 ], [ -56.10561111, -13.40606417 ], [ -56.10541639, -13.40579056 ], [ -56.10534722, -13.40558111 ], [ -56.10517028, -13.40550222 ], [ -56.10503528, -13.40531028 ], [ -56.10486556, -13.40516833 ], [ -56.10473056, -13.40502667 ], [ -56.10453, -13.40489833 ], [ -56.10437167, -13.40476472 ], [ -56.10420639, -13.40452722 ], [ -56.1040975, -13.40429278 ], [ -56.10394694, -13.40413583 ], [ -56.10388, -13.40394222 ], [ -56.10378222, -13.40373639 ], [ -56.10367861, -13.40355806 ], [ -56.103745, -13.40335333 ], [ -56.10379222, -13.40313333 ], [ -56.10358528, -13.40281139 ], [ -56.10352944, -13.40266667 ], [ -56.10350139, -13.40237806 ], [ -56.10344917, -13.40211361 ], [ -56.10349417, -13.40211417 ], [ -56.10343806, -13.40183722 ], [ -56.10338778, -13.40163861 ], [ -56.10327417, -13.40136611 ], [ -56.10329361, -13.40113111 ], [ -56.10317361, -13.40096417 ], [ -56.10311139, -13.40079472 ], [ -56.10302667, -13.40057611 ], [ -56.10291944, -13.40036167 ], [ -56.10292889, -13.40015583 ], [ -56.10288222, -13.39997 ], [ -56.10274528, -13.39982278 ], [ -56.1025375, -13.39948972 ], [ -56.10241861, -13.39900806 ], [ -56.10233222, -13.39881167 ], [ -56.1022425, -13.3985125 ], [ -56.10197167, -13.39808639 ], [ -56.10187667, -13.39782472 ], [ -56.10177556, -13.39763722 ], [ -56.10170944, -13.39742833 ], [ -56.10170139, -13.397185 ], [ -56.101705, -13.39689083 ], [ -56.10155333, -13.39627 ], [ -56.100565, -13.39595556 ], [ -56.09960806, -13.39556528 ], [ -56.09886583, -13.39518222 ], [ -56.09769889, -13.39445917 ], [ -56.09702917, -13.39421861 ], [ -56.0966225, -13.39401056 ], [ -56.09592917, -13.39357806 ], [ -56.09535444, -13.39326806 ], [ -56.09483917, -13.39303139 ], [ -56.09397833, -13.39273028 ], [ -56.09121806, -13.39164472 ] ] ] } },
{ "type": "Feature", "properties": { }, "geometry": { "type": "Polygon", "coordinates": [ [ [ -56.16950639, -13.35638194 ], [ -56.16974722, -13.35627972 ], [ -56.16999528, -13.35606389 ], [ -56.17025028, -13.35605139 ], [ -56.17035333, -13.35592361 ], [ -56.17070194, -13.35577833 ], [ -56.17096833, -13.35536111 ], [ -56.1714325, -13.3553975 ], [ -56.17169333, -13.35551694 ], [ -56.17204472, -13.35561361 ], [ -56.1722625, -13.355495 ], [ -56.17260056, -13.3553625 ], [ -56.17303222, -13.3552975 ], [ -56.17309472, -13.35529778 ], [ -56.17338472, -13.35510889 ], [ -56.17366333, -13.35499944 ], [ -56.17380944, -13.35500972 ], [ -56.17403889, -13.35486361 ], [ -56.174285, -13.3548425 ], [ -56.17456583, -13.35475361 ], [ -56.17478806, -13.35463222 ], [ -56.17482861, -13.35440778 ], [ -56.17511306, -13.35437222 ], [ -56.17535333, -13.35422389 ], [ -56.17559778, -13.35421556 ], [ -56.17580833, -13.35401722 ], [ -56.176175, -13.35390944 ], [ -56.17616111, -13.35383139 ], [ -56.17611278, -13.35384583 ], [ -56.17588, -13.35390083 ], [ -56.17572361, -13.35368667 ], [ -56.1756025, -13.35380917 ], [ -56.17555417, -13.35371917 ], [ -56.17544556, -13.35374861 ], [ -56.17530139, -13.35367833 ], [ -56.17518861, -13.35385333 ], [ -56.17522611, -13.35392278 ], [ -56.17511222, -13.35395944 ], [ -56.17513611, -13.3537575 ], [ -56.17506778, -13.35377722 ], [ -56.1749925, -13.35372028 ], [ -56.17482667, -13.35367417 ], [ -56.17468833, -13.35380167 ], [ -56.17470833, -13.35392861 ], [ -56.17446944, -13.3539875 ], [ -56.174455, -13.35382139 ], [ -56.17436222, -13.35386833 ], [ -56.17412806, -13.353755 ], [ -56.17412444, -13.35367306 ], [ -56.17405056, -13.3536725 ], [ -56.17386333, -13.35352194 ], [ -56.17384889, -13.35337583 ], [ -56.17376944, -13.353455 ], [ -56.17367472, -13.35338083 ], [ -56.1734975, -13.35343917 ], [ -56.17345972, -13.35334694 ], [ -56.17347667, -13.35321806 ], [ -56.17341056, -13.35317917 ], [ -56.17336361, -13.35311417 ], [ -56.17326278, -13.35299944 ], [ -56.17343361, -13.35289083 ], [ -56.17334056, -13.35282389 ], [ -56.17329722, -13.35286167 ], [ -56.17313333, -13.35281722 ], [ -56.17320889, -13.35266 ], [ -56.17326833, -13.35247611 ], [ -56.17336917, -13.35248194 ], [ -56.17333333, -13.35240083 ], [ -56.17316778, -13.35238889 ], [ -56.17305833, -13.35217639 ], [ -56.17290222, -13.35207917 ], [ -56.17266889, -13.35209472 ], [ -56.17260028, -13.352245 ], [ -56.17249167, -13.35231 ], [ -56.17241583, -13.35219778 ], [ -56.17228278, -13.35226222 ], [ -56.17223, -13.35212972 ], [ -56.17213972, -13.35215222 ], [ -56.17212139, -13.35227944 ], [ -56.17185194, -13.35230639 ], [ -56.17155417, -13.352335 ], [ -56.17132722, -13.35224056 ], [ -56.171275, -13.35214639 ], [ -56.17099389, -13.35218444 ], [ -56.17076389, -13.35223056 ], [ -56.17073139, -13.35233389 ], [ -56.17053194, -13.3523625 ], [ -56.17047111, -13.35231472 ], [ -56.17047528, -13.35208722 ], [ -56.17040889, -13.35201667 ], [ -56.17027083, -13.35213889 ], [ -56.17018639, -13.35205111 ], [ -56.17006361, -13.35200472 ], [ -56.17001056, -13.3520575 ], [ -56.17016861, -13.35223167 ], [ -56.16986639, -13.35220333 ], [ -56.16983861, -13.35205361 ], [ -56.16966389, -13.35200278 ], [ -56.16963389, -13.35186944 ], [ -56.16942972, -13.35193944 ], [ -56.169285, -13.35195778 ], [ -56.16901278, -13.35192194 ], [ -56.16905528, -13.3518025 ], [ -56.16881222, -13.35159083 ], [ -56.16883667, -13.35150361 ], [ -56.16872472, -13.35151333 ], [ -56.16860139, -13.3516125 ], [ -56.16854722, -13.35150361 ], [ -56.16840278, -13.35143583 ], [ -56.16819, -13.35136361 ], [ -56.16801361, -13.35128361 ], [ -56.16784861, -13.35110083 ], [ -56.16774694, -13.35107639 ], [ -56.16766056, -13.35110722 ], [ -56.16760444, -13.35102306 ], [ -56.1675025, -13.35102306 ], [ -56.16743417, -13.35094806 ], [ -56.16735833, -13.35092556 ], [ -56.16719333, -13.35094528 ], [ -56.16723917, -13.35074639 ], [ -56.16716806, -13.35070694 ], [ -56.1672125, -13.35064639 ], [ -56.16708694, -13.35059167 ], [ -56.16704083, -13.35049389 ], [ -56.16689472, -13.35049278 ], [ -56.16680972, -13.35038583 ], [ -56.1667275, -13.35035972 ], [ -56.16663583, -13.35024417 ], [ -56.16651333, -13.35026472 ], [ -56.16639583, -13.35020167 ], [ -56.16616556, -13.35020194 ], [ -56.16614306, -13.35013306 ], [ -56.16604528, -13.35012806 ], [ -56.16600583, -13.35003194 ], [ -56.16583556, -13.35008222 ], [ -56.16559639, -13.34996 ], [ -56.16554333, -13.34991472 ], [ -56.16552528, -13.34998917 ], [ -56.16540028, -13.34995139 ], [ -56.16531083, -13.35004694 ], [ -56.16523111, -13.34984056 ], [ -56.16507278, -13.34981778 ], [ -56.16495667, -13.34974083 ], [ -56.16484528, -13.34963139 ], [ -56.16468861, -13.34971028 ], [ -56.16446833, -13.34962083 ], [ -56.16433278, -13.34976694 ], [ -56.16417917, -13.34975583 ], [ -56.16410472, -13.34979694 ], [ -56.16395694, -13.34975833 ], [ -56.16389944, -13.34983694 ], [ -56.16373611, -13.3498725 ], [ -56.16368583, -13.34979833 ], [ -56.16360472, -13.34982444 ], [ -56.16354222, -13.34976833 ], [ -56.16347222, -13.34981333 ], [ -56.16332528, -13.34966333 ], [ -56.16312889, -13.34961167 ], [ -56.16298944, -13.34948417 ], [ -56.16273778, -13.34940222 ], [ -56.1627225, -13.34928083 ], [ -56.16264806, -13.34917917 ], [ -56.16253861, -13.34921 ], [ -56.16241722, -13.34908028 ], [ -56.1622875, -13.34910056 ], [ -56.16219472, -13.34901556 ], [ -56.16211806, -13.34897028 ], [ -56.16203083, -13.34885361 ], [ -56.16187111, -13.34873472 ], [ -56.16166917, -13.34862528 ], [ -56.16155444, -13.34852278 ], [ -56.16136389, -13.34854833 ], [ -56.16131528, -13.34861083 ], [ -56.16119194, -13.34856194 ], [ -56.16109556, -13.34862194 ], [ -56.16105722, -13.34856028 ], [ -56.16093333, -13.34857667 ], [ -56.16061417, -13.34833194 ], [ -56.16054917, -13.34822444 ], [ -56.1604275, -13.34825528 ], [ -56.16023722, -13.34818611 ], [ -56.16008972, -13.34822667 ], [ -56.15987583, -13.34812139 ], [ -56.1596425, -13.34818639 ], [ -56.15948333, -13.34820139 ], [ -56.15934722, -13.34832778 ], [ -56.15924111, -13.34849861 ], [ -56.15913583, -13.3484775 ], [ -56.15902722, -13.34860333 ], [ -56.15896972, -13.34857472 ], [ -56.15885972, -13.34867194 ], [ -56.1586225, -13.34896528 ], [ -56.15841083, -13.34899639 ], [ -56.15834139, -13.34903944 ], [ -56.15804861, -13.34914722 ], [ -56.15797833, -13.34925194 ], [ -56.15779806, -13.34921056 ], [ -56.15774417, -13.34931528 ], [ -56.1576225, -13.349295 ], [ -56.15749722, -13.34934139 ], [ -56.15730167, -13.34947861 ], [ -56.15732389, -13.34966167 ], [ -56.15704167, -13.34979139 ], [ -56.15682444, -13.34975083 ], [ -56.15644667, -13.3497025 ], [ -56.15617833, -13.34971222 ], [ -56.15599639, -13.34975861 ], [ -56.15591056, -13.34983083 ], [ -56.15586222, -13.34978167 ], [ -56.15571194, -13.34984444 ], [ -56.15566806, -13.34978167 ], [ -56.15557722, -13.34983333 ], [ -56.15544278, -13.34984556 ], [ -56.15542194, -13.34988611 ], [ -56.15526056, -13.34987861 ], [ -56.15504472, -13.34986111 ], [ -56.15493361, -13.34998361 ], [ -56.1548975, -13.34992111 ], [ -56.15482556, -13.34989639 ], [ -56.15467306, -13.34996417 ], [ -56.15449333, -13.34996917 ], [ -56.15427111, -13.34997556 ], [ -56.1540225, -13.35001028 ], [ -56.15380167, -13.34990944 ], [ -56.15353, -13.3499325 ], [ -56.1532775, -13.34995417 ], [ -56.1531175, -13.349975 ], [ -56.15296444, -13.34989083 ], [ -56.15269861, -13.35000472 ], [ -56.15263917, -13.34996833 ], [ -56.15247694, -13.35005083 ], [ -56.15244333, -13.35017944 ], [ -56.15229778, -13.35024722 ], [ -56.15217861, -13.3502375 ], [ -56.15196139, -13.35025639 ], [ -56.15191167, -13.35032694 ], [ -56.1518075, -13.35034833 ], [ -56.15159861, -13.35025861 ], [ -56.15135417, -13.35029194 ], [ -56.15104694, -13.35046917 ], [ -56.15075889, -13.350505 ], [ -56.15047722, -13.35058472 ], [ -56.15028556, -13.35069056 ], [ -56.15016306, -13.35078583 ], [ -56.15019444, -13.35084917 ], [ -56.15120389, -13.35288625 ], [ -56.15221333, -13.35492333 ], [ -56.15648076, -13.35528326 ], [ -56.1607482, -13.35564319 ], [ -56.16501563, -13.35600313 ], [ -56.16928306, -13.35636306 ], [ -56.16950639, -13.35638194 ] ] ] } },
{ "type": "Feature", "properties": { }, "geometry": { "type": "Polygon", "coordinates": [ [ [ -56.02064687, -12.79871977 ], [ -56.02297222, -12.80119444 ], [ -56.02586111, -12.80444444 ], [ -56.02814729, -12.80686612 ], [ -56.0292954, -12.80808225 ], [ -56.02961111, -12.80841667 ], [ -56.03179272, -12.81071383 ], [ -56.03397433, -12.81301099 ], [ -56.03615593, -12.81530815 ], [ -56.03696451, -12.81617515 ], [ -56.03740249, -12.8146851 ], [ -56.03783068, -12.81322831 ], [ -56.03809219, -12.8123386 ], [ -56.03821634, -12.81191625 ], [ -56.03837927, -12.81141484 ], [ -56.03853743, -12.81106914 ], [ -56.03859709, -12.81093874 ], [ -56.03888494, -12.81047428 ], [ -56.03930273, -12.8099979 ], [ -56.03971365, -12.80965488 ], [ -56.03974515, -12.8096286 ], [ -56.03977163, -12.80961173 ], [ -56.04018904, -12.809346 ], [ -56.04119252, -12.80884709 ], [ -56.04160711, -12.80864096 ], [ -56.0418082, -12.80853533 ], [ -56.04189996, -12.80849206 ], [ -56.04190792, -12.80848831 ], [ -56.0419654, -12.8084612 ], [ -56.0420286, -12.8084314 ], [ -56.04224176, -12.80832542 ], [ -56.03975482, -12.80471272 ], [ -56.03791543, -12.80204059 ], [ -56.03607605, -12.79936846 ], [ -56.03424609, -12.79670992 ], [ -56.03335597, -12.79541675 ], [ -56.03299799, -12.79489667 ], [ -56.03200961, -12.79346071 ], [ -56.03168891, -12.79299478 ], [ -56.03111248, -12.79215731 ], [ -56.03088091, -12.79182087 ], [ -56.02994727, -12.79046441 ], [ -56.02804446, -12.78769982 ], [ -56.02598718, -12.78471066 ], [ -56.02392989, -12.78172151 ], [ -56.02251778, -12.77966969 ], [ -56.02026863, -12.77640157 ], [ -56.01990864, -12.77587848 ], [ -56.01965917, -12.77551597 ], [ -56.0192779, -12.77496196 ], [ -56.01858225, -12.77395111 ], [ -56.01821179, -12.77341279 ], [ -56.01715061, -12.77187077 ], [ -56.01675186, -12.77129132 ], [ -56.0163807, -12.77075198 ], [ -56.01548881, -12.76945593 ], [ -56.01542884, -12.76940958 ], [ -56.0151332, -12.76962407 ], [ -56.01504662, -12.76968689 ], [ -56.01456937, -12.77003314 ], [ -56.01396893, -12.77046876 ], [ -56.01344573, -12.77084834 ], [ -56.01335179, -12.77107314 ], [ -56.01318817, -12.77148746 ], [ -56.01324278, -12.77206753 ], [ -56.01325586, -12.77293439 ], [ -56.01202046, -12.77371029 ], [ -56.01194433, -12.77384167 ], [ -56.01163288, -12.77437915 ], [ -56.01174156, -12.77486837 ], [ -56.01200249, -12.77604305 ], [ -56.01178428, -12.77640069 ], [ -56.01140696, -12.77701909 ], [ -56.01154112, -12.77760408 ], [ -56.01173907, -12.77846725 ], [ -56.01159053, -12.77969889 ], [ -56.01174488, -12.78047481 ], [ -56.01190063, -12.78125776 ], [ -56.01203467, -12.7819316 ], [ -56.01231724, -12.78335206 ], [ -56.01254516, -12.7837188 ], [ -56.01286041, -12.78422603 ], [ -56.01298831, -12.78511812 ], [ -56.01286604, -12.78541858 ], [ -56.01215297, -12.78581425 ], [ -56.01163703, -12.78709404 ], [ -56.01145703, -12.78752777 ], [ -56.01153267, -12.78770908 ], [ -56.0116042, -12.7880039 ], [ -56.01163406, -12.78892184 ], [ -56.01385047, -12.79133563 ], [ -56.01606687, -12.79374942 ], [ -56.01828328, -12.7961632 ], [ -56.02064687, -12.79871977 ] ] ] } },
{ "type": "Feature", "properties": { }, "geometry": { "type": "Polygon", "coordinates": [ [ [ -56.05411306, -13.33664 ], [ -56.05563852, -13.34011472 ], [ -56.05716398, -13.34358944 ], [ -56.05868945, -13.34706416 ], [ -56.06021491, -13.35053889 ], [ -56.06174037, -13.35401361 ], [ -56.06326583, -13.35748833 ], [ -56.06761567, -13.35736353 ], [ -56.0719655, -13.35723872 ], [ -56.07631534, -13.35711392 ], [ -56.08066518, -13.35698912 ], [ -56.08501502, -13.35686431 ], [ -56.08936485, -13.35673951 ], [ -56.09371469, -13.3566147 ], [ -56.09806453, -13.3564899 ], [ -56.10241436, -13.3563651 ], [ -56.1067642, -13.35624029 ], [ -56.11111404, -13.35611549 ], [ -56.11546388, -13.35599069 ], [ -56.11981371, -13.35586588 ], [ -56.12416355, -13.35574108 ], [ -56.12851339, -13.35561628 ], [ -56.13286322, -13.35549147 ], [ -56.13721306, -13.35536667 ], [ -56.1356675, -13.35222806 ], [ -56.13412194, -13.34908944 ], [ -56.13257639, -13.34595083 ], [ -56.13103083, -13.34281222 ], [ -56.12675762, -13.34246932 ], [ -56.12248441, -13.34212642 ], [ -56.1182112, -13.34178352 ], [ -56.11393799, -13.34144062 ], [ -56.10966478, -13.34109771 ], [ -56.10539157, -13.34075481 ], [ -56.10111836, -13.34041191 ], [ -56.09684515, -13.34006901 ], [ -56.09257195, -13.33972611 ], [ -56.08829874, -13.33938321 ], [ -56.08402553, -13.33904031 ], [ -56.07975232, -13.33869741 ], [ -56.07547911, -13.33835451 ], [ -56.0712059, -13.3380116 ], [ -56.06693269, -13.3376687 ], [ -56.06265948, -13.3373258 ], [ -56.05838627, -13.3369829 ], [ -56.05411306, -13.33664 ] ] ] } },
{ "type": "Feature", "properties": { }, "geometry": { "type": "Polygon", "coordinates": [ [ [ -56.16031877, -12.85493641 ], [ -56.16038911, -12.85523529 ], [ -56.16074784, -12.85515832 ], [ -56.1609145, -12.85522811 ], [ -56.1610165, -12.8554261 ], [ -56.16101813, -12.85560206 ], [ -56.16057894, -12.85581676 ], [ -56.16055671, -12.85590783 ], [ -56.16074156, -12.8561879 ], [ -56.16086727, -12.85623948 ], [ -56.16111818, -12.85602726 ], [ -56.16139014, -12.85610363 ], [ -56.1614574, -12.85633242 ], [ -56.16134312, -12.8564449 ], [ -56.16111272, -12.85658775 ], [ -56.16108704, -12.85666208 ], [ -56.16138397, -12.85676936 ], [ -56.16155774, -12.8568919 ], [ -56.16149597, -12.85717661 ], [ -56.16130659, -12.8572336 ], [ -56.16126264, -12.85745309 ], [ -56.16126432, -12.85769732 ], [ -56.16149152, -12.85760193 ], [ -56.161746, -12.85778385 ], [ -56.16170894, -12.8579539 ], [ -56.16164771, -12.85813219 ], [ -56.16185734, -12.85880522 ], [ -56.16188145, -12.85915043 ], [ -56.1619593, -12.8597951 ], [ -56.16188023, -12.8602936 ], [ -56.16164371, -12.86078056 ], [ -56.16150237, -12.86169055 ], [ -56.16135051, -12.86201738 ], [ -56.1613863, -12.86236796 ], [ -56.16126125, -12.86264478 ], [ -56.16555255, -12.86357798 ], [ -56.16984385, -12.86451117 ], [ -56.17413515, -12.86544436 ], [ -56.17842644, -12.86637756 ], [ -56.18271774, -12.86731075 ], [ -56.18700904, -12.86824394 ], [ -56.19130034, -12.86917714 ], [ -56.19559164, -12.87011033 ], [ -56.19650315, -12.86601421 ], [ -56.19720924, -12.86283358 ], [ -56.19311731, -12.8618732 ], [ -56.18902538, -12.86091281 ], [ -56.18493346, -12.85995243 ], [ -56.18084153, -12.85899204 ], [ -56.1767496, -12.85803165 ], [ -56.17265767, -12.85707127 ], [ -56.16856574, -12.85611088 ], [ -56.16447382, -12.8551505 ], [ -56.16038189, -12.85419011 ], [ -56.16031877, -12.85493641 ] ] ] } },
{ "type": "Feature", "properties": { }, "geometry": { "type": "Polygon", "coordinates": [ [ [ -56.13721306, -13.35536667 ], [ -56.13286322, -13.35549147 ], [ -56.12851339, -13.35561628 ], [ -56.12416355, -13.35574108 ], [ -56.11981371, -13.35586588 ], [ -56.11546388, -13.35599069 ], [ -56.11111404, -13.35611549 ], [ -56.1067642, -13.3562403 ], [ -56.10241436, -13.3563651 ], [ -56.09806453, -13.3564899 ], [ -56.09371469, -13.35661471 ], [ -56.08936485, -13.35673951 ], [ -56.08501502, -13.35686431 ], [ -56.08066518, -13.35698912 ], [ -56.07631534, -13.35711392 ], [ -56.0719655, -13.35723872 ], [ -56.06761567, -13.35736353 ], [ -56.06326583, -13.35748833 ], [ -56.06381639, -13.35854806 ], [ -56.06444583, -13.35962472 ], [ -56.06526472, -13.36035139 ], [ -56.0681681, -13.3630975 ], [ -56.07107148, -13.36584361 ], [ -56.07397486, -13.36858973 ], [ -56.07687824, -13.37133584 ], [ -56.07978162, -13.37408195 ], [ -56.082685, -13.37682806 ], [ -56.08710107, -13.3763531 ], [ -56.09151714, -13.37587814 ], [ -56.09593321, -13.37540318 ], [ -56.10034929, -13.37492822 ], [ -56.10476536, -13.37445326 ], [ -56.10918143, -13.3739783 ], [ -56.1135975, -13.37350334 ], [ -56.11801357, -13.37302837 ], [ -56.12242964, -13.37255341 ], [ -56.12684571, -13.37207845 ], [ -56.13126179, -13.37160349 ], [ -56.13567786, -13.37112853 ], [ -56.14009393, -13.37065357 ], [ -56.14451, -13.37017861 ], [ -56.1430182, -13.36715056 ], [ -56.14152639, -13.3641225 ], [ -56.14003459, -13.36109445 ], [ -56.13854278, -13.35806639 ], [ -56.13721306, -13.35536667 ] ] ] } },
{ "type": "Feature", "properties": { }, "geometry": { "type": "Polygon", "coordinates": [ [ [ -56.1247554, -13.37230327 ], [ -56.12054836, -13.37275575 ], [ -56.11634132, -13.37320823 ], [ -56.11213428, -13.37366071 ], [ -56.10792724, -13.37411319 ], [ -56.1037202, -13.37456566 ], [ -56.09951316, -13.37501814 ], [ -56.09530612, -13.37547062 ], [ -56.09109908, -13.3759231 ], [ -56.08689204, -13.37637558 ], [ -56.082685, -13.37682806 ], [ -56.08571028, -13.37968819 ], [ -56.08873556, -13.38254833 ], [ -56.0895225, -13.38339833 ], [ -56.09026306, -13.38445333 ], [ -56.09086361, -13.38561833 ], [ -56.0912425, -13.38671167 ], [ -56.09149889, -13.3879575 ], [ -56.09157222, -13.38942694 ], [ -56.09148083, -13.39043472 ], [ -56.09126472, -13.39147972 ], [ -56.09121806, -13.39164472 ], [ -56.09397833, -13.39273028 ], [ -56.09483917, -13.39303139 ], [ -56.09535444, -13.39326806 ], [ -56.09592917, -13.39357806 ], [ -56.0966225, -13.39401056 ], [ -56.09702917, -13.39421861 ], [ -56.09769889, -13.39445917 ], [ -56.09886583, -13.39518222 ], [ -56.09960806, -13.39556528 ], [ -56.100565, -13.39595556 ], [ -56.10155333, -13.39627 ], [ -56.101705, -13.39689083 ], [ -56.10172, -13.39718472 ], [ -56.10172778, -13.39742528 ], [ -56.10179278, -13.39763028 ], [ -56.10189361, -13.3978175 ], [ -56.10198833, -13.39807861 ], [ -56.10225944, -13.398505 ], [ -56.10234972, -13.39880556 ], [ -56.10243611, -13.39900222 ], [ -56.10255472, -13.39948278 ], [ -56.10276, -13.39981194 ], [ -56.10289917, -13.39996111 ], [ -56.1029475, -13.40015417 ], [ -56.10293806, -13.40035778 ], [ -56.10304361, -13.40056889 ], [ -56.10312861, -13.40078833 ], [ -56.10319028, -13.40095583 ], [ -56.1033125, -13.40112611 ], [ -56.10329306, -13.40136333 ], [ -56.10340528, -13.40163306 ], [ -56.10345611, -13.40183333 ], [ -56.10351667, -13.4021325 ], [ -56.10347167, -13.40213194 ], [ -56.10351972, -13.40237556 ], [ -56.1035475, -13.4026625 ], [ -56.10360194, -13.40280333 ], [ -56.10381194, -13.40313 ], [ -56.10376278, -13.40335806 ], [ -56.10369861, -13.40355611 ], [ -56.10379861, -13.40372806 ], [ -56.10389722, -13.40393556 ], [ -56.10396306, -13.40412639 ], [ -56.10411306, -13.4042825 ], [ -56.1042225, -13.40451833 ], [ -56.10438556, -13.4047525 ], [ -56.10454111, -13.40488389 ], [ -56.1047425, -13.40501278 ], [ -56.10487833, -13.40515528 ], [ -56.10504917, -13.40529806 ], [ -56.1051825, -13.40548778 ], [ -56.10536222, -13.40556806 ], [ -56.10543306, -13.4057825 ], [ -56.10563, -13.40605917 ], [ -56.10561417, -13.40626333 ], [ -56.10587639, -13.40639222 ], [ -56.10605444, -13.40649611 ], [ -56.106225, -13.40665 ], [ -56.10645833, -13.40675889 ], [ -56.10662806, -13.40708056 ], [ -56.10676528, -13.4072525 ], [ -56.10698, -13.40734167 ], [ -56.10710722, -13.40745722 ], [ -56.10734833, -13.4075825 ], [ -56.10754056, -13.4077125 ], [ -56.1077375, -13.40769389 ], [ -56.10799278, -13.40792528 ], [ -56.10813028, -13.40797694 ], [ -56.10828444, -13.40796556 ], [ -56.10832948, -13.40798042 ], [ -56.10838531, -13.40799883 ], [ -56.10847472, -13.40802833 ], [ -56.10844722, -13.40812056 ], [ -56.10846485, -13.40818939 ], [ -56.10848778, -13.40827889 ], [ -56.10821389, -13.40861556 ], [ -56.10828646, -13.40874943 ], [ -56.10833689, -13.40884245 ], [ -56.10836056, -13.40888611 ], [ -56.10832417, -13.4092175 ], [ -56.10829722, -13.40935 ], [ -56.10813417, -13.40948917 ], [ -56.10788028, -13.409625 ], [ -56.10745889, -13.40936639 ], [ -56.10720167, -13.40905556 ], [ -56.10702056, -13.40879528 ], [ -56.10671972, -13.40882361 ], [ -56.10626167, -13.40904778 ], [ -56.10612056, -13.40933944 ], [ -56.10594417, -13.40966167 ], [ -56.10591778, -13.41004611 ], [ -56.10599, -13.41054 ], [ -56.10581889, -13.4108175 ], [ -56.10579917, -13.41115528 ], [ -56.10579444, -13.41144278 ], [ -56.10551639, -13.41191444 ], [ -56.10542306, -13.41228167 ], [ -56.10482694, -13.41210278 ], [ -56.10435139, -13.41196806 ], [ -56.10385861, -13.41200889 ], [ -56.10337722, -13.41234667 ], [ -56.10311806, -13.41281 ], [ -56.1029686, -13.41305634 ], [ -56.10279763, -13.41330082 ], [ -56.10274222, -13.41337917 ], [ -56.10270917, -13.41383917 ], [ -56.10264639, -13.41476917 ], [ -56.10249694, -13.41491194 ], [ -56.10256028, -13.41544028 ], [ -56.10240306, -13.41581361 ], [ -56.10275194, -13.41611444 ], [ -56.10295333, -13.41652056 ], [ -56.10284833, -13.41671611 ], [ -56.1030225, -13.41700139 ], [ -56.10322472, -13.41735278 ], [ -56.10356194, -13.41757778 ], [ -56.10364472, -13.4179025 ], [ -56.10386861, -13.41808028 ], [ -56.10386611, -13.4184725 ], [ -56.10394139, -13.41879528 ], [ -56.1043125, -13.41892806 ], [ -56.10429528, -13.41930167 ], [ -56.10421278, -13.41963389 ], [ -56.10426444, -13.41994639 ], [ -56.1042875, -13.42012194 ], [ -56.10440384, -13.42045731 ], [ -56.10441207, -13.42048101 ], [ -56.10441528, -13.42049028 ], [ -56.10439222, -13.42075389 ], [ -56.10435583, -13.42104194 ], [ -56.10450722, -13.42131361 ], [ -56.10470917, -13.42161028 ], [ -56.10478493, -13.42181181 ], [ -56.1048233, -13.42191385 ], [ -56.10485861, -13.42200778 ], [ -56.10496778, -13.42232861 ], [ -56.10525, -13.42275361 ], [ -56.10542028, -13.42331889 ], [ -56.10542952, -13.42333864 ], [ -56.10550169, -13.42349301 ], [ -56.10555639, -13.42361 ], [ -56.10560444, -13.42395333 ], [ -56.10558694, -13.42432694 ], [ -56.10576472, -13.42517389 ], [ -56.10577993, -13.4252569 ], [ -56.10579307, -13.42532862 ], [ -56.10583806, -13.42557417 ], [ -56.106065, -13.42594583 ], [ -56.10617111, -13.4262275 ], [ -56.10640583, -13.42646417 ], [ -56.1069575, -13.42703417 ], [ -56.10708564, -13.42726343 ], [ -56.10713152, -13.42734552 ], [ -56.10734889, -13.42773444 ], [ -56.10767778, -13.42859306 ], [ -56.10792472, -13.42876389 ], [ -56.10824417, -13.42902444 ], [ -56.10840389, -13.42928778 ], [ -56.10856, -13.42949556 ], [ -56.10879667, -13.43024694 ], [ -56.10901444, -13.43074639 ], [ -56.10917278, -13.43099944 ], [ -56.10927778, -13.43129611 ], [ -56.10935833, -13.43158556 ], [ -56.1093996, -13.43170775 ], [ -56.10944261, -13.4318351 ], [ -56.1094725, -13.43192361 ], [ -56.109645, -13.43228639 ], [ -56.10975528, -13.43255944 ], [ -56.11024139, -13.43292806 ], [ -56.11027778, -13.43314722 ], [ -56.11043833, -13.43318556 ], [ -56.11142278, -13.43337528 ], [ -56.11335111, -13.43369667 ], [ -56.11403498, -13.43378939 ], [ -56.11499922, -13.43392013 ], [ -56.1194175, -13.43451917 ], [ -56.12315806, -13.43499639 ], [ -56.12368692, -13.4311008 ], [ -56.12421578, -13.42720521 ], [ -56.12474464, -13.42330963 ], [ -56.1252735, -13.41941404 ], [ -56.12542386, -13.41830648 ], [ -56.12583659, -13.41526629 ], [ -56.12624932, -13.4122261 ], [ -56.12666205, -13.40918591 ], [ -56.1266732, -13.40910382 ], [ -56.12687528, -13.40761528 ], [ -56.12698764, -13.4075208 ], [ -56.12700313, -13.40754238 ], [ -56.12701417, -13.40755778 ], [ -56.12719778, -13.4075725 ], [ -56.12747153, -13.40746703 ], [ -56.12763454, -13.40740423 ], [ -56.12775944, -13.40735611 ], [ -56.12816944, -13.40738639 ], [ -56.12854944, -13.40736083 ], [ -56.12944861, -13.40734167 ], [ -56.12969222, -13.40731056 ], [ -56.12995472, -13.40730111 ], [ -56.1300475, -13.40726306 ], [ -56.1302, -13.40715139 ], [ -56.13060361, -13.40720139 ], [ -56.13065989, -13.40718881 ], [ -56.13079827, -13.40715788 ], [ -56.13089194, -13.40713694 ], [ -56.13114028, -13.40710861 ], [ -56.13134778, -13.40702861 ], [ -56.13166694, -13.40693833 ], [ -56.1319775, -13.40686139 ], [ -56.13218444, -13.40674306 ], [ -56.13256611, -13.40659222 ], [ -56.13283806, -13.40650361 ], [ -56.13305944, -13.40649389 ], [ -56.13345361, -13.40624528 ], [ -56.13362472, -13.40619778 ], [ -56.13387889, -13.40603083 ], [ -56.13398167, -13.40598611 ], [ -56.13400361, -13.4058325 ], [ -56.134485, -13.40534639 ], [ -56.13468698, -13.40517838 ], [ -56.13489509, -13.40500063 ], [ -56.13500778, -13.40490306 ], [ -56.13631639, -13.40369778 ], [ -56.13640389, -13.40356667 ], [ -56.13638722, -13.4033925 ], [ -56.13652889, -13.40306306 ], [ -56.13673861, -13.40272778 ], [ -56.13683528, -13.40256111 ], [ -56.13691444, -13.40226861 ], [ -56.13699333, -13.40219972 ], [ -56.13705333, -13.40208556 ], [ -56.13731972, -13.40195278 ], [ -56.13736452, -13.4017448 ], [ -56.13737042, -13.40171741 ], [ -56.13737417, -13.4017 ], [ -56.13727972, -13.40134472 ], [ -56.13764722, -13.40108472 ], [ -56.1377349, -13.40104647 ], [ -56.13777857, -13.40102742 ], [ -56.137865, -13.40098972 ], [ -56.13806139, -13.40090556 ], [ -56.13812167, -13.40103361 ], [ -56.13825556, -13.40118722 ], [ -56.13827556, -13.40129083 ], [ -56.13874444, -13.40150861 ], [ -56.13884472, -13.40159981 ], [ -56.13887328, -13.40162579 ], [ -56.13893167, -13.40167889 ], [ -56.13920556, -13.40186972 ], [ -56.13942972, -13.4018 ], [ -56.13938694, -13.40146944 ], [ -56.13919639, -13.40138111 ], [ -56.1391555, -13.40136215 ], [ -56.13909694, -13.401335 ], [ -56.13936611, -13.40111472 ], [ -56.139335, -13.400955 ], [ -56.13949583, -13.40097861 ], [ -56.1394925, -13.40063472 ], [ -56.13956944, -13.40035917 ], [ -56.13953819, -13.40030507 ], [ -56.13951117, -13.40025829 ], [ -56.13948472, -13.4002125 ], [ -56.13964944, -13.39990722 ], [ -56.1397125, -13.39958083 ], [ -56.13976778, -13.39933917 ], [ -56.13981518, -13.39919878 ], [ -56.13983529, -13.3991392 ], [ -56.13985528, -13.39908 ], [ -56.14012722, -13.39872889 ], [ -56.14032722, -13.39846639 ], [ -56.140465, -13.39809556 ], [ -56.14075056, -13.39792667 ], [ -56.14092611, -13.39791139 ], [ -56.14100512, -13.39784709 ], [ -56.14103924, -13.39781932 ], [ -56.14107083, -13.39779361 ], [ -56.14139333, -13.39779917 ], [ -56.14151778, -13.39760583 ], [ -56.14166083, -13.39760861 ], [ -56.14177306, -13.39769306 ], [ -56.14214528, -13.39765222 ], [ -56.14205861, -13.39756111 ], [ -56.14232, -13.39727389 ], [ -56.14229972, -13.39700528 ], [ -56.14220611, -13.3968925 ], [ -56.1422485, -13.39675562 ], [ -56.14227341, -13.39667517 ], [ -56.14231028, -13.39655611 ], [ -56.14229806, -13.39639139 ], [ -56.14258389, -13.39621861 ], [ -56.14298139, -13.39626861 ], [ -56.14317861, -13.39631556 ], [ -56.14327194, -13.39612833 ], [ -56.14321056, -13.39597972 ], [ -56.143345, -13.39569472 ], [ -56.14348264, -13.39558052 ], [ -56.14354475, -13.39552898 ], [ -56.14358972, -13.39549167 ], [ -56.14381306, -13.3952225 ], [ -56.14402222, -13.3950725 ], [ -56.14412306, -13.39497194 ], [ -56.14431806, -13.39484306 ], [ -56.14463972, -13.39482389 ], [ -56.14490472, -13.39468389 ], [ -56.145195, -13.39455083 ], [ -56.14533583, -13.39456111 ], [ -56.14543861, -13.39449778 ], [ -56.14541056, -13.39438167 ], [ -56.14563389, -13.39420333 ], [ -56.14574067, -13.39413599 ], [ -56.1458194, -13.39408633 ], [ -56.145925, -13.39401972 ], [ -56.14607083, -13.393755 ], [ -56.14625361, -13.39362139 ], [ -56.14658833, -13.39355667 ], [ -56.14675944, -13.39345889 ], [ -56.14708306, -13.39351528 ], [ -56.14720111, -13.39392583 ], [ -56.14735056, -13.39395333 ], [ -56.1474875, -13.39402667 ], [ -56.1476, -13.39391222 ], [ -56.14782528, -13.39384389 ], [ -56.14797083, -13.39390611 ], [ -56.14802194, -13.39375444 ], [ -56.14811889, -13.39362861 ], [ -56.1480375, -13.39349556 ], [ -56.14822889, -13.393245 ], [ -56.14854944, -13.39310722 ], [ -56.14872556, -13.39293861 ], [ -56.1490075, -13.39274306 ], [ -56.14901313, -13.39273979 ], [ -56.14913852, -13.39266714 ], [ -56.14930139, -13.39257278 ], [ -56.14950389, -13.3925425 ], [ -56.14984083, -13.39237194 ], [ -56.15001806, -13.39231278 ], [ -56.15018222, -13.39238333 ], [ -56.15037528, -13.39262972 ], [ -56.15030028, -13.39277194 ], [ -56.15052639, -13.39287639 ], [ -56.15061944, -13.39298556 ], [ -56.15089111, -13.39300278 ], [ -56.15099722, -13.39310861 ], [ -56.15116889, -13.39288722 ], [ -56.15140639, -13.39288444 ], [ -56.15145417, -13.39280111 ], [ -56.15134694, -13.392685 ], [ -56.15151722, -13.39255694 ], [ -56.15170528, -13.39253889 ], [ -56.15179996, -13.392596 ], [ -56.15188037, -13.39264451 ], [ -56.15191389, -13.39266472 ], [ -56.15230667, -13.39270722 ], [ -56.15253833, -13.39270694 ], [ -56.152655, -13.39250417 ], [ -56.15278556, -13.39242361 ], [ -56.15304667, -13.39215889 ], [ -56.15313306, -13.39183583 ], [ -56.15325306, -13.39156361 ], [ -56.15339889, -13.39153306 ], [ -56.15347917, -13.39140806 ], [ -56.15382722, -13.39141111 ], [ -56.15399, -13.39171778 ], [ -56.15394889, -13.39207139 ], [ -56.15399972, -13.39224694 ], [ -56.15413333, -13.39218 ], [ -56.15422972, -13.39230333 ], [ -56.15409056, -13.39271694 ], [ -56.15383556, -13.39299944 ], [ -56.15396694, -13.39318111 ], [ -56.15408167, -13.3931125 ], [ -56.15425472, -13.39317806 ], [ -56.15455028, -13.39317639 ], [ -56.15478139, -13.39327611 ], [ -56.15484111, -13.39323694 ], [ -56.15509194, -13.39324194 ], [ -56.15527964, -13.39322647 ], [ -56.15535535, -13.39322022 ], [ -56.15557361, -13.39320222 ], [ -56.15582389, -13.39313972 ], [ -56.15514795, -13.39177002 ], [ -56.15490761, -13.39128301 ], [ -56.15315373, -13.38772902 ], [ -56.15257325, -13.38655278 ], [ -56.15075117, -13.38286059 ], [ -56.14892908, -13.37916839 ], [ -56.147107, -13.3754762 ], [ -56.14633348, -13.37390878 ], [ -56.14604306, -13.37332028 ], [ -56.14588417, -13.37297028 ], [ -56.14451, -13.37017861 ], [ -56.14055639, -13.37060383 ], [ -56.13660277, -13.37102905 ], [ -56.13264916, -13.37145428 ], [ -56.12870228, -13.37187877 ], [ -56.1247554, -13.37230327 ] ] ] } },
{ "type": "Feature", "properties": { }, "geometry": { "type": "Polygon", "coordinates": [ [ [ -56.14133292, -13.15870066 ], [ -56.1412273, -13.15874796 ], [ -56.14110421, -13.15917368 ], [ -56.14102766, -13.1592699 ], [ -56.14087578, -13.15940728 ], [ -56.14075738, -13.15970553 ], [ -56.1408304, -13.15990641 ], [ -56.14074859, -13.16002865 ], [ -56.14047436, -13.15995558 ], [ -56.14026678, -13.15976374 ], [ -56.14019478, -13.15982661 ], [ -56.14016114, -13.15989549 ], [ -56.14032343, -13.16000218 ], [ -56.14033128, -13.16013286 ], [ -56.1400524, -13.1602813 ], [ -56.13973201, -13.16058448 ], [ -56.13942819, -13.16071321 ], [ -56.13921487, -13.16110843 ], [ -56.13906526, -13.16109508 ], [ -56.13865118, -13.16140889 ], [ -56.13896075, -13.1618282 ], [ -56.13912115, -13.16181725 ], [ -56.13915858, -13.16190282 ], [ -56.13919263, -13.1620891 ], [ -56.1391381, -13.16219236 ], [ -56.13932986, -13.1622638 ], [ -56.13933805, -13.16232476 ], [ -56.13923038, -13.16240198 ], [ -56.13934485, -13.16243564 ], [ -56.13947252, -13.16284041 ], [ -56.13939617, -13.1629322 ], [ -56.13957657, -13.16308678 ], [ -56.1397337, -13.16303505 ], [ -56.13985707, -13.16326919 ], [ -56.13989841, -13.16313687 ], [ -56.14006093, -13.16320378 ], [ -56.14020113, -13.16342957 ], [ -56.14029537, -13.16349995 ], [ -56.14028481, -13.16361638 ], [ -56.14053073, -13.16374125 ], [ -56.1405405, -13.16385042 ], [ -56.14061378, -13.16386938 ], [ -56.14069913, -13.16371162 ], [ -56.14083166, -13.16375392 ], [ -56.14098115, -13.16395985 ], [ -56.14088711, -13.16401876 ], [ -56.14092586, -13.1644443 ], [ -56.14100965, -13.16457406 ], [ -56.14120208, -13.16466295 ], [ -56.14126684, -13.16482492 ], [ -56.14146782, -13.16487207 ], [ -56.14160365, -13.16481782 ], [ -56.14163439, -13.16491865 ], [ -56.14160678, -13.16495029 ], [ -56.14152638, -13.16496232 ], [ -56.14150372, -13.16500383 ], [ -56.14157021, -13.16503859 ], [ -56.14161651, -13.16512519 ], [ -56.14162179, -13.16519899 ], [ -56.14171373, -13.16523935 ], [ -56.14172895, -13.16555947 ], [ -56.14183668, -13.16554365 ], [ -56.14204955, -13.16564771 ], [ -56.14202988, -13.16575858 ], [ -56.14212967, -13.16574526 ], [ -56.14223333, -13.16568006 ], [ -56.14231375, -13.16576794 ], [ -56.14229764, -13.16591671 ], [ -56.14237993, -13.16592033 ], [ -56.14233532, -13.16569459 ], [ -56.14259724, -13.16567639 ], [ -56.14267255, -13.16583053 ], [ -56.14249833, -13.16594288 ], [ -56.14250914, -13.16601625 ], [ -56.14258319, -13.16602969 ], [ -56.14266757, -13.16590972 ], [ -56.14282103, -13.16611593 ], [ -56.14279907, -13.1662768 ], [ -56.14304057, -13.16639877 ], [ -56.14299945, -13.166548 ], [ -56.14286524, -13.16661816 ], [ -56.14289142, -13.16665098 ], [ -56.1431473, -13.16656504 ], [ -56.14325423, -13.16675337 ], [ -56.14338533, -13.16662596 ], [ -56.14347855, -13.16677564 ], [ -56.14358062, -13.16671766 ], [ -56.14383134, -13.1667609 ], [ -56.14392034, -13.1668272 ], [ -56.14387108, -13.16700878 ], [ -56.14389877, -13.16724423 ], [ -56.1440612, -13.16723356 ], [ -56.14415105, -13.16734679 ], [ -56.14412707, -13.16747627 ], [ -56.14431962, -13.16750865 ], [ -56.14464191, -13.16790657 ], [ -56.14458029, -13.16811531 ], [ -56.14450168, -13.16819389 ], [ -56.14472074, -13.16824408 ], [ -56.14469043, -13.16844272 ], [ -56.14481545, -13.16855118 ], [ -56.14477747, -13.16861932 ], [ -56.14465717, -13.16861422 ], [ -56.14468231, -13.16873564 ], [ -56.1447886, -13.16873563 ], [ -56.14494057, -13.16863044 ], [ -56.1449812, -13.16867262 ], [ -56.14485995, -13.16888859 ], [ -56.14489259, -13.16894882 ], [ -56.1449984, -13.16914203 ], [ -56.14513776, -13.16926429 ], [ -56.14509801, -13.16936533 ], [ -56.14519227, -13.16940353 ], [ -56.14527812, -13.16968655 ], [ -56.14507534, -13.16978244 ], [ -56.14485152, -13.1698034 ], [ -56.14493661, -13.17006227 ], [ -56.14754438, -13.1713752 ], [ -56.15015215, -13.17268813 ], [ -56.15203972, -13.17624501 ], [ -56.15392729, -13.17980189 ], [ -56.15581486, -13.18335877 ], [ -56.15654059, -13.17952001 ], [ -56.15726632, -13.17568125 ], [ -56.15799205, -13.17184249 ], [ -56.15871778, -13.16800373 ], [ -56.15554848, -13.16620919 ], [ -56.15237919, -13.16441465 ], [ -56.1492099, -13.16262011 ], [ -56.14604061, -13.16082557 ], [ -56.14287131, -13.15903103 ], [ -56.14273091, -13.15899738 ], [ -56.14268151, -13.15906042 ], [ -56.14270313, -13.15937125 ], [ -56.14266913, -13.1594375 ], [ -56.14227239, -13.15930372 ], [ -56.14228508, -13.15902555 ], [ -56.14211783, -13.15904461 ], [ -56.14205667, -13.15885335 ], [ -56.14185946, -13.15886689 ], [ -56.14192885, -13.15894316 ], [ -56.14190786, -13.15911724 ], [ -56.14161252, -13.15914256 ], [ -56.14135673, -13.15907046 ], [ -56.14133292, -13.15870066 ] ] ] } },
{ "type": "Feature", "properties": { }, "geometry": { "type": "Polygon", "coordinates": [ [ [ -56.08055378, -13.37567762 ], [ -56.07784756, -13.37311828 ], [ -56.07514133, -13.37055895 ], [ -56.07243511, -13.36799961 ], [ -56.06972889, -13.36544028 ], [ -56.06939167, -13.36513139 ], [ -56.06646572, -13.36780941 ], [ -56.06353976, -13.37048742 ], [ -56.06061381, -13.37316544 ], [ -56.05768786, -13.37584345 ], [ -56.05633029, -13.37708599 ], [ -56.05574404, -13.37762257 ], [ -56.05476191, -13.37852147 ], [ -56.05183595, -13.38119948 ], [ -56.05066251, -13.3822735 ], [ -56.05033153, -13.38257644 ], [ -56.04891, -13.3838775 ], [ -56.04914, -13.38392917 ], [ -56.04986694, -13.38369444 ], [ -56.04982861, -13.38358722 ], [ -56.0498723, -13.38357321 ], [ -56.05006202, -13.38351627 ], [ -56.05044841, -13.38339182 ], [ -56.05074717, -13.383638 ], [ -56.05081619, -13.38369488 ], [ -56.05090702, -13.38396043 ], [ -56.05132063, -13.38414682 ], [ -56.05177036, -13.38413599 ], [ -56.0521098, -13.3843896 ], [ -56.05278841, -13.38442516 ], [ -56.05313175, -13.38434599 ], [ -56.05370591, -13.3843246 ], [ -56.05403369, -13.38420182 ], [ -56.05451619, -13.3841071 ], [ -56.05464925, -13.38426377 ], [ -56.05504119, -13.3842246 ], [ -56.0554448, -13.3837846 ], [ -56.05576258, -13.38371266 ], [ -56.05623813, -13.38376404 ], [ -56.05667952, -13.38413848 ], [ -56.05712869, -13.38421792 ], [ -56.05780952, -13.38406903 ], [ -56.05812841, -13.38396153 ], [ -56.05846313, -13.38382876 ], [ -56.05858258, -13.38404515 ], [ -56.05922897, -13.38383765 ], [ -56.05958175, -13.38365376 ], [ -56.0601323, -13.38368931 ], [ -56.06080758, -13.38401876 ], [ -56.06094508, -13.38422987 ], [ -56.06128091, -13.38412265 ], [ -56.06157869, -13.38401765 ], [ -56.06228369, -13.38412653 ], [ -56.06251675, -13.38425681 ], [ -56.06276036, -13.38419487 ], [ -56.06314591, -13.38440292 ], [ -56.06362508, -13.38433876 ], [ -56.06381036, -13.38451487 ], [ -56.06432175, -13.3843432 ], [ -56.06466841, -13.38440792 ], [ -56.06507397, -13.38414459 ], [ -56.06549758, -13.38415765 ], [ -56.06584758, -13.3841657 ], [ -56.06633452, -13.3842857 ], [ -56.06690036, -13.38477181 ], [ -56.06726952, -13.38480653 ], [ -56.06809675, -13.3848432 ], [ -56.06892563, -13.38495959 ], [ -56.06946091, -13.38513515 ], [ -56.06966563, -13.38510792 ], [ -56.07008508, -13.38518487 ], [ -56.07070869, -13.38505542 ], [ -56.07081897, -13.38515737 ], [ -56.07168702, -13.38507153 ], [ -56.07219869, -13.38524153 ], [ -56.07233675, -13.38548598 ], [ -56.07272786, -13.38563431 ], [ -56.07325591, -13.38584431 ], [ -56.07428091, -13.38650931 ], [ -56.07444313, -13.38696653 ], [ -56.07507397, -13.38712126 ], [ -56.07560925, -13.38706848 ], [ -56.07677452, -13.38686098 ], [ -56.07768675, -13.38679626 ], [ -56.07829452, -13.38679181 ], [ -56.07904841, -13.38710042 ], [ -56.07917175, -13.38694015 ], [ -56.07970313, -13.38727487 ], [ -56.08007952, -13.38734403 ], [ -56.08069036, -13.38744959 ], [ -56.08106313, -13.38747348 ], [ -56.08216591, -13.38776598 ], [ -56.08265702, -13.38769209 ], [ -56.08371952, -13.38767737 ], [ -56.08416008, -13.3877432 ], [ -56.08495286, -13.38798653 ], [ -56.08584813, -13.38804403 ], [ -56.0864773, -13.38829431 ], [ -56.08688091, -13.38844403 ], [ -56.08698369, -13.38902737 ], [ -56.08710591, -13.38936015 ], [ -56.08740286, -13.38963598 ], [ -56.09071388, -13.39105547 ], [ -56.09087897, -13.39007737 ], [ -56.09088436, -13.39004796 ], [ -56.09093341, -13.38915681 ], [ -56.09089358, -13.38828058 ], [ -56.09082119, -13.38775765 ], [ -56.09059591, -13.38678153 ], [ -56.09052786, -13.38653834 ], [ -56.09014008, -13.38556431 ], [ -56.08981741, -13.38493834 ], [ -56.08950675, -13.38444153 ], [ -56.08896647, -13.38372709 ], [ -56.08878681, -13.38350753 ], [ -56.08837119, -13.3830782 ], [ -56.08749573, -13.38224313 ], [ -56.08456343, -13.37946984 ], [ -56.08163113, -13.37669654 ], [ -56.08055378, -13.37567762 ] ] ] } },
{ "type": "Feature", "properties": { }, "geometry": { "type": "Polygon", "coordinates": [ [ [ -56.10648489, -12.84087879 ], [ -56.06331183, -12.86430337 ], [ -56.06198909, -12.86674608 ], [ -56.08324859, -12.8765932 ], [ -56.08647764, -12.89179919 ], [ -56.10187294, -12.88322828 ], [ -56.10360926, -12.87189393 ], [ -56.10075261, -12.86545868 ], [ -56.10049777, -12.85843969 ], [ -56.10102492, -12.85492857 ], [ -56.10257306, -12.8511435 ], [ -56.10377559, -12.84736928 ], [ -56.10629488, -12.84279713 ], [ -56.10648489, -12.84087879 ] ] ] } },
{ "type": "Feature", "properties": { }, "geometry": { "type": "Polygon", "coordinates": [ [ [ -55.97631361, -13.41489278 ], [ -55.97610722, -13.41492583 ], [ -55.97494556, -13.41603889 ], [ -55.97339806, -13.41648 ], [ -55.9703325, -13.41943472 ], [ -55.96765833, -13.42258889 ], [ -55.96498417, -13.42574306 ], [ -55.9626613, -13.42839352 ], [ -55.96033843, -13.43104398 ], [ -55.95801556, -13.43369444 ], [ -55.95605139, -13.43563361 ], [ -55.95408722, -13.43757278 ], [ -55.95180736, -13.43905139 ], [ -55.9495275, -13.44053 ], [ -55.94678556, -13.44178389 ], [ -55.94378306, -13.44217028 ], [ -55.94192472, -13.44217389 ], [ -55.9413325, -13.44247056 ], [ -55.94484361, -13.44384556 ], [ -55.94554194, -13.44412694 ], [ -55.94608694, -13.44412917 ], [ -55.94740583, -13.44456861 ], [ -55.94760944, -13.44447917 ], [ -55.94797889, -13.44453472 ], [ -55.94812611, -13.44461694 ], [ -55.94854167, -13.44466389 ], [ -55.94880028, -13.44466472 ], [ -55.94926361, -13.44490167 ], [ -55.94922694, -13.44479667 ], [ -55.94936306, -13.44484806 ], [ -55.94964, -13.44485833 ], [ -55.94987028, -13.44500389 ], [ -55.95012917, -13.44495972 ], [ -55.95063694, -13.445025 ], [ -55.95078417, -13.44512528 ], [ -55.95103389, -13.44505389 ], [ -55.95113528, -13.44509056 ], [ -55.95122833, -13.4449825 ], [ -55.9514225, -13.44488361 ], [ -55.95170861, -13.44498444 ], [ -55.95182917, -13.44488556 ], [ -55.95215167, -13.44504056 ], [ -55.95226278, -13.44495056 ], [ -55.95218972, -13.4447875 ], [ -55.95235583, -13.4448425 ], [ -55.95259639, -13.44470778 ], [ -55.95278056, -13.44488944 ], [ -55.95321528, -13.4447375 ], [ -55.95334444, -13.44477417 ], [ -55.95364944, -13.44469417 ], [ -55.95380667, -13.44468583 ], [ -55.9539825, -13.44459611 ], [ -55.95411222, -13.44447 ], [ -55.95427861, -13.44451861 ], [ -55.95445444, -13.44452694 ], [ -55.9546475, -13.44458972 ], [ -55.95486028, -13.44452722 ], [ -55.95507278, -13.44452833 ], [ -55.95557222, -13.4443675 ], [ -55.95567444, -13.44425194 ], [ -55.95613, -13.44409944 ], [ -55.95636444, -13.44406361 ], [ -55.95657, -13.44404444 ], [ -55.95659583, -13.4441025 ], [ -55.95676639, -13.44388972 ], [ -55.95701333, -13.44377333 ], [ -55.95712806, -13.44376861 ], [ -55.95729972, -13.44367694 ], [ -55.95740389, -13.44374222 ], [ -55.95779306, -13.44341833 ], [ -55.95800611, -13.44333806 ], [ -55.95813583, -13.44322083 ], [ -55.95831222, -13.44301361 ], [ -55.95845667, -13.44298222 ], [ -55.95854361, -13.44292417 ], [ -55.95868194, -13.44294306 ], [ -55.95883889, -13.44298889 ], [ -55.95924556, -13.44293611 ], [ -55.95943944, -13.44293694 ], [ -55.95945861, -13.44277444 ], [ -55.95958778, -13.44280194 ], [ -55.95965556, -13.44290194 ], [ -55.96007583, -13.44295861 ], [ -55.96027056, -13.44305944 ], [ -55.96050778, -13.44311194 ], [ -55.9608, -13.44299722 ], [ -55.96128944, -13.44297111 ], [ -55.96134917, -13.44303861 ], [ -55.96162222, -13.44292444 ], [ -55.96170611, -13.44297944 ], [ -55.96178694, -13.44295111 ], [ -55.96200444, -13.44267306 ], [ -55.962015, -13.44289611 ], [ -55.96221722, -13.44285306 ], [ -55.962245, -13.44277222 ], [ -55.96250056, -13.44271083 ], [ -55.96263083, -13.44289861 ], [ -55.96277278, -13.44310472 ], [ -55.96277639, -13.44320361 ], [ -55.96297306, -13.44313778 ], [ -55.96320167, -13.443335 ], [ -55.96337028, -13.44338444 ], [ -55.96351083, -13.44335306 ], [ -55.96368083, -13.44327083 ], [ -55.96378639, -13.44347944 ], [ -55.96394556, -13.44348 ], [ -55.96404111, -13.44328611 ], [ -55.96432778, -13.4433575 ], [ -55.96445222, -13.44346278 ], [ -55.96468806, -13.44343611 ], [ -55.96484472, -13.44366333 ], [ -55.96481028, -13.44372194 ], [ -55.96492722, -13.44382278 ], [ -55.96501889, -13.4437825 ], [ -55.96514667, -13.44379028 ], [ -55.96530972, -13.44372083 ], [ -55.96528444, -13.44360528 ], [ -55.96552111, -13.44364833 ], [ -55.96568306, -13.44359333 ], [ -55.965965, -13.44374139 ], [ -55.96603389, -13.44362417 ], [ -55.966245, -13.443625 ], [ -55.96641861, -13.44351278 ], [ -55.96671, -13.44367056 ], [ -55.96693083, -13.44362472 ], [ -55.96697139, -13.44368472 ], [ -55.96697806, -13.44361833 ], [ -55.96721917, -13.44376361 ], [ -55.96733167, -13.44374806 ], [ -55.96742667, -13.44383028 ], [ -55.96755389, -13.44373778 ], [ -55.96758556, -13.44376778 ], [ -55.96749889, -13.44387306 ], [ -55.96756583, -13.44394556 ], [ -55.96763167, -13.44389056 ], [ -55.96777556, -13.44406167 ], [ -55.967775, -13.44416944 ], [ -55.96803444, -13.44421806 ], [ -55.96812444, -13.44414056 ], [ -55.96824361, -13.44422611 ], [ -55.96832889, -13.44424833 ], [ -55.96846722, -13.44431222 ], [ -55.96874806, -13.44416972 ], [ -55.96888361, -13.44415111 ], [ -55.96895694, -13.44392778 ], [ -55.969115, -13.4440075 ], [ -55.96925389, -13.44398083 ], [ -55.96938306, -13.44399056 ], [ -55.96981833, -13.44374806 ], [ -55.97000306, -13.44369472 ], [ -55.97009833, -13.44376194 ], [ -55.97008556, -13.44387583 ], [ -55.97039, -13.44395833 ], [ -55.97047361, -13.4438775 ], [ -55.9706325, -13.44394333 ], [ -55.97083278, -13.44409583 ], [ -55.97095306, -13.44406028 ], [ -55.97101833, -13.44388861 ], [ -55.9711225, -13.44389083 ], [ -55.97134139, -13.44394417 ], [ -55.97140583, -13.44402583 ], [ -55.97148972, -13.44381833 ], [ -55.9716925, -13.44390944 ], [ -55.97168417, -13.44374667 ], [ -55.97199889, -13.44354917 ], [ -55.97191806, -13.44352 ], [ -55.97198083, -13.44344972 ], [ -55.97210111, -13.44342306 ], [ -55.97202806, -13.44326 ], [ -55.97215722, -13.44323333 ], [ -55.97198222, -13.44315139 ], [ -55.97196389, -13.44308778 ], [ -55.97208417, -13.44304333 ], [ -55.97215889, -13.44286278 ], [ -55.9721225, -13.44275417 ], [ -55.97223417, -13.44269222 ], [ -55.97223389, -13.44258278 ], [ -55.97239139, -13.442475 ], [ -55.97224444, -13.44231139 ], [ -55.97225389, -13.44223028 ], [ -55.97234667, -13.44214917 ], [ -55.97232861, -13.44204972 ], [ -55.97253278, -13.44186972 ], [ -55.97252444, -13.44163472 ], [ -55.97283833, -13.44165389 ], [ -55.97291167, -13.44177167 ], [ -55.97298611, -13.44168167 ], [ -55.97317083, -13.44169139 ], [ -55.97329972, -13.44176444 ], [ -55.97332694, -13.44189111 ], [ -55.97356722, -13.44187389 ], [ -55.97365917, -13.44195556 ], [ -55.97394306, -13.44192111 ], [ -55.97402778, -13.44213806 ], [ -55.97414889, -13.44192139 ], [ -55.97425083, -13.44185861 ], [ -55.974315, -13.44195833 ], [ -55.97438917, -13.44187722 ], [ -55.97446417, -13.44165167 ], [ -55.97463, -13.4417425 ], [ -55.97475083, -13.44174778 ], [ -55.97479167, -13.44134222 ], [ -55.97566972, -13.441365 ], [ -55.976135, -13.44161333 ], [ -55.97708222, -13.44136583 ], [ -55.97749639, -13.44094972 ], [ -55.97738417, -13.44041611 ], [ -55.97759944, -13.44006083 ], [ -55.97813361, -13.44005111 ], [ -55.97829278, -13.44105417 ], [ -55.97876444, -13.44068778 ], [ -55.97865861, -13.43996 ], [ -55.97836333, -13.43958806 ], [ -55.97749333, -13.43935028 ], [ -55.97676139, -13.43948667 ], [ -55.97605444, -13.43930333 ], [ -55.97551472, -13.43945833 ], [ -55.97435028, -13.43855139 ], [ -55.97420056, -13.43803278 ], [ -55.9746975, -13.43751694 ], [ -55.97432306, -13.43725222 ], [ -55.9734275, -13.43696556 ], [ -55.97408417, -13.43628 ], [ -55.97490472, -13.43552833 ], [ -55.97568333, -13.43469889 ], [ -55.97596194, -13.43425611 ], [ -55.97624889, -13.43373778 ], [ -55.97701194, -13.43365389 ], [ -55.97722528, -13.43264389 ], [ -55.97771278, -13.43235028 ], [ -55.97756556, -13.43151167 ], [ -55.97804139, -13.43123139 ], [ -55.97799444, -13.4305025 ], [ -55.97745306, -13.4305075 ], [ -55.97713722, -13.42967528 ], [ -55.97644944, -13.42900889 ], [ -55.97663083, -13.42843083 ], [ -55.97663278, -13.42793361 ], [ -55.975935, -13.42717444 ], [ -55.97564667, -13.428135 ], [ -55.97523972, -13.42832694 ], [ -55.97447111, -13.42722194 ], [ -55.97441556, -13.42635667 ], [ -55.97462111, -13.42582 ], [ -55.97491611, -13.42583333 ], [ -55.9754275, -13.42540278 ], [ -55.97592139, -13.42466722 ], [ -55.97641222, -13.42229972 ], [ -55.97636444, -13.42201944 ], [ -55.97641583, -13.4207 ], [ -55.9768425, -13.42002306 ], [ -55.97677556, -13.41961833 ], [ -55.97683361, -13.41891833 ], [ -55.97593306, -13.41740028 ], [ -55.97590056, -13.41642639 ], [ -55.97595667, -13.41542806 ], [ -55.97631361, -13.41489278 ] ] ] } },
{ "type": "Feature", "properties": { }, "geometry": { "type": "Polygon", "coordinates": [ [ [ -56.19620194, -13.35519306 ], [ -56.19371958, -13.35830334 ], [ -56.19123722, -13.36141361 ], [ -56.18875486, -13.36452389 ], [ -56.1862725, -13.36763417 ], [ -56.18379014, -13.37074444 ], [ -56.18130778, -13.37385472 ], [ -56.18274278, -13.37645889 ], [ -56.18574278, -13.37440945 ], [ -56.18874278, -13.37236 ], [ -56.19174278, -13.37031056 ], [ -56.19474278, -13.36826111 ], [ -56.19774278, -13.36621167 ], [ -56.19774139, -13.36608528 ], [ -56.19792111, -13.36584667 ], [ -56.19791806, -13.36566472 ], [ -56.19784389, -13.36553278 ], [ -56.19788083, -13.36522 ], [ -56.19778389, -13.36527639 ], [ -56.19760333, -13.36521306 ], [ -56.19766917, -13.36492194 ], [ -56.19780389, -13.3648575 ], [ -56.19773556, -13.36460306 ], [ -56.19782194, -13.36454917 ], [ -56.1978325, -13.36429139 ], [ -56.19772944, -13.36417028 ], [ -56.19792222, -13.36389028 ], [ -56.19767639, -13.36366778 ], [ -56.19752111, -13.36363694 ], [ -56.19747778, -13.36352583 ], [ -56.19764667, -13.36344667 ], [ -56.19736, -13.36318556 ], [ -56.19747944, -13.36304722 ], [ -56.19738333, -13.36298722 ], [ -56.19729278, -13.36274444 ], [ -56.19715389, -13.36267361 ], [ -56.19720333, -13.36246194 ], [ -56.19706278, -13.362485 ], [ -56.19696083, -13.36236444 ], [ -56.19693833, -13.3622 ], [ -56.19700278, -13.36179833 ], [ -56.19713278, -13.36176667 ], [ -56.19694611, -13.36176139 ], [ -56.19683194, -13.36182056 ], [ -56.19677444, -13.36173528 ], [ -56.19684472, -13.36160556 ], [ -56.1967025, -13.36157667 ], [ -56.1967525, -13.36133639 ], [ -56.19693694, -13.36116472 ], [ -56.19699583, -13.3612675 ], [ -56.19714083, -13.36120528 ], [ -56.19695917, -13.36113861 ], [ -56.19695333, -13.36067528 ], [ -56.19710361, -13.36059028 ], [ -56.19721333, -13.36049194 ], [ -56.19737167, -13.36042667 ], [ -56.19749083, -13.36016111 ], [ -56.19763889, -13.36003417 ], [ -56.19772583, -13.359905 ], [ -56.19787028, -13.3597225 ], [ -56.19773444, -13.35963444 ], [ -56.197555, -13.35952556 ], [ -56.19747778, -13.35908083 ], [ -56.19754167, -13.358965 ], [ -56.19742806, -13.3587175 ], [ -56.19747333, -13.35856167 ], [ -56.19726444, -13.35828389 ], [ -56.19732944, -13.35812972 ], [ -56.19723583, -13.35789889 ], [ -56.19728306, -13.35771694 ], [ -56.19717556, -13.35766667 ], [ -56.19722556, -13.35754722 ], [ -56.19715667, -13.35725778 ], [ -56.19711417, -13.35700472 ], [ -56.19681778, -13.35690944 ], [ -56.19681694, -13.35684139 ], [ -56.196945, -13.35681583 ], [ -56.19704944, -13.35668083 ], [ -56.19707694, -13.35647667 ], [ -56.1972175, -13.35637806 ], [ -56.19718028, -13.35614139 ], [ -56.19676139, -13.35576556 ], [ -56.19655833, -13.35549556 ], [ -56.19634444, -13.35552306 ], [ -56.19633778, -13.35534083 ], [ -56.19621556, -13.35541917 ], [ -56.19615111, -13.35530667 ], [ -56.19620194, -13.35519306 ] ] ] } },
{ "type": "Feature", "properties": { }, "geometry": { "type": "Polygon", "coordinates": [ [ [ -55.82687366, -13.93291673 ], [ -55.82336563, -13.93261805 ], [ -55.8198576, -13.93231936 ], [ -55.81625059, -13.93202058 ], [ -55.81264358, -13.9317218 ], [ -55.80903658, -13.93142302 ], [ -55.80542957, -13.93112424 ], [ -55.80655481, -13.93545014 ], [ -55.80768004, -13.93977604 ], [ -55.80880528, -13.94410194 ], [ -55.80960988, -13.94711969 ], [ -55.81041449, -13.95013743 ], [ -55.81140477, -13.95385063 ], [ -55.81239505, -13.95756383 ], [ -55.81338533, -13.96127703 ], [ -55.81405436, -13.96378541 ], [ -55.81472339, -13.96629378 ], [ -55.815215, -13.96813694 ], [ -55.8161325, -13.97163333 ], [ -55.81695913, -13.97466248 ], [ -55.81778575, -13.97769162 ], [ -55.81892191, -13.98185497 ], [ -55.82005806, -13.98601833 ], [ -55.82013222, -13.98595528 ], [ -55.82026306, -13.98595306 ], [ -55.82038944, -13.98577778 ], [ -55.82042528, -13.98559972 ], [ -55.82072889, -13.9855225 ], [ -55.820925, -13.98543889 ], [ -55.82105417, -13.98519278 ], [ -55.82126083, -13.98507139 ], [ -55.82141944, -13.98499611 ], [ -55.82159806, -13.98494111 ], [ -55.82175917, -13.98503861 ], [ -55.82192778, -13.98493778 ], [ -55.82210556, -13.98487389 ], [ -55.82224083, -13.98486139 ], [ -55.822375, -13.98475722 ], [ -55.82256417, -13.98468944 ], [ -55.82263583, -13.98447611 ], [ -55.82276361, -13.98442472 ], [ -55.82299472, -13.98431722 ], [ -55.82309389, -13.98418556 ], [ -55.82324556, -13.98414333 ], [ -55.82332778, -13.98397056 ], [ -55.8236025, -13.98406111 ], [ -55.82373472, -13.98389139 ], [ -55.82382389, -13.98391306 ], [ -55.82390056, -13.98374944 ], [ -55.82415361, -13.98372722 ], [ -55.82428861, -13.98351583 ], [ -55.82441694, -13.98345889 ], [ -55.8244775, -13.98326139 ], [ -55.82464833, -13.98319528 ], [ -55.82483806, -13.9829475 ], [ -55.82489222, -13.98283639 ], [ -55.82481389, -13.98268889 ], [ -55.82480222, -13.98254611 ], [ -55.82468667, -13.98246806 ], [ -55.82476222, -13.98235 ], [ -55.82491889, -13.98210361 ], [ -55.82512778, -13.98203222 ], [ -55.82508333, -13.98186139 ], [ -55.82534528, -13.98175806 ], [ -55.82554528, -13.9816175 ], [ -55.82589889, -13.98148389 ], [ -55.82591278, -13.98136 ], [ -55.82614111, -13.98136 ], [ -55.82637806, -13.9814 ], [ -55.82647806, -13.98132167 ], [ -55.82652611, -13.9812875 ], [ -55.82645139, -13.98118583 ], [ -55.82631639, -13.98117472 ], [ -55.82626472, -13.98105667 ], [ -55.82632444, -13.98079833 ], [ -55.82622361, -13.98068861 ], [ -55.8262475, -13.98055972 ], [ -55.82641917, -13.98053528 ], [ -55.82635528, -13.98041889 ], [ -55.82651528, -13.98028 ], [ -55.82670389, -13.98022083 ], [ -55.82702806, -13.98021556 ], [ -55.82706667, -13.98005222 ], [ -55.82736417, -13.97997 ], [ -55.82743083, -13.9801375 ], [ -55.82755667, -13.98001222 ], [ -55.82772861, -13.98004722 ], [ -55.82781639, -13.97983556 ], [ -55.82791444, -13.97982389 ], [ -55.82820806, -13.98001806 ], [ -55.82830222, -13.98017194 ], [ -55.82842222, -13.98023639 ], [ -55.82860556, -13.98021111 ], [ -55.82869361, -13.98025583 ], [ -55.82885583, -13.98016333 ], [ -55.82862583, -13.97995917 ], [ -55.82861972, -13.97978861 ], [ -55.8287825, -13.97969083 ], [ -55.82876, -13.97940528 ], [ -55.82880472, -13.97918472 ], [ -55.82892556, -13.97889667 ], [ -55.82900806, -13.97860444 ], [ -55.82926194, -13.97863444 ], [ -55.8292925, -13.97878222 ], [ -55.82937417, -13.97879333 ], [ -55.82943611, -13.97870972 ], [ -55.82977639, -13.97862361 ], [ -55.82999, -13.97859583 ], [ -55.83015028, -13.97860667 ], [ -55.83033472, -13.97848556 ], [ -55.83048028, -13.97837278 ], [ -55.83071556, -13.97826667 ], [ -55.83086333, -13.97834944 ], [ -55.83120583, -13.97830111 ], [ -55.83137083, -13.97844667 ], [ -55.83154944, -13.97834444 ], [ -55.8316325, -13.97823694 ], [ -55.831945, -13.97814194 ], [ -55.83208278, -13.97790861 ], [ -55.83195556, -13.97781917 ], [ -55.83198194, -13.97758111 ], [ -55.83209194, -13.97745444 ], [ -55.83218056, -13.97738111 ], [ -55.83235083, -13.97738528 ], [ -55.83236389, -13.977215 ], [ -55.83254917, -13.9770475 ], [ -55.83269889, -13.97688167 ], [ -55.83267028, -13.9767675 ], [ -55.83272611, -13.97658583 ], [ -55.83294694, -13.97662722 ], [ -55.83309111, -13.97650722 ], [ -55.83304278, -13.97622056 ], [ -55.8332825, -13.97613444 ], [ -55.83345167, -13.97609333 ], [ -55.83370139, -13.97582639 ], [ -55.83384139, -13.97578528 ], [ -55.83389389, -13.97588361 ], [ -55.83420972, -13.97584306 ], [ -55.83447472, -13.97597444 ], [ -55.83459111, -13.97589389 ], [ -55.83465972, -13.97590028 ], [ -55.83473889, -13.97577028 ], [ -55.83498556, -13.97586278 ], [ -55.83532417, -13.97582111 ], [ -55.83537111, -13.97575194 ], [ -55.8355325, -13.97576611 ], [ -55.83567611, -13.97554306 ], [ -55.83581972, -13.97537889 ], [ -55.83596, -13.97532861 ], [ -55.83601472, -13.9750625 ], [ -55.83621889, -13.97513 ], [ -55.83627528, -13.9747475 ], [ -55.83640778, -13.97466333 ], [ -55.83641472, -13.97458083 ], [ -55.83620333, -13.97456722 ], [ -55.83634306, -13.97424 ], [ -55.83634333, -13.97410778 ], [ -55.83663361, -13.97384472 ], [ -55.83662583, -13.97362083 ], [ -55.83683056, -13.97342667 ], [ -55.83674278, -13.97323972 ], [ -55.83691944, -13.97306806 ], [ -55.83703778, -13.97277306 ], [ -55.8372425, -13.97258028 ], [ -55.83722306, -13.9724125 ], [ -55.83710083, -13.97232806 ], [ -55.8372025, -13.97202806 ], [ -55.83744917, -13.97202944 ], [ -55.83770278, -13.97210472 ], [ -55.83779, -13.97224389 ], [ -55.8380225, -13.97211083 ], [ -55.83813083, -13.97227722 ], [ -55.83837417, -13.97221722 ], [ -55.83849639, -13.97229861 ], [ -55.83865694, -13.97247278 ], [ -55.83882444, -13.97277028 ], [ -55.83898528, -13.97275028 ], [ -55.83916694, -13.97272278 ], [ -55.839295, -13.9726 ], [ -55.83931389, -13.97244472 ], [ -55.83967056, -13.972175 ], [ -55.83982056, -13.97224306 ], [ -55.83988139, -13.97234111 ], [ -55.8400725, -13.97225639 ], [ -55.84021889, -13.97230833 ], [ -55.84037806, -13.97208083 ], [ -55.84058806, -13.97230639 ], [ -55.84093611, -13.97218333 ], [ -55.84111222, -13.97237111 ], [ -55.84131667, -13.97215417 ], [ -55.84149222, -13.97205361 ], [ -55.84184306, -13.97203972 ], [ -55.84194556, -13.97223778 ], [ -55.84206333, -13.97237722 ], [ -55.842145, -13.97249333 ], [ -55.84236722, -13.97245694 ], [ -55.84238889, -13.97235 ], [ -55.84255944, -13.97223 ], [ -55.84280194, -13.9721225 ], [ -55.84284944, -13.9722225 ], [ -55.8428825, -13.97240389 ], [ -55.84303056, -13.97226194 ], [ -55.84310722, -13.9719725 ], [ -55.84328667, -13.97183444 ], [ -55.84335028, -13.97172194 ], [ -55.84358556, -13.97159306 ], [ -55.84390694, -13.97180778 ], [ -55.84392278, -13.97158306 ], [ -55.84405111, -13.97155278 ], [ -55.8444334, -13.96735611 ], [ -55.84481569, -13.96315944 ], [ -55.84519799, -13.95896278 ], [ -55.84558028, -13.95476611 ], [ -55.84181444, -13.95341902 ], [ -55.83804861, -13.95207194 ], [ -55.836636, -13.94831092 ], [ -55.8352234, -13.9445499 ], [ -55.83381079, -13.94078888 ], [ -55.83239818, -13.93702786 ], [ -55.83098558, -13.93326684 ], [ -55.82763063, -13.93298119 ], [ -55.82687366, -13.93291673 ] ] ] } },
{ "type": "Feature", "properties": { }, "geometry": { "type": "Polygon", "coordinates": [ [ [ -56.04563927, -13.79152596 ], [ -56.04260372, -13.79270698 ], [ -56.03956816, -13.79388799 ], [ -56.0365326, -13.79506901 ], [ -56.03612204, -13.79403901 ], [ -56.03614371, -13.7942304 ], [ -56.03595343, -13.79440179 ], [ -56.03577732, -13.79420763 ], [ -56.03528399, -13.79461096 ], [ -56.03509843, -13.79464485 ], [ -56.03499621, -13.79449457 ], [ -56.03508427, -13.79433596 ], [ -56.03492454, -13.79421151 ], [ -56.0341951, -13.79447707 ], [ -56.03394454, -13.79482735 ], [ -56.03367288, -13.79489151 ], [ -56.03349649, -13.79469096 ], [ -56.03323315, -13.79484013 ], [ -56.03282399, -13.79489124 ], [ -56.03289399, -13.7950554 ], [ -56.03305454, -13.79523374 ], [ -56.0330301, -13.79544901 ], [ -56.03289788, -13.7954479 ], [ -56.03243482, -13.79515568 ], [ -56.0320176, -13.7950129 ], [ -56.0319151, -13.79523707 ], [ -56.03225149, -13.79535651 ], [ -56.03243093, -13.79553985 ], [ -56.03237121, -13.79563929 ], [ -56.03185204, -13.79561096 ], [ -56.03149593, -13.79546151 ], [ -56.0314176, -13.79549263 ], [ -56.03156593, -13.79562568 ], [ -56.03180121, -13.79572707 ], [ -56.03191288, -13.79596651 ], [ -56.03073232, -13.79584096 ], [ -56.03014677, -13.79621374 ], [ -56.0298751, -13.79628679 ], [ -56.03020343, -13.79636818 ], [ -56.03035288, -13.7965004 ], [ -56.03032538, -13.79669401 ], [ -56.03018954, -13.79677679 ], [ -56.02907149, -13.79694318 ], [ -56.02885565, -13.79708401 ], [ -56.02888315, -13.7971579 ], [ -56.02923315, -13.79705596 ], [ -56.02941843, -13.79734818 ], [ -56.02910704, -13.7974404 ], [ -56.02881982, -13.79766401 ], [ -56.02888621, -13.79789096 ], [ -56.02864038, -13.79793901 ], [ -56.02828149, -13.79776151 ], [ -56.02799565, -13.79765929 ], [ -56.02783121, -13.79819207 ], [ -56.02801815, -13.79834401 ], [ -56.02802732, -13.79868374 ], [ -56.02814204, -13.79903457 ], [ -56.0278276, -13.79952485 ], [ -56.02777649, -13.79989263 ], [ -56.02735315, -13.8007279 ], [ -56.02841927, -13.80217235 ], [ -56.03160593, -13.79900513 ], [ -56.03541621, -13.80102457 ], [ -56.03315843, -13.80327054 ], [ -56.03090065, -13.80551651 ], [ -56.03063277, -13.80574835 ], [ -56.02888408, -13.80339924 ], [ -56.02713538, -13.80105013 ], [ -56.0270601, -13.80115624 ], [ -56.02727927, -13.80148874 ], [ -56.02726565, -13.80156901 ], [ -56.02634232, -13.80234929 ], [ -56.02589677, -13.80252457 ], [ -56.02555315, -13.80255846 ], [ -56.02511538, -13.80285096 ], [ -56.02373871, -13.80248763 ], [ -56.02354788, -13.80245707 ], [ -56.02335677, -13.80250985 ], [ -56.02330454, -13.80256901 ], [ -56.02311121, -13.80313707 ], [ -56.02256593, -13.80343346 ], [ -56.0221676, -13.80336429 ], [ -56.02215121, -13.80337429 ], [ -56.02224454, -13.80357318 ], [ -56.02204093, -13.8037654 ], [ -56.02122371, -13.80366096 ], [ -56.02134982, -13.80390318 ], [ -56.02106565, -13.80409013 ], [ -56.02080427, -13.80402013 ], [ -56.02063288, -13.80401318 ], [ -56.02039038, -13.80446985 ], [ -56.01995593, -13.80457318 ], [ -56.01993093, -13.80464818 ], [ -56.02021704, -13.80460957 ], [ -56.02024121, -13.8047429 ], [ -56.01996177, -13.80506929 ], [ -56.01969121, -13.80513485 ], [ -56.01945871, -13.80531651 ], [ -56.0194526, -13.80563624 ], [ -56.01970454, -13.80553457 ], [ -56.01995288, -13.80562874 ], [ -56.01998565, -13.80580235 ], [ -56.01957454, -13.80618901 ], [ -56.01918232, -13.80631235 ], [ -56.01901232, -13.8067904 ], [ -56.01896315, -13.80701401 ], [ -56.0187576, -13.80727151 ], [ -56.01900843, -13.8076354 ], [ -56.0186901, -13.80795068 ], [ -56.0187676, -13.80827985 ], [ -56.01866121, -13.8085729 ], [ -56.01808204, -13.80894457 ], [ -56.01844427, -13.80896207 ], [ -56.01844732, -13.80911096 ], [ -56.01830788, -13.80929707 ], [ -56.01832538, -13.80958901 ], [ -56.01845593, -13.81019735 ], [ -56.01858065, -13.81035651 ], [ -56.01874315, -13.81040179 ], [ -56.01905871, -13.81035318 ], [ -56.01917621, -13.81094485 ], [ -56.01887177, -13.81115068 ], [ -56.01853427, -13.81117318 ], [ -56.01848843, -13.81127763 ], [ -56.0187526, -13.8115479 ], [ -56.01848732, -13.81183735 ], [ -56.01820399, -13.8120179 ], [ -56.01814927, -13.8121179 ], [ -56.0182051, -13.81221457 ], [ -56.01867677, -13.8121529 ], [ -56.01868427, -13.81245929 ], [ -56.01837093, -13.81257124 ], [ -56.0182226, -13.8132129 ], [ -56.0179001, -13.81337207 ], [ -56.01746315, -13.81337207 ], [ -56.01748261, -13.81352985 ], [ -56.01723065, -13.81368707 ], [ -56.01651982, -13.81382735 ], [ -56.01617649, -13.81377179 ], [ -56.0158326, -13.81386401 ], [ -56.01574565, -13.81428874 ], [ -56.01550483, -13.81454429 ], [ -56.01566899, -13.81485179 ], [ -56.01550427, -13.81506207 ], [ -56.01481899, -13.81524318 ], [ -56.0147676, -13.81533346 ], [ -56.01486593, -13.81543596 ], [ -56.01499649, -13.81528763 ], [ -56.01518315, -13.81526346 ], [ -56.01536927, -13.81559901 ], [ -56.01537288, -13.81596735 ], [ -56.0152876, -13.81604735 ], [ -56.01509871, -13.81599624 ], [ -56.01498399, -13.81608013 ], [ -56.01493621, -13.81641846 ], [ -56.01429427, -13.81694013 ], [ -56.01417565, -13.81725735 ], [ -56.01417565, -13.81743318 ], [ -56.01388232, -13.81756401 ], [ -56.01329232, -13.81754401 ], [ -56.01313677, -13.81783096 ], [ -56.01333371, -13.81836485 ], [ -56.01322093, -13.81861346 ], [ -56.01298038, -13.81867318 ], [ -56.01271954, -13.81836485 ], [ -56.01248315, -13.81801179 ], [ -56.01205149, -13.81785485 ], [ -56.01130482, -13.81735457 ], [ -56.01103704, -13.8174554 ], [ -56.01058871, -13.81750596 ], [ -56.01021149, -13.81764346 ], [ -56.00995121, -13.81781651 ], [ -56.00965065, -13.81783513 ], [ -56.00930065, -13.81816429 ], [ -56.00890704, -13.81869457 ], [ -56.00868593, -13.81886346 ], [ -56.00833678, -13.81928818 ], [ -56.00806428, -13.81940124 ], [ -56.00785732, -13.81936763 ], [ -56.00745539, -13.8197679 ], [ -56.00701482, -13.81973346 ], [ -56.00669065, -13.81951096 ], [ -56.0066351, -13.81954874 ], [ -56.00663761, -13.81980096 ], [ -56.0064565, -13.81990179 ], [ -56.00618843, -13.81971513 ], [ -56.00573205, -13.81995485 ], [ -56.00541982, -13.82000596 ], [ -56.00506927, -13.8203029 ], [ -56.00485788, -13.82025985 ], [ -56.00470455, -13.82011235 ], [ -56.00453094, -13.82034151 ], [ -56.00436093, -13.82064957 ], [ -56.00404483, -13.82067679 ], [ -56.00383315, -13.82092263 ], [ -56.00404149, -13.82095457 ], [ -56.00397649, -13.82121096 ], [ -56.00367982, -13.8212854 ], [ -56.00373788, -13.82147929 ], [ -56.00356233, -13.82193401 ], [ -56.00333011, -13.82184985 ], [ -56.00314761, -13.82186346 ], [ -56.00295122, -13.82210457 ], [ -56.00279427, -13.82216346 ], [ -56.00298011, -13.82225929 ], [ -56.00281288, -13.82250568 ], [ -56.00273982, -13.82267318 ], [ -56.00316844, -13.82282179 ], [ -56.00296927, -13.82315179 ], [ -56.00236733, -13.82326151 ], [ -56.00269289, -13.82328429 ], [ -56.0024926, -13.82357763 ], [ -56.00209454, -13.8238004 ], [ -56.00197455, -13.82400818 ], [ -56.00171871, -13.82411151 ], [ -56.00150566, -13.82401596 ], [ -56.00140178, -13.82417346 ], [ -56.00138427, -13.82439679 ], [ -56.00156844, -13.82500707 ], [ -56.00145233, -13.8255579 ], [ -56.00134261, -13.82580457 ], [ -56.00124565, -13.82583957 ], [ -56.00105677, -13.82580679 ], [ -56.00063982, -13.82625485 ], [ -56.00065538, -13.82644901 ], [ -56.00085315, -13.82677457 ], [ -56.00075815, -13.8269054 ], [ -56.00060483, -13.8269804 ], [ -56.00035677, -13.82689263 ], [ -56.0002001, -13.82698429 ], [ -56.00019122, -13.82715957 ], [ -56.00051233, -13.82728207 ], [ -56.00066816, -13.82744374 ], [ -56.00060704, -13.82777207 ], [ -56.00048205, -13.82783263 ], [ -56.00028011, -13.82779596 ], [ -56.00003011, -13.82790679 ], [ -56.00006204, -13.82830874 ], [ -55.99975983, -13.82853096 ], [ -55.99946289, -13.82885568 ], [ -55.99921288, -13.8283304 ], [ -55.99897483, -13.82836957 ], [ -55.99895372, -13.82854207 ], [ -55.99898482, -13.82897374 ], [ -55.99892039, -13.8291879 ], [ -55.99854928, -13.82936151 ], [ -55.99851065, -13.82960901 ], [ -55.99831094, -13.82990318 ], [ -55.99839315, -13.83026401 ], [ -55.99820315, -13.83031179 ], [ -55.99814289, -13.83043874 ], [ -55.99821039, -13.83066068 ], [ -55.99799539, -13.8307979 ], [ -55.9980165, -13.8310329 ], [ -55.9981165, -13.83145457 ], [ -55.99811483, -13.83187957 ], [ -55.99792261, -13.83188957 ], [ -55.99786705, -13.83195929 ], [ -55.99790789, -13.83204457 ], [ -55.99813678, -13.83211707 ], [ -55.99801178, -13.83239957 ], [ -55.99797844, -13.83265068 ], [ -55.99789816, -13.83270624 ], [ -55.99746733, -13.83250846 ], [ -55.99728594, -13.8325179 ], [ -55.99717066, -13.83264263 ], [ -55.99713205, -13.83276624 ], [ -55.99732482, -13.83294763 ], [ -55.99733066, -13.83304374 ], [ -55.99720455, -13.83305207 ], [ -55.99707872, -13.8331804 ], [ -55.9971215, -13.83347429 ], [ -55.99698178, -13.8335879 ], [ -55.9966451, -13.83364513 ], [ -55.9966276, -13.83379263 ], [ -55.99703178, -13.83387985 ], [ -55.99702038, -13.83405846 ], [ -55.99687789, -13.83428429 ], [ -55.99688289, -13.83437401 ], [ -55.996979, -13.83441929 ], [ -55.99739982, -13.83428457 ], [ -55.99735789, -13.83468985 ], [ -55.9969151, -13.83492624 ], [ -55.99671816, -13.83519096 ], [ -55.99670178, -13.8356079 ], [ -55.99673482, -13.83584429 ], [ -55.99679121, -13.83590485 ], [ -55.99702565, -13.83593151 ], [ -55.99753454, -13.8361254 ], [ -55.99779065, -13.83633151 ], [ -55.99784011, -13.8365779 ], [ -55.99763428, -13.83703568 ], [ -55.99733066, -13.83719235 ], [ -55.99719733, -13.83770124 ], [ -55.99707816, -13.83771624 ], [ -55.99688871, -13.83759874 ], [ -55.99672289, -13.83761846 ], [ -55.99683233, -13.83804568 ], [ -55.99663983, -13.8382279 ], [ -55.99637233, -13.83824513 ], [ -55.99618761, -13.83819096 ], [ -55.99587511, -13.83885763 ], [ -55.99588066, -13.83915707 ], [ -55.99565871, -13.83933346 ], [ -55.99551289, -13.83979596 ], [ -55.99571066, -13.8402179 ], [ -55.99543678, -13.84015346 ], [ -55.99506482, -13.84035179 ], [ -55.99519261, -13.84057429 ], [ -55.99499066, -13.84098901 ], [ -55.99470178, -13.84104207 ], [ -55.99460066, -13.84115124 ], [ -55.99468455, -13.84156346 ], [ -55.99496705, -13.84197263 ], [ -55.99520511, -13.84204596 ], [ -55.99535928, -13.84237846 ], [ -55.99540594, -13.84276151 ], [ -55.99550844, -13.84322651 ], [ -55.99575316, -13.84317207 ], [ -55.99578511, -13.84352235 ], [ -55.99561955, -13.84381957 ], [ -55.99539927, -13.84402013 ], [ -55.99543455, -13.84425374 ], [ -55.99572622, -13.84425124 ], [ -55.99576066, -13.84448429 ], [ -55.99572511, -13.84464401 ], [ -55.99547122, -13.84466929 ], [ -55.995499, -13.84479429 ], [ -55.99585511, -13.84481651 ], [ -55.9956465, -13.84507179 ], [ -55.99558565, -13.8452854 ], [ -55.99515621, -13.84551429 ], [ -55.99517094, -13.84555624 ], [ -55.995344, -13.84553735 ], [ -55.9957115, -13.84561929 ], [ -55.99556371, -13.84594846 ], [ -55.99518289, -13.8461154 ], [ -55.99495566, -13.84604568 ], [ -55.99482761, -13.84619151 ], [ -55.99471232, -13.84617901 ], [ -55.99468733, -13.84596179 ], [ -55.99449955, -13.84594679 ], [ -55.99438039, -13.84604068 ], [ -55.99438289, -13.84618318 ], [ -55.99404705, -13.84646207 ], [ -55.99445094, -13.84652651 ], [ -55.99442872, -13.84669901 ], [ -55.99402428, -13.84675207 ], [ -55.99404844, -13.84683874 ], [ -55.99432539, -13.84693318 ], [ -55.993919, -13.8475154 ], [ -55.99351178, -13.84744096 ], [ -55.99358372, -13.84757679 ], [ -55.99357066, -13.84782429 ], [ -55.99382705, -13.84793957 ], [ -55.994009, -13.84826818 ], [ -55.99423789, -13.8482904 ], [ -55.99472566, -13.84851568 ], [ -55.99472928, -13.84863207 ], [ -55.99424344, -13.84865096 ], [ -55.99415678, -13.84881874 ], [ -55.994399, -13.84895374 ], [ -55.99471483, -13.8489454 ], [ -55.99504344, -13.84867513 ], [ -55.99512761, -13.84869679 ], [ -55.99502928, -13.84936457 ], [ -55.99474511, -13.84940318 ], [ -55.99464733, -13.84952346 ], [ -55.99465983, -13.84957679 ], [ -55.99501844, -13.84959346 ], [ -55.99502872, -13.84969457 ], [ -55.99474011, -13.8499179 ], [ -55.9950515, -13.85010568 ], [ -55.99471816, -13.85040818 ], [ -55.99466039, -13.85072207 ], [ -55.994684, -13.85097124 ], [ -55.99454955, -13.85110679 ], [ -55.99467178, -13.85129151 ], [ -55.99437066, -13.85168096 ], [ -55.99487233, -13.85160735 ], [ -55.9947615, -13.85195124 ], [ -55.9944215, -13.85202457 ], [ -55.99446594, -13.85216207 ], [ -55.99433928, -13.85228568 ], [ -55.99433678, -13.8523979 ], [ -55.99446372, -13.8526079 ], [ -55.99403066, -13.85277235 ], [ -55.99363428, -13.85314874 ], [ -55.99322039, -13.85309568 ], [ -55.99336844, -13.85347735 ], [ -55.99326261, -13.85385457 ], [ -55.99342844, -13.85411513 ], [ -55.99335178, -13.85418818 ], [ -55.99306094, -13.85413068 ], [ -55.99300622, -13.85421763 ], [ -55.99280066, -13.85446457 ], [ -55.99287539, -13.85469874 ], [ -55.99255872, -13.85488846 ], [ -55.99255483, -13.85524735 ], [ -55.99233094, -13.85507124 ], [ -55.9922215, -13.85511207 ], [ -55.992159, -13.85527679 ], [ -55.99202233, -13.85530374 ], [ -55.99202455, -13.85541401 ], [ -55.992429, -13.85535568 ], [ -55.99245428, -13.85544818 ], [ -55.99231039, -13.85564263 ], [ -55.99174622, -13.85588457 ], [ -55.99165622, -13.85608457 ], [ -55.99196428, -13.85646151 ], [ -55.99202511, -13.85681207 ], [ -55.99176066, -13.85679957 ], [ -55.99165455, -13.85662318 ], [ -55.99129233, -13.85684346 ], [ -55.99110816, -13.85704901 ], [ -55.99119705, -13.85733735 ], [ -55.99119122, -13.85764596 ], [ -55.99062844, -13.85764957 ], [ -55.99064122, -13.85803179 ], [ -55.99028816, -13.8585529 ], [ -55.9899215, -13.85815763 ], [ -55.98994955, -13.85839763 ], [ -55.98975844, -13.85850707 ], [ -55.98954289, -13.85851346 ], [ -55.98934539, -13.85885624 ], [ -55.99190418, -13.86191346 ], [ -55.99446298, -13.86497068 ], [ -55.99702178, -13.8680279 ], [ -55.99354727, -13.8697301 ], [ -55.99007276, -13.8714323 ], [ -55.98659825, -13.8731345 ], [ -55.98312374, -13.87483671 ], [ -55.97964923, -13.87653891 ], [ -55.97617472, -13.87824111 ], [ -55.97213674, -13.87726458 ], [ -55.96809875, -13.87628805 ], [ -55.96406077, -13.87531153 ], [ -55.96002278, -13.874335 ], [ -55.95945222, -13.87363278 ], [ -55.95931722, -13.873585 ], [ -55.95909361, -13.8735 ], [ -55.95906556, -13.87323472 ], [ -55.95887306, -13.87328639 ], [ -55.95855472, -13.87339917 ], [ -55.95845056, -13.87352139 ], [ -55.95795472, -13.87354111 ], [ -55.95746944, -13.87344083 ], [ -55.95714889, -13.87366972 ], [ -55.95685722, -13.87397806 ], [ -55.95635306, -13.87400639 ], [ -55.95608139, -13.87385778 ], [ -55.9555875, -13.87482361 ], [ -55.95514667, -13.87525389 ], [ -55.95497167, -13.87567667 ], [ -55.95515583, -13.87596389 ], [ -55.95537139, -13.87576917 ], [ -55.955615, -13.87620306 ], [ -55.95533722, -13.87650972 ], [ -55.95528222, -13.87673694 ], [ -55.9550625, -13.87688111 ], [ -55.95449861, -13.87643194 ], [ -55.95402583, -13.87670306 ], [ -55.95362361, -13.87710556 ], [ -55.95296917, -13.87677778 ], [ -55.95289722, -13.87706389 ], [ -55.95261639, -13.87704361 ], [ -55.95205417, -13.87753972 ], [ -55.95152444, -13.87768333 ], [ -55.95156694, -13.87803083 ], [ -55.95154972, -13.87831444 ], [ -55.95136944, -13.87847778 ], [ -55.95096722, -13.8783 ], [ -55.95083, -13.87848139 ], [ -55.95075167, -13.87879694 ], [ -55.95004361, -13.87926778 ], [ -55.94946944, -13.87967778 ], [ -55.94914056, -13.8796925 ], [ -55.94830306, -13.88028361 ], [ -55.9479975, -13.88039222 ], [ -55.94782833, -13.88064333 ], [ -55.94727778, -13.88066972 ], [ -55.94704972, -13.88084444 ], [ -55.94718361, -13.881075 ], [ -55.94710333, -13.88204361 ], [ -55.94686361, -13.88261306 ], [ -55.94663333, -13.88266667 ], [ -55.94633972, -13.88247528 ], [ -55.94610917, -13.88282889 ], [ -55.94559167, -13.8830325 ], [ -55.94548417, -13.88330278 ], [ -55.94516056, -13.88376528 ], [ -55.94438083, -13.88423389 ], [ -55.94389222, -13.88467389 ], [ -55.94341222, -13.88528472 ], [ -55.94349306, -13.88555 ], [ -55.94315444, -13.88588028 ], [ -55.94301694, -13.88614583 ], [ -55.94264333, -13.88621833 ], [ -55.94267056, -13.88637083 ], [ -55.94232528, -13.88669417 ], [ -55.94196139, -13.88671056 ], [ -55.9416325, -13.88690917 ], [ -55.94135083, -13.88683722 ], [ -55.94090556, -13.88691472 ], [ -55.94030694, -13.88689556 ], [ -55.94008056, -13.88705083 ], [ -55.93989861, -13.88768222 ], [ -55.93967611, -13.88776833 ], [ -55.93903389, -13.88733667 ], [ -55.93918917, -13.88807528 ], [ -55.93886778, -13.88840028 ], [ -55.93884667, -13.88885917 ], [ -55.93771778, -13.88906583 ], [ -55.93704528, -13.88902694 ], [ -55.936705, -13.88940167 ], [ -55.93671389, -13.8898075 ], [ -55.93626361, -13.88980444 ], [ -55.93585278, -13.88954389 ], [ -55.93573889, -13.88987778 ], [ -55.93516472, -13.89013944 ], [ -55.93502028, -13.89034222 ], [ -55.93445556, -13.89053972 ], [ -55.93459, -13.89091222 ], [ -55.93402556, -13.89057889 ], [ -55.93409778, -13.890975 ], [ -55.933865, -13.89120306 ], [ -55.93321833, -13.89118222 ], [ -55.93269833, -13.8918925 ], [ -55.93303028, -13.89233361 ], [ -55.93274889, -13.89285361 ], [ -55.93217861, -13.89316972 ], [ -55.93217306, -13.89345667 ], [ -55.93161167, -13.89407111 ], [ -55.93141194, -13.89444917 ], [ -55.9306175, -13.89480361 ], [ -55.93086889, -13.89563583 ], [ -55.93092306, -13.89644972 ], [ -55.931125, -13.89708444 ], [ -55.93103583, -13.89786194 ], [ -55.93062972, -13.89875028 ], [ -55.9304425, -13.89913556 ], [ -55.92981306, -13.8991425 ], [ -55.92912278, -13.89981556 ], [ -55.92861056, -13.899725 ], [ -55.92861111, -13.90000333 ], [ -55.92848083, -13.90018389 ], [ -55.92820972, -13.90025194 ], [ -55.92779972, -13.90083972 ], [ -55.92707694, -13.90158278 ], [ -55.92696333, -13.90266861 ], [ -55.92716722, -13.90294417 ], [ -55.92655583, -13.90321861 ], [ -55.92639667, -13.90354472 ], [ -55.92600917, -13.90367583 ], [ -55.92608694, -13.90434722 ], [ -55.92598806, -13.90444472 ], [ -55.9253925, -13.90464111 ], [ -55.92474306, -13.90520167 ], [ -55.92414056, -13.90520694 ], [ -55.92378306, -13.9048 ], [ -55.92374472, -13.90513083 ], [ -55.92338111, -13.90539722 ], [ -55.9229325, -13.90578806 ], [ -55.92267861, -13.90585306 ], [ -55.92240333, -13.90573472 ], [ -55.92214139, -13.90606222 ], [ -55.92175056, -13.90584694 ], [ -55.92162806, -13.90609833 ], [ -55.92164389, -13.90642583 ], [ -55.92187472, -13.90667639 ], [ -55.92186111, -13.90703 ], [ -55.92175778, -13.90708222 ], [ -55.92138056, -13.90693278 ], [ -55.92129639, -13.90725139 ], [ -55.92073611, -13.90739722 ], [ -55.92056111, -13.90758333 ], [ -55.91989889, -13.90756889 ], [ -55.91955639, -13.90766056 ], [ -55.91941278, -13.90752611 ], [ -55.91911917, -13.90757444 ], [ -55.9187625, -13.90761889 ], [ -55.91866583, -13.90790306 ], [ -55.91768778, -13.90780861 ], [ -55.91762306, -13.9079925 ], [ -55.9177225, -13.90830389 ], [ -55.91767694, -13.90847444 ], [ -55.91719833, -13.90840444 ], [ -55.9172875, -13.90848333 ], [ -55.91721306, -13.90893611 ], [ -55.91678056, -13.90892472 ], [ -55.91655806, -13.90933361 ], [ -55.91640694, -13.90922556 ], [ -55.91596778, -13.90934167 ], [ -55.91574, -13.90910944 ], [ -55.91534556, -13.90907167 ], [ -55.91533944, -13.90928389 ], [ -55.91471611, -13.909655 ], [ -55.91459639, -13.90966556 ], [ -55.91428694, -13.90985194 ], [ -55.91434722, -13.90986639 ], [ -55.91431167, -13.91009583 ], [ -55.91415222, -13.91011861 ], [ -55.91375444, -13.90990194 ], [ -55.91330917, -13.91028 ], [ -55.91303611, -13.91003417 ], [ -55.9125775, -13.91043806 ], [ -55.91253361, -13.91064111 ], [ -55.91221056, -13.91115889 ], [ -55.91170611, -13.91112806 ], [ -55.9116175, -13.911275 ], [ -55.91120722, -13.91093694 ], [ -55.91086861, -13.91098472 ], [ -55.91070694, -13.91132083 ], [ -55.91062444, -13.91170028 ], [ -55.91069056, -13.91184806 ], [ -55.9105475, -13.91240361 ], [ -55.91037111, -13.91244222 ], [ -55.910185, -13.9124275 ], [ -55.90996917, -13.91274333 ], [ -55.90978111, -13.91352639 ], [ -55.90987139, -13.914085 ], [ -55.91009528, -13.91430361 ], [ -55.91022806, -13.91450278 ], [ -55.91036722, -13.91494972 ], [ -55.91065167, -13.91533361 ], [ -55.91069583, -13.91594889 ], [ -55.91004917, -13.91643611 ], [ -55.90979778, -13.91693222 ], [ -55.90958944, -13.91702778 ], [ -55.90969361, -13.91729194 ], [ -55.90941944, -13.91767389 ], [ -55.9096725, -13.91804861 ], [ -55.91011, -13.91814861 ], [ -55.91002472, -13.91845028 ], [ -55.90943194, -13.9188625 ], [ -55.90914889, -13.9189725 ], [ -55.90912694, -13.91860444 ], [ -55.90875417, -13.91883917 ], [ -55.90822083, -13.91877083 ], [ -55.90789861, -13.91879 ], [ -55.90763472, -13.91893861 ], [ -55.90711472, -13.91867889 ], [ -55.90674556, -13.91920778 ], [ -55.90657333, -13.91913028 ], [ -55.90620222, -13.91933278 ], [ -55.90598444, -13.91986944 ], [ -55.90556833, -13.92012194 ], [ -55.90550111, -13.92273806 ], [ -55.90539694, -13.92291778 ], [ -55.90568028, -13.92276306 ], [ -55.90581972, -13.92288861 ], [ -55.90547056, -13.92328389 ], [ -55.90542639, -13.92363194 ], [ -55.90510111, -13.92359667 ], [ -55.90495167, -13.92399444 ], [ -55.90483306, -13.92465472 ], [ -55.90371222, -13.925065 ], [ -55.9036225, -13.92529917 ], [ -55.90271167, -13.92505611 ], [ -55.90250167, -13.92455306 ], [ -55.90121722, -13.92439806 ], [ -55.90090528, -13.92460611 ], [ -55.90075528, -13.92447944 ], [ -55.90058306, -13.92484639 ], [ -55.90041194, -13.92570417 ], [ -55.90052528, -13.92570889 ], [ -55.90052667, -13.92617361 ], [ -55.90125528, -13.92740278 ], [ -55.90130167, -13.92800083 ], [ -55.90142889, -13.92809583 ], [ -55.901115, -13.92868556 ], [ -55.90121139, -13.92882361 ], [ -55.90114028, -13.92913806 ], [ -55.90123472, -13.92937556 ], [ -55.90106028, -13.92988306 ], [ -55.9012775, -13.93015444 ], [ -55.90145306, -13.93017139 ], [ -55.90112944, -13.93039194 ], [ -55.90116861, -13.930745 ], [ -55.90131333, -13.93127722 ], [ -55.90174139, -13.93116083 ], [ -55.90178278, -13.93125528 ], [ -55.90166611, -13.93148 ], [ -55.90208528, -13.93205 ], [ -55.90220361, -13.93199444 ], [ -55.90235778, -13.93209889 ], [ -55.90194556, -13.93278389 ], [ -55.90211583, -13.93285278 ], [ -55.902155, -13.93315806 ], [ -55.90161389, -13.93354639 ], [ -55.90158806, -13.93385056 ], [ -55.90147194, -13.93418667 ], [ -55.90138222, -13.93468944 ], [ -55.90142111, -13.93500861 ], [ -55.90130167, -13.9350725 ], [ -55.90133528, -13.93552806 ], [ -55.90136194, -13.93576472 ], [ -55.90103111, -13.93606722 ], [ -55.90103806, -13.93662444 ], [ -55.9002925, -13.93725806 ], [ -55.89995611, -13.93728861 ], [ -55.90007167, -13.9376875 ], [ -55.90020306, -13.93772528 ], [ -55.89995861, -13.93841222 ], [ -55.89992917, -13.93907639 ], [ -55.90007167, -13.93918528 ], [ -55.89967222, -13.93995583 ], [ -55.89963833, -13.94015639 ], [ -55.8992125, -13.94002667 ], [ -55.89906028, -13.94001722 ], [ -55.89809639, -13.94069972 ], [ -55.89813694, -13.94091667 ], [ -55.89811667, -13.94155111 ], [ -55.89781528, -13.94143194 ], [ -55.89765611, -13.94108861 ], [ -55.89734806, -13.94172972 ], [ -55.89708833, -13.94169778 ], [ -55.89720722, -13.94204333 ], [ -55.89699333, -13.94244583 ], [ -55.89699528, -13.94286389 ], [ -55.89706111, -13.94322167 ], [ -55.89696694, -13.9435225 ], [ -55.89724306, -13.94403417 ], [ -55.89738583, -13.94471611 ], [ -55.89747139, -13.94480083 ], [ -55.90139906, -13.94434094 ], [ -55.90532672, -13.94388105 ], [ -55.90925439, -13.94342117 ], [ -55.91318205, -13.94296128 ], [ -55.91710972, -13.94250139 ], [ -55.92029916, -13.9420207 ], [ -55.92348861, -13.94154 ], [ -55.92686354, -13.94103055 ], [ -55.93023847, -13.94052111 ], [ -55.9336134, -13.94001166 ], [ -55.93698833, -13.93950222 ], [ -55.94061981, -13.938955 ], [ -55.9442513, -13.93840778 ], [ -55.94788278, -13.93786056 ], [ -55.95044094, -13.93746624 ], [ -55.95299909, -13.93707192 ], [ -55.95543851, -13.94068336 ], [ -55.95787792, -13.9442948 ], [ -55.96031733, -13.94790624 ], [ -55.96093594, -13.94731707 ], [ -55.96415455, -13.94434276 ], [ -55.96737316, -13.94136846 ], [ -55.97120991, -13.9407567 ], [ -55.97504666, -13.94014494 ], [ -55.97423659, -13.9360982 ], [ -55.97342653, -13.93205146 ], [ -55.97261647, -13.92800471 ], [ -55.9718064, -13.92395797 ], [ -55.97099634, -13.91991122 ], [ -55.97018628, -13.91586448 ], [ -55.96937621, -13.91181774 ], [ -55.97316911, -13.9108224 ], [ -55.97696201, -13.90982706 ], [ -55.9807549, -13.90883172 ], [ -55.98234332, -13.91259868 ], [ -55.98393173, -13.91636564 ], [ -55.98552014, -13.92013261 ], [ -55.98710856, -13.92389957 ], [ -55.98869697, -13.92766653 ], [ -55.99028538, -13.93143349 ], [ -55.9918738, -13.93520045 ], [ -55.99346221, -13.93896741 ], [ -55.99652186, -13.93937169 ], [ -55.9995815, -13.93977596 ], [ -56.002429, -13.93947985 ], [ -56.00541608, -13.93996179 ], [ -56.00840316, -13.94044374 ], [ -56.01253714, -13.94112128 ], [ -56.01667112, -13.94179883 ], [ -56.0208051, -13.94247637 ], [ -56.02493908, -13.94315392 ], [ -56.02907307, -13.94383146 ], [ -56.03320705, -13.94450901 ], [ -56.03735183, -13.94519079 ], [ -56.0414966, -13.94587256 ], [ -56.04564138, -13.94655434 ], [ -56.04978616, -13.94723612 ], [ -56.05393094, -13.9479179 ], [ -56.05370198, -13.94388863 ], [ -56.05347302, -13.93985936 ], [ -56.05324406, -13.93583009 ], [ -56.05301511, -13.93180082 ], [ -56.05278615, -13.92777155 ], [ -56.05255719, -13.92374228 ], [ -56.05232823, -13.91971301 ], [ -56.05209928, -13.91568374 ], [ -56.05587497, -13.91394221 ], [ -56.05965066, -13.91220068 ], [ -56.06342635, -13.91045915 ], [ -56.06720205, -13.90871763 ], [ -56.0707965, -13.90788179 ], [ -56.07336316, -13.90792874 ], [ -56.07352344, -13.90767735 ], [ -56.07702774, -13.90857721 ], [ -56.08053205, -13.90947707 ], [ -56.079294, -13.91186818 ], [ -56.08251816, -13.91331151 ], [ -56.08585168, -13.91388123 ], [ -56.0891852, -13.91445095 ], [ -56.09251872, -13.91502068 ], [ -56.09198842, -13.91085173 ], [ -56.09145812, -13.90668279 ], [ -56.09092783, -13.90251384 ], [ -56.09039753, -13.8983449 ], [ -56.08986724, -13.89417595 ], [ -56.08933694, -13.89000701 ], [ -56.08880664, -13.88583806 ], [ -56.08827635, -13.88166912 ], [ -56.08774605, -13.87750017 ], [ -56.08721575, -13.87333123 ], [ -56.08668546, -13.86916229 ], [ -56.08615516, -13.86499334 ], [ -56.08562487, -13.8608244 ], [ -56.08509457, -13.85665545 ], [ -56.08456427, -13.85248651 ], [ -56.08025121, -13.8530079 ], [ -56.07993843, -13.85054068 ], [ -56.07962565, -13.84807346 ], [ -56.07928552, -13.84538207 ], [ -56.07894538, -13.84269068 ], [ -56.07568029, -13.84307614 ], [ -56.0724152, -13.8434616 ], [ -56.0691501, -13.84384707 ], [ -56.0686226, -13.84349179 ], [ -56.06802927, -13.84314568 ], [ -56.06777177, -13.84301596 ], [ -56.06770788, -13.84304735 ], [ -56.06693954, -13.84239179 ], [ -56.06591871, -13.84140679 ], [ -56.06409954, -13.84008068 ], [ -56.06375232, -13.83985624 ], [ -56.06366399, -13.83964624 ], [ -56.06336371, -13.83965235 ], [ -56.0631101, -13.83943374 ], [ -56.06270704, -13.83942624 ], [ -56.06261093, -13.83920124 ], [ -56.06214621, -13.83928124 ], [ -56.06188871, -13.8392279 ], [ -56.06136038, -13.8392604 ], [ -56.06135788, -13.83921568 ], [ -56.06126371, -13.83911651 ], [ -56.06104954, -13.83915179 ], [ -56.06087982, -13.83925207 ], [ -56.06077593, -13.83924096 ], [ -56.05927454, -13.83900846 ], [ -56.0579576, -13.83851901 ], [ -56.05770704, -13.83825596 ], [ -56.0617636, -13.83771946 ], [ -56.06582016, -13.83718296 ], [ -56.06987671, -13.83664646 ], [ -56.07393327, -13.83610996 ], [ -56.07798982, -13.83557346 ], [ -56.07775746, -13.83326207 ], [ -56.0775251, -13.83095068 ], [ -56.07684565, -13.82927235 ], [ -56.07596065, -13.82957596 ], [ -56.07587334, -13.82960939 ], [ -56.07209361, -13.83107381 ], [ -56.06831388, -13.83253823 ], [ -56.06453415, -13.83400265 ], [ -56.06075441, -13.83546706 ], [ -56.05697468, -13.83693148 ], [ -56.05637522, -13.83587553 ], [ -56.056648, -13.83414875 ], [ -56.05937129, -13.83309679 ], [ -56.06209458, -13.83204482 ], [ -56.06552631, -13.83072045 ], [ -56.06895804, -13.82939609 ], [ -56.07238977, -13.82807172 ], [ -56.07582149, -13.82674735 ], [ -56.0749126, -13.82464818 ], [ -56.07400371, -13.82254901 ], [ -56.07399065, -13.82255401 ], [ -56.07239343, -13.8189604 ], [ -56.07113163, -13.81578679 ], [ -56.06986982, -13.81261318 ], [ -56.0668547, -13.81378468 ], [ -56.06383958, -13.81495618 ], [ -56.06368399, -13.81462901 ], [ -56.06207672, -13.81058712 ], [ -56.06046944, -13.80654523 ], [ -56.05886216, -13.80250334 ], [ -56.05725488, -13.79846146 ], [ -56.0556476, -13.79441957 ], [ -56.05834691, -13.79339429 ], [ -56.06104621, -13.79236901 ], [ -56.06265036, -13.79640332 ], [ -56.06425452, -13.80043763 ], [ -56.06585867, -13.80447195 ], [ -56.06746282, -13.80850626 ], [ -56.06906697, -13.81254057 ], [ -56.0729726, -13.81102429 ], [ -56.07134802, -13.80702341 ], [ -56.06972344, -13.80302253 ], [ -56.06809885, -13.79902165 ], [ -56.06647427, -13.79502077 ], [ -56.06484969, -13.79101989 ], [ -56.0632251, -13.78701901 ], [ -56.06207093, -13.78419096 ], [ -56.05787871, -13.78581519 ], [ -56.05368649, -13.78743943 ], [ -56.04949427, -13.78906366 ], [ -56.04530204, -13.7906879 ], [ -56.04563927, -13.79152596 ] ] ] } },
{ "type": "Feature", "properties": { }, "geometry": { "type": "Polygon", "coordinates": [ [ [ -55.98357806, -13.53488778 ], [ -55.97924417, -13.5356 ], [ -55.97491028, -13.53631222 ], [ -55.97057639, -13.53702444 ], [ -55.9662425, -13.53773667 ], [ -55.96190861, -13.53844889 ], [ -55.95757472, -13.53916111 ], [ -55.95414743, -13.53927785 ], [ -55.95072014, -13.53939459 ], [ -55.94729285, -13.53951132 ], [ -55.94386556, -13.53962806 ], [ -55.94725689, -13.54098773 ], [ -55.95064822, -13.54234739 ], [ -55.95403956, -13.54370706 ], [ -55.95743089, -13.54506672 ], [ -55.96082222, -13.54642639 ], [ -55.96104722, -13.54613639 ], [ -55.96149333, -13.54612917 ], [ -55.96181056, -13.54585889 ], [ -55.96088833, -13.54574472 ], [ -55.96082444, -13.54535111 ], [ -55.96115167, -13.54519972 ], [ -55.9614925, -13.54513556 ], [ -55.96202528, -13.54463972 ], [ -55.96321667, -13.54409611 ], [ -55.96485333, -13.54416278 ], [ -55.96488222, -13.54470417 ], [ -55.96562722, -13.54474722 ], [ -55.96592417, -13.54440222 ], [ -55.96647889, -13.54422667 ], [ -55.96690361, -13.54319639 ], [ -55.96678194, -13.54213528 ], [ -55.96744, -13.54162 ], [ -55.96810722, -13.54286917 ], [ -55.96865667, -13.54351889 ], [ -55.96904389, -13.54384528 ], [ -55.96947472, -13.54320361 ], [ -55.97025889, -13.54259417 ], [ -55.97095694, -13.54234361 ], [ -55.97180639, -13.54237583 ], [ -55.97278306, -13.54217583 ], [ -55.97357778, -13.54165667 ], [ -55.97393861, -13.54127083 ], [ -55.97433667, -13.54045917 ], [ -55.97520417, -13.53993667 ], [ -55.975985, -13.53970278 ], [ -55.97690833, -13.53975333 ], [ -55.97835361, -13.53989333 ], [ -55.97966056, -13.54032167 ], [ -55.98072778, -13.53891944 ], [ -55.98095333, -13.53875472 ], [ -55.98179083, -13.53831111 ], [ -55.98267806, -13.53744722 ], [ -55.98305472, -13.53678722 ], [ -55.98312222, -13.53592306 ], [ -55.98327, -13.53557306 ], [ -55.98369917, -13.53538139 ], [ -55.98501389, -13.53514222 ], [ -55.98528, -13.5350175 ], [ -55.98357806, -13.53488778 ] ] ] } },
{ "type": "Feature", "properties": { }, "geometry": { "type": "Polygon", "coordinates": [ [ [ -56.08221994, -13.84776263 ], [ -56.0796197, -13.84807637 ], [ -56.07993199, -13.85054397 ], [ -56.08024428, -13.85301157 ], [ -56.08455778, -13.85248959 ], [ -56.08424863, -13.85002237 ], [ -56.08393948, -13.84755514 ], [ -56.08221994, -13.84776263 ] ] ] } },
{ "type": "Feature", "properties": { }, "geometry": { "type": "Polygon", "coordinates": [ [ [ -55.97257222, -13.44168278 ], [ -55.97257944, -13.44188917 ], [ -55.97237861, -13.44206639 ], [ -55.97239667, -13.44216611 ], [ -55.97229778, -13.4422525 ], [ -55.9722925, -13.44229667 ], [ -55.97246028, -13.44248306 ], [ -55.97228028, -13.44260611 ], [ -55.97228056, -13.44271833 ], [ -55.97217806, -13.44277528 ], [ -55.97220806, -13.44286444 ], [ -55.97211944, -13.44307861 ], [ -55.97201972, -13.44311806 ], [ -55.97220417, -13.44320528 ], [ -55.97220306, -13.44327028 ], [ -55.97209306, -13.44329278 ], [ -55.97216583, -13.443455 ], [ -55.97200056, -13.44349639 ], [ -55.97210194, -13.44353833 ], [ -55.97173167, -13.44377083 ], [ -55.97174, -13.44393389 ], [ -55.97169583, -13.44396083 ], [ -55.97151472, -13.44387944 ], [ -55.97143917, -13.44406639 ], [ -55.97138611, -13.444075 ], [ -55.97131472, -13.44398444 ], [ -55.97111639, -13.44393611 ], [ -55.97105028, -13.44393472 ], [ -55.97098833, -13.44409694 ], [ -55.97082333, -13.44414583 ], [ -55.97060889, -13.4439825 ], [ -55.97048389, -13.44393083 ], [ -55.97040333, -13.44400917 ], [ -55.97003528, -13.44390917 ], [ -55.97004944, -13.44378306 ], [ -55.96999444, -13.44374444 ], [ -55.96983639, -13.44379 ], [ -55.96939361, -13.44403667 ], [ -55.96925667, -13.44402639 ], [ -55.96910806, -13.444055 ], [ -55.96898417, -13.44399222 ], [ -55.96891861, -13.44419222 ], [ -55.9687625, -13.44421333 ], [ -55.96846833, -13.44436278 ], [ -55.96827972, -13.44428222 ], [ -55.96822722, -13.44424806 ], [ -55.96812611, -13.44417528 ], [ -55.9680425, -13.44424722 ], [ -55.96774722, -13.44419167 ], [ -55.96774778, -13.44407111 ], [ -55.96762833, -13.44392917 ], [ -55.96756333, -13.44398306 ], [ -55.96746222, -13.44387417 ], [ -55.96753667, -13.44378417 ], [ -55.96742528, -13.443865 ], [ -55.96732306, -13.44377667 ], [ -55.96721333, -13.44379167 ], [ -55.96700139, -13.44366444 ], [ -55.96699167, -13.44376361 ], [ -55.96691833, -13.443655 ], [ -55.96670556, -13.44369917 ], [ -55.96642, -13.44354444 ], [ -55.96625306, -13.44365222 ], [ -55.96605, -13.44365139 ], [ -55.96597556, -13.4437775 ], [ -55.96568056, -13.44362278 ], [ -55.96552333, -13.44367639 ], [ -55.96532028, -13.44363944 ], [ -55.96534139, -13.44373694 ], [ -55.96515139, -13.44381806 ], [ -55.96502389, -13.44381 ], [ -55.96492222, -13.44385472 ], [ -55.964775, -13.4437275 ], [ -55.96481222, -13.44366444 ], [ -55.96467444, -13.443465 ], [ -55.96444333, -13.44349111 ], [ -55.96431472, -13.44338194 ], [ -55.96405611, -13.44331778 ], [ -55.96396306, -13.44350722 ], [ -55.96376917, -13.44350639 ], [ -55.96366833, -13.44330694 ], [ -55.96352028, -13.44337889 ], [ -55.96336944, -13.4434125 ], [ -55.96318778, -13.44335944 ], [ -55.96296694, -13.44316861 ], [ -55.96275, -13.44324111 ], [ -55.96274556, -13.44311333 ], [ -55.96260778, -13.44291389 ], [ -55.96248833, -13.44274167 ], [ -55.96226639, -13.442795 ], [ -55.96223833, -13.44287611 ], [ -55.96198889, -13.44292944 ], [ -55.96198028, -13.44274861 ], [ -55.96180389, -13.44297389 ], [ -55.96170222, -13.44300972 ], [ -55.96161917, -13.442955 ], [ -55.96134167, -13.44307139 ], [ -55.96127722, -13.44299889 ], [ -55.96080611, -13.44302389 ], [ -55.96051, -13.44314028 ], [ -55.96026083, -13.443085 ], [ -55.96006722, -13.44298472 ], [ -55.95963944, -13.44292722 ], [ -55.95957083, -13.44282611 ], [ -55.9594825, -13.44280722 ], [ -55.95946417, -13.44296417 ], [ -55.95924722, -13.44296333 ], [ -55.95883667, -13.44301639 ], [ -55.95867611, -13.44296944 ], [ -55.95855028, -13.4429525 ], [ -55.95846778, -13.4430075 ], [ -55.9583275, -13.44303806 ], [ -55.95815583, -13.44323972 ], [ -55.95802083, -13.44336139 ], [ -55.9578075, -13.44344194 ], [ -55.95740611, -13.44377611 ], [ -55.95729861, -13.44370833 ], [ -55.95713583, -13.44379556 ], [ -55.95702028, -13.4438 ], [ -55.95678417, -13.44391139 ], [ -55.95658917, -13.44415472 ], [ -55.9565525, -13.44407333 ], [ -55.95636778, -13.44409056 ], [ -55.95613667, -13.44412583 ], [ -55.95569056, -13.44427528 ], [ -55.95558806, -13.44439111 ], [ -55.95507694, -13.44455528 ], [ -55.95486417, -13.44455444 ], [ -55.95464722, -13.44461833 ], [ -55.95444944, -13.44455389 ], [ -55.95427389, -13.44454556 ], [ -55.95412028, -13.44450056 ], [ -55.95399889, -13.44461833 ], [ -55.95381417, -13.4447125 ], [ -55.95365389, -13.44472111 ], [ -55.95334417, -13.4448025 ], [ -55.95321611, -13.44476611 ], [ -55.95277306, -13.44492083 ], [ -55.95259167, -13.44474167 ], [ -55.95235861, -13.44487194 ], [ -55.95224028, -13.44483278 ], [ -55.95229667, -13.44495833 ], [ -55.95215556, -13.4450725 ], [ -55.95183306, -13.4449175 ], [ -55.95171417, -13.44501528 ], [ -55.95142472, -13.44491333 ], [ -55.95124583, -13.44500389 ], [ -55.95114389, -13.4451225 ], [ -55.95103278, -13.4450825 ], [ -55.95077917, -13.445155 ], [ -55.95062667, -13.44505111 ], [ -55.95012972, -13.44498722 ], [ -55.94986444, -13.4450325 ], [ -55.94963139, -13.444885 ], [ -55.94935722, -13.444875 ], [ -55.9492725, -13.44484278 ], [ -55.94929556, -13.44490917 ], [ -55.94926889, -13.444935 ], [ -55.94879333, -13.44469194 ], [ -55.94854, -13.44469083 ], [ -55.9481175, -13.44464333 ], [ -55.94796944, -13.44456083 ], [ -55.94761333, -13.44450722 ], [ -55.94740722, -13.44459778 ], [ -55.94608222, -13.44415611 ], [ -55.94553833, -13.44415389 ], [ -55.94484361, -13.44384556 ], [ -55.9413325, -13.44247056 ], [ -55.93980278, -13.44323667 ], [ -55.93617459, -13.44524167 ], [ -55.93254639, -13.44724667 ], [ -55.93128361, -13.44945639 ], [ -55.93169694, -13.45136111 ], [ -55.93201028, -13.45190528 ], [ -55.93279722, -13.45296583 ], [ -55.93269028, -13.45411472 ], [ -55.93034617, -13.45732194 ], [ -55.92800206, -13.46052916 ], [ -55.92565794, -13.46373639 ], [ -55.92331383, -13.46694361 ], [ -55.92096972, -13.47015083 ], [ -55.91925111, -13.47230056 ], [ -55.9166825, -13.47464362 ], [ -55.91411389, -13.47698667 ], [ -55.9132475, -13.47987778 ], [ -55.91190347, -13.48267417 ], [ -55.91055944, -13.48547056 ], [ -55.90992194, -13.486335 ], [ -55.90867667, -13.48734111 ], [ -55.9082375, -13.48782556 ], [ -55.90808056, -13.48799083 ], [ -55.90659903, -13.4899582 ], [ -55.9051175, -13.49192556 ], [ -55.90486194, -13.49427222 ], [ -55.90378306, -13.49837167 ], [ -55.90279611, -13.50133111 ], [ -55.90214472, -13.50354583 ], [ -55.90198361, -13.50360556 ], [ -55.90473625, -13.50488986 ], [ -55.90748889, -13.50617417 ], [ -55.90762111, -13.50703278 ], [ -55.90963764, -13.50867208 ], [ -55.91165417, -13.51031139 ], [ -55.9118525, -13.51058139 ], [ -55.91505578, -13.50762336 ], [ -55.91825907, -13.50466533 ], [ -55.92146235, -13.5017073 ], [ -55.92466563, -13.49874927 ], [ -55.92786891, -13.49579124 ], [ -55.9310722, -13.49283321 ], [ -55.93427548, -13.48987518 ], [ -55.93747876, -13.48691715 ], [ -55.94068205, -13.48395912 ], [ -55.94388533, -13.48100109 ], [ -55.94708861, -13.47804306 ], [ -55.94990194, -13.48091161 ], [ -55.95271528, -13.48378017 ], [ -55.95552861, -13.48664872 ], [ -55.95834195, -13.48951728 ], [ -55.96115528, -13.49238583 ], [ -55.9632782, -13.49043652 ], [ -55.96540111, -13.48848722 ], [ -55.96559639, -13.4877375 ], [ -55.96626556, -13.48686333 ], [ -55.96757139, -13.48525222 ], [ -55.96813528, -13.485015 ], [ -55.96843667, -13.48466028 ], [ -55.96896194, -13.48411167 ], [ -55.96954667, -13.48354833 ], [ -55.96980667, -13.48335639 ], [ -55.9699125, -13.48309611 ], [ -55.97005889, -13.48305861 ], [ -55.97031028, -13.48278833 ], [ -55.97055833, -13.48247333 ], [ -55.97073667, -13.48242583 ], [ -55.97094167, -13.48222639 ], [ -55.97097, -13.48206389 ], [ -55.97109944, -13.48205528 ], [ -55.97130333, -13.48188417 ], [ -55.97147, -13.48181278 ], [ -55.9714975, -13.48168417 ], [ -55.97162778, -13.48160528 ], [ -55.97172361, -13.48144361 ], [ -55.97185083, -13.48132611 ], [ -55.97214611, -13.48110472 ], [ -55.9723325, -13.48102056 ], [ -55.97263583, -13.48064944 ], [ -55.97275278, -13.48066917 ], [ -55.97280556, -13.4805525 ], [ -55.97293472, -13.48058 ], [ -55.97305556, -13.48043583 ], [ -55.97325944, -13.48029194 ], [ -55.97342583, -13.48022944 ], [ -55.97346333, -13.48013 ], [ -55.97362972, -13.48008556 ], [ -55.97374167, -13.47986 ], [ -55.97396389, -13.47974333 ], [ -55.97410222, -13.47972556 ], [ -55.97430694, -13.47947361 ], [ -55.97452722, -13.47926667 ], [ -55.97460472, -13.47912778 ], [ -55.97472444, -13.47900528 ], [ -55.97483889, -13.47903111 ], [ -55.974965, -13.47894278 ], [ -55.97513639, -13.47879583 ], [ -55.97531694, -13.47873639 ], [ -55.97541944, -13.47851083 ], [ -55.97556667, -13.47863778 ], [ -55.97561361, -13.4785025 ], [ -55.97600167, -13.47846778 ], [ -55.97616778, -13.47851389 ], [ -55.97632583, -13.47828833 ], [ -55.97635111, -13.47816167 ], [ -55.97666, -13.47792806 ], [ -55.97665167, -13.47768389 ], [ -55.97694806, -13.47751333 ], [ -55.97701333, -13.47739611 ], [ -55.97724444, -13.47731556 ], [ -55.97741194, -13.47702694 ], [ -55.97757, -13.47683778 ], [ -55.97786083, -13.47667917 ], [ -55.97798222, -13.47668972 ], [ -55.97810694, -13.47652361 ], [ -55.97841056, -13.47625583 ], [ -55.97855306, -13.47615472 ], [ -55.97892889, -13.476165 ], [ -55.97920944, -13.47597778 ], [ -55.97942972, -13.47565556 ], [ -55.97952083, -13.47545833 ], [ -55.97964361, -13.47533083 ], [ -55.97972556, -13.47540472 ], [ -55.97994361, -13.47533139 ], [ -55.98004083, -13.47526056 ], [ -55.98010028, -13.47512667 ], [ -55.98023889, -13.47509333 ], [ -55.98024611, -13.4749025 ], [ -55.98030306, -13.47480611 ], [ -55.98029444, -13.47466861 ], [ -55.98044139, -13.47446861 ], [ -55.98040861, -13.47405556 ], [ -55.98063111, -13.47384861 ], [ -55.98077972, -13.4736775 ], [ -55.98089222, -13.47330722 ], [ -55.98101361, -13.47316028 ], [ -55.98114222, -13.47315444 ], [ -55.98115056, -13.47301861 ], [ -55.98105139, -13.47281972 ], [ -55.9811075, -13.47263 ], [ -55.98124694, -13.47241361 ], [ -55.98149667, -13.47237833 ], [ -55.98163639, -13.47209861 ], [ -55.98183056, -13.47206333 ], [ -55.98195944, -13.47212722 ], [ -55.98200639, -13.47196472 ], [ -55.98198111, -13.47179111 ], [ -55.98173278, -13.47162694 ], [ -55.9813775, -13.47102306 ], [ -55.98090667, -13.47033861 ], [ -55.9809625, -13.46987806 ], [ -55.98128583, -13.4696 ], [ -55.98194111, -13.46982361 ], [ -55.98228306, -13.46967583 ], [ -55.98232306, -13.46868972 ], [ -55.98223472, -13.46783111 ], [ -55.98217639, -13.46723667 ], [ -55.98194583, -13.46722111 ], [ -55.98162806, -13.46761694 ], [ -55.98121972, -13.46761639 ], [ -55.98088528, -13.46659889 ], [ -55.98076083, -13.46525222 ], [ -55.9801, -13.46508139 ], [ -55.97974917, -13.46487028 ], [ -55.97944556, -13.46448278 ], [ -55.97919444, -13.46408583 ], [ -55.97871306, -13.46436222 ], [ -55.97837444, -13.46378528 ], [ -55.97896194, -13.46314694 ], [ -55.97925639, -13.46239972 ], [ -55.97908889, -13.46156306 ], [ -55.97869, -13.46116167 ], [ -55.97864083, -13.46070639 ], [ -55.97900417, -13.46040583 ], [ -55.97850222, -13.46006 ], [ -55.97850889, -13.45972944 ], [ -55.97911222, -13.45967222 ], [ -55.97996861, -13.45993028 ], [ -55.97957417, -13.45823639 ], [ -55.98049639, -13.45785639 ], [ -55.98064806, -13.45747944 ], [ -55.98031139, -13.45690806 ], [ -55.97996417, -13.4561825 ], [ -55.97910111, -13.45671389 ], [ -55.97883639, -13.45650861 ], [ -55.97910389, -13.45578028 ], [ -55.97849056, -13.45546167 ], [ -55.97828972, -13.45496806 ], [ -55.97817806, -13.45435667 ], [ -55.97776611, -13.45345389 ], [ -55.97740778, -13.45328528 ], [ -55.97689306, -13.45329778 ], [ -55.97635861, -13.45319611 ], [ -55.97605056, -13.45278222 ], [ -55.97570833, -13.45107667 ], [ -55.97552139, -13.45002611 ], [ -55.97553694, -13.44885611 ], [ -55.97543083, -13.44783444 ], [ -55.97598806, -13.44655667 ], [ -55.97627361, -13.44541028 ], [ -55.97632472, -13.44469917 ], [ -55.9766725, -13.44354556 ], [ -55.97582333, -13.44315833 ], [ -55.97519806, -13.44261556 ], [ -55.97472556, -13.44200222 ], [ -55.97473778, -13.44187833 ], [ -55.97461389, -13.44178556 ], [ -55.97449056, -13.44171806 ], [ -55.97443, -13.44190028 ], [ -55.97433556, -13.44200361 ], [ -55.97428944, -13.44200333 ], [ -55.97423639, -13.44192111 ], [ -55.97418361, -13.44195361 ], [ -55.97405556, -13.44218278 ], [ -55.97399639, -13.44218389 ], [ -55.97391306, -13.44197056 ], [ -55.97364389, -13.44200306 ], [ -55.97355083, -13.44192028 ], [ -55.97329, -13.44193889 ], [ -55.97325889, -13.44179333 ], [ -55.97315722, -13.44173611 ], [ -55.97300722, -13.44172806 ], [ -55.97293361, -13.44181694 ], [ -55.97288583, -13.44181694 ], [ -55.97281139, -13.4416975 ], [ -55.97257222, -13.44168278 ] ] ] } },
{ "type": "Feature", "properties": { }, "geometry": { "type": "Polygon", "coordinates": [ [ [ -55.95122316, -13.85322646 ], [ -55.94972648, -13.85124469 ], [ -55.94722536, -13.84793279 ], [ -55.94472425, -13.8446209 ], [ -55.94315101, -13.84573506 ], [ -55.94260438, -13.84612217 ], [ -55.94285405, -13.84669113 ], [ -55.93911399, -13.84894293 ], [ -55.93747441, -13.8468017 ], [ -55.93583484, -13.84466047 ], [ -55.93449299, -13.84595076 ], [ -55.93439074, -13.84597464 ], [ -55.93429543, -13.84599982 ], [ -55.93382728, -13.84672878 ], [ -55.93360813, -13.84671651 ], [ -55.93358572, -13.84675108 ], [ -55.93329511, -13.84695711 ], [ -55.93326058, -13.84708526 ], [ -55.93316536, -13.8470627 ], [ -55.93257596, -13.84716334 ], [ -55.9325636, -13.84734679 ], [ -55.93243086, -13.84763723 ], [ -55.93244786, -13.84785695 ], [ -55.93216527, -13.8479395 ], [ -55.9317412, -13.848197 ], [ -55.93153744, -13.84820327 ], [ -55.93141422, -13.84835781 ], [ -55.93317262, -13.85093309 ], [ -55.93493101, -13.85350838 ], [ -55.93265106, -13.85508511 ], [ -55.92954833, -13.85723076 ], [ -55.92864551, -13.85785508 ], [ -55.92862999, -13.85795296 ], [ -55.93027128, -13.86001694 ], [ -55.92837743, -13.86157714 ], [ -55.92762568, -13.86219644 ], [ -55.92520986, -13.85907014 ], [ -55.92279405, -13.85594385 ], [ -55.92153588, -13.85630998 ], [ -55.9211459, -13.8565647 ], [ -55.92068719, -13.85670762 ], [ -55.92045513, -13.85669747 ], [ -55.92034424, -13.85674003 ], [ -55.92030223, -13.85663859 ], [ -55.92021113, -13.85664699 ], [ -55.92003261, -13.85678566 ], [ -55.91990133, -13.85694668 ], [ -55.91960869, -13.85705884 ], [ -55.9195943, -13.85721191 ], [ -55.91948816, -13.85714771 ], [ -55.91934178, -13.85718957 ], [ -55.91932441, -13.8573033 ], [ -55.91917626, -13.85729009 ], [ -55.91907592, -13.85743651 ], [ -55.9190055, -13.85763482 ], [ -55.91858322, -13.85821181 ], [ -55.91850195, -13.85830919 ], [ -55.9183149, -13.85828566 ], [ -55.91816913, -13.85848252 ], [ -55.91807834, -13.8584933 ], [ -55.9179404, -13.85862673 ], [ -55.9175997, -13.85873247 ], [ -55.91728234, -13.85886109 ], [ -55.91728104, -13.85870262 ], [ -55.91714825, -13.8587911 ], [ -55.91712541, -13.85861906 ], [ -55.9170396, -13.85863512 ], [ -55.91678052, -13.85879088 ], [ -55.91678589, -13.85879988 ], [ -55.91837666, -13.86083078 ], [ -55.91996743, -13.86286168 ], [ -55.92225782, -13.86578563 ], [ -55.92454821, -13.86870957 ], [ -55.92696463, -13.87180064 ], [ -55.92938104, -13.8748917 ], [ -55.93221686, -13.87289838 ], [ -55.93543258, -13.87063793 ], [ -55.9375562, -13.86914512 ], [ -55.93838036, -13.86856529 ], [ -55.9415766, -13.86631657 ], [ -55.94157888, -13.86631496 ], [ -55.94449931, -13.86426022 ], [ -55.94682268, -13.86262549 ], [ -55.94898893, -13.86110127 ], [ -55.94946154, -13.86076913 ], [ -55.9508578, -13.85978787 ], [ -55.95306378, -13.85823751 ], [ -55.95406652, -13.85753277 ], [ -55.95196199, -13.85420473 ], [ -55.95122316, -13.85322646 ] ] ] } },
{ "type": "Feature", "properties": { }, "geometry": { "type": "Polygon", "coordinates": [ [ [ -55.82038332, -14.03095474 ], [ -55.81611946, -14.0319207 ], [ -55.81185561, -14.03288667 ], [ -55.80759175, -14.03385263 ], [ -55.80951398, -14.03626888 ], [ -55.80906361, -14.03916993 ], [ -55.81303411, -14.04056085 ], [ -55.8141512, -14.0423469 ], [ -55.81793626, -14.04363947 ], [ -55.81602393, -14.04596927 ], [ -55.81411159, -14.04829907 ], [ -55.81802745, -14.04917809 ], [ -55.82194331, -14.0500571 ], [ -55.82585918, -14.05093612 ], [ -55.82977497, -14.05181513 ], [ -55.83036132, -14.04785082 ], [ -55.83094767, -14.04388652 ], [ -55.83153402, -14.03992221 ], [ -55.83212036, -14.03595791 ], [ -55.83270671, -14.0319936 ], [ -55.83329306, -14.0280293 ], [ -55.829619, -14.02886188 ], [ -55.82594494, -14.02969447 ], [ -55.82227087, -14.03052705 ], [ -55.82038332, -14.03095474 ] ] ] } },
{ "type": "Feature", "properties": { }, "geometry": { "type": "Polygon", "coordinates": [ [ [ -55.7976848, -13.93253775 ], [ -55.79513783, -13.93300261 ], [ -55.79259086, -13.93346746 ], [ -55.79370191, -13.93778026 ], [ -55.79481296, -13.94209305 ], [ -55.79592401, -13.94640585 ], [ -55.79669937, -13.94942904 ], [ -55.79747473, -13.95245223 ], [ -55.80078804, -13.95185947 ], [ -55.80410135, -13.95126672 ], [ -55.80725792, -13.95070208 ], [ -55.81041449, -13.95013743 ], [ -55.80960988, -13.94711969 ], [ -55.80880528, -13.94410194 ], [ -55.80768004, -13.93977604 ], [ -55.80655481, -13.93545014 ], [ -55.80542957, -13.93112424 ], [ -55.80178746, -13.93178897 ], [ -55.79814536, -13.9324537 ], [ -55.7976848, -13.93253775 ] ] ] } },
{ "type": "Feature", "properties": { }, "geometry": { "type": "Polygon", "coordinates": [ [ [ -55.97337834, -13.55764936 ], [ -55.97312819, -13.55808805 ], [ -55.97267388, -13.55797971 ], [ -55.97263148, -13.55786828 ], [ -55.97291745, -13.55779289 ], [ -55.97284586, -13.55770153 ], [ -55.97253934, -13.55765389 ], [ -55.97254423, -13.557885 ], [ -55.97230978, -13.55845832 ], [ -55.97209132, -13.5586781 ], [ -55.97182475, -13.55864047 ], [ -55.97160397, -13.55891557 ], [ -55.97121318, -13.55901692 ], [ -55.9709245, -13.55899629 ], [ -55.97082551, -13.55915601 ], [ -55.97084521, -13.55939739 ], [ -55.97075759, -13.5596004 ], [ -55.97052249, -13.55944288 ], [ -55.97046437, -13.55958065 ], [ -55.97024469, -13.55970733 ], [ -55.9703728, -13.56001263 ], [ -55.97010383, -13.55999023 ], [ -55.96993715, -13.55993637 ], [ -55.97005402, -13.56014372 ], [ -55.97010052, -13.56039036 ], [ -55.96987213, -13.56030372 ], [ -55.96936411, -13.56044187 ], [ -55.96947386, -13.5606941 ], [ -55.96946966, -13.56073451 ], [ -55.96924079, -13.56086723 ], [ -55.96910042, -13.5607317 ], [ -55.96881148, -13.5605045 ], [ -55.96828514, -13.56048775 ], [ -55.96825381, -13.56030429 ], [ -55.96771647, -13.56049752 ], [ -55.96734435, -13.56063735 ], [ -55.96683148, -13.56058459 ], [ -55.96652988, -13.56075334 ], [ -55.96634817, -13.56074499 ], [ -55.96626837, -13.56082845 ], [ -55.9661226, -13.56121809 ], [ -55.96624376, -13.56152348 ], [ -55.96596233, -13.56147379 ], [ -55.96572795, -13.56142098 ], [ -55.96555288, -13.56152962 ], [ -55.96544605, -13.56133184 ], [ -55.96511719, -13.56139767 ], [ -55.96495985, -13.56129659 ], [ -55.96471224, -13.5612887 ], [ -55.96453359, -13.56133407 ], [ -55.96431214, -13.56171511 ], [ -55.96432775, -13.5618784 ], [ -55.96428278, -13.56219657 ], [ -55.96407694, -13.56217957 ], [ -55.96401394, -13.56193295 ], [ -55.96377871, -13.56191975 ], [ -55.96331663, -13.56190275 ], [ -55.96287823, -13.5619785 ], [ -55.96286973, -13.56185709 ], [ -55.96243058, -13.56185719 ], [ -55.96234616, -13.5617464 ], [ -55.96214914, -13.56189203 ], [ -55.96197975, -13.56202866 ], [ -55.96170461, -13.56192705 ], [ -55.96153351, -13.56190813 ], [ -55.96126778, -13.56191055 ], [ -55.96130084, -13.56199744 ], [ -55.96128947, -13.56221174 ], [ -55.96080306, -13.56224683 ], [ -55.96031224, -13.5622716 ], [ -55.96023664, -13.56233267 ], [ -55.96006685, -13.56228133 ], [ -55.96013165, -13.56238034 ], [ -55.95994979, -13.56252061 ], [ -55.95965394, -13.56249179 ], [ -55.95945565, -13.56220534 ], [ -55.9595798, -13.56208396 ], [ -55.95978161, -13.56209735 ], [ -55.95986688, -13.56211333 ], [ -55.95975634, -13.56194313 ], [ -55.9598447, -13.56178042 ], [ -55.95932262, -13.56165898 ], [ -55.95921623, -13.56173757 ], [ -55.9591412, -13.56161926 ], [ -55.95913959, -13.5614404 ], [ -55.95901915, -13.56149321 ], [ -55.95900647, -13.56149496 ], [ -55.95890904, -13.5614771 ], [ -55.95891671, -13.56131084 ], [ -55.95875994, -13.56138219 ], [ -55.95869227, -13.5615085 ], [ -55.95859249, -13.56148578 ], [ -55.95860579, -13.56170775 ], [ -55.95817947, -13.56158884 ], [ -55.95795233, -13.56138759 ], [ -55.95803057, -13.56121433 ], [ -55.95811737, -13.56130299 ], [ -55.95785016, -13.56081536 ], [ -55.95808556, -13.56073702 ], [ -55.95802035, -13.56064982 ], [ -55.95788224, -13.56063808 ], [ -55.95765906, -13.56048484 ], [ -55.95763194, -13.56050433 ], [ -55.95774121, -13.56088948 ], [ -55.95756684, -13.56105697 ], [ -55.95741908, -13.56081915 ], [ -55.95741269, -13.56058883 ], [ -55.95714502, -13.56027178 ], [ -55.95716689, -13.56016587 ], [ -55.95733059, -13.5601014 ], [ -55.95733921, -13.55948017 ], [ -55.9574993, -13.55950358 ], [ -55.95721761, -13.55908005 ], [ -55.95693926, -13.55899673 ], [ -55.95664745, -13.55857011 ], [ -55.95660027, -13.55830853 ], [ -55.95650523, -13.55806155 ], [ -55.9563546, -13.55785004 ], [ -55.95639095, -13.55829938 ], [ -55.95648679, -13.5588797 ], [ -55.95633635, -13.55957934 ], [ -55.95616276, -13.56058588 ], [ -55.95608621, -13.5611121 ], [ -55.95609833, -13.56134648 ], [ -55.95629058, -13.56159945 ], [ -55.95662372, -13.56187418 ], [ -55.95697675, -13.56210135 ], [ -55.95706879, -13.56239598 ], [ -55.95697835, -13.56262274 ], [ -55.9568948, -13.56294619 ], [ -55.95695505, -13.56343667 ], [ -55.95702331, -13.56392016 ], [ -55.95673177, -13.56410539 ], [ -55.95625343, -13.56415186 ], [ -55.95579253, -13.56397655 ], [ -55.95522706, -13.56373615 ], [ -55.95486224, -13.56342403 ], [ -55.9548623, -13.56313589 ], [ -55.95466559, -13.56276058 ], [ -55.95412327, -13.56267964 ], [ -55.95387343, -13.56248618 ], [ -55.9533653, -13.5624774 ], [ -55.95306734, -13.56259633 ], [ -55.95299281, -13.56293558 ], [ -55.95343136, -13.56339704 ], [ -55.95369153, -13.56363891 ], [ -55.9539339, -13.56420857 ], [ -55.95393276, -13.56446992 ], [ -55.95415085, -13.56482675 ], [ -55.95438317, -13.5649601 ], [ -55.95452366, -13.56522614 ], [ -55.95457826, -13.56546347 ], [ -55.95449874, -13.56581963 ], [ -55.95434006, -13.56615012 ], [ -55.95428949, -13.56633811 ], [ -55.95403756, -13.56650792 ], [ -55.95374177, -13.56633188 ], [ -55.95343151, -13.56585208 ], [ -55.95312844, -13.56554771 ], [ -55.95279627, -13.56511677 ], [ -55.95244684, -13.56487494 ], [ -55.95216823, -13.56508811 ], [ -55.95204096, -13.56528096 ], [ -55.95238671, -13.56572672 ], [ -55.95264494, -13.56622246 ], [ -55.95302919, -13.56638073 ], [ -55.95327838, -13.56685984 ], [ -55.95324337, -13.56706437 ], [ -55.95300243, -13.56742595 ], [ -55.9533067, -13.56741729 ], [ -55.95377967, -13.56726137 ], [ -55.95433317, -13.56733811 ], [ -55.95483909, -13.56752588 ], [ -55.9547922, -13.56715015 ], [ -55.95507139, -13.56703606 ], [ -55.95560364, -13.56707267 ], [ -55.95585754, -13.56732021 ], [ -55.95623961, -13.56713879 ], [ -55.95645183, -13.56763262 ], [ -55.95625679, -13.56784418 ], [ -55.95616491, -13.56829933 ], [ -55.95631899, -13.5686638 ], [ -55.95619941, -13.56911028 ], [ -55.95623827, -13.56930345 ], [ -55.95619176, -13.56950671 ], [ -55.95650927, -13.56963856 ], [ -55.95707553, -13.56991025 ], [ -55.95738985, -13.57016664 ], [ -55.95725295, -13.57040806 ], [ -55.9572284, -13.57059823 ], [ -55.95752156, -13.5706833 ], [ -55.95765983, -13.57095313 ], [ -55.95738047, -13.57149821 ], [ -55.95755905, -13.57186689 ], [ -55.95740453, -13.57212152 ], [ -55.95718145, -13.57227651 ], [ -55.95661596, -13.57248686 ], [ -55.95627325, -13.57269499 ], [ -55.95620265, -13.57304286 ], [ -55.95610728, -13.57326746 ], [ -55.95583784, -13.5734364 ], [ -55.95564563, -13.57322196 ], [ -55.95551718, -13.57291112 ], [ -55.95510252, -13.57306069 ], [ -55.9547013, -13.5731467 ], [ -55.95461162, -13.57326412 ], [ -55.95462511, -13.57389492 ], [ -55.95494016, -13.57399101 ], [ -55.95517323, -13.57404191 ], [ -55.95540121, -13.5745573 ], [ -55.95528121, -13.57483005 ], [ -55.95509278, -13.57504433 ], [ -55.95491428, -13.57517334 ], [ -55.95478232, -13.57539207 ], [ -55.95463691, -13.57618206 ], [ -55.95512713, -13.57615791 ], [ -55.95532049, -13.57638491 ], [ -55.95538744, -13.57705585 ], [ -55.95524511, -13.57752555 ], [ -55.95533494, -13.57794674 ], [ -55.95535578, -13.57822798 ], [ -55.95523766, -13.57842255 ], [ -55.95458982, -13.57824329 ], [ -55.95394162, -13.57810434 ], [ -55.9532545, -13.57800101 ], [ -55.95324051, -13.57851544 ], [ -55.95319073, -13.57866751 ], [ -55.95282888, -13.57881458 ], [ -55.95244301, -13.5788995 ], [ -55.95189584, -13.57872538 ], [ -55.95178431, -13.57897593 ], [ -55.95185741, -13.57975669 ], [ -55.95195496, -13.58001035 ], [ -55.95228213, -13.5804665 ], [ -55.9525571, -13.58089414 ], [ -55.95265095, -13.58114357 ], [ -55.952727, -13.581399 ], [ -55.9524424, -13.58201354 ], [ -55.95212146, -13.5822808 ], [ -55.95212361, -13.58248096 ], [ -55.95233402, -13.58253729 ], [ -55.9525472, -13.58272354 ], [ -55.9526156, -13.58322272 ], [ -55.9524627, -13.58342493 ], [ -55.95209015, -13.58353006 ], [ -55.95176529, -13.58351029 ], [ -55.95118591, -13.58338025 ], [ -55.95122533, -13.58354335 ], [ -55.95157363, -13.58392576 ], [ -55.95181588, -13.58440357 ], [ -55.9522058, -13.58486104 ], [ -55.95240916, -13.58515413 ], [ -55.95265106, -13.58543389 ], [ -55.95305016, -13.58564114 ], [ -55.95346112, -13.58562721 ], [ -55.95391843, -13.5856266 ], [ -55.95452472, -13.58562089 ], [ -55.95479474, -13.58561398 ], [ -55.95523353, -13.58552623 ], [ -55.95539935, -13.58568103 ], [ -55.95541035, -13.58579546 ], [ -55.95534547, -13.58582308 ], [ -55.95524241, -13.58618138 ], [ -55.95509386, -13.58726966 ], [ -55.95464991, -13.58783619 ], [ -55.95371793, -13.58858709 ], [ -55.95294699, -13.58872758 ], [ -55.95242614, -13.58881579 ], [ -55.95229886, -13.58915143 ], [ -55.95240341, -13.58941193 ], [ -55.95379478, -13.58923585 ], [ -55.95407857, -13.58918017 ], [ -55.95429589, -13.58928017 ], [ -55.95454637, -13.58951893 ], [ -55.95499166, -13.59023985 ], [ -55.95493467, -13.59049069 ], [ -55.95485367, -13.59082073 ], [ -55.95475924, -13.59119862 ], [ -55.9547914, -13.59157185 ], [ -55.95486408, -13.59167672 ], [ -55.95484807, -13.59187936 ], [ -55.95460613, -13.59215066 ], [ -55.95429005, -13.59213825 ], [ -55.95393186, -13.59199981 ], [ -55.95383093, -13.59183762 ], [ -55.95373031, -13.59149589 ], [ -55.95368589, -13.59108181 ], [ -55.95355391, -13.59098918 ], [ -55.95288924, -13.59084875 ], [ -55.95272734, -13.59084445 ], [ -55.95256174, -13.59096838 ], [ -55.95227731, -13.59113647 ], [ -55.95157137, -13.59194608 ], [ -55.95133482, -13.59211233 ], [ -55.95056275, -13.59242797 ], [ -55.95013743, -13.59248715 ], [ -55.94966385, -13.59273253 ], [ -55.94946854, -13.59288556 ], [ -55.94923216, -13.5930792 ], [ -55.9490617, -13.59334446 ], [ -55.94909699, -13.59349479 ], [ -55.94909677, -13.59369316 ], [ -55.94914248, -13.5940074 ], [ -55.94903552, -13.59434692 ], [ -55.94878057, -13.59481911 ], [ -55.94862113, -13.59514515 ], [ -55.94855329, -13.59598285 ], [ -55.94841524, -13.59649194 ], [ -55.94831966, -13.59695197 ], [ -55.94818825, -13.59727391 ], [ -55.94744988, -13.5973351 ], [ -55.94710017, -13.59715141 ], [ -55.94696432, -13.59723533 ], [ -55.94689217, -13.59767841 ], [ -55.94683801, -13.59821508 ], [ -55.94667091, -13.59845496 ], [ -55.94630509, -13.59875066 ], [ -55.94599029, -13.59908087 ], [ -55.94569568, -13.59927878 ], [ -55.94513037, -13.59945508 ], [ -55.94478522, -13.59972139 ], [ -55.94463226, -13.59986652 ], [ -55.94464698, -13.60008612 ], [ -55.94494292, -13.60021909 ], [ -55.9456536, -13.60031504 ], [ -55.9458902, -13.60042128 ], [ -55.94600507, -13.60063406 ], [ -55.94593116, -13.60105806 ], [ -55.94589127, -13.60140375 ], [ -55.94597966, -13.60153795 ], [ -55.94618911, -13.60150608 ], [ -55.94640829, -13.6013832 ], [ -55.94657443, -13.60129582 ], [ -55.94681464, -13.60146615 ], [ -55.94690861, -13.60168607 ], [ -55.94704161, -13.60180851 ], [ -55.946925, -13.602159 ], [ -55.94682525, -13.60228951 ], [ -55.94657692, -13.60234046 ], [ -55.94631466, -13.60223796 ], [ -55.94589715, -13.60215123 ], [ -55.94567731, -13.60205328 ], [ -55.94454047, -13.60188572 ], [ -55.94414172, -13.60192498 ], [ -55.94376948, -13.60204207 ], [ -55.9434745, -13.60209312 ], [ -55.94312761, -13.60208842 ], [ -55.94278082, -13.60199902 ], [ -55.94254895, -13.60196509 ], [ -55.94187586, -13.60195147 ], [ -55.94088075, -13.60193023 ], [ -55.9406719, -13.60187994 ], [ -55.94053176, -13.60197649 ], [ -55.94053378, -13.60236486 ], [ -55.94074662, -13.60270263 ], [ -55.94085658, -13.60295941 ], [ -55.94095708, -13.60309288 ], [ -55.94101788, -13.60335405 ], [ -55.94113136, -13.60341064 ], [ -55.94112055, -13.60362974 ], [ -55.9411061, -13.60372839 ], [ -55.94126584, -13.60385426 ], [ -55.94151972, -13.60413098 ], [ -55.94165665, -13.60454842 ], [ -55.94181153, -13.60489179 ], [ -55.94183642, -13.60514227 ], [ -55.94167146, -13.60566778 ], [ -55.94126221, -13.60616244 ], [ -55.94105515, -13.60625778 ], [ -55.94093706, -13.60631168 ], [ -55.94075374, -13.60630461 ], [ -55.94015556, -13.60590379 ], [ -55.93990379, -13.60573493 ], [ -55.93957837, -13.60566302 ], [ -55.93920053, -13.6056206 ], [ -55.93903666, -13.60571885 ], [ -55.93885147, -13.60580159 ], [ -55.93856494, -13.60601207 ], [ -55.93831505, -13.60612446 ], [ -55.93804606, -13.6061553 ], [ -55.937862, -13.60599472 ], [ -55.93746184, -13.60568527 ], [ -55.93740022, -13.60571848 ], [ -55.93742573, -13.60582746 ], [ -55.93739962, -13.60598845 ], [ -55.93742748, -13.60629005 ], [ -55.93759667, -13.60678247 ], [ -55.9377943, -13.60710013 ], [ -55.93801715, -13.60744958 ], [ -55.93776221, -13.60797465 ], [ -55.93770725, -13.60831513 ], [ -55.93752055, -13.60869854 ], [ -55.93734882, -13.6089155 ], [ -55.93764712, -13.60922501 ], [ -55.9379265, -13.60932881 ], [ -55.93823748, -13.6095988 ], [ -55.93875552, -13.60999105 ], [ -55.93895116, -13.61012526 ], [ -55.93902279, -13.6102678 ], [ -55.9392294, -13.6107798 ], [ -55.93930422, -13.61105441 ], [ -55.93916563, -13.61260851 ], [ -55.93915771, -13.61299444 ], [ -55.93905098, -13.61342865 ], [ -55.93886378, -13.61356675 ], [ -55.93841383, -13.613603 ], [ -55.93833443, -13.61361833 ], [ -55.93813835, -13.61387866 ], [ -55.93810598, -13.61417398 ], [ -55.93808587, -13.61460343 ], [ -55.93821955, -13.61499272 ], [ -55.93836647, -13.61532713 ], [ -55.93850977, -13.61562333 ], [ -55.93863427, -13.61605719 ], [ -55.93868114, -13.61643476 ], [ -55.93854296, -13.61672548 ], [ -55.93847899, -13.6170389 ], [ -55.93846871, -13.61731207 ], [ -55.93838756, -13.61749727 ], [ -55.93810696, -13.61781095 ], [ -55.93764256, -13.61798883 ], [ -55.93728611, -13.61812732 ], [ -55.93699204, -13.61821945 ], [ -55.93673494, -13.61839123 ], [ -55.93655504, -13.61866397 ], [ -55.93660941, -13.61880755 ], [ -55.93676804, -13.61892394 ], [ -55.93707569, -13.61903326 ], [ -55.93721776, -13.61906548 ], [ -55.93733177, -13.6191158 ], [ -55.93745664, -13.61953173 ], [ -55.93748746, -13.61978259 ], [ -55.93729287, -13.62009577 ], [ -55.93697444, -13.6202734 ], [ -55.93662628, -13.62041363 ], [ -55.93635871, -13.62064997 ], [ -55.93601132, -13.62097671 ], [ -55.9359865, -13.62121474 ], [ -55.93613338, -13.62167183 ], [ -55.93621993, -13.62191941 ], [ -55.9363085, -13.62216981 ], [ -55.93632996, -13.6225783 ], [ -55.93623837, -13.62275197 ], [ -55.93611334, -13.62293328 ], [ -55.93594145, -13.62304776 ], [ -55.93568332, -13.62315445 ], [ -55.93527635, -13.62323269 ], [ -55.93491926, -13.62323999 ], [ -55.93452204, -13.62326362 ], [ -55.93406027, -13.62328195 ], [ -55.93384024, -13.62335618 ], [ -55.93355156, -13.62340877 ], [ -55.93327642, -13.62346894 ], [ -55.93324596, -13.62392506 ], [ -55.93334475, -13.62426289 ], [ -55.93339977, -13.62450283 ], [ -55.93368645, -13.62488189 ], [ -55.9339333, -13.62500959 ], [ -55.93419018, -13.62497875 ], [ -55.93443907, -13.62504612 ], [ -55.93468748, -13.62495428 ], [ -55.9349031, -13.62495474 ], [ -55.93503036, -13.62505239 ], [ -55.93508274, -13.62513918 ], [ -55.93518542, -13.6254473 ], [ -55.93522557, -13.62583954 ], [ -55.93538183, -13.62612591 ], [ -55.93558067, -13.62641934 ], [ -55.93565435, -13.62663841 ], [ -55.93590276, -13.62676679 ], [ -55.93599112, -13.6266532 ], [ -55.93622394, -13.62667829 ], [ -55.9363819, -13.62659613 ], [ -55.93648361, -13.62667034 ], [ -55.93687337, -13.62694868 ], [ -55.93707667, -13.62715075 ], [ -55.93721689, -13.62714612 ], [ -55.93733099, -13.62725648 ], [ -55.93750922, -13.62756405 ], [ -55.93763951, -13.6279642 ], [ -55.93780449, -13.62821678 ], [ -55.93796344, -13.62835164 ], [ -55.93804286, -13.6286631 ], [ -55.93828522, -13.62916326 ], [ -55.93847259, -13.6295546 ], [ -55.93864799, -13.62973145 ], [ -55.93880543, -13.62992893 ], [ -55.93891591, -13.63025191 ], [ -55.93941521, -13.63068044 ], [ -55.93978449, -13.63104682 ], [ -55.93984303, -13.63143978 ], [ -55.93994332, -13.63176761 ], [ -55.93989801, -13.63213429 ], [ -55.93981168, -13.63240278 ], [ -55.93961063, -13.63249926 ], [ -55.93911972, -13.63241111 ], [ -55.9389852, -13.63242711 ], [ -55.9388645, -13.63288976 ], [ -55.93882341, -13.63339348 ], [ -55.93874318, -13.6336384 ], [ -55.93874909, -13.63384463 ], [ -55.93865281, -13.63414636 ], [ -55.93865374, -13.63454529 ], [ -55.93868815, -13.63487918 ], [ -55.93872511, -13.63517812 ], [ -55.93870848, -13.63557676 ], [ -55.93875883, -13.63581212 ], [ -55.93868299, -13.6359096 ], [ -55.93853474, -13.63594742 ], [ -55.93825203, -13.63602912 ], [ -55.93804768, -13.63597465 ], [ -55.93755952, -13.63597748 ], [ -55.93733204, -13.63597536 ], [ -55.9371176, -13.63594976 ], [ -55.9369498, -13.63604267 ], [ -55.93684995, -13.63628413 ], [ -55.93691066, -13.63647123 ], [ -55.93697494, -13.63677052 ], [ -55.93697946, -13.63713785 ], [ -55.93704218, -13.63733186 ], [ -55.93735656, -13.63759402 ], [ -55.93776126, -13.63772956 ], [ -55.93813782, -13.637907 ], [ -55.93835419, -13.63794483 ], [ -55.93864542, -13.63807142 ], [ -55.93887595, -13.63815487 ], [ -55.93923703, -13.63835505 ], [ -55.93943692, -13.63836491 ], [ -55.9399351, -13.63858214 ], [ -55.9401926, -13.63875608 ], [ -55.94057081, -13.63887876 ], [ -55.94088404, -13.63904618 ], [ -55.94107753, -13.63909184 ], [ -55.94126542, -13.63915084 ], [ -55.94131227, -13.63919739 ], [ -55.94140504, -13.63927057 ], [ -55.94137303, -13.63943881 ], [ -55.94134294, -13.63978862 ], [ -55.94126219, -13.64013314 ], [ -55.94120567, -13.64040043 ], [ -55.94113827, -13.64051543 ], [ -55.94102558, -13.64142316 ], [ -55.94035168, -13.64283983 ], [ -55.94037011, -13.64511337 ], [ -55.93896226, -13.64387635 ], [ -55.93822667, -13.6430884 ], [ -55.93728748, -13.64162495 ], [ -55.93682364, -13.64228843 ], [ -55.93741866, -13.64291361 ], [ -55.9369436, -13.64318992 ], [ -55.93646854, -13.64346623 ], [ -55.93622886, -13.64357852 ], [ -55.9360573, -13.64384962 ], [ -55.93688136, -13.64678775 ], [ -55.93572646, -13.64702466 ], [ -55.93536218, -13.64698718 ], [ -55.93529682, -13.64721865 ], [ -55.93520527, -13.64796963 ], [ -55.93587191, -13.64913615 ], [ -55.93633188, -13.64948532 ], [ -55.93747368, -13.64929368 ], [ -55.93825066, -13.64973536 ], [ -55.93836808, -13.65012568 ], [ -55.93823628, -13.6506801 ], [ -55.93822127, -13.65102971 ], [ -55.9383597, -13.65140672 ], [ -55.93826216, -13.65187635 ], [ -55.93794801, -13.65267508 ], [ -55.93743236, -13.65332531 ], [ -55.93731025, -13.6539133 ], [ -55.93705277, -13.65484046 ], [ -55.93697077, -13.65641384 ], [ -55.9362738, -13.65768807 ], [ -55.93648633, -13.65889215 ], [ -55.93578396, -13.66032688 ], [ -55.93560622, -13.6611178 ], [ -55.93577671, -13.66240312 ], [ -55.9352169, -13.66293961 ], [ -55.93514714, -13.6633853 ], [ -55.93507731, -13.66383164 ], [ -55.93536767, -13.66395242 ], [ -55.93551003, -13.66401163 ], [ -55.93573227, -13.6641199 ], [ -55.93895502, -13.66642749 ], [ -55.94217778, -13.66873507 ], [ -55.94540053, -13.67104265 ], [ -55.94862328, -13.67335024 ], [ -55.95184603, -13.67565782 ], [ -55.95506878, -13.67796541 ], [ -55.95829153, -13.68027299 ], [ -55.96151428, -13.68258057 ], [ -55.96447329, -13.68471711 ], [ -55.96558227, -13.68554326 ], [ -55.96561389, -13.68556629 ], [ -55.96801151, -13.687296 ], [ -55.97117364, -13.6895773 ], [ -55.97433577, -13.6918586 ], [ -55.97749789, -13.6941399 ], [ -55.98066001, -13.6964212 ], [ -55.98382214, -13.69870251 ], [ -55.98719262, -13.70121716 ], [ -55.9905631, -13.70373181 ], [ -55.99212908, -13.69980982 ], [ -55.99369505, -13.69588783 ], [ -55.99526103, -13.69196584 ], [ -55.99938853, -13.69325847 ], [ -56.00351603, -13.69455111 ], [ -56.00764354, -13.69584375 ], [ -56.01177104, -13.69713638 ], [ -56.01589855, -13.69842902 ], [ -56.02002605, -13.69972165 ], [ -56.02415356, -13.70101429 ], [ -56.02828106, -13.70230692 ], [ -56.02824598, -13.70444684 ], [ -56.02656877, -13.70672683 ], [ -56.0281509, -13.71063783 ], [ -56.02973303, -13.71454882 ], [ -56.03131515, -13.71845982 ], [ -56.03289728, -13.72237081 ], [ -56.03447941, -13.72628181 ], [ -56.03867185, -13.72646398 ], [ -56.04176831, -13.72436467 ], [ -56.04486476, -13.72226536 ], [ -56.04371188, -13.71808666 ], [ -56.042559, -13.71390796 ], [ -56.04140611, -13.70972926 ], [ -56.04025323, -13.70555056 ], [ -56.04005661, -13.70448558 ], [ -56.03977423, -13.70111806 ], [ -56.03949184, -13.69775053 ], [ -56.03535195, -13.69646274 ], [ -56.03121206, -13.69517494 ], [ -56.02707217, -13.69388715 ], [ -56.02293228, -13.69259936 ], [ -56.01879239, -13.69131156 ], [ -56.0146525, -13.69002377 ], [ -56.01051261, -13.68873597 ], [ -56.00637272, -13.68744818 ], [ -56.00223283, -13.68616038 ], [ -55.99809293, -13.68487259 ], [ -55.99821456, -13.68485966 ], [ -55.99832409, -13.68477784 ], [ -55.99834539, -13.68474452 ], [ -55.99841854, -13.68458434 ], [ -55.99860921, -13.68434815 ], [ -55.99870511, -13.6842467 ], [ -55.99881481, -13.68413881 ], [ -55.99879368, -13.68392919 ], [ -55.99876628, -13.68375987 ], [ -55.99888168, -13.68361113 ], [ -55.99908572, -13.68332565 ], [ -55.99922866, -13.68289689 ], [ -55.99928315, -13.68255491 ], [ -55.99926043, -13.68226552 ], [ -55.99936188, -13.68211856 ], [ -55.99950664, -13.68193902 ], [ -55.99943882, -13.68171549 ], [ -55.99959985, -13.68136622 ], [ -55.99980887, -13.68094865 ], [ -56.00014193, -13.68053108 ], [ -56.00026772, -13.68021316 ], [ -56.00034162, -13.67982682 ], [ -56.00042261, -13.67965423 ], [ -56.0005036, -13.67948164 ], [ -56.00066344, -13.67889317 ], [ -56.00058837, -13.67883092 ], [ -56.00068172, -13.67871834 ], [ -56.00078034, -13.67861862 ], [ -56.00090444, -13.67828512 ], [ -56.00098378, -13.67801759 ], [ -56.00125571, -13.6776555 ], [ -56.0014835, -13.67729435 ], [ -56.0018359, -13.67694843 ], [ -56.00205866, -13.67641256 ], [ -56.00233763, -13.67615537 ], [ -56.00299671, -13.6758192 ], [ -56.00326204, -13.67560311 ], [ -56.00366397, -13.67551779 ], [ -56.00323161, -13.67498034 ], [ -56.00340136, -13.67476569 ], [ -56.0035189, -13.67459343 ], [ -56.00369999, -13.67453345 ], [ -56.00372537, -13.67439585 ], [ -56.00445237, -13.67378942 ], [ -56.0045462, -13.67381267 ], [ -56.00460922, -13.67374227 ], [ -56.0048412, -13.67356381 ], [ -56.00497206, -13.67348058 ], [ -56.00515164, -13.67336237 ], [ -56.00530856, -13.67317715 ], [ -56.00536733, -13.67313944 ], [ -56.00554379, -13.67304795 ], [ -56.00569892, -13.67294656 ], [ -56.00580123, -13.67288795 ], [ -56.00588034, -13.67283429 ], [ -56.00602568, -13.67266102 ], [ -56.00611719, -13.67264041 ], [ -56.00633069, -13.67245847 ], [ -56.00652895, -13.67240212 ], [ -56.0065903, -13.67229982 ], [ -56.00677445, -13.67227643 ], [ -56.00710213, -13.67218483 ], [ -56.00715196, -13.67206513 ], [ -56.00741372, -13.67192098 ], [ -56.00755414, -13.67177297 ], [ -56.00773625, -13.67174745 ], [ -56.00795778, -13.67165833 ], [ -56.00818896, -13.67144307 ], [ -56.00838253, -13.67137623 ], [ -56.00858268, -13.67140074 ], [ -56.00869156, -13.67135808 ], [ -56.00874481, -13.67123985 ], [ -56.00907078, -13.67106379 ], [ -56.00918961, -13.67103401 ], [ -56.00926651, -13.67096148 ], [ -56.00933826, -13.67086221 ], [ -56.00954787, -13.67066879 ], [ -56.00979036, -13.67065065 ], [ -56.00989015, -13.67065386 ], [ -56.01012994, -13.67049472 ], [ -56.01027768, -13.67040438 ], [ -56.01044699, -13.67025656 ], [ -56.01054529, -13.67029366 ], [ -56.01069283, -13.67025443 ], [ -56.01072297, -13.67030591 ], [ -56.01086773, -13.67021728 ], [ -56.01111305, -13.67001428 ], [ -56.01146032, -13.66982115 ], [ -56.01166747, -13.66971758 ], [ -56.0119998, -13.66955366 ], [ -56.01223523, -13.66942535 ], [ -56.01236442, -13.66949852 ], [ -56.01248495, -13.66937094 ], [ -56.01265875, -13.66929046 ], [ -56.01269773, -13.66913259 ], [ -56.01293267, -13.6691382 ], [ -56.01303387, -13.66901913 ], [ -56.01318472, -13.66904404 ], [ -56.01332823, -13.66892938 ], [ -56.01347144, -13.66880895 ], [ -56.01359777, -13.66876595 ], [ -56.01382361, -13.66861401 ], [ -56.01418646, -13.6682553 ], [ -56.01443167, -13.66798732 ], [ -56.01442094, -13.66785907 ], [ -56.01425675, -13.66778073 ], [ -56.01461111, -13.66766479 ], [ -56.0146066, -13.66740639 ], [ -56.01481815, -13.66724383 ], [ -56.01485047, -13.66717748 ], [ -56.01472839, -13.6670731 ], [ -56.01496213, -13.66698737 ], [ -56.01496278, -13.6665522 ], [ -56.01502525, -13.66645793 ], [ -56.01504455, -13.66634028 ], [ -56.01497998, -13.66621513 ], [ -56.01496162, -13.66597706 ], [ -56.01499991, -13.6658468 ], [ -56.01499683, -13.66558502 ], [ -56.01509734, -13.66543246 ], [ -56.0150436, -13.66530107 ], [ -56.01487782, -13.66464992 ], [ -56.01494625, -13.66450233 ], [ -56.0149354, -13.66418572 ], [ -56.01494697, -13.66402114 ], [ -56.01491842, -13.66392061 ], [ -56.01505856, -13.66355021 ], [ -56.01492766, -13.66324885 ], [ -56.01492042, -13.66312975 ], [ -56.01480545, -13.66310729 ], [ -56.01475147, -13.66302772 ], [ -56.01466881, -13.66306647 ], [ -56.01468229, -13.66276452 ], [ -56.01448111, -13.66263085 ], [ -56.01449324, -13.66232586 ], [ -56.01426003, -13.66223002 ], [ -56.01426351, -13.66202981 ], [ -56.0141869, -13.66184045 ], [ -56.01440451, -13.66188393 ], [ -56.01440309, -13.66183767 ], [ -56.01432023, -13.66161281 ], [ -56.01425266, -13.66142189 ], [ -56.01420767, -13.66117984 ], [ -56.01416308, -13.66096871 ], [ -56.01400353, -13.66088011 ], [ -56.01406973, -13.66075938 ], [ -56.01392116, -13.66071568 ], [ -56.01404618, -13.66052589 ], [ -56.01394549, -13.66033009 ], [ -56.01390673, -13.66006667 ], [ -56.01384289, -13.65994951 ], [ -56.01379383, -13.65988116 ], [ -56.01379795, -13.65979792 ], [ -56.01367296, -13.65971635 ], [ -56.01386527, -13.65960253 ], [ -56.01391058, -13.65958581 ], [ -56.01377949, -13.65937593 ], [ -56.01391158, -13.65935509 ], [ -56.0137644, -13.65917788 ], [ -56.01368575, -13.65895595 ], [ -56.01362452, -13.65881004 ], [ -56.01363255, -13.65873238 ], [ -56.01342983, -13.65861797 ], [ -56.0134345, -13.65847567 ], [ -56.0133182, -13.65839895 ], [ -56.01333681, -13.65827129 ], [ -56.01340087, -13.65814942 ], [ -56.01341119, -13.65783251 ], [ -56.01332248, -13.65777397 ], [ -56.0133687, -13.65760506 ], [ -56.01330011, -13.65754667 ], [ -56.01302086, -13.65765305 ], [ -56.01295971, -13.65753231 ], [ -56.01299811, -13.65719977 ], [ -56.01310393, -13.65713648 ], [ -56.01310559, -13.6569531 ], [ -56.01303943, -13.65687605 ], [ -56.01286255, -13.65657552 ], [ -56.01279162, -13.65651724 ], [ -56.01285179, -13.65632514 ], [ -56.01279152, -13.65628652 ], [ -56.01280549, -13.65619241 ], [ -56.01269614, -13.65600498 ], [ -56.01255715, -13.6557718 ], [ -56.01250894, -13.65560968 ], [ -56.01238875, -13.65547019 ], [ -56.01237044, -13.65535038 ], [ -56.0122196, -13.65510341 ], [ -56.01205693, -13.65508287 ], [ -56.01202203, -13.65492977 ], [ -56.01192638, -13.6549362 ], [ -56.01169965, -13.65480619 ], [ -56.01174523, -13.65472062 ], [ -56.01157422, -13.65458477 ], [ -56.01158949, -13.65448645 ], [ -56.01148691, -13.65431212 ], [ -56.01154172, -13.65416105 ], [ -56.01145694, -13.65389062 ], [ -56.01152902, -13.65377687 ], [ -56.01137035, -13.65369467 ], [ -56.01125009, -13.65366801 ], [ -56.01121379, -13.65338872 ], [ -56.01127849, -13.65331377 ], [ -56.01123839, -13.65317007 ], [ -56.01103242, -13.65290387 ], [ -56.01113319, -13.65274336 ], [ -56.01090099, -13.65237942 ], [ -56.01083626, -13.65230702 ], [ -56.01068319, -13.65232068 ], [ -56.0106451, -13.65201513 ], [ -56.01045752, -13.65175814 ], [ -56.01068534, -13.65172387 ], [ -56.01068348, -13.65169306 ], [ -56.01062893, -13.6516782 ], [ -56.01047492, -13.65142391 ], [ -56.01002498, -13.65120593 ], [ -56.01030564, -13.65104873 ], [ -56.01027499, -13.6509727 ], [ -56.01024809, -13.65090598 ], [ -56.01019215, -13.65056387 ], [ -56.01015591, -13.65021128 ], [ -56.00999557, -13.64990731 ], [ -56.01008368, -13.64978602 ], [ -56.0101011, -13.64940765 ], [ -56.00999715, -13.64916262 ], [ -56.00987374, -13.6491126 ], [ -56.0099224, -13.64893866 ], [ -56.00989376, -13.6485307 ], [ -56.00981462, -13.64859662 ], [ -56.00975932, -13.64833493 ], [ -56.00987766, -13.64827091 ], [ -56.00973523, -13.64819817 ], [ -56.00972334, -13.64802917 ], [ -56.00978875, -13.64769404 ], [ -56.00971502, -13.64748139 ], [ -56.00973212, -13.64744595 ], [ -56.00977068, -13.64736604 ], [ -56.00963347, -13.6470967 ], [ -56.00959258, -13.64694316 ], [ -56.00950547, -13.6469152 ], [ -56.0094998, -13.64676391 ], [ -56.00935149, -13.64668228 ], [ -56.00945389, -13.64652424 ], [ -56.00939694, -13.64631241 ], [ -56.0093123, -13.64613294 ], [ -56.00944035, -13.64611204 ], [ -56.00945933, -13.64598375 ], [ -56.00951388, -13.64594947 ], [ -56.00951223, -13.64590021 ], [ -56.00947758, -13.64581842 ], [ -56.00934954, -13.6455482 ], [ -56.00942919, -13.64551627 ], [ -56.00938657, -13.64513162 ], [ -56.00952472, -13.64504342 ], [ -56.00958648, -13.64502012 ], [ -56.00968793, -13.64500751 ], [ -56.00969652, -13.64492987 ], [ -56.00955747, -13.64471466 ], [ -56.0096336, -13.64434954 ], [ -56.00944077, -13.64416238 ], [ -56.00951946, -13.64407456 ], [ -56.00950117, -13.64397216 ], [ -56.00936019, -13.64384844 ], [ -56.00917899, -13.64348316 ], [ -56.00926895, -13.64339001 ], [ -56.00924946, -13.64329982 ], [ -56.0093006, -13.64308355 ], [ -56.00941983, -13.64297777 ], [ -56.00935427, -13.6427506 ], [ -56.00957146, -13.64270517 ], [ -56.0095179, -13.6423741 ], [ -56.00963991, -13.64236433 ], [ -56.0095268, -13.64220829 ], [ -56.00931675, -13.64208554 ], [ -56.00922184, -13.64191532 ], [ -56.00907283, -13.64196752 ], [ -56.00885877, -13.64180965 ], [ -56.0088115, -13.64168714 ], [ -56.00892133, -13.64164661 ], [ -56.00897841, -13.64166388 ], [ -56.00895411, -13.64151176 ], [ -56.00893425, -13.64139373 ], [ -56.00871209, -13.64165625 ], [ -56.0086033, -13.64175381 ], [ -56.00836308, -13.6418069 ], [ -56.00826079, -13.64174077 ], [ -56.00807523, -13.64169487 ], [ -56.00803135, -13.64153359 ], [ -56.00808824, -13.64143077 ], [ -56.00794119, -13.64138918 ], [ -56.00783412, -13.64118709 ], [ -56.0079388, -13.64108003 ], [ -56.0078255, -13.64090185 ], [ -56.00792535, -13.64074894 ], [ -56.00799246, -13.64068527 ], [ -56.00790213, -13.64048549 ], [ -56.00796765, -13.64038566 ], [ -56.00791827, -13.64025234 ], [ -56.00780614, -13.64002271 ], [ -56.00767403, -13.64006815 ], [ -56.0076188, -13.63992649 ], [ -56.0076608, -13.63975819 ], [ -56.00742559, -13.63950697 ], [ -56.00740876, -13.63935093 ], [ -56.00733812, -13.63938927 ], [ -56.00717869, -13.63931889 ], [ -56.00718465, -13.63916034 ], [ -56.00677888, -13.63878516 ], [ -56.0065067, -13.63877734 ], [ -56.00629072, -13.63862115 ], [ -56.00616665, -13.6386873 ], [ -56.00595575, -13.63853851 ], [ -56.00584577, -13.63855261 ], [ -56.00576097, -13.63839012 ], [ -56.00591773, -13.63830712 ], [ -56.00576497, -13.6380366 ], [ -56.00590474, -13.63789162 ], [ -56.00573536, -13.6378275 ], [ -56.00579864, -13.63741702 ], [ -56.00567084, -13.63742224 ], [ -56.00554511, -13.63714535 ], [ -56.00532593, -13.63689693 ], [ -56.00506067, -13.63682679 ], [ -56.0049909, -13.63664424 ], [ -56.00484687, -13.63660899 ], [ -56.00477561, -13.63643515 ], [ -56.00470444, -13.63617767 ], [ -56.00454023, -13.63591538 ], [ -56.0043677, -13.63581875 ], [ -56.00432949, -13.63564912 ], [ -56.00428128, -13.63540911 ], [ -56.00420547, -13.63529171 ], [ -56.00409755, -13.63525901 ], [ -56.00400126, -13.6350704 ], [ -56.00397712, -13.63494266 ], [ -56.00362653, -13.63461902 ], [ -56.00359481, -13.63428737 ], [ -56.00348578, -13.63403351 ], [ -56.00328068, -13.63400656 ], [ -56.00314276, -13.63392297 ], [ -56.0030421, -13.63409782 ], [ -56.00293804, -13.63398463 ], [ -56.00280335, -13.63386367 ], [ -56.00256891, -13.63380339 ], [ -56.00261644, -13.63359368 ], [ -56.00250861, -13.63330771 ], [ -56.00257145, -13.63320109 ], [ -56.00240227, -13.63301393 ], [ -56.00225157, -13.63264653 ], [ -56.00233547, -13.63240622 ], [ -56.00222434, -13.63227791 ], [ -56.00234455, -13.63206048 ], [ -56.00220625, -13.63193749 ], [ -56.00206903, -13.63190921 ], [ -56.00208942, -13.63156609 ], [ -56.00189605, -13.63145548 ], [ -56.0018662, -13.63128418 ], [ -56.0017485, -13.63111361 ], [ -56.00166027, -13.63108121 ], [ -56.00159645, -13.63087599 ], [ -56.00141411, -13.63072278 ], [ -56.00136242, -13.63053546 ], [ -56.00120085, -13.63056124 ], [ -56.00102813, -13.630433 ], [ -56.0011277, -13.6302571 ], [ -56.00097639, -13.63004479 ], [ -56.00083296, -13.62996799 ], [ -56.00065898, -13.62989361 ], [ -56.00040327, -13.62941354 ], [ -56.00061809, -13.62914782 ], [ -56.00047956, -13.62917821 ], [ -56.00042431, -13.62893731 ], [ -56.00040423, -13.62876928 ], [ -56.00048427, -13.62850363 ], [ -56.00045072, -13.62838136 ], [ -56.00060613, -13.62814561 ], [ -56.00048309, -13.62771607 ], [ -56.00038551, -13.62754972 ], [ -56.00034774, -13.6273056 ], [ -56.00052263, -13.62708159 ], [ -56.00051385, -13.6269323 ], [ -56.0002426, -13.62665327 ], [ -56.0002755, -13.62656508 ], [ -56.00037429, -13.62648732 ], [ -56.00023188, -13.62642253 ], [ -56.00015982, -13.62625431 ], [ -55.99999414, -13.6259623 ], [ -55.99960295, -13.62557171 ], [ -55.99956497, -13.6252624 ], [ -55.99960548, -13.62489628 ], [ -55.99996867, -13.62455697 ], [ -56.00027462, -13.62423291 ], [ -56.00020011, -13.62400518 ], [ -56.00040566, -13.62395105 ], [ -56.00044213, -13.62369986 ], [ -56.0003681, -13.62354796 ], [ -56.00039583, -13.62343724 ], [ -56.00029027, -13.62324968 ], [ -56.00024272, -13.62308735 ], [ -56.00035835, -13.62292107 ], [ -56.00030874, -13.62251099 ], [ -56.00030076, -13.62227578 ], [ -56.00042104, -13.62224198 ], [ -56.00035063, -13.62201718 ], [ -56.00016103, -13.6218698 ], [ -56.00012171, -13.62178817 ], [ -55.99996738, -13.62179873 ], [ -55.99983005, -13.62160668 ], [ -55.99972964, -13.62147787 ], [ -55.99960537, -13.62144856 ], [ -55.9996049, -13.62117585 ], [ -55.99983102, -13.6209561 ], [ -55.99978298, -13.6208095 ], [ -56.00006914, -13.6206269 ], [ -56.0002854, -13.62040444 ], [ -56.00007217, -13.62010159 ], [ -56.00009004, -13.61958844 ], [ -56.00042116, -13.61928785 ], [ -56.0007748, -13.61906504 ], [ -56.00093676, -13.61919176 ], [ -56.00097674, -13.61867196 ], [ -56.00098884, -13.61847348 ], [ -56.00092627, -13.61834049 ], [ -56.0009231, -13.61819953 ], [ -56.00093641, -13.61790071 ], [ -56.00106741, -13.61772453 ], [ -56.00114397, -13.61748949 ], [ -56.00121949, -13.61724935 ], [ -56.00135404, -13.61687037 ], [ -56.00153283, -13.61682169 ], [ -56.00141955, -13.61654538 ], [ -56.00145125, -13.61636166 ], [ -56.0012558, -13.61623681 ], [ -56.00159357, -13.61588677 ], [ -56.00158232, -13.61550942 ], [ -56.00158306, -13.61533298 ], [ -56.0014688, -13.61498641 ], [ -56.00147066, -13.61468245 ], [ -56.00182603, -13.61466228 ], [ -56.00195599, -13.61455402 ], [ -56.00188923, -13.61440471 ], [ -56.00196878, -13.6140891 ], [ -56.00170723, -13.61411643 ], [ -56.00174415, -13.61394894 ], [ -56.00146981, -13.61399288 ], [ -56.00092198, -13.61383805 ], [ -56.00079208, -13.61355067 ], [ -56.0006656, -13.61336596 ], [ -56.00084095, -13.61318964 ], [ -56.00088386, -13.61317925 ], [ -56.00105324, -13.6128119 ], [ -56.00103242, -13.61255215 ], [ -56.00099181, -13.61232781 ], [ -56.00108023, -13.61197677 ], [ -56.00116374, -13.61181276 ], [ -56.00134167, -13.61174771 ], [ -56.00142965, -13.61136359 ], [ -56.00171288, -13.61139517 ], [ -56.00165414, -13.6110249 ], [ -56.00138572, -13.61088139 ], [ -56.00158084, -13.61063209 ], [ -56.00145547, -13.61038091 ], [ -56.00145552, -13.60996394 ], [ -56.0017991, -13.60970156 ], [ -56.00138813, -13.60955972 ], [ -56.00151523, -13.60931144 ], [ -56.00125175, -13.60908459 ], [ -56.00108466, -13.6091667 ], [ -56.00105429, -13.60872634 ], [ -56.00093781, -13.6085014 ], [ -56.00094076, -13.60825708 ], [ -56.00126442, -13.60806268 ], [ -56.00114869, -13.60770168 ], [ -56.00097317, -13.60772579 ], [ -56.00112004, -13.60754556 ], [ -56.00115134, -13.60714039 ], [ -56.00129404, -13.60718966 ], [ -56.00125309, -13.6069458 ], [ -56.00142093, -13.606713 ], [ -56.00157073, -13.6066399 ], [ -56.00147009, -13.60655859 ], [ -56.00147362, -13.60622888 ], [ -56.00163497, -13.60621131 ], [ -56.00106713, -13.60617022 ], [ -56.00061335, -13.60589337 ], [ -56.00044081, -13.6058176 ], [ -56.00017446, -13.60559009 ], [ -56.00015837, -13.60543031 ], [ -56.00029543, -13.60517683 ], [ -56.00005783, -13.6049 ], [ -56.00019178, -13.60476729 ], [ -56.00012058, -13.60454694 ], [ -56.00022347, -13.60444948 ], [ -55.99999, -13.60431452 ], [ -56.00013463, -13.60418131 ], [ -55.99973363, -13.60426377 ], [ -55.99975062, -13.60404504 ], [ -55.9994794, -13.60359595 ], [ -55.99926099, -13.60321087 ], [ -55.99926378, -13.60271733 ], [ -55.99938317, -13.60259549 ], [ -55.99961797, -13.60230361 ], [ -55.99989341, -13.60236871 ], [ -56.00010664, -13.60243737 ], [ -56.00029976, -13.60243559 ], [ -56.0003699, -13.60219682 ], [ -56.00041057, -13.60192314 ], [ -56.0002333, -13.6016552 ], [ -56.00020801, -13.60146931 ], [ -55.99982845, -13.60099047 ], [ -55.99980875, -13.60084707 ], [ -55.99963603, -13.60078196 ], [ -55.99946538, -13.60049799 ], [ -55.99885975, -13.60016799 ], [ -55.99861588, -13.59993926 ], [ -55.99877046, -13.59994582 ], [ -55.9988971, -13.59971486 ], [ -55.9990138, -13.59947776 ], [ -55.99913279, -13.59900264 ], [ -55.99952794, -13.5987567 ], [ -55.99984133, -13.59866855 ], [ -55.99969473, -13.59854919 ], [ -55.99973729, -13.59834574 ], [ -55.99983146, -13.5982471 ], [ -55.99950276, -13.59811604 ], [ -55.99960495, -13.5978273 ], [ -55.99964463, -13.59756692 ], [ -55.99984036, -13.59738468 ], [ -55.9998198, -13.59737944 ], [ -55.99966968, -13.59685901 ], [ -55.99942673, -13.5967356 ], [ -55.99882638, -13.59684836 ], [ -55.99868643, -13.5966545 ], [ -55.99842427, -13.59640465 ], [ -55.99865344, -13.59600815 ], [ -55.99858096, -13.59552922 ], [ -55.99813117, -13.59564186 ], [ -55.99788946, -13.5955944 ], [ -55.99774569, -13.59538024 ], [ -55.99790569, -13.59500238 ], [ -55.99815444, -13.59498631 ], [ -55.99831092, -13.59478693 ], [ -55.99852929, -13.5947254 ], [ -55.99856995, -13.59458378 ], [ -55.99857957, -13.59428729 ], [ -55.99866985, -13.59403263 ], [ -55.99860283, -13.59390848 ], [ -55.99850128, -13.59407102 ], [ -55.99837012, -13.5939649 ], [ -55.99831864, -13.59379474 ], [ -55.99819055, -13.59369299 ], [ -55.99844531, -13.59345415 ], [ -55.99838161, -13.59324039 ], [ -55.99819732, -13.59323048 ], [ -55.99816991, -13.59304276 ], [ -55.99801085, -13.59289341 ], [ -55.99843683, -13.59244231 ], [ -55.9983569, -13.59221209 ], [ -55.99853568, -13.59214621 ], [ -55.99829677, -13.59168064 ], [ -55.99837676, -13.59152872 ], [ -55.99821205, -13.59110809 ], [ -55.9981497, -13.59094028 ], [ -55.99772807, -13.59070293 ], [ -55.99729734, -13.59079153 ], [ -55.99713332, -13.59061175 ], [ -55.99715743, -13.59029337 ], [ -55.99675014, -13.5900216 ], [ -55.99648392, -13.59020344 ], [ -55.99605942, -13.58972147 ], [ -55.99608444, -13.58958085 ], [ -55.99631464, -13.58956957 ], [ -55.99625085, -13.58940183 ], [ -55.9960453, -13.58940807 ], [ -55.99591469, -13.58954226 ], [ -55.99578784, -13.58926175 ], [ -55.99596297, -13.58880553 ], [ -55.99617074, -13.58860819 ], [ -55.99604426, -13.58858533 ], [ -55.9958547, -13.58883151 ], [ -55.99568479, -13.58865205 ], [ -55.99572059, -13.58832749 ], [ -55.99596399, -13.58771246 ], [ -55.99616973, -13.58735806 ], [ -55.99591635, -13.58744989 ], [ -55.99578964, -13.58727105 ], [ -55.99589037, -13.58710595 ], [ -55.99574063, -13.5871137 ], [ -55.99570209, -13.5870731 ], [ -55.99549914, -13.58671193 ], [ -55.99520756, -13.58707596 ], [ -55.9950197, -13.58722032 ], [ -55.99489271, -13.5869907 ], [ -55.99452964, -13.58688277 ], [ -55.99448114, -13.58686835 ], [ -55.99451773, -13.58666424 ], [ -55.99406946, -13.58635512 ], [ -55.99405208, -13.58618442 ], [ -55.99383977, -13.58615272 ], [ -55.99350607, -13.5859346 ], [ -55.99292984, -13.58574976 ], [ -55.99273411, -13.58565958 ], [ -55.99240404, -13.58561973 ], [ -55.99209281, -13.58536518 ], [ -55.99239788, -13.58527619 ], [ -55.9923613, -13.58483846 ], [ -55.99277308, -13.58464912 ], [ -55.99279189, -13.58451972 ], [ -55.99222055, -13.58425555 ], [ -55.99203175, -13.5844866 ], [ -55.99170133, -13.58460691 ], [ -55.99134389, -13.58442739 ], [ -55.99119372, -13.58425394 ], [ -55.99065397, -13.58426395 ], [ -55.99066318, -13.58390932 ], [ -55.99075068, -13.58363079 ], [ -55.99051926, -13.58377513 ], [ -55.99010964, -13.58339041 ], [ -55.99024433, -13.58318753 ], [ -55.99057955, -13.583142 ], [ -55.99074085, -13.58297686 ], [ -55.99036301, -13.58274509 ], [ -55.99025386, -13.58254789 ], [ -55.98974324, -13.58244678 ], [ -55.98939309, -13.58213065 ], [ -55.98910733, -13.58196276 ], [ -55.98905419, -13.58141482 ], [ -55.98903266, -13.580772 ], [ -55.98869338, -13.58061516 ], [ -55.98849079, -13.58048173 ], [ -55.98863362, -13.5800616 ], [ -55.98843552, -13.57968277 ], [ -55.98818227, -13.57951136 ], [ -55.98794714, -13.579148 ], [ -55.98784814, -13.57875771 ], [ -55.98759927, -13.57831039 ], [ -55.98778273, -13.57804578 ], [ -55.98769197, -13.57766804 ], [ -55.98746846, -13.57745691 ], [ -55.98755645, -13.57707236 ], [ -55.9874078, -13.57667912 ], [ -55.98738508, -13.57641305 ], [ -55.98676408, -13.57632582 ], [ -55.98648808, -13.57618207 ], [ -55.98616875, -13.57557727 ], [ -55.9863261, -13.57544646 ], [ -55.98658833, -13.57542675 ], [ -55.98640771, -13.57499083 ], [ -55.98653241, -13.57458174 ], [ -55.98640376, -13.57432181 ], [ -55.98624895, -13.57418832 ], [ -55.98631881, -13.57400716 ], [ -55.98621054, -13.57384491 ], [ -55.98621314, -13.57349754 ], [ -55.98609136, -13.57335209 ], [ -55.98580565, -13.57322527 ], [ -55.98587346, -13.57308957 ], [ -55.98619302, -13.57296656 ], [ -55.98587292, -13.57249505 ], [ -55.9854622, -13.57214742 ], [ -55.9855326, -13.57173657 ], [ -55.98582895, -13.57171132 ], [ -55.98575354, -13.57198793 ], [ -55.98580404, -13.57197637 ], [ -55.98590759, -13.57158 ], [ -55.98550322, -13.57140962 ], [ -55.98541456, -13.57117904 ], [ -55.98549957, -13.57105593 ], [ -55.98519507, -13.57080243 ], [ -55.98491384, -13.57050114 ], [ -55.98487271, -13.57018625 ], [ -55.98479837, -13.56981111 ], [ -55.98450009, -13.56966429 ], [ -55.98450348, -13.56943254 ], [ -55.98463769, -13.56925514 ], [ -55.98476357, -13.56905805 ], [ -55.98480908, -13.56890022 ], [ -55.98478526, -13.56872415 ], [ -55.9845088, -13.56844048 ], [ -55.98439157, -13.56813735 ], [ -55.98415936, -13.56806349 ], [ -55.98405162, -13.56773885 ], [ -55.98380664, -13.56769083 ], [ -55.98387881, -13.56757463 ], [ -55.98410355, -13.56751064 ], [ -55.98403594, -13.56727576 ], [ -55.98415723, -13.56720944 ], [ -55.98369886, -13.56688981 ], [ -55.98381893, -13.56667662 ], [ -55.98352448, -13.56664719 ], [ -55.98317802, -13.56629317 ], [ -55.98321029, -13.56604701 ], [ -55.98272995, -13.56598064 ], [ -55.98214013, -13.56626967 ], [ -55.98198141, -13.56611958 ], [ -55.98190805, -13.56577078 ], [ -55.98175785, -13.56595683 ], [ -55.98151589, -13.56579033 ], [ -55.98159272, -13.56559583 ], [ -55.98142902, -13.5655432 ], [ -55.98137719, -13.56516244 ], [ -55.98105696, -13.56566274 ], [ -55.9808357, -13.56566538 ], [ -55.98083532, -13.56527101 ], [ -55.98069092, -13.56487822 ], [ -55.98070256, -13.56456323 ], [ -55.98079108, -13.56443285 ], [ -55.98036931, -13.56415058 ], [ -55.98015105, -13.56378575 ], [ -55.9799706, -13.56417925 ], [ -55.97968089, -13.56407186 ], [ -55.97977511, -13.56358518 ], [ -55.97957196, -13.56351026 ], [ -55.97941088, -13.56302769 ], [ -55.97904413, -13.56274381 ], [ -55.9786502, -13.5621527 ], [ -55.97831989, -13.56164661 ], [ -55.97803896, -13.56116959 ], [ -55.97810556, -13.56088148 ], [ -55.97764273, -13.5606039 ], [ -55.97707315, -13.56062625 ], [ -55.97700158, -13.56045972 ], [ -55.97730247, -13.56014129 ], [ -55.97716762, -13.55979228 ], [ -55.97696634, -13.55985616 ], [ -55.97684594, -13.55965557 ], [ -55.97684566, -13.5597881 ], [ -55.97659859, -13.55984771 ], [ -55.97635368, -13.55977422 ], [ -55.97649909, -13.55956476 ], [ -55.97633333, -13.55935603 ], [ -55.97606409, -13.55928759 ], [ -55.97604254, -13.55959652 ], [ -55.97586264, -13.55956095 ], [ -55.97568164, -13.55915837 ], [ -55.97514211, -13.5590035 ], [ -55.97509597, -13.5588276 ], [ -55.97528365, -13.55868383 ], [ -55.97521215, -13.5585305 ], [ -55.97505311, -13.55880461 ], [ -55.97460061, -13.55884776 ], [ -55.97433815, -13.55879016 ], [ -55.97436368, -13.55858245 ], [ -55.97403126, -13.55846583 ], [ -55.97403044, -13.55831579 ], [ -55.9743171, -13.55823941 ], [ -55.97403275, -13.55814636 ], [ -55.9738415, -13.55823444 ], [ -55.97371022, -13.55795833 ], [ -55.97365949, -13.55771816 ], [ -55.97337834, -13.55764936 ] ] ] } },
{ "type": "Feature", "properties": { }, "geometry": { "type": "Polygon", "coordinates": [ [ [ -55.814748, -14.141667 ], [ -55.828867, -14.057936 ], [ -55.829275, -14.051441 ], [ -55.813611, -14.047925 ], [ -55.817436, -14.043265 ], [ -55.813651, -14.041973 ], [ -55.812534, -14.040187 ], [ -55.808563, -14.038796 ], [ -55.809014, -14.035895 ], [ -55.807092, -14.033478 ], [ -55.803062, -14.033739 ], [ -55.798838, -14.037022 ], [ -55.798106, -14.039303 ], [ -55.799568, -14.041448 ], [ -55.798528, -14.042679 ], [ -55.784793, -14.034617 ], [ -55.778487, -14.034807 ], [ -55.759407, -14.130017 ], [ -55.762176, -14.130794 ], [ -55.76583, -14.130327 ], [ -55.770631, -14.129051 ], [ -55.77231, -14.12901 ], [ -55.775458, -14.130133 ], [ -55.777157, -14.133084 ], [ -55.776149, -14.135347 ], [ -55.774675, -14.137649 ], [ -55.776526, -14.137401 ], [ -55.779797, -14.136067 ], [ -55.779806, -14.134448 ], [ -55.78202, -14.134351 ], [ -55.783498, -14.137328 ], [ -55.783576, -14.134956 ], [ -55.784858, -14.135145 ], [ -55.785282, -14.135852 ], [ -55.786058, -14.135725 ], [ -55.786415, -14.133901 ], [ -55.787988, -14.133768 ], [ -55.789768, -14.134468 ], [ -55.793232, -14.135156 ], [ -55.79688, -14.139142 ], [ -55.796997, -14.140774 ], [ -55.79764, -14.141134 ], [ -55.798032, -14.140045 ], [ -55.7997, -14.141521 ], [ -55.801703, -14.14063 ], [ -55.803667, -14.143135 ], [ -55.804246, -14.143347 ], [ -55.805043, -14.143037 ], [ -55.805396, -14.141151 ], [ -55.806365, -14.140842 ], [ -55.806921, -14.141222 ], [ -55.807854, -14.14368 ], [ -55.81284, -14.143537 ], [ -55.814748, -14.141667 ] ] ] } },
{ "type": "Feature", "properties": { }, "geometry": { "type": "Polygon", "coordinates": [ [ [ -55.81593856, -13.97089426 ], [ -55.81161708, -13.97166742 ], [ -55.8072956, -13.97244059 ], [ -55.80297412, -13.97321375 ], [ -55.80385825, -13.97661914 ], [ -55.80474237, -13.98002453 ], [ -55.80909015, -13.9792469 ], [ -55.81343793, -13.97846926 ], [ -55.81778571, -13.97769163 ], [ -55.81686214, -13.97429295 ], [ -55.81593856, -13.97089426 ] ] ] } },
{ "type": "Feature", "properties": { }, "geometry": { "type": "Polygon", "coordinates": [ [ [ -55.7553859, -14.02508016 ], [ -55.75604043, -14.02873303 ], [ -55.75669496, -14.0323859 ], [ -55.75734949, -14.03603877 ], [ -55.75613275, -14.03933826 ], [ -55.75491601, -14.04263774 ], [ -55.75407088, -14.04442531 ], [ -55.75802838, -14.04643021 ], [ -55.76198588, -14.04843511 ], [ -55.76549113, -14.04884074 ], [ -55.76899638, -14.04924636 ], [ -55.77250163, -14.04965199 ], [ -55.77600689, -14.05005762 ], [ -55.77675183, -14.04633863 ], [ -55.77749678, -14.04261964 ], [ -55.77824172, -14.03890066 ], [ -55.77898667, -14.03518167 ], [ -55.78213972, -14.03508667 ], [ -55.78529278, -14.03499167 ], [ -55.7887266, -14.03700708 ], [ -55.79216042, -14.0390225 ], [ -55.79559424, -14.04103791 ], [ -55.79902806, -14.04305333 ], [ -55.80006806, -14.04182194 ], [ -55.79860639, -14.03967722 ], [ -55.79933833, -14.03739667 ], [ -55.80145014, -14.03575514 ], [ -55.80356194, -14.03411361 ], [ -55.80759167, -14.0338525 ], [ -55.80323305, -14.03311929 ], [ -55.79887443, -14.03238607 ], [ -55.79451582, -14.03165286 ], [ -55.7901572, -14.03091964 ], [ -55.78579858, -14.03018643 ], [ -55.78143996, -14.02945321 ], [ -55.77708134, -14.02872 ], [ -55.77272272, -14.02798678 ], [ -55.76836411, -14.02725357 ], [ -55.76403804, -14.0265291 ], [ -55.75971197, -14.02580463 ], [ -55.7553859, -14.02508016 ] ] ] } },
{ "type": "Feature", "properties": { }, "geometry": { "type": "Polygon", "coordinates": [ [ [ -56.14811234, -13.39397438 ], [ -56.14753058, -13.39413462 ], [ -56.14714773, -13.39401579 ], [ -56.14697341, -13.39355734 ], [ -56.14611863, -13.39391005 ], [ -56.14553584, -13.39454705 ], [ -56.14481428, -13.3948588 ], [ -56.14411566, -13.3951086 ], [ -56.14342704, -13.39576739 ], [ -56.14330879, -13.3964045 ], [ -56.14238694, -13.39644459 ], [ -56.14250104, -13.39724009 ], [ -56.14221896, -13.39776951 ], [ -56.14207298, -13.39770799 ], [ -56.14200596, -13.39767132 ], [ -56.14154122, -13.39782942 ], [ -56.14069505, -13.39803938 ], [ -56.14041837, -13.39847677 ], [ -56.13994294, -13.39909612 ], [ -56.13961049, -13.40012654 ], [ -56.13955439, -13.400889 ], [ -56.13954783, -13.40174865 ], [ -56.13928191, -13.40196076 ], [ -56.13818893, -13.40134519 ], [ -56.1380182, -13.40099886 ], [ -56.13736687, -13.4013951 ], [ -56.13740589, -13.40195318 ], [ -56.13712676, -13.4021676 ], [ -56.13690729, -13.40266603 ], [ -56.1367175, -13.40287225 ], [ -56.13646279, -13.40356857 ], [ -56.13629122, -13.40381717 ], [ -56.13569205, -13.40439811 ], [ -56.1354114, -13.4046063 ], [ -56.13436938, -13.40566262 ], [ -56.13403149, -13.40599921 ], [ -56.13304839, -13.40661106 ], [ -56.13239234, -13.40675254 ], [ -56.1315129, -13.40706415 ], [ -56.13080864, -13.40724516 ], [ -56.13037421, -13.40722683 ], [ -56.12986123, -13.40744771 ], [ -56.12916525, -13.40737659 ], [ -56.12831191, -13.40746413 ], [ -56.12763974, -13.40742935 ], [ -56.12726716, -13.40760955 ], [ -56.12688372, -13.40761443 ], [ -56.12634903, -13.41151363 ], [ -56.12581433, -13.41541284 ], [ -56.12527964, -13.41931205 ], [ -56.12474494, -13.42321126 ], [ -56.12421024, -13.42711046 ], [ -56.12367555, -13.43100967 ], [ -56.12314085, -13.43490888 ], [ -56.12710199, -13.43542937 ], [ -56.13106313, -13.43594987 ], [ -56.133874, -13.43632414 ], [ -56.13668487, -13.43669841 ], [ -56.14009938, -13.43720884 ], [ -56.1435139, -13.43771927 ], [ -56.1438741, -13.43757755 ], [ -56.14490086, -13.43748357 ], [ -56.14573138, -13.43719308 ], [ -56.14658481, -13.4371892 ], [ -56.14773132, -13.43724253 ], [ -56.14831756, -13.4372013 ], [ -56.14898718, -13.43679995 ], [ -56.14937435, -13.43623914 ], [ -56.14970118, -13.43594305 ], [ -56.15000288, -13.43572843 ], [ -56.15058597, -13.43498113 ], [ -56.15096419, -13.43428042 ], [ -56.15161241, -13.43318713 ], [ -56.15209615, -13.4326884 ], [ -56.15271845, -13.43213272 ], [ -56.15315104, -13.43130968 ], [ -56.1537042, -13.43044861 ], [ -56.15411567, -13.42958978 ], [ -56.15392558, -13.4286396 ], [ -56.15407756, -13.42752258 ], [ -56.15431599, -13.4264062 ], [ -56.15488646, -13.4253706 ], [ -56.15497732, -13.42469405 ], [ -56.15536168, -13.42371072 ], [ -56.15589873, -13.42272319 ], [ -56.15644209, -13.4217516 ], [ -56.15684696, -13.42092194 ], [ -56.15715002, -13.42025704 ], [ -56.15755913, -13.41916212 ], [ -56.15774229, -13.41820641 ], [ -56.15803417, -13.41690549 ], [ -56.15850381, -13.41601122 ], [ -56.15886587, -13.41479218 ], [ -56.15913146, -13.41395618 ], [ -56.15914993, -13.41366302 ], [ -56.15742053, -13.41021464 ], [ -56.15569113, -13.40676625 ], [ -56.15396172, -13.40331787 ], [ -56.15223232, -13.39986949 ], [ -56.15050292, -13.39642111 ], [ -56.14877351, -13.39297272 ], [ -56.14849002, -13.39322665 ], [ -56.14820966, -13.39363872 ], [ -56.14811234, -13.39397438 ] ] ] } },
{ "type": "Feature", "properties": { }, "geometry": { "type": "Polygon", "coordinates": [ [ [ -55.84395973, -13.92384167 ], [ -55.84124019, -13.92238936 ], [ -55.83852065, -13.92093704 ], [ -55.83580111, -13.91948473 ], [ -55.83851789, -13.9229699 ], [ -55.84123467, -13.92645506 ], [ -55.84395145, -13.92994023 ], [ -55.84666823, -13.93342539 ], [ -55.84938501, -13.93691056 ], [ -55.85174945, -13.93412779 ], [ -55.85181278, -13.93389167 ], [ -55.8491951, -13.93054167 ], [ -55.84657742, -13.92719167 ], [ -55.84395973, -13.92384167 ] ] ] } },
{ "type": "Feature", "properties": { }, "geometry": { "type": "Polygon", "coordinates": [ [ [ -55.82890417, -13.91064333 ], [ -55.82732111, -13.91356917 ], [ -55.82681639, -13.91558417 ], [ -55.82607, -13.91791194 ], [ -55.82561694, -13.91897 ], [ -55.8271709, -13.92310774 ], [ -55.82872486, -13.92724548 ], [ -55.83027882, -13.93138323 ], [ -55.83183278, -13.93552097 ], [ -55.83338673, -13.93965871 ], [ -55.83494069, -13.94379645 ], [ -55.83649465, -13.9479342 ], [ -55.83804861, -13.95207194 ], [ -55.84181445, -13.95341903 ], [ -55.84558028, -13.95476611 ], [ -55.84592285, -13.95101854 ], [ -55.84626542, -13.94727097 ], [ -55.84660799, -13.9435234 ], [ -55.84695056, -13.93977583 ], [ -55.84938, -13.93690667 ], [ -55.84682052, -13.93362375 ], [ -55.84426104, -13.93034084 ], [ -55.84170156, -13.92705792 ], [ -55.83914209, -13.923775 ], [ -55.83658261, -13.92049208 ], [ -55.83402313, -13.91720917 ], [ -55.83146365, -13.91392625 ], [ -55.82890417, -13.91064333 ] ] ] } },
{ "type": "Feature", "properties": { }, "geometry": { "type": "Polygon", "coordinates": [ [ [ -55.35048056, -13.64571667 ], [ -55.35003556, -13.64595694 ], [ -55.34992556, -13.64607222 ], [ -55.35001694, -13.64624278 ], [ -55.35014611, -13.64623806 ], [ -55.3502475, -13.64640917 ], [ -55.35026111, -13.64677194 ], [ -55.35018111, -13.64687 ], [ -55.35010167, -13.64710917 ], [ -55.34987778, -13.64739833 ], [ -55.34977944, -13.64753556 ], [ -55.34943639, -13.647685 ], [ -55.34901222, -13.64791806 ], [ -55.34888306, -13.64808694 ], [ -55.34879806, -13.64831 ], [ -55.34876056, -13.64861944 ], [ -55.34884167, -13.64890056 ], [ -55.34889889, -13.64911139 ], [ -55.34872306, -13.64938667 ], [ -55.34834139, -13.64947694 ], [ -55.34789, -13.64957806 ], [ -55.34770278, -13.64960528 ], [ -55.34752417, -13.64976972 ], [ -55.34736639, -13.64989278 ], [ -55.34717639, -13.6500275 ], [ -55.34713361, -13.65019056 ], [ -55.34704444, -13.65025917 ], [ -55.34685361, -13.65014917 ], [ -55.34659306, -13.64991667 ], [ -55.34648611, -13.6498075 ], [ -55.34621389, -13.64965111 ], [ -55.34584722, -13.64971889 ], [ -55.34572917, -13.64983361 ], [ -55.34566417, -13.65023722 ], [ -55.34569639, -13.65064472 ], [ -55.34566083, -13.65099 ], [ -55.34561972, -13.65113472 ], [ -55.34556056, -13.65139278 ], [ -55.34549722, -13.65168972 ], [ -55.34539194, -13.65211861 ], [ -55.34527028, -13.65234944 ], [ -55.34517222, -13.65252333 ], [ -55.34509861, -13.65273083 ], [ -55.34511639, -13.65305667 ], [ -55.34493111, -13.65337472 ], [ -55.34485222, -13.65367611 ], [ -55.34467806, -13.65388833 ], [ -55.34453472, -13.65408361 ], [ -55.34431194, -13.654615 ], [ -55.34396889, -13.65491639 ], [ -55.34387833, -13.65507444 ], [ -55.34382194, -13.65528306 ], [ -55.34392556, -13.65542111 ], [ -55.34417917, -13.65556167 ], [ -55.34452611, -13.65578389 ], [ -55.34480472, -13.65589972 ], [ -55.34504083, -13.65613722 ], [ -55.34533556, -13.65605 ], [ -55.34551167, -13.65590167 ], [ -55.34580194, -13.6557 ], [ -55.34596167, -13.65582611 ], [ -55.345985, -13.65618611 ], [ -55.345865, -13.65640028 ], [ -55.34562778, -13.65652444 ], [ -55.34536639, -13.6566225 ], [ -55.34501222, -13.65707833 ], [ -55.34487833, -13.65722694 ], [ -55.34462583, -13.65743139 ], [ -55.344295, -13.65768722 ], [ -55.34416417, -13.65798806 ], [ -55.34416333, -13.65835417 ], [ -55.34398806, -13.65872 ], [ -55.34383694, -13.65904694 ], [ -55.34372028, -13.65938611 ], [ -55.3435475, -13.65950306 ], [ -55.34330694, -13.65961444 ], [ -55.34324167, -13.66001139 ], [ -55.343135, -13.66019944 ], [ -55.34280417, -13.66031361 ], [ -55.34287417, -13.66067667 ], [ -55.34305806, -13.66086556 ], [ -55.34342528, -13.66087667 ], [ -55.34373361, -13.66111389 ], [ -55.34403333, -13.66135361 ], [ -55.34403861, -13.66154083 ], [ -55.34386111, -13.66194667 ], [ -55.34360861, -13.66221444 ], [ -55.34337667, -13.66245306 ], [ -55.34312806, -13.66271806 ], [ -55.34283361, -13.66282222 ], [ -55.34267917, -13.66301556 ], [ -55.34247611, -13.66299833 ], [ -55.34208417, -13.66294861 ], [ -55.34181972, -13.663025 ], [ -55.34165778, -13.66341306 ], [ -55.3414425, -13.66368611 ], [ -55.3412375, -13.66382972 ], [ -55.34043472, -13.66408861 ], [ -55.34044111, -13.66422278 ], [ -55.34057417, -13.66440528 ], [ -55.34094917, -13.66460583 ], [ -55.3412, -13.66482028 ], [ -55.34126639, -13.6649675 ], [ -55.34104056, -13.66525444 ], [ -55.34084861, -13.66536278 ], [ -55.34079528, -13.66535833 ], [ -55.34063306, -13.66533194 ], [ -55.34042139, -13.66520722 ], [ -55.34012778, -13.66540833 ], [ -55.33998778, -13.66561556 ], [ -55.33982861, -13.66599028 ], [ -55.33972167, -13.66686778 ], [ -55.33976889, -13.66709972 ], [ -55.33986694, -13.66741694 ], [ -55.33984472, -13.66786444 ], [ -55.33968778, -13.66810639 ], [ -55.33945472, -13.66831306 ], [ -55.33935472, -13.66853833 ], [ -55.33913389, -13.66885861 ], [ -55.33904583, -13.66920806 ], [ -55.33886361, -13.6694125 ], [ -55.33887417, -13.66971833 ], [ -55.33922139, -13.66990111 ], [ -55.33968833, -13.66990194 ], [ -55.34003194, -13.66986639 ], [ -55.3401925, -13.670105 ], [ -55.34004472, -13.67056167 ], [ -55.34001667, -13.67089194 ], [ -55.34000667, -13.67104222 ], [ -55.34013278, -13.67110861 ], [ -55.34056278, -13.67103833 ], [ -55.34082417, -13.67110278 ], [ -55.34096, -13.671275 ], [ -55.34119806, -13.67147972 ], [ -55.341395, -13.67160778 ], [ -55.34128722, -13.67183167 ], [ -55.3410525, -13.67196806 ], [ -55.34081, -13.67215361 ], [ -55.34066139, -13.67256278 ], [ -55.34044139, -13.67270944 ], [ -55.34012, -13.67280667 ], [ -55.33989194, -13.67285 ], [ -55.339775, -13.67277222 ], [ -55.3394325, -13.67255667 ], [ -55.33922333, -13.67256694 ], [ -55.33890694, -13.67248944 ], [ -55.33864639, -13.67235528 ], [ -55.33860972, -13.67247083 ], [ -55.33849806, -13.67279861 ], [ -55.33845111, -13.67284611 ], [ -55.33832333, -13.67281139 ], [ -55.33809583, -13.67265694 ], [ -55.33805139, -13.67304667 ], [ -55.33809889, -13.67340444 ], [ -55.33805639, -13.67360111 ], [ -55.33798278, -13.67385528 ], [ -55.33775028, -13.67406222 ], [ -55.33760528, -13.67424083 ], [ -55.33752222, -13.67449111 ], [ -55.33745472, -13.67478111 ], [ -55.33734333, -13.67504972 ], [ -55.33727648, -13.6753897 ], [ -55.33725833, -13.67549056 ], [ -55.33717861, -13.67588639 ], [ -55.33727667, -13.67602472 ], [ -55.33740528, -13.67626389 ], [ -55.33732194, -13.67648472 ], [ -55.33741528, -13.67672944 ], [ -55.33747389, -13.676955 ], [ -55.33746667, -13.67735972 ], [ -55.33750361, -13.67759667 ], [ -55.33762194, -13.67772861 ], [ -55.33779722, -13.67778111 ], [ -55.33805139, -13.67779694 ], [ -55.33806556, -13.67808111 ], [ -55.33791472, -13.67821639 ], [ -55.33771167, -13.67839056 ], [ -55.33746417, -13.67860611 ], [ -55.33728972, -13.67868639 ], [ -55.33717722, -13.67878611 ], [ -55.33713028, -13.67909861 ], [ -55.33700861, -13.67935528 ], [ -55.33699722, -13.67959944 ], [ -55.3370375, -13.67976056 ], [ -55.33721056, -13.68015556 ], [ -55.337195, -13.68028694 ], [ -55.33696139, -13.68036361 ], [ -55.336865, -13.68057722 ], [ -55.33682611, -13.68089472 ], [ -55.3367025, -13.68118444 ], [ -55.33659722, -13.68141417 ], [ -55.3365075, -13.68174806 ], [ -55.33657889, -13.68207639 ], [ -55.33665139, -13.68217861 ], [ -55.33695694, -13.6824225 ], [ -55.33704583, -13.68262778 ], [ -55.33690417, -13.68283889 ], [ -55.33657722, -13.68318472 ], [ -55.33640556, -13.68363389 ], [ -55.336205, -13.68367222 ], [ -55.33614944, -13.68378194 ], [ -55.33624194, -13.6839175 ], [ -55.33630889, -13.68401028 ], [ -55.33641, -13.68430333 ], [ -55.33659194, -13.68471472 ], [ -55.33676722, -13.68490667 ], [ -55.33692528, -13.68533111 ], [ -55.33702694, -13.68564139 ], [ -55.33728611, -13.68602139 ], [ -55.33769278, -13.68626167 ], [ -55.33782028, -13.68646972 ], [ -55.33785028, -13.68692611 ], [ -55.33789194, -13.68727139 ], [ -55.33813639, -13.68741944 ], [ -55.33852306, -13.68764167 ], [ -55.33876472, -13.6877825 ], [ -55.33894139, -13.68803833 ], [ -55.33897917, -13.688315 ], [ -55.33895667, -13.68861222 ], [ -55.33901083, -13.68884528 ], [ -55.33921889, -13.68902361 ], [ -55.33955194, -13.68917528 ], [ -55.33979056, -13.68908861 ], [ -55.34006083, -13.68905694 ], [ -55.34025167, -13.68919139 ], [ -55.34012861, -13.68949278 ], [ -55.34006972, -13.68965222 ], [ -55.33995694, -13.69004778 ], [ -55.33983389, -13.69026 ], [ -55.33954917, -13.69048861 ], [ -55.33941833, -13.69060278 ], [ -55.33925389, -13.69089 ], [ -55.33895, -13.69109444 ], [ -55.33907556, -13.69146611 ], [ -55.33864222, -13.69153056 ], [ -55.33845778, -13.69164694 ], [ -55.33829528, -13.69183111 ], [ -55.33833934, -13.69217313 ], [ -55.33844806, -13.69231417 ], [ -55.33849389, -13.69268556 ], [ -55.33845361, -13.69292722 ], [ -55.33844306, -13.69304639 ], [ -55.33850722, -13.69315194 ], [ -55.33866528, -13.69323722 ], [ -55.33893556, -13.69331056 ], [ -55.33940833, -13.69333972 ], [ -55.33966139, -13.69355111 ], [ -55.33977278, -13.69368806 ], [ -55.33978722, -13.69402833 ], [ -55.33978778, -13.694265 ], [ -55.33956667, -13.69452639 ], [ -55.339385, -13.69480611 ], [ -55.33911833, -13.69490389 ], [ -55.33899694, -13.69498417 ], [ -55.33911444, -13.6951975 ], [ -55.33938528, -13.69525056 ], [ -55.34340068, -13.69598155 ], [ -55.34741607, -13.69671254 ], [ -55.35143147, -13.69744353 ], [ -55.35544687, -13.69817453 ], [ -55.35946227, -13.69890552 ], [ -55.36347766, -13.69963651 ], [ -55.36749306, -13.7003675 ], [ -55.37127061, -13.70108292 ], [ -55.37504815, -13.70179833 ], [ -55.3788257, -13.70251375 ], [ -55.38260324, -13.70322917 ], [ -55.38638079, -13.70394458 ], [ -55.39015833, -13.70466 ], [ -55.3905225, -13.7047275 ], [ -55.39440913, -13.70543464 ], [ -55.39829575, -13.70614179 ], [ -55.40218238, -13.70684893 ], [ -55.40606901, -13.70755607 ], [ -55.40995564, -13.70826321 ], [ -55.41384226, -13.70897036 ], [ -55.41772889, -13.7096775 ], [ -55.42192579, -13.71042896 ], [ -55.42612269, -13.71118042 ], [ -55.4303196, -13.71193188 ], [ -55.4345165, -13.71268333 ], [ -55.4387134, -13.71343479 ], [ -55.4429103, -13.71418625 ], [ -55.44710721, -13.71493771 ], [ -55.45130411, -13.71568917 ], [ -55.45550101, -13.71644063 ], [ -55.45969791, -13.71719209 ], [ -55.459795, -13.71712417 ], [ -55.45999056, -13.71692306 ], [ -55.46003944, -13.71659944 ], [ -55.46007889, -13.71652639 ], [ -55.46023611, -13.71645083 ], [ -55.46009778, -13.71628639 ], [ -55.46001833, -13.71608639 ], [ -55.46027167, -13.71569333 ], [ -55.46010222, -13.71543 ], [ -55.46014417, -13.71516361 ], [ -55.46000639, -13.71507583 ], [ -55.45980694, -13.71476083 ], [ -55.45994944, -13.71455972 ], [ -55.46019778, -13.71460889 ], [ -55.4600675, -13.7143575 ], [ -55.45999, -13.71381889 ], [ -55.46016, -13.71349528 ], [ -55.46041667, -13.71313861 ], [ -55.4605825, -13.71302889 ], [ -55.46035083, -13.71311222 ], [ -55.46018111, -13.71301444 ], [ -55.46007056, -13.71288278 ], [ -55.46013083, -13.71271611 ], [ -55.46043083, -13.71247694 ], [ -55.46024639, -13.71238583 ], [ -55.46020667, -13.71215083 ], [ -55.46031361, -13.71207056 ], [ -55.46024806, -13.71173028 ], [ -55.46026778, -13.71142611 ], [ -55.46027722, -13.71104167 ], [ -55.4603625, -13.71088083 ], [ -55.46066278, -13.71018139 ], [ -55.46071861, -13.7100175 ], [ -55.46070222, -13.709705 ], [ -55.46055722, -13.70964583 ], [ -55.46069639, -13.70911972 ], [ -55.46078472, -13.70880833 ], [ -55.461005, -13.70855694 ], [ -55.46103556, -13.70819806 ], [ -55.46149694, -13.70774611 ], [ -55.4615875, -13.70727556 ], [ -55.46171167, -13.70706278 ], [ -55.46204361, -13.70658083 ], [ -55.46180639, -13.70612917 ], [ -55.46178278, -13.70586028 ], [ -55.46208472, -13.70604444 ], [ -55.46211278, -13.70565472 ], [ -55.46206556, -13.70546389 ], [ -55.46194833, -13.70539139 ], [ -55.4617175, -13.70558083 ], [ -55.46154028, -13.7054125 ], [ -55.46161167, -13.705285 ], [ -55.46179056, -13.70494889 ], [ -55.46205333, -13.70484806 ], [ -55.46200833, -13.70465417 ], [ -55.46225306, -13.70439056 ], [ -55.46248139, -13.70391083 ], [ -55.46235972, -13.70385 ], [ -55.46230333, -13.70377093 ], [ -55.45844156, -13.70174285 ], [ -55.4545798, -13.69971477 ], [ -55.45071803, -13.69768669 ], [ -55.44685626, -13.69565861 ], [ -55.44299449, -13.69363053 ], [ -55.43913272, -13.69160245 ], [ -55.43527096, -13.68957437 ], [ -55.43253999, -13.68813986 ], [ -55.42980902, -13.68670534 ], [ -55.42707806, -13.68527083 ], [ -55.42337782, -13.68332604 ], [ -55.41967758, -13.68138124 ], [ -55.41597734, -13.67943644 ], [ -55.4122771, -13.67749165 ], [ -55.40857686, -13.67554685 ], [ -55.40487663, -13.67360206 ], [ -55.40117639, -13.67165726 ], [ -55.39747615, -13.66971247 ], [ -55.39377591, -13.66776767 ], [ -55.39007567, -13.66582287 ], [ -55.38625247, -13.66381281 ], [ -55.38242928, -13.66180274 ], [ -55.37860608, -13.65979267 ], [ -55.37478288, -13.65778261 ], [ -55.37095968, -13.65577254 ], [ -55.36711758, -13.65375209 ], [ -55.36327548, -13.65173164 ], [ -55.35943338, -13.64971118 ], [ -55.35559127, -13.64769073 ], [ -55.35174917, -13.64567028 ], [ -55.35147222, -13.6457775 ], [ -55.35118333, -13.64580639 ], [ -55.35094361, -13.64565361 ], [ -55.35082389, -13.64556028 ], [ -55.35058917, -13.64552472 ], [ -55.35048056, -13.64571667 ] ] ] } },
{ "type": "Feature", "properties": { }, "geometry": { "type": "Polygon", "coordinates": [ [ [ -55.40579404, -13.67408522 ], [ -55.40934137, -13.67594949 ], [ -55.41288871, -13.67781376 ], [ -55.41643605, -13.67967803 ], [ -55.41998338, -13.6815423 ], [ -55.42353072, -13.68340656 ], [ -55.42707806, -13.68527083 ], [ -55.42980902, -13.68670534 ], [ -55.43253999, -13.68813985 ], [ -55.43527095, -13.68957436 ], [ -55.43913272, -13.69160244 ], [ -55.44299449, -13.69363052 ], [ -55.44685625, -13.6956586 ], [ -55.45071802, -13.69768669 ], [ -55.45457979, -13.69971477 ], [ -55.45844156, -13.70174285 ], [ -55.46230333, -13.70377093 ], [ -55.46255694, -13.70330528 ], [ -55.46293472, -13.70288806 ], [ -55.46316, -13.70277944 ], [ -55.46304194, -13.70261861 ], [ -55.46300944, -13.70245722 ], [ -55.46314167, -13.7022825 ], [ -55.46324444, -13.70205 ], [ -55.4634, -13.70159361 ], [ -55.46337139, -13.70115694 ], [ -55.46317806, -13.70083389 ], [ -55.46339, -13.70055222 ], [ -55.46400583, -13.700425 ], [ -55.46428639, -13.70032139 ], [ -55.46456278, -13.70017278 ], [ -55.46508028, -13.70003194 ], [ -55.4652175, -13.69990139 ], [ -55.46499, -13.69982056 ], [ -55.464845, -13.69975778 ], [ -55.46504972, -13.69959111 ], [ -55.46519389, -13.69928556 ], [ -55.46553222, -13.69911972 ], [ -55.46600111, -13.69885722 ], [ -55.46624833, -13.69872361 ], [ -55.46597, -13.69871944 ], [ -55.46563167, -13.69841222 ], [ -55.46547389, -13.69823389 ], [ -55.46536639, -13.6978075 ], [ -55.46530722, -13.69748556 ], [ -55.46515028, -13.69718389 ], [ -55.46500944, -13.69700444 ], [ -55.46521694, -13.69694778 ], [ -55.46555278, -13.69720361 ], [ -55.46568972, -13.69727 ], [ -55.465885, -13.69755389 ], [ -55.46604806, -13.69749611 ], [ -55.46596778, -13.69724361 ], [ -55.46617278, -13.69696222 ], [ -55.46623528, -13.69653917 ], [ -55.46638694, -13.69637583 ], [ -55.466615, -13.69624056 ], [ -55.46680611, -13.69622083 ], [ -55.46717583, -13.69610361 ], [ -55.46672028, -13.69588361 ], [ -55.46682389, -13.69565972 ], [ -55.46717583, -13.69553944 ], [ -55.46715694, -13.695335 ], [ -55.46745611, -13.69499472 ], [ -55.46761444, -13.69462944 ], [ -55.46750556, -13.69424028 ], [ -55.46755333, -13.69399917 ], [ -55.46758194, -13.69372667 ], [ -55.46787639, -13.69341806 ], [ -55.46825472, -13.6930425 ], [ -55.46823111, -13.69283639 ], [ -55.46827778, -13.69261861 ], [ -55.46844472, -13.69248028 ], [ -55.46821, -13.69218833 ], [ -55.46799167, -13.69223889 ], [ -55.46790028, -13.69208278 ], [ -55.4681975, -13.69181111 ], [ -55.46827611, -13.69159639 ], [ -55.46849333, -13.691385 ], [ -55.46865778, -13.69098861 ], [ -55.46884194, -13.69083111 ], [ -55.46894167, -13.69093361 ], [ -55.46897667, -13.69110472 ], [ -55.46928278, -13.69098639 ], [ -55.46961889, -13.69107917 ], [ -55.46952583, -13.69083611 ], [ -55.46978306, -13.69063417 ], [ -55.46997611, -13.69043833 ], [ -55.47014611, -13.69039139 ], [ -55.470015, -13.69032528 ], [ -55.46985083, -13.69016972 ], [ -55.46988333, -13.69005361 ], [ -55.46972472, -13.68995833 ], [ -55.46964167, -13.6898825 ], [ -55.46953556, -13.68948417 ], [ -55.46931806, -13.68954417 ], [ -55.46895028, -13.68906528 ], [ -55.46889556, -13.688885 ], [ -55.46859833, -13.68868639 ], [ -55.46827028, -13.68857583 ], [ -55.46816222, -13.68834417 ], [ -55.46830444, -13.68803306 ], [ -55.46834167, -13.68775694 ], [ -55.46833944, -13.68751944 ], [ -55.46859417, -13.68719861 ], [ -55.46867139, -13.68704528 ], [ -55.46859528, -13.68700306 ], [ -55.46841056, -13.68704056 ], [ -55.46826139, -13.68677667 ], [ -55.46818361, -13.6865125 ], [ -55.4681725, -13.68612556 ], [ -55.46828306, -13.68596806 ], [ -55.46810528, -13.68576389 ], [ -55.46800778, -13.68554306 ], [ -55.46800444, -13.68487389 ], [ -55.46781778, -13.68470194 ], [ -55.46790444, -13.68437444 ], [ -55.46802694, -13.68395861 ], [ -55.46778583, -13.68376917 ], [ -55.46768611, -13.68363778 ], [ -55.46752472, -13.68334306 ], [ -55.46731306, -13.68330194 ], [ -55.46719861, -13.68338556 ], [ -55.4668325, -13.68329 ], [ -55.46676472, -13.68315944 ], [ -55.46637972, -13.68330056 ], [ -55.46628639, -13.68328556 ], [ -55.46617528, -13.68310806 ], [ -55.46574083, -13.68253944 ], [ -55.46559222, -13.6825875 ], [ -55.46532194, -13.68275194 ], [ -55.46515694, -13.68267722 ], [ -55.46525028, -13.68244222 ], [ -55.465245, -13.68234889 ], [ -55.46495194, -13.68222583 ], [ -55.46476361, -13.68217917 ], [ -55.4647275, -13.68201417 ], [ -55.46492833, -13.68194722 ], [ -55.46468306, -13.68185528 ], [ -55.46444111, -13.68183556 ], [ -55.46420722, -13.68174083 ], [ -55.46402444, -13.68162222 ], [ -55.46396861, -13.68133917 ], [ -55.46428472, -13.68136639 ], [ -55.46435194, -13.68130389 ], [ -55.46421722, -13.6812 ], [ -55.46422639, -13.68089111 ], [ -55.46432944, -13.68054389 ], [ -55.46432361, -13.68031139 ], [ -55.46423444, -13.68003917 ], [ -55.46398972, -13.67985833 ], [ -55.4638425, -13.67952167 ], [ -55.46387278, -13.67923056 ], [ -55.46376528, -13.67867722 ], [ -55.46384222, -13.67842611 ], [ -55.46390639, -13.67818667 ], [ -55.46386361, -13.67777056 ], [ -55.46377972, -13.67761528 ], [ -55.46342194, -13.67763333 ], [ -55.46322972, -13.67767444 ], [ -55.46316944, -13.67755111 ], [ -55.46313917, -13.67697639 ], [ -55.46297222, -13.6768475 ], [ -55.46290306, -13.67668278 ], [ -55.46289111, -13.67641778 ], [ -55.46293583, -13.67603972 ], [ -55.46282333, -13.6759175 ], [ -55.46268472, -13.67591333 ], [ -55.46260583, -13.67562556 ], [ -55.46265167, -13.67518 ], [ -55.46257111, -13.67481778 ], [ -55.46244083, -13.67486528 ], [ -55.46229306, -13.67515139 ], [ -55.46216556, -13.6751475 ], [ -55.46204111, -13.67479333 ], [ -55.46198944, -13.67443694 ], [ -55.46197056, -13.67416889 ], [ -55.46192611, -13.67395583 ], [ -55.46184944, -13.67393583 ], [ -55.46172278, -13.6741225 ], [ -55.46143778, -13.67387583 ], [ -55.46154444, -13.67350306 ], [ -55.46179056, -13.6732825 ], [ -55.46178278, -13.67300417 ], [ -55.46159833, -13.67282333 ], [ -55.46166722, -13.67262056 ], [ -55.46186139, -13.67254556 ], [ -55.46185278, -13.67227806 ], [ -55.46177944, -13.67200806 ], [ -55.46201056, -13.67196694 ], [ -55.46218861, -13.67222028 ], [ -55.46236417, -13.6719875 ], [ -55.46223278, -13.67185806 ], [ -55.46214306, -13.67148111 ], [ -55.46199611, -13.67106861 ], [ -55.46184861, -13.67111167 ], [ -55.46194056, -13.67141583 ], [ -55.46164278, -13.67155778 ], [ -55.46157694, -13.67101417 ], [ -55.46141444, -13.67081806 ], [ -55.46120389, -13.67087944 ], [ -55.46096472, -13.67062083 ], [ -55.46085056, -13.67030444 ], [ -55.460975, -13.67003861 ], [ -55.46110694, -13.67011 ], [ -55.46117528, -13.67028 ], [ -55.46141861, -13.67009556 ], [ -55.46132083, -13.66991972 ], [ -55.46148167, -13.66954056 ], [ -55.46189611, -13.6692425 ], [ -55.46207528, -13.6689125 ], [ -55.46212194, -13.66865889 ], [ -55.46250111, -13.66873167 ], [ -55.46276417, -13.66869722 ], [ -55.46262889, -13.66842306 ], [ -55.46267167, -13.66815639 ], [ -55.46260639, -13.66788139 ], [ -55.46272167, -13.66763806 ], [ -55.4623, -13.66784056 ], [ -55.46216917, -13.66767028 ], [ -55.462345, -13.66732944 ], [ -55.462525, -13.66716917 ], [ -55.46284444, -13.66697611 ], [ -55.46270528, -13.66684528 ], [ -55.46279583, -13.66664639 ], [ -55.46307917, -13.66669694 ], [ -55.46330611, -13.66656861 ], [ -55.46327444, -13.66635528 ], [ -55.46357, -13.66608278 ], [ -55.46341778, -13.66582583 ], [ -55.46347472, -13.66556417 ], [ -55.46375611, -13.66557333 ], [ -55.46410556, -13.66560583 ], [ -55.46405222, -13.66547028 ], [ -55.46393, -13.66508056 ], [ -55.46411944, -13.66482806 ], [ -55.464285, -13.66484528 ], [ -55.46450556, -13.66488083 ], [ -55.46473722, -13.66454111 ], [ -55.46484944, -13.66421361 ], [ -55.46462611, -13.66408556 ], [ -55.46424222, -13.66406972 ], [ -55.46410083, -13.66402111 ], [ -55.46407194, -13.66381667 ], [ -55.4644075, -13.66366889 ], [ -55.46464556, -13.66352028 ], [ -55.46458639, -13.66340306 ], [ -55.46426667, -13.66340917 ], [ -55.46417389, -13.66325028 ], [ -55.46412139, -13.66283528 ], [ -55.46408694, -13.66251917 ], [ -55.46419, -13.66242611 ], [ -55.46442639, -13.66236694 ], [ -55.46436667, -13.66213583 ], [ -55.46436861, -13.66186667 ], [ -55.464395, -13.66136833 ], [ -55.46477556, -13.66137611 ], [ -55.46497472, -13.66125694 ], [ -55.46485056, -13.66105167 ], [ -55.46466056, -13.66107278 ], [ -55.46446361, -13.66112444 ], [ -55.46450917, -13.66095194 ], [ -55.46452167, -13.660695 ], [ -55.46478944, -13.66052861 ], [ -55.46512222, -13.6602825 ], [ -55.46549917, -13.65973278 ], [ -55.46570639, -13.65934972 ], [ -55.46570944, -13.65925778 ], [ -55.46242385, -13.65714274 ], [ -55.45913825, -13.6550277 ], [ -55.45585266, -13.65291266 ], [ -55.45256706, -13.65079762 ], [ -55.44928147, -13.64868258 ], [ -55.44599587, -13.64656754 ], [ -55.44271028, -13.6444525 ], [ -55.44417878, -13.64054502 ], [ -55.44564727, -13.63663754 ], [ -55.44711577, -13.63273006 ], [ -55.44858427, -13.62882258 ], [ -55.45005277, -13.6249151 ], [ -55.45152126, -13.62100762 ], [ -55.45298976, -13.61710014 ], [ -55.45445826, -13.61319266 ], [ -55.45592676, -13.60928518 ], [ -55.45238038, -13.6085486 ], [ -55.44883401, -13.60781202 ], [ -55.44528764, -13.60707544 ], [ -55.44484761, -13.60698403 ], [ -55.44112709, -13.60621101 ], [ -55.43740656, -13.60543799 ], [ -55.43368604, -13.60466497 ], [ -55.42996551, -13.60389195 ], [ -55.42624499, -13.60311893 ], [ -55.42252446, -13.60234591 ], [ -55.4185817, -13.60152629 ], [ -55.41463894, -13.60070667 ], [ -55.41069617, -13.59988705 ], [ -55.40675341, -13.59906743 ], [ -55.40281065, -13.59824781 ], [ -55.39886788, -13.59742819 ], [ -55.39492512, -13.59660858 ], [ -55.39457301, -13.59655729 ], [ -55.3940431, -13.59661223 ], [ -55.39369778, -13.59650361 ], [ -55.39335556, -13.59693722 ], [ -55.39394222, -13.5972825 ], [ -55.39419139, -13.59844556 ], [ -55.39388472, -13.59878528 ], [ -55.39336833, -13.59899139 ], [ -55.39317639, -13.59967667 ], [ -55.39338444, -13.59982667 ], [ -55.39427528, -13.59981889 ], [ -55.39449222, -13.60027778 ], [ -55.39428667, -13.60107278 ], [ -55.39426778, -13.60116861 ], [ -55.3937875, -13.60164083 ], [ -55.39367167, -13.60208722 ], [ -55.39334139, -13.60254444 ], [ -55.39274556, -13.60235972 ], [ -55.39259667, -13.60377222 ], [ -55.39205, -13.60442083 ], [ -55.39156167, -13.60464889 ], [ -55.39105111, -13.60526833 ], [ -55.39010333, -13.60584278 ], [ -55.39001389, -13.60642361 ], [ -55.38995722, -13.60683417 ], [ -55.39038139, -13.60791861 ], [ -55.39075528, -13.60878417 ], [ -55.39033611, -13.60866917 ], [ -55.38931639, -13.60906361 ], [ -55.38927861, -13.60791278 ], [ -55.38919694, -13.60729722 ], [ -55.38881278, -13.60737278 ], [ -55.38862639, -13.60693778 ], [ -55.38736944, -13.60709278 ], [ -55.38621167, -13.60720778 ], [ -55.38563639, -13.6067325 ], [ -55.38561194, -13.60701306 ], [ -55.38492194, -13.60663694 ], [ -55.38420028, -13.60715083 ], [ -55.3836525, -13.60809028 ], [ -55.38331944, -13.60937 ], [ -55.38174278, -13.61024167 ], [ -55.38166944, -13.61029778 ], [ -55.38038833, -13.61073778 ], [ -55.37987056, -13.61100028 ], [ -55.37948389, -13.61102694 ], [ -55.37914833, -13.61135417 ], [ -55.37925972, -13.61206444 ], [ -55.37787778, -13.61163583 ], [ -55.37789778, -13.61102639 ], [ -55.37779, -13.61101972 ], [ -55.37720333, -13.61187639 ], [ -55.37610944, -13.61272889 ], [ -55.37552333, -13.61311278 ], [ -55.37557111, -13.61350861 ], [ -55.37426333, -13.6141875 ], [ -55.37341639, -13.614595 ], [ -55.37350556, -13.61622944 ], [ -55.37278889, -13.61698722 ], [ -55.3728775, -13.61724111 ], [ -55.37336306, -13.61748083 ], [ -55.3736525, -13.61876028 ], [ -55.373565, -13.61961611 ], [ -55.373365, -13.62032639 ], [ -55.37302417, -13.62013944 ], [ -55.37280306, -13.62037472 ], [ -55.37306222, -13.62082083 ], [ -55.37353278, -13.62107583 ], [ -55.37297778, -13.62204694 ], [ -55.371575, -13.62356556 ], [ -55.37095528, -13.62389722 ], [ -55.37065056, -13.62470556 ], [ -55.37016444, -13.62504833 ], [ -55.36976528, -13.62519167 ], [ -55.36956972, -13.62571278 ], [ -55.36920167, -13.625965 ], [ -55.36930806, -13.62620639 ], [ -55.36905417, -13.62646194 ], [ -55.36902417, -13.62680639 ], [ -55.36910861, -13.62722806 ], [ -55.36942889, -13.62807889 ], [ -55.36984306, -13.62807222 ], [ -55.37016528, -13.62856083 ], [ -55.37083889, -13.62935972 ], [ -55.3696075, -13.62993972 ], [ -55.36914333, -13.63019389 ], [ -55.36878333, -13.63009167 ], [ -55.36858, -13.63060611 ], [ -55.36846139, -13.63111722 ], [ -55.36852722, -13.63148028 ], [ -55.36829278, -13.63163917 ], [ -55.36818972, -13.63247889 ], [ -55.367815, -13.63236167 ], [ -55.36766472, -13.63241944 ], [ -55.36768083, -13.63278056 ], [ -55.36689889, -13.63256917 ], [ -55.36650278, -13.63295306 ], [ -55.36616472, -13.63411833 ], [ -55.36585, -13.63503944 ], [ -55.36501139, -13.63552583 ], [ -55.36362361, -13.63605861 ], [ -55.36355194, -13.6370625 ], [ -55.36223861, -13.63766556 ], [ -55.36211083, -13.63791806 ], [ -55.36208639, -13.63920833 ], [ -55.36125306, -13.63969583 ], [ -55.36089611, -13.64010833 ], [ -55.35989444, -13.63944389 ], [ -55.35965083, -13.63940278 ], [ -55.35921667, -13.63966889 ], [ -55.35900583, -13.640075 ], [ -55.35836111, -13.64092528 ], [ -55.35816333, -13.64130056 ], [ -55.35785972, -13.64162222 ], [ -55.35767, -13.6419975 ], [ -55.35744417, -13.64229028 ], [ -55.35722167, -13.64252667 ], [ -55.35698361, -13.642835 ], [ -55.35665222, -13.64271 ], [ -55.35643583, -13.64244611 ], [ -55.35606722, -13.64240278 ], [ -55.35599444, -13.64256833 ], [ -55.35585417, -13.64271972 ], [ -55.35557722, -13.64285056 ], [ -55.35534139, -13.64287944 ], [ -55.35493056, -13.64273972 ], [ -55.35475972, -13.64286278 ], [ -55.35472056, -13.6430325 ], [ -55.35472167, -13.64352389 ], [ -55.35486278, -13.643815 ], [ -55.35486056, -13.64403278 ], [ -55.354705, -13.64416194 ], [ -55.35446833, -13.64414639 ], [ -55.35433694, -13.64402944 ], [ -55.35401528, -13.64404667 ], [ -55.35360528, -13.64409222 ], [ -55.35331972, -13.64429722 ], [ -55.35308833, -13.64431028 ], [ -55.35276111, -13.64458639 ], [ -55.35256917, -13.64494472 ], [ -55.35228194, -13.64503778 ], [ -55.3520975, -13.64519167 ], [ -55.35190917, -13.64549167 ], [ -55.35175804, -13.64563396 ], [ -55.35174917, -13.64567028 ], [ -55.35551037, -13.64764798 ], [ -55.35927158, -13.64962568 ], [ -55.36303278, -13.65160338 ], [ -55.36679398, -13.65358108 ], [ -55.37055518, -13.65555878 ], [ -55.37431639, -13.65753648 ], [ -55.37807759, -13.65951418 ], [ -55.38183879, -13.66149188 ], [ -55.3856, -13.66346958 ], [ -55.3893612, -13.66544728 ], [ -55.39258257, -13.6671406 ], [ -55.39580394, -13.66883393 ], [ -55.39902532, -13.67052725 ], [ -55.40224669, -13.67222057 ], [ -55.40546806, -13.67391389 ], [ -55.40579404, -13.67408522 ] ] ] } },
{ "type": "Feature", "properties": { }, "geometry": { "type": "Polygon", "coordinates": [ [ [ -56.03247268, -12.64370315 ], [ -56.03685589, -12.64451984 ], [ -56.0412391, -12.64533654 ], [ -56.0456223, -12.64615324 ], [ -56.05000551, -12.64696994 ], [ -56.05438872, -12.64778663 ], [ -56.05877193, -12.64860333 ], [ -56.06304426, -12.64937444 ], [ -56.0673166, -12.65014555 ], [ -56.07158894, -12.65091665 ], [ -56.07586127, -12.65168776 ], [ -56.08013361, -12.65245887 ], [ -56.08440594, -12.65322997 ], [ -56.08798384, -12.65384509 ], [ -56.09156173, -12.6544602 ], [ -56.09513962, -12.65507531 ], [ -56.09845729, -12.65299381 ], [ -56.10093756, -12.65422574 ], [ -56.10341783, -12.65545767 ], [ -56.10566191, -12.65403306 ], [ -56.10574935, -12.65168977 ], [ -56.10373992, -12.64791352 ], [ -56.10581115, -12.64644364 ], [ -56.10788238, -12.64497377 ], [ -56.11005614, -12.6468284 ], [ -56.11170578, -12.6453682 ], [ -56.10786103, -12.64463006 ], [ -56.10401628, -12.64389192 ], [ -56.10017153, -12.64315377 ], [ -56.09632678, -12.64241563 ], [ -56.09248203, -12.64167748 ], [ -56.08863728, -12.64093934 ], [ -56.08437336, -12.6401203 ], [ -56.08010944, -12.63930126 ], [ -56.07584552, -12.63848222 ], [ -56.0715816, -12.63766318 ], [ -56.06731768, -12.63684414 ], [ -56.06305376, -12.6360251 ], [ -56.05869965, -12.63518861 ], [ -56.05434555, -12.63435212 ], [ -56.04999144, -12.63351562 ], [ -56.04563733, -12.63267913 ], [ -56.04128322, -12.63184264 ], [ -56.03692911, -12.63100615 ], [ -56.03300086, -12.63024992 ], [ -56.02907261, -12.62949369 ], [ -56.02514436, -12.62873746 ], [ -56.02121611, -12.62798123 ], [ -56.01728785, -12.627225 ], [ -56.0133596, -12.62646877 ], [ -56.01213026, -12.62964292 ], [ -56.01090092, -12.63281708 ], [ -56.00967157, -12.63599124 ], [ -56.00844223, -12.63916539 ], [ -56.01214463, -12.6398621 ], [ -56.01584704, -12.6405588 ], [ -56.01954945, -12.64125551 ], [ -56.02325185, -12.64195221 ], [ -56.02632546, -12.64253586 ], [ -56.02939907, -12.6431195 ], [ -56.03247268, -12.64370315 ] ] ] } },
{ "type": "Feature", "properties": { }, "geometry": { "type": "Polygon", "coordinates": [ [ [ -55.75534687, -13.27234443 ], [ -55.75114653, -13.27154575 ], [ -55.74694619, -13.27074706 ], [ -55.74274584, -13.26994838 ], [ -55.7385455, -13.26914969 ], [ -55.73434516, -13.26835101 ], [ -55.73014482, -13.26755232 ], [ -55.72594448, -13.26675364 ], [ -55.72174414, -13.26595495 ], [ -55.71754379, -13.26515627 ], [ -55.71334345, -13.26435758 ], [ -55.70914311, -13.26355889 ], [ -55.70494277, -13.26276021 ], [ -55.70074243, -13.26196152 ], [ -55.69654209, -13.26116284 ], [ -55.69234175, -13.26036415 ], [ -55.6881414, -13.25956547 ], [ -55.68696457, -13.26013972 ], [ -55.68617085, -13.26121253 ], [ -55.68613978, -13.26117532 ], [ -55.68456708, -13.25952613 ], [ -55.68299438, -13.25787694 ], [ -55.68160596, -13.2592041 ], [ -55.68336693, -13.26070204 ], [ -55.6851279, -13.26219999 ], [ -55.68452793, -13.26267695 ], [ -55.68210381, -13.26483044 ], [ -55.67967968, -13.26698394 ], [ -55.67608733, -13.26643318 ], [ -55.67249498, -13.26588242 ], [ -55.66976328, -13.26907142 ], [ -55.66703157, -13.27226042 ], [ -55.66429987, -13.27544943 ], [ -55.66225852, -13.27850049 ], [ -55.66021717, -13.28155155 ], [ -55.65817583, -13.2846026 ], [ -55.65613448, -13.28765366 ], [ -55.65470199, -13.2900243 ], [ -55.65326951, -13.29239494 ], [ -55.65281862, -13.29403529 ], [ -55.6559735, -13.2933692 ], [ -55.65912839, -13.29270311 ], [ -55.66228327, -13.29203702 ], [ -55.66660707, -13.2911239 ], [ -55.67093088, -13.29021077 ], [ -55.67525468, -13.28929765 ], [ -55.67957849, -13.28838452 ], [ -55.68390229, -13.2874714 ], [ -55.68797152, -13.28661179 ], [ -55.69228252, -13.28699894 ], [ -55.69659352, -13.28738609 ], [ -55.69628811, -13.28791198 ], [ -55.6946618, -13.28923879 ], [ -55.69253999, -13.29276279 ], [ -55.69041818, -13.29628679 ], [ -55.6944984, -13.29667907 ], [ -55.69857862, -13.29707135 ], [ -55.70265885, -13.29746362 ], [ -55.70673907, -13.2978559 ], [ -55.71081929, -13.29824818 ], [ -55.71489951, -13.29864046 ], [ -55.71897974, -13.29903274 ], [ -55.72305996, -13.29942502 ], [ -55.72714018, -13.29981729 ], [ -55.7312204, -13.30020957 ], [ -55.73289772, -13.29979155 ], [ -55.73433557, -13.29981396 ], [ -55.73752328, -13.299796 ], [ -55.74040628, -13.29912176 ], [ -55.74280199, -13.29879523 ], [ -55.74493966, -13.29884404 ], [ -55.7460641, -13.29863274 ], [ -55.74692245, -13.29884121 ], [ -55.74880592, -13.29857707 ], [ -55.75029741, -13.29776588 ], [ -55.75122646, -13.29691408 ], [ -55.75219646, -13.29648768 ], [ -55.75483706, -13.29497275 ], [ -55.75615619, -13.29422499 ], [ -55.75698985, -13.29330651 ], [ -55.75743273, -13.29284138 ], [ -55.76162296, -13.2932165 ], [ -55.76581319, -13.29359162 ], [ -55.77000342, -13.29396673 ], [ -55.77000368, -13.2939729 ], [ -55.77002679, -13.29451651 ], [ -55.77006379, -13.2945195 ], [ -55.77443953, -13.29487225 ], [ -55.77881526, -13.29522501 ], [ -55.78319099, -13.29557776 ], [ -55.78756673, -13.29593052 ], [ -55.79194246, -13.29628327 ], [ -55.7963182, -13.29663603 ], [ -55.80069393, -13.29698878 ], [ -55.80506966, -13.29734154 ], [ -55.8094454, -13.29769429 ], [ -55.81092341, -13.29779849 ], [ -55.8111279, -13.2978129 ], [ -55.81134471, -13.29766326 ], [ -55.8141223, -13.29791137 ], [ -55.81541521, -13.29721834 ], [ -55.81679528, -13.29654249 ], [ -55.81765296, -13.29587351 ], [ -55.81822194, -13.29622578 ], [ -55.81953571, -13.29673586 ], [ -55.82009945, -13.29713996 ], [ -55.82029106, -13.29789903 ], [ -55.82161187, -13.29814949 ], [ -55.82305568, -13.29819635 ], [ -55.82426467, -13.29868248 ], [ -55.82557361, -13.29910997 ], [ -55.8262287, -13.2996046 ], [ -55.82640087, -13.30010634 ], [ -55.82611061, -13.30075441 ], [ -55.82633079, -13.30101097 ], [ -55.82669206, -13.30093787 ], [ -55.82777517, -13.30032922 ], [ -55.82743075, -13.29933708 ], [ -55.82667325, -13.29697633 ], [ -55.82683767, -13.29624922 ], [ -55.82812817, -13.2953297 ], [ -55.8295906, -13.29518921 ], [ -55.83108436, -13.29481432 ], [ -55.83185435, -13.29359419 ], [ -55.8323708, -13.29274242 ], [ -55.83326675, -13.29217738 ], [ -55.83435044, -13.29290495 ], [ -55.83477485, -13.29302031 ], [ -55.83548533, -13.29481619 ], [ -55.83583735, -13.29509122 ], [ -55.83636165, -13.29459149 ], [ -55.83609881, -13.29364059 ], [ -55.83629005, -13.29306877 ], [ -55.83654821, -13.29292864 ], [ -55.83753603, -13.29228899 ], [ -55.83878007, -13.2918017 ], [ -55.83994443, -13.29094147 ], [ -55.8407528, -13.29030903 ], [ -55.8407945, -13.28937919 ], [ -55.83989146, -13.28943911 ], [ -55.83909309, -13.28942592 ], [ -55.83860452, -13.28913712 ], [ -55.83797176, -13.28841404 ], [ -55.837581, -13.28700064 ], [ -55.83770683, -13.28603685 ], [ -55.83838638, -13.28566085 ], [ -55.83914277, -13.28596488 ], [ -55.83921776, -13.28721397 ], [ -55.8423215, -13.28400308 ], [ -55.8431539, -13.2833813 ], [ -55.84462153, -13.28441059 ], [ -55.8447579, -13.28485124 ], [ -55.84372821, -13.28605194 ], [ -55.84273838, -13.28727333 ], [ -55.84250612, -13.28847056 ], [ -55.84327291, -13.2892551 ], [ -55.8447341, -13.28887016 ], [ -55.84438765, -13.28786587 ], [ -55.84402029, -13.28678706 ], [ -55.84486313, -13.28640954 ], [ -55.84581109, -13.28613101 ], [ -55.84719247, -13.28629767 ], [ -55.84898629, -13.28629885 ], [ -55.8503586, -13.28558372 ], [ -55.84968255, -13.28464487 ], [ -55.85037631, -13.28349728 ], [ -55.8461913, -13.28266063 ], [ -55.8420063, -13.28182397 ], [ -55.83782129, -13.28098731 ], [ -55.83363629, -13.28015065 ], [ -55.82945128, -13.279314 ], [ -55.82526628, -13.27847734 ], [ -55.82108127, -13.27764068 ], [ -55.81689627, -13.27680402 ], [ -55.81271126, -13.27596737 ], [ -55.80852626, -13.27513071 ], [ -55.80434125, -13.27429405 ], [ -55.80029712, -13.27343703 ], [ -55.796253, -13.27258001 ], [ -55.79220887, -13.27172299 ], [ -55.78816474, -13.27086597 ], [ -55.78412062, -13.27000895 ], [ -55.78007649, -13.26915193 ], [ -55.77603236, -13.26829491 ], [ -55.77198824, -13.26743789 ], [ -55.76794411, -13.26658087 ], [ -55.76433488, -13.26582839 ], [ -55.76072564, -13.26507592 ], [ -55.75711641, -13.26432345 ], [ -55.75623164, -13.26833394 ], [ -55.75534687, -13.27234443 ] ] ] } },
{ "type": "Feature", "properties": { }, "geometry": { "type": "Polygon", "coordinates": [ [ [ -55.92670057, -12.78563076 ], [ -55.92612069, -12.7856206 ], [ -55.92442736, -12.78535257 ], [ -55.92408805, -12.78523684 ], [ -55.92361492, -12.78491631 ], [ -55.92348085, -12.78517135 ], [ -55.92294364, -12.78560267 ], [ -55.92280053, -12.78565495 ], [ -55.92265364, -12.7863619 ], [ -55.92254684, -12.78683855 ], [ -55.92248333, -12.78715327 ], [ -55.92226873, -12.78724578 ], [ -55.92220856, -12.78728995 ], [ -55.91789875, -12.7877145 ], [ -55.91358894, -12.78813905 ], [ -55.91422774, -12.79231059 ], [ -55.91486654, -12.79648213 ], [ -55.91550534, -12.80065367 ], [ -55.91614414, -12.80482522 ], [ -55.91678294, -12.80899676 ], [ -55.92087885, -12.81009114 ], [ -55.92497477, -12.81118552 ], [ -55.92907069, -12.8122799 ], [ -55.93316661, -12.81337428 ], [ -55.93600288, -12.81139446 ], [ -55.93883914, -12.80941464 ], [ -55.94167541, -12.80743481 ], [ -55.94451167, -12.80545499 ], [ -55.94786364, -12.80294536 ], [ -55.9512156, -12.80043574 ], [ -55.95456756, -12.79792611 ], [ -55.95791953, -12.79541648 ], [ -55.95704647, -12.792553 ], [ -55.95617341, -12.78968952 ], [ -55.95233728, -12.78923222 ], [ -55.95183045, -12.78919902 ], [ -55.9513131, -12.78901357 ], [ -55.94721101, -12.78844977 ], [ -55.94310892, -12.78788597 ], [ -55.93900684, -12.78732217 ], [ -55.93490475, -12.78675836 ], [ -55.93080266, -12.78619456 ], [ -55.92670057, -12.78563076 ] ] ] } },
{ "type": "Feature", "properties": { }, "geometry": { "type": "Polygon", "coordinates": [ [ [ -55.5806084, -13.30643697 ], [ -55.58081694, -13.30662027 ], [ -55.58242299, -13.3083835 ], [ -55.58402904, -13.31014674 ], [ -55.58588121, -13.31218009 ], [ -55.58773337, -13.31421344 ], [ -55.59036488, -13.31710222 ], [ -55.59299639, -13.319991 ], [ -55.59498171, -13.3221703 ], [ -55.59696703, -13.3243496 ], [ -55.5998003, -13.32745952 ], [ -55.60263357, -13.33056944 ], [ -55.60465274, -13.33278567 ], [ -55.60734142, -13.33573667 ], [ -55.60981293, -13.33844907 ], [ -55.61228444, -13.34116147 ], [ -55.61475596, -13.34387388 ], [ -55.61722747, -13.34658628 ], [ -55.61969898, -13.34929868 ], [ -55.62205552, -13.35188461 ], [ -55.62441206, -13.35447053 ], [ -55.6267686, -13.35705646 ], [ -55.62957259, -13.3601327 ], [ -55.63237658, -13.36320894 ], [ -55.63518056, -13.36628518 ], [ -55.63798455, -13.36936142 ], [ -55.64078854, -13.37243766 ], [ -55.64359253, -13.3755139 ], [ -55.64639652, -13.37859014 ], [ -55.6492005, -13.38166638 ], [ -55.65200449, -13.38474262 ], [ -55.65480848, -13.38781886 ], [ -55.65761247, -13.3908951 ], [ -55.65859895, -13.38675847 ], [ -55.65958543, -13.38262185 ], [ -55.66057191, -13.37848522 ], [ -55.66155839, -13.3743486 ], [ -55.66254487, -13.37021197 ], [ -55.66353135, -13.36607535 ], [ -55.66451783, -13.36193872 ], [ -55.66161954, -13.35918392 ], [ -55.65872125, -13.35642911 ], [ -55.65582296, -13.35367431 ], [ -55.65292467, -13.3509195 ], [ -55.65293917, -13.3506925 ], [ -55.6538258, -13.34909748 ], [ -55.6545052, -13.34787526 ], [ -55.65509759, -13.34680954 ], [ -55.65532476, -13.34640088 ], [ -55.65601698, -13.3451556 ], [ -55.65622404, -13.34478311 ], [ -55.65667328, -13.34397492 ], [ -55.65725602, -13.34292657 ], [ -55.65736984, -13.34272182 ], [ -55.65787579, -13.34181163 ], [ -55.65849477, -13.3406981 ], [ -55.65871045, -13.34031009 ], [ -55.65924692, -13.33934499 ], [ -55.65941444, -13.33904361 ], [ -55.6597739, -13.33839693 ], [ -55.66059373, -13.33692494 ], [ -55.66070615, -13.33671979 ], [ -55.66103298, -13.33613181 ], [ -55.66098063, -13.33609761 ], [ -55.65731098, -13.33399117 ], [ -55.65364133, -13.33188473 ], [ -55.64997167, -13.32977829 ], [ -55.64689337, -13.32802442 ], [ -55.64381506, -13.32627055 ], [ -55.64067051, -13.32444019 ], [ -55.63752595, -13.32260982 ], [ -55.6343814, -13.32077946 ], [ -55.63123684, -13.3189491 ], [ -55.62809229, -13.31711874 ], [ -55.6243372, -13.31497489 ], [ -55.6205821, -13.31283105 ], [ -55.61682701, -13.3106872 ], [ -55.61307192, -13.30854336 ], [ -55.60931682, -13.30639951 ], [ -55.60556173, -13.30425567 ], [ -55.60180664, -13.30211183 ], [ -55.59805155, -13.29996798 ], [ -55.59429646, -13.29782414 ], [ -55.59054136, -13.29568029 ], [ -55.58678627, -13.29353645 ], [ -55.58768749, -13.2949147 ], [ -55.58768749, -13.29633471 ], [ -55.58743, -13.29762942 ], [ -55.58691502, -13.29896589 ], [ -55.5863142, -13.29971765 ], [ -55.58552598, -13.30077536 ], [ -55.58474076, -13.30148126 ], [ -55.58455754, -13.30174781 ], [ -55.5841217, -13.30238188 ], [ -55.58399677, -13.30251584 ], [ -55.5839145, -13.30266254 ], [ -55.58368003, -13.30298015 ], [ -55.58359504, -13.30309527 ], [ -55.58351174, -13.30320811 ], [ -55.58343831, -13.30330756 ], [ -55.58276928, -13.30370566 ], [ -55.58198256, -13.30408716 ], [ -55.58144913, -13.3046463 ], [ -55.58120978, -13.30489718 ], [ -55.58088268, -13.30527176 ], [ -55.5806084, -13.30643697 ] ] ] } },
{ "type": "Feature", "properties": { }, "geometry": { "type": "Polygon", "coordinates": [ [ [ -55.90684306, -12.88583222 ], [ -55.906315, -12.88653972 ], [ -55.90336389, -12.88326055 ], [ -55.90041278, -12.87998139 ], [ -55.89888389, -12.88199514 ], [ -55.897355, -12.88400889 ], [ -55.89493833, -12.88719111 ], [ -55.89259306, -12.89028014 ], [ -55.89024778, -12.89336917 ], [ -55.8869132, -12.89407264 ], [ -55.88357861, -12.89477611 ], [ -55.879834, -12.89556567 ], [ -55.87608939, -12.89635522 ], [ -55.87234478, -12.89714478 ], [ -55.86860017, -12.89793433 ], [ -55.86485556, -12.89872389 ], [ -55.86114489, -12.8980095 ], [ -55.85743422, -12.89729511 ], [ -55.85372356, -12.89658072 ], [ -55.85001289, -12.89586633 ], [ -55.84630222, -12.89515194 ], [ -55.84774316, -12.89887911 ], [ -55.84918411, -12.90260628 ], [ -55.85062505, -12.90633344 ], [ -55.852066, -12.91006061 ], [ -55.85350694, -12.91378778 ], [ -55.85482383, -12.91718717 ], [ -55.85614072, -12.92058656 ], [ -55.85745761, -12.92398594 ], [ -55.8587745, -12.92738533 ], [ -55.86009139, -12.93078472 ], [ -55.86224639, -12.92998194 ], [ -55.86289528, -12.93167222 ], [ -55.86074583, -12.932475 ], [ -55.8615475, -12.93451 ], [ -55.86169806, -12.934905 ], [ -55.86318611, -12.93876611 ], [ -55.86453722, -12.94224828 ], [ -55.86588833, -12.94573044 ], [ -55.86723945, -12.94921261 ], [ -55.86859056, -12.95269477 ], [ -55.86994167, -12.95617694 ], [ -55.87153245, -12.96026528 ], [ -55.87312322, -12.96435362 ], [ -55.874714, -12.96844195 ], [ -55.87630478, -12.97253029 ], [ -55.87789555, -12.97661863 ], [ -55.87948633, -12.98070697 ], [ -55.88108672, -12.9848185 ], [ -55.88268711, -12.98893003 ], [ -55.88275283, -12.98909902 ], [ -55.88424103, -12.99292302 ], [ -55.88572924, -12.99674701 ], [ -55.88721744, -13.00057101 ], [ -55.88870564, -13.00439501 ], [ -55.89018229, -13.00384755 ], [ -55.89223292, -13.00295797 ], [ -55.89424094, -13.00401933 ], [ -55.89624896, -13.00508068 ], [ -55.90053977, -13.00572888 ], [ -55.9028565, -13.00592854 ], [ -55.90517323, -13.00612819 ], [ -55.90559829, -13.00520019 ], [ -55.90646541, -13.00470558 ], [ -55.90736098, -13.00472535 ], [ -55.90806678, -13.00438882 ], [ -55.90826258, -13.00317559 ], [ -55.90907513, -13.0025256 ], [ -55.90955638, -13.00198749 ], [ -55.91011041, -13.00146181 ], [ -55.91027305, -13.00082735 ], [ -55.91116349, -13.00039123 ], [ -55.91135942, -12.99973511 ], [ -55.91276904, -12.99874946 ], [ -55.91334385, -12.99778626 ], [ -55.91347783, -12.99636455 ], [ -55.91351348, -12.99516375 ], [ -55.91387898, -12.99437299 ], [ -55.9140452, -12.99344198 ], [ -55.91315946, -12.99172415 ], [ -55.91362553, -12.99095759 ], [ -55.91467418, -12.9907665 ], [ -55.91557783, -12.99025058 ], [ -55.91644586, -12.99035926 ], [ -55.91730094, -12.99109508 ], [ -55.91836609, -12.99118106 ], [ -55.9200033, -12.99067731 ], [ -55.92041623, -12.98963738 ], [ -55.91949886, -12.98774069 ], [ -55.91969603, -12.98642809 ], [ -55.9215362, -12.9835134 ], [ -55.9216256, -12.98197965 ], [ -55.92172578, -12.98032063 ], [ -55.9218244, -12.97846649 ], [ -55.92226666, -12.97675075 ], [ -55.92291017, -12.97584929 ], [ -55.92303566, -12.97464777 ], [ -55.92274038, -12.9733814 ], [ -55.92262911, -12.97226642 ], [ -55.92295881, -12.97133834 ], [ -55.92371437, -12.97076716 ], [ -55.92433802, -12.97017184 ], [ -55.92435861, -12.96969255 ], [ -55.92310381, -12.96907138 ], [ -55.92240374, -12.96913159 ], [ -55.92132112, -12.96954735 ], [ -55.92042966, -12.96905063 ], [ -55.92017649, -12.96779402 ], [ -55.9206545, -12.96738498 ], [ -55.9214079, -12.96750609 ], [ -55.9228357, -12.96742756 ], [ -55.92369371, -12.96721032 ], [ -55.9253865, -12.96593896 ], [ -55.92593848, -12.96547706 ], [ -55.92617843, -12.9649212 ], [ -55.92670195, -12.96483819 ], [ -55.92701229, -12.96420621 ], [ -55.92847368, -12.96320991 ], [ -55.92916805, -12.96260203 ], [ -55.92983592, -12.96187541 ], [ -55.93086565, -12.9611199 ], [ -55.93099052, -12.96035154 ], [ -55.93134413, -12.95841218 ], [ -55.93212902, -12.95771451 ], [ -55.93337058, -12.95671845 ], [ -55.9340253, -12.95584693 ], [ -55.93413161, -12.95542983 ], [ -55.93446993, -12.95512553 ], [ -55.93484073, -12.95483546 ], [ -55.93503415, -12.95439802 ], [ -55.93397536, -12.95391224 ], [ -55.9339306, -12.95221129 ], [ -55.93502434, -12.95123903 ], [ -55.93590938, -12.95130774 ], [ -55.93595633, -12.9492805 ], [ -55.93669038, -12.94528053 ], [ -55.937683, -12.94249035 ], [ -55.93699693, -12.94191849 ], [ -55.93664369, -12.94131002 ], [ -55.93457357, -12.94144958 ], [ -55.93302583, -12.94120067 ], [ -55.93232559, -12.94075559 ], [ -55.9309076, -12.94066805 ], [ -55.9294719, -12.94041135 ], [ -55.92889043, -12.94010789 ], [ -55.9281318, -12.94008651 ], [ -55.92717796, -12.93967003 ], [ -55.92693747, -12.93949636 ], [ -55.92676621, -12.93925642 ], [ -55.92668206, -12.93897534 ], [ -55.926694, -12.93868272 ], [ -55.92686925, -12.93788066 ], [ -55.92712465, -12.93749963 ], [ -55.92753721, -12.9372893 ], [ -55.92805632, -12.93732073 ], [ -55.92939569, -12.93772694 ], [ -55.93016914, -12.93833444 ], [ -55.93434005, -12.93883197 ], [ -55.93445028, -12.93755271 ], [ -55.93721548, -12.93536748 ], [ -55.93861923, -12.93491588 ], [ -55.94012014, -12.93487578 ], [ -55.9430099, -12.93397848 ], [ -55.94352108, -12.93116082 ], [ -55.94407121, -12.92986398 ], [ -55.94519421, -12.92919838 ], [ -55.9459822, -12.9291597 ], [ -55.94605098, -12.92768388 ], [ -55.94557151, -12.92741577 ], [ -55.94430819, -12.92418289 ], [ -55.94398909, -12.92155092 ], [ -55.94399917, -12.92116944 ], [ -55.94401389, -12.92061944 ], [ -55.94349472, -12.9198725 ], [ -55.94348194, -12.91927972 ], [ -55.94349667, -12.91909889 ], [ -55.94354778, -12.91892472 ], [ -55.94363333, -12.91876417 ], [ -55.94374972, -12.91862333 ], [ -55.94389222, -12.91850833 ], [ -55.94405556, -12.91842333 ], [ -55.94423278, -12.91837222 ], [ -55.94441694, -12.91835667 ], [ -55.94446083, -12.91803722 ], [ -55.94539722, -12.91621917 ], [ -55.94693861, -12.9151975 ], [ -55.94815417, -12.9150825 ], [ -55.94927611, -12.91539556 ], [ -55.95006861, -12.91520167 ], [ -55.95087167, -12.91434972 ], [ -55.95098139, -12.91407889 ], [ -55.95032944, -12.91329583 ], [ -55.94986583, -12.91230361 ], [ -55.94937056, -12.91189417 ], [ -55.94864111, -12.91091778 ], [ -55.94769472, -12.91070972 ], [ -55.94644167, -12.90986306 ], [ -55.94571111, -12.90829 ], [ -55.94542972, -12.90722639 ], [ -55.94587306, -12.9067025 ], [ -55.94289507, -12.90369646 ], [ -55.93991708, -12.90069042 ], [ -55.9369391, -12.89768437 ], [ -55.93396111, -12.89467833 ], [ -55.93227139, -12.896915 ], [ -55.93435473, -12.89943278 ], [ -55.93643806, -12.90195056 ], [ -55.9340963, -12.90408426 ], [ -55.93175454, -12.90621797 ], [ -55.92941278, -12.90835167 ], [ -55.92530167, -12.90986333 ], [ -55.92660411, -12.91347433 ], [ -55.92790656, -12.91708533 ], [ -55.929209, -12.92069633 ], [ -55.93051145, -12.92430733 ], [ -55.93181389, -12.92791833 ], [ -55.92817593, -12.92974067 ], [ -55.92453797, -12.93156301 ], [ -55.92090001, -12.93338535 ], [ -55.91726205, -12.93520769 ], [ -55.91362409, -12.93703003 ], [ -55.91080146, -12.93844387 ], [ -55.90797883, -12.93985771 ], [ -55.90435261, -12.94167372 ], [ -55.90072639, -12.94348972 ], [ -55.89933875, -12.93985551 ], [ -55.89795111, -12.93622129 ], [ -55.89656347, -12.93258708 ], [ -55.89517584, -12.92895287 ], [ -55.8937882, -12.92531865 ], [ -55.89240056, -12.92168444 ], [ -55.88936333, -12.92280194 ], [ -55.88583708, -12.92400631 ], [ -55.88231083, -12.92521069 ], [ -55.87878458, -12.92641506 ], [ -55.87525833, -12.92761944 ], [ -55.87505556, -12.92730583 ], [ -55.87860139, -12.92609472 ], [ -55.88214722, -12.92488361 ], [ -55.88569306, -12.9236725 ], [ -55.88923889, -12.92246139 ], [ -55.89226417, -12.92134833 ], [ -55.89647347, -12.9198475 ], [ -55.90068278, -12.91834667 ], [ -55.90291681, -12.91754139 ], [ -55.90515083, -12.91673611 ], [ -55.90839583, -12.91556695 ], [ -55.91164083, -12.91439778 ], [ -55.91457833, -12.91333153 ], [ -55.91751583, -12.91226528 ], [ -55.92134695, -12.91089403 ], [ -55.92517806, -12.90952278 ], [ -55.92921639, -12.90803694 ], [ -55.93145574, -12.90599657 ], [ -55.93369509, -12.9039562 ], [ -55.93593444, -12.90191583 ], [ -55.93386958, -12.89942042 ], [ -55.93180472, -12.896925 ], [ -55.93369667, -12.89442111 ], [ -55.9360625, -12.89234917 ], [ -55.93903565, -12.88962426 ], [ -55.94200879, -12.88689935 ], [ -55.94498194, -12.88417444 ], [ -55.94494778, -12.88365417 ], [ -55.94100195, -12.88283386 ], [ -55.93705611, -12.88201354 ], [ -55.93311028, -12.88119323 ], [ -55.92916445, -12.88037292 ], [ -55.92521861, -12.87955261 ], [ -55.92127278, -12.87873229 ], [ -55.91732694, -12.87791198 ], [ -55.91338111, -12.87709167 ], [ -55.91120176, -12.88000519 ], [ -55.90902241, -12.8829187 ], [ -55.90684306, -12.88583222 ] ] ] } },
{ "type": "Feature", "properties": { }, "geometry": { "type": "Polygon", "coordinates": [ [ [ -55.88139388, -13.24990553 ], [ -55.88148594, -13.24992943 ], [ -55.88105679, -13.24924018 ], [ -55.88075638, -13.24884333 ], [ -55.88024139, -13.24825851 ], [ -55.87985516, -13.24775723 ], [ -55.87931871, -13.24729772 ], [ -55.87865353, -13.24694265 ], [ -55.87822437, -13.24683822 ], [ -55.87796688, -13.24679644 ], [ -55.87764502, -13.24665024 ], [ -55.87710857, -13.24633693 ], [ -55.87667942, -13.24600275 ], [ -55.87642193, -13.24564767 ], [ -55.87594986, -13.24487486 ], [ -55.87584257, -13.24441534 ], [ -55.87569237, -13.2438514 ], [ -55.87573528, -13.24316212 ], [ -55.87597132, -13.2427235 ], [ -55.87640047, -13.24203422 ], [ -55.87661505, -13.24167914 ], [ -55.876894, -13.24132406 ], [ -55.87717295, -13.24094809 ], [ -55.87743044, -13.24067655 ], [ -55.87770939, -13.24015437 ], [ -55.87792397, -13.23984106 ], [ -55.87803125, -13.23954864 ], [ -55.87833166, -13.23929799 ], [ -55.87895393, -13.23890113 ], [ -55.87920768, -13.23875293 ], [ -55.87910722, -13.23872694 ], [ -55.87545726, -13.23778646 ], [ -55.8718073, -13.23684598 ], [ -55.87173327, -13.2368269 ], [ -55.87081593, -13.23659051 ], [ -55.86951113, -13.23625428 ], [ -55.86892447, -13.2361031 ], [ -55.86517777, -13.23513746 ], [ -55.86143106, -13.23417182 ], [ -55.85768435, -13.23320618 ], [ -55.85393765, -13.23224054 ], [ -55.85092687, -13.23146445 ], [ -55.84933777, -13.23105481 ], [ -55.8477962, -13.23065742 ], [ -55.84769513, -13.23063137 ], [ -55.84568843, -13.23011405 ], [ -55.84454783, -13.22982 ], [ -55.84334076, -13.22950881 ], [ -55.83933333, -13.22847531 ], [ -55.83532591, -13.22744181 ], [ -55.83131848, -13.2264083 ], [ -55.82731106, -13.2253748 ], [ -55.82330363, -13.2243413 ], [ -55.81929621, -13.2233078 ], [ -55.81528878, -13.2222743 ], [ -55.81128136, -13.2212408 ], [ -55.80727394, -13.22020729 ], [ -55.80326651, -13.21917379 ], [ -55.80229854, -13.21892407 ], [ -55.80208507, -13.218869 ], [ -55.80126982, -13.21865867 ], [ -55.80030069, -13.21840864 ], [ -55.80018916, -13.21837986 ], [ -55.79847006, -13.21793633 ], [ -55.79750674, -13.21768779 ], [ -55.79441624, -13.21689035 ], [ -55.79132574, -13.21609291 ], [ -55.78823524, -13.21529547 ], [ -55.78603073, -13.21472657 ], [ -55.78382623, -13.21415768 ], [ -55.78366845, -13.21411696 ], [ -55.78054228, -13.21331013 ], [ -55.7774161, -13.21250329 ], [ -55.77428993, -13.21169646 ], [ -55.77407798, -13.21164175 ], [ -55.77372333, -13.21155021 ], [ -55.76964087, -13.210496 ], [ -55.76555841, -13.20944179 ], [ -55.76147595, -13.20838759 ], [ -55.75739348, -13.20733338 ], [ -55.75331102, -13.20627917 ], [ -55.74922856, -13.20522496 ], [ -55.7451461, -13.20417075 ], [ -55.74106364, -13.20311654 ], [ -55.73698118, -13.20206233 ], [ -55.73289872, -13.20100813 ], [ -55.72881626, -13.19995392 ], [ -55.72473379, -13.19889971 ], [ -55.72065133, -13.1978455 ], [ -55.71887288, -13.20094712 ], [ -55.71709442, -13.20404874 ], [ -55.71531596, -13.20715037 ], [ -55.71963532, -13.20826187 ], [ -55.72395467, -13.20937338 ], [ -55.72827402, -13.21048489 ], [ -55.73259337, -13.2115964 ], [ -55.73684178, -13.21268911 ], [ -55.7410902, -13.21378183 ], [ -55.74533861, -13.21487455 ], [ -55.74958702, -13.21596726 ], [ -55.75383544, -13.21705998 ], [ -55.75808385, -13.21815269 ], [ -55.76233226, -13.21924541 ], [ -55.76658068, -13.22033812 ], [ -55.77082909, -13.22143084 ], [ -55.7750775, -13.22252355 ], [ -55.77932591, -13.22361627 ], [ -55.78357433, -13.22470898 ], [ -55.78782274, -13.2258017 ], [ -55.79216045, -13.22690441 ], [ -55.79649816, -13.22800712 ], [ -55.80083587, -13.22910983 ], [ -55.80517358, -13.23021254 ], [ -55.80951128, -13.23131524 ], [ -55.81384899, -13.23241795 ], [ -55.8181867, -13.23352066 ], [ -55.82252441, -13.23462337 ], [ -55.82686212, -13.23572608 ], [ -55.83101519, -13.23678138 ], [ -55.83516825, -13.23783668 ], [ -55.83564938, -13.23795893 ], [ -55.83989386, -13.23903746 ], [ -55.84227866, -13.23964264 ], [ -55.84466345, -13.24024782 ], [ -55.8485023, -13.24122198 ], [ -55.85256738, -13.24225356 ], [ -55.85663247, -13.24328514 ], [ -55.86069755, -13.24431672 ], [ -55.86476264, -13.24534829 ], [ -55.86882772, -13.24637987 ], [ -55.87283719, -13.24739733 ], [ -55.87684665, -13.2484148 ], [ -55.88085611, -13.24943226 ], [ -55.88101891, -13.24947366 ], [ -55.88139388, -13.24990553 ] ] ] } },
{ "type": "Feature", "properties": { }, "geometry": { "type": "Polygon", "coordinates": [ [ [ -55.99495027, -12.77950317 ], [ -55.99107782, -12.77870047 ], [ -55.98720537, -12.77789777 ], [ -55.98333292, -12.77709507 ], [ -55.97946048, -12.77629237 ], [ -55.97558803, -12.77548967 ], [ -55.97171558, -12.77468697 ], [ -55.97097393, -12.77722019 ], [ -55.97023227, -12.77975342 ], [ -55.97149347, -12.78374174 ], [ -55.97275466, -12.78773006 ], [ -55.97401586, -12.79171839 ], [ -55.97527705, -12.79570671 ], [ -55.97653825, -12.79969503 ], [ -55.97779945, -12.80368336 ], [ -55.97906064, -12.80767168 ], [ -55.97669827, -12.81084829 ], [ -55.9743359, -12.81402491 ], [ -55.97833028, -12.81483227 ], [ -55.98232467, -12.81563963 ], [ -55.98631905, -12.816447 ], [ -55.99031344, -12.81725436 ], [ -55.99067824, -12.81689849 ], [ -55.99127486, -12.81549655 ], [ -55.99169578, -12.81499988 ], [ -55.9925023, -12.81448046 ], [ -55.99482912, -12.81374143 ], [ -55.99518193, -12.81367843 ], [ -55.99524747, -12.81351709 ], [ -55.99574967, -12.81228081 ], [ -55.9954375, -12.80997165 ], [ -55.99513038, -12.80861679 ], [ -55.99511184, -12.80588467 ], [ -55.99489956, -12.80338981 ], [ -55.99420196, -12.8022327 ], [ -55.99214327, -12.80027208 ], [ -55.99008457, -12.79831146 ], [ -55.98840311, -12.79736533 ], [ -55.98792158, -12.79700113 ], [ -55.98708103, -12.79636539 ], [ -55.98659245, -12.79569781 ], [ -55.9866153, -12.79529064 ], [ -55.98691106, -12.7949547 ], [ -55.98719506, -12.79481493 ], [ -55.98744935, -12.79468978 ], [ -55.98808716, -12.79469371 ], [ -55.98874364, -12.79494611 ], [ -55.98953951, -12.79556693 ], [ -55.9912191, -12.7957362 ], [ -55.99181478, -12.79599815 ], [ -55.99102962, -12.79458565 ], [ -55.99157606, -12.79417192 ], [ -55.99240461, -12.7942828 ], [ -55.99219523, -12.79377487 ], [ -55.99282377, -12.793208 ], [ -55.99349899, -12.79259903 ], [ -55.99344039, -12.7922609 ], [ -55.99275596, -12.79162931 ], [ -55.99273363, -12.79036751 ], [ -55.99327458, -12.78975317 ], [ -55.99412667, -12.7897169 ], [ -55.9951409, -12.78943502 ], [ -55.995726, -12.78976644 ], [ -55.99646542, -12.78992164 ], [ -55.99739558, -12.79171551 ], [ -55.99751555, -12.79172369 ], [ -56.00070222, -12.79158528 ], [ -56.00184139, -12.79171528 ], [ -56.00307556, -12.79033444 ], [ -56.00535278, -12.78929444 ], [ -56.00584972, -12.789325 ], [ -56.00585556, -12.78830321 ], [ -56.01002239, -12.78832853 ], [ -56.01028741, -12.78727372 ], [ -56.01145267, -12.78435877 ], [ -56.01088917, -12.78314513 ], [ -56.01054639, -12.78123691 ], [ -56.01050168, -12.78065941 ], [ -56.01038759, -12.77984467 ], [ -56.0066688, -12.77906867 ], [ -56.00295, -12.77829267 ], [ -55.9992312, -12.77751667 ], [ -55.99551241, -12.77674066 ], [ -55.99495027, -12.77950317 ] ] ] } },
{ "type": "Feature", "properties": { }, "geometry": { "type": "Polygon", "coordinates": [ [ [ -55.77343028, -13.10470722 ], [ -55.76945736, -13.10414611 ], [ -55.76548444, -13.103585 ], [ -55.76481639, -13.10765259 ], [ -55.76414833, -13.11172019 ], [ -55.76348028, -13.11578778 ], [ -55.75946111, -13.11515406 ], [ -55.75544194, -13.11452034 ], [ -55.75142278, -13.11388661 ], [ -55.74740361, -13.11325289 ], [ -55.74338444, -13.11261917 ], [ -55.74330389, -13.11306972 ], [ -55.74299139, -13.11651069 ], [ -55.74267889, -13.11995167 ], [ -55.74708195, -13.1206298 ], [ -55.751485, -13.12130794 ], [ -55.75588806, -13.12198607 ], [ -55.76029111, -13.12266421 ], [ -55.76469417, -13.12334234 ], [ -55.76909722, -13.12402048 ], [ -55.77350028, -13.12469861 ], [ -55.77348628, -13.12070033 ], [ -55.77347228, -13.11670205 ], [ -55.77345828, -13.11270378 ], [ -55.77344428, -13.1087055 ], [ -55.77343028, -13.10470722 ] ] ] } },
{ "type": "Feature", "properties": { }, "geometry": { "type": "Polygon", "coordinates": [ [ [ -56.08863728, -12.64093934 ], [ -56.09248203, -12.64167748 ], [ -56.09632678, -12.64241563 ], [ -56.10017153, -12.64315377 ], [ -56.10401628, -12.64389192 ], [ -56.10786103, -12.64463006 ], [ -56.11170578, -12.6453682 ], [ -56.11419438, -12.64363876 ], [ -56.11539724, -12.64240256 ], [ -56.11588599, -12.64139364 ], [ -56.11613593, -12.63842029 ], [ -56.1157847, -12.63727173 ], [ -56.11455005, -12.63713463 ], [ -56.11252337, -12.63651928 ], [ -56.10931253, -12.63512483 ], [ -56.10836387, -12.63555803 ], [ -56.10750248, -12.63780014 ], [ -56.10599917, -12.63968411 ], [ -56.1043068, -12.64044781 ], [ -56.10374969, -12.64045774 ], [ -56.10332146, -12.63965789 ], [ -56.10337264, -12.6383949 ], [ -56.10359083, -12.63562145 ], [ -56.10380903, -12.63284801 ], [ -56.10442385, -12.63072514 ], [ -56.10020606, -12.62996204 ], [ -56.09598826, -12.62919894 ], [ -56.09177047, -12.62843584 ], [ -56.08755267, -12.62767274 ], [ -56.08339167, -12.62691949 ], [ -56.07923066, -12.62616624 ], [ -56.07506966, -12.625413 ], [ -56.07090865, -12.62465975 ], [ -56.06755065, -12.62406675 ], [ -56.06419265, -12.62347375 ], [ -56.06065084, -12.62281935 ], [ -56.05710904, -12.62216495 ], [ -56.05356724, -12.62151055 ], [ -56.05002543, -12.62085616 ], [ -56.04648363, -12.62020176 ], [ -56.04241377, -12.61938462 ], [ -56.03834391, -12.61856747 ], [ -56.03427405, -12.61775033 ], [ -56.03020419, -12.61693319 ], [ -56.02613432, -12.61611605 ], [ -56.02206446, -12.61529891 ], [ -56.0179946, -12.61448177 ], [ -56.01429635, -12.61370377 ], [ -56.01059809, -12.61292577 ], [ -56.00689984, -12.61214777 ], [ -56.00320159, -12.61136977 ], [ -55.99991558, -12.61070127 ], [ -55.99662958, -12.61003277 ], [ -55.99246408, -12.60913528 ], [ -55.98829857, -12.60823778 ], [ -55.98413307, -12.60734028 ], [ -55.97996756, -12.60644278 ], [ -55.97696406, -12.60580828 ], [ -55.97396056, -12.60517378 ], [ -55.97016827, -12.60440235 ], [ -55.96637598, -12.60363093 ], [ -55.96258369, -12.6028595 ], [ -55.9587914, -12.60208807 ], [ -55.95499911, -12.60131665 ], [ -55.95120682, -12.60054522 ], [ -55.94741453, -12.59977379 ], [ -55.94334075, -12.59894846 ], [ -55.93926697, -12.59812313 ], [ -55.93519319, -12.59729779 ], [ -55.93111941, -12.59647246 ], [ -55.92704562, -12.59564713 ], [ -55.92297184, -12.5948218 ], [ -55.91889806, -12.59399647 ], [ -55.91482428, -12.59317114 ], [ -55.9107505, -12.5923458 ], [ -55.9098305, -12.5948868 ], [ -55.9089105, -12.5974278 ], [ -55.90743883, -12.60150464 ], [ -55.90596716, -12.60558147 ], [ -55.9044955, -12.60965831 ], [ -55.90302383, -12.61373514 ], [ -55.90155216, -12.61781197 ], [ -55.9000805, -12.62188881 ], [ -55.90349783, -12.62241447 ], [ -55.90691517, -12.62294014 ], [ -55.91033251, -12.6234658 ], [ -55.91424394, -12.62406966 ], [ -55.91815537, -12.62467352 ], [ -55.9220668, -12.62527737 ], [ -55.92597824, -12.62588123 ], [ -55.92988967, -12.62648508 ], [ -55.9338011, -12.62708894 ], [ -55.93771253, -12.62769279 ], [ -55.94173064, -12.62826579 ], [ -55.94574874, -12.62883879 ], [ -55.94976685, -12.62941179 ], [ -55.95378495, -12.62998479 ], [ -55.95780305, -12.63055779 ], [ -55.96182116, -12.63113079 ], [ -55.96583926, -12.63170378 ], [ -55.96985736, -12.63227678 ], [ -55.97387547, -12.63284978 ], [ -55.97789357, -12.63342278 ], [ -55.98109057, -12.63403228 ], [ -55.98428758, -12.63464178 ], [ -55.98831335, -12.63539571 ], [ -55.99233913, -12.63614965 ], [ -55.9963649, -12.63690359 ], [ -56.00039068, -12.63765752 ], [ -56.00441645, -12.63841146 ], [ -56.00844223, -12.63916539 ], [ -56.00967157, -12.63599124 ], [ -56.01090092, -12.63281708 ], [ -56.01213026, -12.62964292 ], [ -56.0133596, -12.62646877 ], [ -56.01728785, -12.627225 ], [ -56.02121611, -12.62798123 ], [ -56.02514436, -12.62873746 ], [ -56.02907261, -12.62949369 ], [ -56.03300086, -12.63024992 ], [ -56.03692911, -12.63100615 ], [ -56.04128322, -12.63184264 ], [ -56.04563733, -12.63267913 ], [ -56.04999144, -12.63351563 ], [ -56.05434555, -12.63435212 ], [ -56.05869965, -12.63518861 ], [ -56.06305376, -12.6360251 ], [ -56.06731768, -12.63684414 ], [ -56.0715816, -12.63766318 ], [ -56.07584552, -12.63848222 ], [ -56.08010944, -12.63930126 ], [ -56.08437336, -12.6401203 ], [ -56.08863728, -12.64093934 ] ] ] } },
{ "type": "Feature", "properties": { }, "geometry": { "type": "Polygon", "coordinates": [ [ [ -55.805095, -13.15714333 ], [ -55.80944567, -13.15781644 ], [ -55.81379633, -13.15848956 ], [ -55.818147, -13.15916267 ], [ -55.82249767, -13.15983578 ], [ -55.82684833, -13.16050889 ], [ -55.82708556, -13.16054556 ], [ -55.83127426, -13.16119324 ], [ -55.83546296, -13.16184093 ], [ -55.83965167, -13.16248861 ], [ -55.83976736, -13.15989278 ], [ -55.83988306, -13.15729694 ], [ -55.84324125, -13.15778694 ], [ -55.84659944, -13.15827694 ], [ -55.84995764, -13.15876694 ], [ -55.85331583, -13.15925694 ], [ -55.85304096, -13.16254537 ], [ -55.85288288, -13.16443668 ], [ -55.85688423, -13.16510482 ], [ -55.86088559, -13.16577295 ], [ -55.86488694, -13.16644109 ], [ -55.86888829, -13.16710922 ], [ -55.87288965, -13.16777736 ], [ -55.876891, -13.1684455 ], [ -55.88089236, -13.16911363 ], [ -55.88489371, -13.16978177 ], [ -55.88500563, -13.16980043 ], [ -55.88505194, -13.16958222 ], [ -55.88492611, -13.168465 ], [ -55.88459972, -13.16738333 ], [ -55.88375639, -13.16630444 ], [ -55.88337389, -13.16540139 ], [ -55.88302722, -13.16467861 ], [ -55.88243528, -13.16396611 ], [ -55.88144722, -13.1635975 ], [ -55.88050556, -13.1631525 ], [ -55.87957056, -13.16268222 ], [ -55.879235, -13.16203639 ], [ -55.87922694, -13.16083167 ], [ -55.87921917, -13.16056611 ], [ -55.87928417, -13.15996639 ], [ -55.87954528, -13.15865222 ], [ -55.87988472, -13.15776694 ], [ -55.88016306, -13.1566825 ], [ -55.87999667, -13.15563583 ], [ -55.88021333, -13.15497139 ], [ -55.88062917, -13.15421861 ], [ -55.88171, -13.15372833 ], [ -55.88268639, -13.15325111 ], [ -55.88346722, -13.15253611 ], [ -55.88319083, -13.15113444 ], [ -55.8829625, -13.15030111 ], [ -55.88259417, -13.14926444 ], [ -55.88296306, -13.14862694 ], [ -55.88351667, -13.14784306 ], [ -55.88417583, -13.14689111 ], [ -55.88467194, -13.14607917 ], [ -55.88517056, -13.14538889 ], [ -55.88571278, -13.14462556 ], [ -55.88655639, -13.14391583 ], [ -55.88723056, -13.14341639 ], [ -55.88785694, -13.14261306 ], [ -55.88851333, -13.14202528 ], [ -55.88908861, -13.14124278 ], [ -55.88883028, -13.14074 ], [ -55.88824694, -13.14000528 ], [ -55.88777583, -13.13922917 ], [ -55.88704833, -13.13849639 ], [ -55.88608417, -13.13766222 ], [ -55.88521278, -13.13721833 ], [ -55.88451306, -13.13688806 ], [ -55.88387056, -13.13592083 ], [ -55.88366583, -13.13493611 ], [ -55.88339361, -13.13395556 ], [ -55.88298528, -13.133035 ], [ -55.88253528, -13.13198639 ], [ -55.88241861, -13.13185333 ], [ -55.88191111, -13.13138472 ], [ -55.88106167, -13.13066444 ], [ -55.88025639, -13.12978194 ], [ -55.88019583, -13.12892306 ], [ -55.88059722, -13.12771889 ], [ -55.88100389, -13.12666889 ], [ -55.88193139, -13.12589333 ], [ -55.88336306, -13.12626694 ], [ -55.88408417, -13.12650583 ], [ -55.88500278, -13.12691083 ], [ -55.88596667, -13.12745611 ], [ -55.8871, -13.12741611 ], [ -55.88742528, -13.12675361 ], [ -55.88714111, -13.12598528 ], [ -55.88641194, -13.12540444 ], [ -55.88562611, -13.12439778 ], [ -55.88545417, -13.12285806 ], [ -55.88542028, -13.12148056 ], [ -55.88547167, -13.12017417 ], [ -55.88512722, -13.11891028 ], [ -55.88489333, -13.11826417 ], [ -55.88450806, -13.11750694 ], [ -55.88004277, -13.11713359 ], [ -55.87578472, -13.1167775 ], [ -55.87541528, -13.11674417 ], [ -55.87168617, -13.11637995 ], [ -55.86795706, -13.11601573 ], [ -55.86422794, -13.1156515 ], [ -55.86049883, -13.11528728 ], [ -55.85676972, -13.11492306 ], [ -55.8527157, -13.11452639 ], [ -55.84866167, -13.11412972 ], [ -55.84529848, -13.11374445 ], [ -55.84193528, -13.11335917 ], [ -55.83770648, -13.11287454 ], [ -55.83347769, -13.11238991 ], [ -55.82924889, -13.11190528 ], [ -55.82493611, -13.11137667 ], [ -55.82177795, -13.11098675 ], [ -55.81861979, -13.11059683 ], [ -55.81416429, -13.11004652 ], [ -55.80970878, -13.1094962 ], [ -55.80525328, -13.10894588 ], [ -55.80079778, -13.10839556 ], [ -55.79772972, -13.10799889 ], [ -55.79801264, -13.11069389 ], [ -55.79829556, -13.11338889 ], [ -55.79870491, -13.11727954 ], [ -55.79911425, -13.12117019 ], [ -55.7995236, -13.12506084 ], [ -55.79985139, -13.12817583 ], [ -55.80026676, -13.13212278 ], [ -55.80068213, -13.13606972 ], [ -55.8010975, -13.14001667 ], [ -55.80143002, -13.1431816 ], [ -55.80176254, -13.14634653 ], [ -55.80209505, -13.14951146 ], [ -55.80549558, -13.14928553 ], [ -55.80536218, -13.15189708 ], [ -55.80522859, -13.15452021 ], [ -55.805095, -13.15714333 ] ] ] } },
{ "type": "Feature", "properties": { }, "geometry": { "type": "Polygon", "coordinates": [ [ [ -55.94272881, -12.85632826 ], [ -55.94093499, -12.85877325 ], [ -55.94159057, -12.86257976 ], [ -55.94224615, -12.86638628 ], [ -55.94290173, -12.87019279 ], [ -55.94324041, -12.87214671 ], [ -55.94393636, -12.87618654 ], [ -55.94463231, -12.88022637 ], [ -55.94532825, -12.88426619 ], [ -55.94286956, -12.88651106 ], [ -55.94041087, -12.88875592 ], [ -55.93795218, -12.89100078 ], [ -55.93592676, -12.89280939 ], [ -55.93390134, -12.89461799 ], [ -55.93689424, -12.89763912 ], [ -55.93988715, -12.90066025 ], [ -55.94288005, -12.90368138 ], [ -55.94587306, -12.9067025 ], [ -55.94638972, -12.90738583 ], [ -55.94671472, -12.90819889 ], [ -55.94733472, -12.90925694 ], [ -55.94768296, -12.90928719 ], [ -55.94765149, -12.90904363 ], [ -55.94818587, -12.90877841 ], [ -55.94919146, -12.90891314 ], [ -55.94996028, -12.90926721 ], [ -55.95096299, -12.91009135 ], [ -55.95163302, -12.91087308 ], [ -55.95275909, -12.91144197 ], [ -55.9527655, -12.91142888 ], [ -55.95325743, -12.91073434 ], [ -55.95373682, -12.91024769 ], [ -55.95451269, -12.91023081 ], [ -55.95518946, -12.91045411 ], [ -55.95584512, -12.91044908 ], [ -55.95586178, -12.91046674 ], [ -55.95589348, -12.91046152 ], [ -55.95594918, -12.91038444 ], [ -55.95557878, -12.90998883 ], [ -55.95570205, -12.9099609 ], [ -55.95582288, -12.90993352 ], [ -55.95636684, -12.90990901 ], [ -55.95689049, -12.91000249 ], [ -55.95688964, -12.90999471 ], [ -55.95675299, -12.90975528 ], [ -55.95674427, -12.90916334 ], [ -55.95666123, -12.90911538 ], [ -55.95622334, -12.9088003 ], [ -55.95593301, -12.90842567 ], [ -55.95571004, -12.90812483 ], [ -55.95564637, -12.9078058 ], [ -55.9555373, -12.90747195 ], [ -55.95544577, -12.90708794 ], [ -55.95551255, -12.90662693 ], [ -55.95552803, -12.9065623 ], [ -55.95543166, -12.90613836 ], [ -55.955818, -12.90568337 ], [ -55.95583967, -12.90563897 ], [ -55.95607836, -12.90508338 ], [ -55.95633906, -12.90482066 ], [ -55.95665784, -12.90414004 ], [ -55.95728056, -12.90391779 ], [ -55.95738839, -12.90390312 ], [ -55.95749516, -12.90384338 ], [ -55.95779975, -12.90363831 ], [ -55.95786448, -12.90342456 ], [ -55.95847631, -12.90306497 ], [ -55.95852561, -12.90302084 ], [ -55.95861133, -12.90287506 ], [ -55.95878833, -12.90249417 ], [ -55.95880514, -12.90245157 ], [ -55.95874411, -12.90208313 ], [ -55.95901066, -12.90141442 ], [ -55.95925729, -12.90097511 ], [ -55.95950466, -12.90071721 ], [ -55.95979561, -12.90018814 ], [ -55.9602398, -12.89936828 ], [ -55.96035038, -12.89915794 ], [ -55.96025814, -12.89872087 ], [ -55.95994898, -12.89735194 ], [ -55.96163351, -12.89735863 ], [ -55.96208946, -12.89797892 ], [ -55.96239782, -12.8983108 ], [ -55.96262074, -12.89862943 ], [ -55.96268693, -12.89865136 ], [ -55.96347978, -12.89822336 ], [ -55.96373016, -12.89861992 ], [ -55.96377239, -12.89858749 ], [ -55.96392562, -12.89842084 ], [ -55.96409293, -12.89829345 ], [ -55.96422631, -12.8981919 ], [ -55.96422277, -12.89812847 ], [ -55.96425945, -12.89764104 ], [ -55.9643697, -12.89709063 ], [ -55.96439233, -12.89701678 ], [ -55.96431599, -12.89658213 ], [ -55.96466389, -12.89605356 ], [ -55.96492575, -12.89568744 ], [ -55.96537502, -12.89541444 ], [ -55.96587609, -12.8952268 ], [ -55.96637783, -12.89507353 ], [ -55.96727869, -12.89507709 ], [ -55.96782784, -12.89510321 ], [ -55.96808141, -12.89518724 ], [ -55.96829227, -12.89516139 ], [ -55.96870053, -12.89527235 ], [ -55.96892602, -12.895353 ], [ -55.9692131, -12.89543379 ], [ -55.96938264, -12.89543446 ], [ -55.96962943, -12.89548255 ], [ -55.97014594, -12.89523173 ], [ -55.97061147, -12.89512827 ], [ -55.97146462, -12.8953917 ], [ -55.97167153, -12.89577005 ], [ -55.97182343, -12.89589345 ], [ -55.97191243, -12.89598548 ], [ -55.97223089, -12.89598673 ], [ -55.97228621, -12.89610188 ], [ -55.97233011, -12.89608376 ], [ -55.97272455, -12.89598867 ], [ -55.97341927, -12.89599139 ], [ -55.97393657, -12.89640071 ], [ -55.97400949, -12.89649539 ], [ -55.9742397, -12.89656174 ], [ -55.9745805, -12.89673858 ], [ -55.97482503, -12.89659078 ], [ -55.9754891, -12.89632625 ], [ -55.97595077, -12.89625003 ], [ -55.97667557, -12.89629293 ], [ -55.97721889, -12.89631171 ], [ -55.97746351, -12.89631267 ], [ -55.97730374, -12.89614073 ], [ -55.97694955, -12.89582621 ], [ -55.97664279, -12.89562151 ], [ -55.97628875, -12.89541341 ], [ -55.97601198, -12.89514826 ], [ -55.97593903, -12.89510733 ], [ -55.97573772, -12.89504784 ], [ -55.97550875, -12.89511598 ], [ -55.97491715, -12.89509364 ], [ -55.97425241, -12.89480069 ], [ -55.97383312, -12.89447926 ], [ -55.97327784, -12.89450821 ], [ -55.97290781, -12.89369281 ], [ -55.9726364, -12.8933537 ], [ -55.97260074, -12.8928739 ], [ -55.97227674, -12.89273616 ], [ -55.97226737, -12.89263044 ], [ -55.97191176, -12.89248344 ], [ -55.97197644, -12.89187357 ], [ -55.9718188, -12.89156114 ], [ -55.97182063, -12.89111278 ], [ -55.97193865, -12.8907249 ], [ -55.97197836, -12.89066189 ], [ -55.97182954, -12.88997711 ], [ -55.97204539, -12.88973 ], [ -55.97204081, -12.88958853 ], [ -55.97222599, -12.88925862 ], [ -55.9722635, -12.88914181 ], [ -55.97216806, -12.88876081 ], [ -55.97226851, -12.88839711 ], [ -55.97221886, -12.88824067 ], [ -55.97217458, -12.88818471 ], [ -55.97207651, -12.88800431 ], [ -55.97203937, -12.88798643 ], [ -55.971832, -12.88790588 ], [ -55.97153302, -12.88771291 ], [ -55.97121287, -12.88741741 ], [ -55.97111122, -12.88713688 ], [ -55.97095986, -12.88689483 ], [ -55.97093558, -12.88659444 ], [ -55.9708789, -12.88636818 ], [ -55.97086108, -12.88619548 ], [ -55.97079804, -12.88609077 ], [ -55.97060944, -12.88583066 ], [ -55.96949001, -12.88437719 ], [ -55.9704752, -12.88430674 ], [ -55.97047556, -12.88421828 ], [ -55.97160894, -12.88392653 ], [ -55.9718923, -12.88407426 ], [ -55.97215635, -12.88409428 ], [ -55.97254514, -12.88426394 ], [ -55.97293085, -12.88452249 ], [ -55.97318242, -12.88482575 ], [ -55.97322962, -12.88479227 ], [ -55.97339823, -12.88463448 ], [ -55.97378768, -12.88434852 ], [ -55.97406987, -12.88413025 ], [ -55.97467986, -12.88373474 ], [ -55.97515377, -12.88334389 ], [ -55.97519848, -12.88332722 ], [ -55.9755897, -12.88286494 ], [ -55.97586238, -12.88259954 ], [ -55.97622038, -12.88234983 ], [ -55.97651644, -12.88206682 ], [ -55.97698682, -12.881534 ], [ -55.97766295, -12.88110852 ], [ -55.97831012, -12.88069109 ], [ -55.97886466, -12.88036507 ], [ -55.97929494, -12.88005497 ], [ -55.97933166, -12.8799856 ], [ -55.97965225, -12.87954893 ], [ -55.98009067, -12.87941639 ], [ -55.98044566, -12.87933948 ], [ -55.98065558, -12.87931804 ], [ -55.98078151, -12.87928014 ], [ -55.98098235, -12.87917278 ], [ -55.98156466, -12.8790951 ], [ -55.98170872, -12.8791009 ], [ -55.9822128, -12.87889051 ], [ -55.98244795, -12.87882326 ], [ -55.98271666, -12.87874642 ], [ -55.98284859, -12.87870131 ], [ -55.98305392, -12.87851098 ], [ -55.9832661, -12.87847852 ], [ -55.98338019, -12.87839072 ], [ -55.98375617, -12.8781261 ], [ -55.98386992, -12.878065 ], [ -55.98388975, -12.87803713 ], [ -55.98434878, -12.87769556 ], [ -55.98460459, -12.87750749 ], [ -55.9849874, -12.87714218 ], [ -55.98510873, -12.87707413 ], [ -55.98530088, -12.87683679 ], [ -55.98599384, -12.87650021 ], [ -55.98620005, -12.87647212 ], [ -55.98624232, -12.87643303 ], [ -55.98624485, -12.87641564 ], [ -55.98662647, -12.87589582 ], [ -55.9872347, -12.87571478 ], [ -55.98748097, -12.87576409 ], [ -55.9876832, -12.87545675 ], [ -55.98811629, -12.87510008 ], [ -55.98818189, -12.87509727 ], [ -55.9889163, -12.8743274 ], [ -55.98936188, -12.87471295 ], [ -55.98935278, -12.87450854 ], [ -55.9896109, -12.87418882 ], [ -55.98978524, -12.87354907 ], [ -55.99015588, -12.87322109 ], [ -55.99022029, -12.87318981 ], [ -55.99022528, -12.87302055 ], [ -55.9904186, -12.87249864 ], [ -55.99066811, -12.87217812 ], [ -55.99083371, -12.87195943 ], [ -55.99103805, -12.87180407 ], [ -55.99113046, -12.87167536 ], [ -55.99111956, -12.87166879 ], [ -55.99108769, -12.87160916 ], [ -55.99079106, -12.87160802 ], [ -55.99034676, -12.87098531 ], [ -55.99021133, -12.87050565 ], [ -55.99021345, -12.86997527 ], [ -55.99014145, -12.8696239 ], [ -55.99019838, -12.86936818 ], [ -55.99019225, -12.86921268 ], [ -55.99014264, -12.86881046 ], [ -55.99022689, -12.8682833 ], [ -55.99022771, -12.86807779 ], [ -55.99021794, -12.86794102 ], [ -55.99017015, -12.867389 ], [ -55.99010826, -12.8669944 ], [ -55.99014234, -12.86685566 ], [ -55.98650741, -12.86604873 ], [ -55.98239369, -12.86513551 ], [ -55.97827998, -12.86422229 ], [ -55.97416626, -12.86330907 ], [ -55.97005255, -12.86239584 ], [ -55.96593883, -12.86148262 ], [ -55.9628113, -12.86078815 ], [ -55.95968377, -12.86009369 ], [ -55.95655624, -12.85939922 ], [ -55.95309939, -12.85863148 ], [ -55.94964253, -12.85786374 ], [ -55.94618567, -12.857096 ], [ -55.94272881, -12.85632826 ] ] ] } },
{ "type": "Feature", "properties": { }, "geometry": { "type": "Polygon", "coordinates": [ [ [ -55.74286999, -13.04286161 ], [ -55.74286944, -13.04286333 ], [ -55.74381694, -13.04724361 ], [ -55.74476444, -13.05162389 ], [ -55.74252291, -13.05345486 ], [ -55.74028139, -13.05528584 ], [ -55.74029407, -13.05093074 ], [ -55.74030676, -13.04657565 ], [ -55.74031944, -13.04222056 ], [ -55.74031897, -13.04221842 ], [ -55.73770964, -13.04156052 ], [ -55.73378559, -13.04057113 ], [ -55.72986155, -13.03958175 ], [ -55.7259375, -13.03859237 ], [ -55.72201346, -13.03760299 ], [ -55.71808941, -13.03661361 ], [ -55.71416537, -13.03562422 ], [ -55.71016435, -13.03461472 ], [ -55.70616333, -13.03360522 ], [ -55.70216231, -13.03259571 ], [ -55.69816128, -13.03158621 ], [ -55.69416026, -13.0305767 ], [ -55.69015924, -13.0295672 ], [ -55.68615822, -13.0285577 ], [ -55.6821572, -13.02754819 ], [ -55.67815618, -13.02653869 ], [ -55.67452335, -13.02562175 ], [ -55.67089052, -13.02470481 ], [ -55.67031836, -13.02555078 ], [ -55.67064156, -13.02714879 ], [ -55.67164729, -13.02868813 ], [ -55.67358231, -13.03092509 ], [ -55.67623654, -13.03279501 ], [ -55.67881096, -13.03454527 ], [ -55.68223937, -13.03530991 ], [ -55.68436587, -13.03607538 ], [ -55.68649236, -13.03684085 ], [ -55.68866876, -13.03814835 ], [ -55.69084516, -13.03945585 ], [ -55.69299783, -13.04065794 ], [ -55.69597422, -13.04120434 ], [ -55.69895062, -13.04175074 ], [ -55.7019086, -13.04255351 ], [ -55.70486658, -13.04335629 ], [ -55.7079249, -13.04582687 ], [ -55.71003464, -13.04894263 ], [ -55.71150677, -13.05245968 ], [ -55.71137177, -13.05537064 ], [ -55.71108317, -13.05719808 ], [ -55.71136982, -13.05870806 ], [ -55.71177788, -13.06139324 ], [ -55.71192433, -13.0646655 ], [ -55.71137392, -13.06583508 ], [ -55.71082285, -13.06660593 ], [ -55.7074353, -13.06956636 ], [ -55.70372537, -13.07147196 ], [ -55.70007231, -13.07200703 ], [ -55.69663548, -13.07154122 ], [ -55.69305213, -13.0707597 ], [ -55.68857925, -13.07031294 ], [ -55.6916965, -13.07159201 ], [ -55.69535045, -13.07314352 ], [ -55.6990044, -13.07469503 ], [ -55.70265835, -13.07624654 ], [ -55.7063123, -13.07779805 ], [ -55.70996625, -13.07934956 ], [ -55.7136202, -13.08090107 ], [ -55.71673648, -13.08222443 ], [ -55.71985277, -13.08354778 ], [ -55.7237973, -13.08527827 ], [ -55.72774183, -13.08700875 ], [ -55.73144146, -13.0888614 ], [ -55.73468483, -13.09065054 ], [ -55.7379282, -13.09243968 ], [ -55.74079636, -13.09337693 ], [ -55.74366453, -13.09431418 ], [ -55.74653269, -13.09525143 ], [ -55.74732999, -13.09135567 ], [ -55.74785805, -13.0887765 ], [ -55.7483861, -13.08619734 ], [ -55.74854226, -13.08543457 ], [ -55.74854802, -13.08517983 ], [ -55.74854775, -13.08517666 ], [ -55.74828116, -13.08198593 ], [ -55.7482823, -13.08197921 ], [ -55.7483261, -13.08171914 ], [ -55.74839562, -13.08157697 ], [ -55.74848623, -13.08151167 ], [ -55.74907194, -13.080858 ], [ -55.75090023, -13.0785193 ], [ -55.75272853, -13.0761806 ], [ -55.75485594, -13.07346256 ], [ -55.75698335, -13.07074452 ], [ -55.7595853, -13.06743278 ], [ -55.76218726, -13.06412104 ], [ -55.76255956, -13.06364715 ], [ -55.76268602, -13.06341512 ], [ -55.76489309, -13.06015592 ], [ -55.76710015, -13.05689671 ], [ -55.76930722, -13.0536375 ], [ -55.77087833, -13.05131694 ], [ -55.77244944, -13.04899639 ], [ -55.77498326, -13.04557458 ], [ -55.77751708, -13.04215278 ], [ -55.7800509, -13.03873097 ], [ -55.78258472, -13.03530917 ], [ -55.78234222, -13.03512879 ], [ -55.77967856, -13.03875023 ], [ -55.77961573, -13.03883565 ], [ -55.77713751, -13.04220469 ], [ -55.77465929, -13.04557373 ], [ -55.77218107, -13.04894277 ], [ -55.76840002, -13.0482065 ], [ -55.76461896, -13.04747024 ], [ -55.76083791, -13.04673398 ], [ -55.75705686, -13.04599772 ], [ -55.75327581, -13.04526145 ], [ -55.74949476, -13.04452519 ], [ -55.74948178, -13.04452866 ], [ -55.74823505, -13.04421432 ], [ -55.74555773, -13.04353928 ], [ -55.74286999, -13.04286161 ] ] ] } },
{ "type": "Feature", "properties": { }, "geometry": { "type": "Polygon", "coordinates": [ [ [ -55.98336917, -12.77693556 ], [ -55.9871796, -12.77772346 ], [ -55.99099004, -12.77851135 ], [ -55.99480047, -12.77929925 ], [ -55.99533595, -12.77674583 ], [ -55.99556611, -12.77656694 ], [ -55.99640639, -12.77244806 ], [ -55.99261472, -12.77166861 ], [ -55.98882306, -12.77088917 ], [ -55.98503139, -12.77010972 ], [ -55.98420028, -12.77352264 ], [ -55.98336917, -12.77693556 ] ] ] } },
{ "type": "Feature", "properties": { }, "geometry": { "type": "Polygon", "coordinates": [ [ [ -55.74180861, -13.13243389 ], [ -55.74600178, -13.13303917 ], [ -55.75019494, -13.13364445 ], [ -55.75438811, -13.13424972 ], [ -55.75858127, -13.134855 ], [ -55.76277444, -13.13546028 ], [ -55.76312379, -13.13226556 ], [ -55.76347315, -13.12907083 ], [ -55.7638225, -13.12587611 ], [ -55.75955194, -13.12521822 ], [ -55.75528139, -13.12456033 ], [ -55.75101083, -13.12390245 ], [ -55.74674028, -13.12324456 ], [ -55.74246972, -13.12258667 ], [ -55.74224935, -13.12586908 ], [ -55.74202898, -13.12915148 ], [ -55.74180861, -13.13243389 ] ] ] } },
{ "type": "Feature", "properties": { }, "geometry": { "type": "Polygon", "coordinates": [ [ [ -55.65012932, -13.3203066 ], [ -55.65012932, -13.31813503 ], [ -55.64995766, -13.31521173 ], [ -55.65012932, -13.3119543 ], [ -55.65090179, -13.30652514 ], [ -55.65236092, -13.29650177 ], [ -55.62549591, -13.26743165 ], [ -55.62197685, -13.27068969 ], [ -55.64146042, -13.29148993 ], [ -55.63416481, -13.2980053 ], [ -55.60523987, -13.26952014 ], [ -55.60893059, -13.26634563 ], [ -55.59614182, -13.25289529 ], [ -55.59082031, -13.25849273 ], [ -55.6019783, -13.26926952 ], [ -55.6030941, -13.26926952 ], [ -55.65012932, -13.3203066 ] ] ] } },
{ "type": "Feature", "properties": { }, "geometry": { "type": "Polygon", "coordinates": [ [ [ -55.72810557, -13.18403339 ], [ -55.72591045, -13.18779042 ], [ -55.7246573, -13.19046164 ], [ -55.72303972, -13.19334306 ], [ -55.72738948, -13.19446041 ], [ -55.73173924, -13.19557776 ], [ -55.736089, -13.19669511 ], [ -55.74043876, -13.19781246 ], [ -55.74478852, -13.19892981 ], [ -55.74913828, -13.20004716 ], [ -55.75348804, -13.20116451 ], [ -55.7578378, -13.20228186 ], [ -55.76218756, -13.20339921 ], [ -55.76653732, -13.20451656 ], [ -55.77088708, -13.20563391 ], [ -55.77523684, -13.20675126 ], [ -55.7795866, -13.20786861 ], [ -55.78393636, -13.20898596 ], [ -55.78828612, -13.21010331 ], [ -55.79263588, -13.21122066 ], [ -55.79698564, -13.21233801 ], [ -55.8013354, -13.21345536 ], [ -55.80568516, -13.21457271 ], [ -55.81003492, -13.21569006 ], [ -55.81438467, -13.2168074 ], [ -55.81873443, -13.21792475 ], [ -55.82308419, -13.2190421 ], [ -55.82743395, -13.22015945 ], [ -55.83178371, -13.2212768 ], [ -55.83613347, -13.22239415 ], [ -55.84048323, -13.2235115 ], [ -55.84483299, -13.22462885 ], [ -55.84918275, -13.2257462 ], [ -55.85353251, -13.22686355 ], [ -55.85788227, -13.2279809 ], [ -55.86223203, -13.22909825 ], [ -55.86658179, -13.2302156 ], [ -55.87093155, -13.23133295 ], [ -55.87528131, -13.2324503 ], [ -55.87963107, -13.23356765 ], [ -55.88398083, -13.234685 ], [ -55.88439937, -13.23478987 ], [ -55.88438236, -13.23404572 ], [ -55.88424768, -13.23336353 ], [ -55.88420642, -13.23267677 ], [ -55.88410714, -13.23228577 ], [ -55.88380941, -13.23145857 ], [ -55.88356102, -13.230821 ], [ -55.88315426, -13.22996114 ], [ -55.88278164, -13.22924654 ], [ -55.88226038, -13.22838193 ], [ -55.88182264, -13.2275194 ], [ -55.88138489, -13.22665687 ], [ -55.87981101, -13.22523669 ], [ -55.87945613, -13.22508686 ], [ -55.87895848, -13.22487682 ], [ -55.87853516, -13.22469821 ], [ -55.87816959, -13.22454391 ], [ -55.8775175, -13.22380185 ], [ -55.87695473, -13.22316145 ], [ -55.87679067, -13.22235047 ], [ -55.876661, -13.22170971 ], [ -55.87668443, -13.22120786 ], [ -55.87670347, -13.22079829 ], [ -55.87718234, -13.21887693 ], [ -55.87803214, -13.21799301 ], [ -55.87858887, -13.21760967 ], [ -55.87917818, -13.21754861 ], [ -55.87982647, -13.21738202 ], [ -55.87971128, -13.21690288 ], [ -55.8796237, -13.21653869 ], [ -55.87936401, -13.21583552 ], [ -55.87917841, -13.21533447 ], [ -55.87894293, -13.21478555 ], [ -55.87879016, -13.21443065 ], [ -55.87450922, -13.21400799 ], [ -55.87022827, -13.21358533 ], [ -55.86594733, -13.21316266 ], [ -55.86166638, -13.21274 ], [ -55.85738544, -13.21231734 ], [ -55.85310449, -13.21189468 ], [ -55.84882355, -13.21147201 ], [ -55.8445426, -13.21104935 ], [ -55.84026166, -13.21062669 ], [ -55.83598071, -13.21020403 ], [ -55.83220519, -13.20983068 ], [ -55.82842967, -13.20945734 ], [ -55.82465415, -13.209084 ], [ -55.82087863, -13.20871066 ], [ -55.81710311, -13.20833732 ], [ -55.81332759, -13.20796398 ], [ -55.81080758, -13.20726368 ], [ -55.80828757, -13.20656337 ], [ -55.8047127, -13.20556704 ], [ -55.80113783, -13.2045707 ], [ -55.79756295, -13.20357437 ], [ -55.79398808, -13.20257803 ], [ -55.7898075, -13.20140005 ], [ -55.78562692, -13.20022208 ], [ -55.78144634, -13.1990441 ], [ -55.77726577, -13.19786613 ], [ -55.77308519, -13.19668815 ], [ -55.76890461, -13.19551018 ], [ -55.76472403, -13.1943322 ], [ -55.76054345, -13.19315422 ], [ -55.75648872, -13.19201412 ], [ -55.75243398, -13.19087402 ], [ -55.74837925, -13.18973391 ], [ -55.74432451, -13.18859381 ], [ -55.74026978, -13.1874537 ], [ -55.73621504, -13.1863136 ], [ -55.73216031, -13.18517349 ], [ -55.72810557, -13.18403339 ] ] ] } },
{ "type": "Feature", "properties": { }, "geometry": { "type": "Polygon", "coordinates": [ [ [ -55.77350028, -13.12469861 ], [ -55.76909722, -13.12402048 ], [ -55.76469417, -13.12334234 ], [ -55.76029111, -13.12266421 ], [ -55.75588806, -13.12198607 ], [ -55.751485, -13.12130794 ], [ -55.74708195, -13.1206298 ], [ -55.74267889, -13.11995167 ], [ -55.74246972, -13.12258667 ], [ -55.74674028, -13.12324456 ], [ -55.75101083, -13.12390245 ], [ -55.75528139, -13.12456033 ], [ -55.75955194, -13.12521822 ], [ -55.7638225, -13.12587611 ], [ -55.76347315, -13.12907083 ], [ -55.76312379, -13.13226556 ], [ -55.76277444, -13.13546028 ], [ -55.75858127, -13.134855 ], [ -55.75438811, -13.13424972 ], [ -55.75019494, -13.13364445 ], [ -55.74600178, -13.13303917 ], [ -55.74180861, -13.13243389 ], [ -55.74155379, -13.13663102 ], [ -55.74129898, -13.14082815 ], [ -55.74104416, -13.14502528 ], [ -55.74509085, -13.1456781 ], [ -55.74913754, -13.14633092 ], [ -55.75318423, -13.14698373 ], [ -55.75723091, -13.14763655 ], [ -55.7612776, -13.14828937 ], [ -55.76532429, -13.14894219 ], [ -55.76937098, -13.14959501 ], [ -55.77341767, -13.15024783 ], [ -55.77746436, -13.15090065 ], [ -55.77990871, -13.15076566 ], [ -55.78235306, -13.15063067 ], [ -55.78236497, -13.14890346 ], [ -55.78238757, -13.14562333 ], [ -55.78241018, -13.14234319 ], [ -55.78243278, -13.13906306 ], [ -55.78249014, -13.13528792 ], [ -55.7825475, -13.13151278 ], [ -55.78250014, -13.128795 ], [ -55.78245278, -13.12607722 ], [ -55.78241, -13.12333472 ], [ -55.78235653, -13.11898708 ], [ -55.78230305, -13.11463944 ], [ -55.78224958, -13.11029181 ], [ -55.78219611, -13.10594417 ], [ -55.78077694, -13.10574417 ], [ -55.77776954, -13.10531969 ], [ -55.77476214, -13.10489521 ], [ -55.77343028, -13.10470722 ], [ -55.77344428, -13.1087055 ], [ -55.77345828, -13.11270378 ], [ -55.77347228, -13.11670205 ], [ -55.77348628, -13.12070033 ], [ -55.77350028, -13.12469861 ] ] ] } },
{ "type": "Feature", "properties": { }, "geometry": { "type": "Polygon", "coordinates": [ [ [ -55.96417619, -12.76456977 ], [ -55.96314862, -12.7680835 ], [ -55.96212105, -12.77159722 ], [ -55.96109349, -12.77511094 ], [ -55.96006592, -12.77862466 ], [ -55.95903836, -12.78213838 ], [ -55.96021023, -12.78598325 ], [ -55.96138211, -12.78982811 ], [ -55.96155377, -12.78983912 ], [ -55.96240423, -12.79265899 ], [ -55.96325469, -12.79547887 ], [ -55.96432229, -12.79900691 ], [ -55.96538989, -12.80253496 ], [ -55.96645749, -12.80606301 ], [ -55.96397383, -12.8094108 ], [ -55.96174873, -12.81239023 ], [ -55.95952362, -12.81536966 ], [ -55.95729851, -12.81834908 ], [ -55.9550734, -12.82132851 ], [ -55.95895572, -12.82214243 ], [ -55.96283805, -12.82295634 ], [ -55.96672037, -12.82377026 ], [ -55.96898878, -12.82073023 ], [ -55.97125718, -12.8176902 ], [ -55.97352559, -12.81465017 ], [ -55.975794, -12.81161013 ], [ -55.97844908, -12.8080357 ], [ -55.97862742, -12.80767803 ], [ -55.97864606, -12.80740965 ], [ -55.97859875, -12.80713701 ], [ -55.97758989, -12.80396706 ], [ -55.97658102, -12.80079711 ], [ -55.97557216, -12.79762716 ], [ -55.97533284, -12.79674213 ], [ -55.97401955, -12.79258726 ], [ -55.97270626, -12.78843239 ], [ -55.97139298, -12.78427752 ], [ -55.97007969, -12.78012265 ], [ -55.97006202, -12.77954533 ], [ -55.97128616, -12.77523024 ], [ -55.97251029, -12.77091516 ], [ -55.97373443, -12.76660007 ], [ -55.97054835, -12.76592331 ], [ -55.96736227, -12.76524654 ], [ -55.96417619, -12.76456977 ] ] ] } },
{ "type": "Feature", "properties": { }, "geometry": { "type": "Polygon", "coordinates": [ [ [ -55.6328825, -13.24372361 ], [ -55.63067209, -13.2442307 ], [ -55.62846167, -13.24473778 ], [ -55.63032945, -13.2479466 ], [ -55.63219723, -13.25115542 ], [ -55.634065, -13.25436424 ], [ -55.63593278, -13.25757306 ], [ -55.63817199, -13.26123269 ], [ -55.64041121, -13.26489232 ], [ -55.64265042, -13.26855194 ], [ -55.64488963, -13.27221157 ], [ -55.64712885, -13.2758712 ], [ -55.64936806, -13.27953083 ], [ -55.65135556, -13.28245861 ], [ -55.65334306, -13.28538639 ], [ -55.65533056, -13.28831417 ], [ -55.65672806, -13.28610778 ], [ -55.65456028, -13.28225467 ], [ -55.6523925, -13.27840157 ], [ -55.65022473, -13.27454846 ], [ -55.64805695, -13.27069535 ], [ -55.64588917, -13.26684225 ], [ -55.64372139, -13.26298914 ], [ -55.64155361, -13.25913604 ], [ -55.63938583, -13.25528293 ], [ -55.63721806, -13.25142982 ], [ -55.63505028, -13.24757672 ], [ -55.6328825, -13.24372361 ] ] ] } },
{ "type": "Feature", "properties": { }, "geometry": { "type": "Polygon", "coordinates": [ [ [ -55.7245525, -13.19391833 ], [ -55.72275389, -13.19707611 ], [ -55.72114889, -13.1966625 ], [ -55.72049778, -13.19780583 ], [ -55.72478452, -13.19891181 ], [ -55.72907126, -13.20001778 ], [ -55.733358, -13.20112376 ], [ -55.73764475, -13.20222973 ], [ -55.74193149, -13.20333571 ], [ -55.74621823, -13.20444169 ], [ -55.75050497, -13.20554766 ], [ -55.75479171, -13.20665364 ], [ -55.75907845, -13.20775961 ], [ -55.7633652, -13.20886559 ], [ -55.76765194, -13.20997156 ], [ -55.77193868, -13.21107754 ], [ -55.77622542, -13.21218352 ], [ -55.78051216, -13.21328949 ], [ -55.7847989, -13.21439547 ], [ -55.78908565, -13.21550144 ], [ -55.79337239, -13.21660742 ], [ -55.79765913, -13.2177134 ], [ -55.80194587, -13.21881937 ], [ -55.80623261, -13.21992535 ], [ -55.81051935, -13.22103132 ], [ -55.8148061, -13.2221373 ], [ -55.81909284, -13.22324328 ], [ -55.82337958, -13.22434925 ], [ -55.82766632, -13.22545523 ], [ -55.83195306, -13.2265612 ], [ -55.8362398, -13.22766718 ], [ -55.84052654, -13.22877316 ], [ -55.84481329, -13.22987913 ], [ -55.84910003, -13.23098511 ], [ -55.85338677, -13.23209108 ], [ -55.85767351, -13.23319706 ], [ -55.86196025, -13.23430304 ], [ -55.86624699, -13.23540901 ], [ -55.87053374, -13.23651499 ], [ -55.87482048, -13.23762096 ], [ -55.87910722, -13.23872694 ], [ -55.87925861, -13.23876611 ], [ -55.88020722, -13.23814167 ], [ -55.880785, -13.23789944 ], [ -55.88211944, -13.23694611 ], [ -55.8830725, -13.23605389 ], [ -55.88385361, -13.23552611 ], [ -55.88430778, -13.23476889 ], [ -55.88398083, -13.234685 ], [ -55.87980426, -13.23361214 ], [ -55.8756277, -13.23253928 ], [ -55.87145113, -13.23146642 ], [ -55.86727457, -13.23039356 ], [ -55.863098, -13.2293207 ], [ -55.85892144, -13.22824784 ], [ -55.85474487, -13.22717498 ], [ -55.85056831, -13.22610212 ], [ -55.84639174, -13.22502926 ], [ -55.84221518, -13.2239564 ], [ -55.83803861, -13.22288354 ], [ -55.83386204, -13.22181068 ], [ -55.82968548, -13.22073782 ], [ -55.82550891, -13.21966496 ], [ -55.82133235, -13.2185921 ], [ -55.81715578, -13.21751924 ], [ -55.81297922, -13.21644638 ], [ -55.80880265, -13.21537352 ], [ -55.80869024, -13.21534464 ], [ -55.80852213, -13.21530146 ], [ -55.80424801, -13.21420354 ], [ -55.79997389, -13.21310562 ], [ -55.79569977, -13.2120077 ], [ -55.79142565, -13.21090978 ], [ -55.78715153, -13.20981186 ], [ -55.78287741, -13.20871394 ], [ -55.77860329, -13.20761602 ], [ -55.77432917, -13.2065181 ], [ -55.77005505, -13.20542018 ], [ -55.76578093, -13.20432226 ], [ -55.76150681, -13.20322434 ], [ -55.75723268, -13.20212642 ], [ -55.75295856, -13.2010285 ], [ -55.74868444, -13.19993058 ], [ -55.74441032, -13.19883266 ], [ -55.7401362, -13.19773474 ], [ -55.73586208, -13.19663682 ], [ -55.73158796, -13.1955389 ], [ -55.72731384, -13.19444098 ], [ -55.72303972, -13.19334306 ], [ -55.72294722, -13.19350528 ], [ -55.7245525, -13.19391833 ] ] ] } },
{ "type": "Feature", "properties": { }, "geometry": { "type": "Polygon", "coordinates": [ [ [ -55.62069923, -13.29569192 ], [ -55.61791448, -13.29271624 ], [ -55.61512972, -13.28974056 ], [ -55.61695278, -13.28810431 ], [ -55.61877583, -13.28646806 ], [ -55.61672861, -13.28427931 ], [ -55.61468139, -13.28209056 ], [ -55.611415, -13.28502112 ], [ -55.60814861, -13.28795167 ], [ -55.61042472, -13.29038528 ], [ -55.61270083, -13.29281889 ], [ -55.61540088, -13.29570602 ], [ -55.61810092, -13.29859315 ], [ -55.62080097, -13.30148028 ], [ -55.62350102, -13.30436741 ], [ -55.62620106, -13.30725454 ], [ -55.62890111, -13.31014167 ], [ -55.63191244, -13.31335961 ], [ -55.63492378, -13.31657756 ], [ -55.63793511, -13.3197955 ], [ -55.64094645, -13.32301345 ], [ -55.64395778, -13.32623139 ], [ -55.64689337, -13.32802442 ], [ -55.64997167, -13.32977829 ], [ -55.65006071, -13.32716543 ], [ -55.64723193, -13.32412844 ], [ -55.64440314, -13.32109145 ], [ -55.64157435, -13.31805445 ], [ -55.63874556, -13.31501746 ], [ -55.63591677, -13.31198047 ], [ -55.63308798, -13.30894347 ], [ -55.6302592, -13.30590648 ], [ -55.6284962, -13.30402284 ], [ -55.62673321, -13.30213919 ], [ -55.62371622, -13.29891556 ], [ -55.62069923, -13.29569192 ] ] ] } },
{ "type": "Feature", "properties": { }, "geometry": { "type": "Polygon", "coordinates": [ [ [ -56.28947944, -12.36018583 ], [ -56.28942806, -12.36179472 ], [ -56.29044361, -12.36161944 ], [ -56.29045806, -12.36178417 ], [ -56.29043972, -12.36191278 ], [ -56.29050278, -12.36203333 ], [ -56.29056333, -12.36210111 ], [ -56.29061889, -12.36222583 ], [ -56.29060319, -12.36234819 ], [ -56.29055139, -12.36275194 ], [ -56.29052444, -12.36292611 ], [ -56.29051333, -12.36293306 ], [ -56.29047056, -12.36304778 ], [ -56.2904675, -12.36318389 ], [ -56.29055556, -12.36326333 ], [ -56.290535, -12.36334889 ], [ -56.29054028, -12.36340361 ], [ -56.29055833, -12.36357 ], [ -56.2906075, -12.36374139 ], [ -56.29061778, -12.36396528 ], [ -56.29063056, -12.36411639 ], [ -56.29065556, -12.36418889 ], [ -56.29073361, -12.36445139 ], [ -56.29079639, -12.36462306 ], [ -56.2908175, -12.36472111 ], [ -56.29079417, -12.36508083 ], [ -56.29080167, -12.3652 ], [ -56.29078528, -12.36564278 ], [ -56.29085833, -12.36585361 ], [ -56.29107778, -12.36605111 ], [ -56.29111583, -12.36612389 ], [ -56.29109, -12.36622667 ], [ -56.29115861, -12.3663425 ], [ -56.29113694, -12.36638222 ], [ -56.29112972, -12.3664825 ], [ -56.29115472, -12.36672611 ], [ -56.29118, -12.36681111 ], [ -56.29111639, -12.36713778 ], [ -56.29107722, -12.36722222 ], [ -56.29114083, -12.36746389 ], [ -56.29116167, -12.36763611 ], [ -56.29123083, -12.36784833 ], [ -56.29134778, -12.36808139 ], [ -56.29144111, -12.36820417 ], [ -56.29153528, -12.36832722 ], [ -56.29178306, -12.36847722 ], [ -56.29183917, -12.36860944 ], [ -56.29191472, -12.36878111 ], [ -56.29196389, -12.36891361 ], [ -56.29209083, -12.36917278 ], [ -56.29222028, -12.36932361 ], [ -56.29243472, -12.36947722 ], [ -56.29256167, -12.36963028 ], [ -56.29278833, -12.36979306 ], [ -56.29295917, -12.36990583 ], [ -56.29301972, -12.37002528 ], [ -56.29309611, -12.37012806 ], [ -56.29333583, -12.37024361 ], [ -56.29365111, -12.37054028 ], [ -56.293715, -12.37090639 ], [ -56.29384222, -12.37110028 ], [ -56.29406583, -12.37125333 ], [ -56.29417, -12.37136528 ], [ -56.29429361, -12.371545 ], [ -56.294425, -12.37175556 ], [ -56.29453833, -12.37184417 ], [ -56.29474611, -12.37199194 ], [ -56.29490944, -12.3720725 ], [ -56.29518972, -12.37206111 ], [ -56.29573, -12.37202306 ], [ -56.29599028, -12.37240611 ], [ -56.29606528, -12.37251472 ], [ -56.29620722, -12.37259639 ], [ -56.29643722, -12.37270111 ], [ -56.29654444, -12.37284556 ], [ -56.296735, -12.37298333 ], [ -56.29688056, -12.37302028 ], [ -56.29726583, -12.37315278 ], [ -56.29749861, -12.37323306 ], [ -56.29778556, -12.37332583 ], [ -56.29786667, -12.37348028 ], [ -56.29791111, -12.37347889 ], [ -56.29792389, -12.37349667 ], [ -56.29796444, -12.37349528 ], [ -56.29811389, -12.37362583 ], [ -56.29817222, -12.37380972 ], [ -56.29820694, -12.37399778 ], [ -56.29826028, -12.37412861 ], [ -56.29829083, -12.37426417 ], [ -56.29862917, -12.37443361 ], [ -56.29872944, -12.37447333 ], [ -56.29886778, -12.37452972 ], [ -56.29901667, -12.37459417 ], [ -56.29912194, -12.37464 ], [ -56.29926, -12.374685 ], [ -56.29931972, -12.37478889 ], [ -56.29939861, -12.37484083 ], [ -56.29965972, -12.37485528 ], [ -56.29985, -12.37484583 ], [ -56.29995528, -12.37480833 ], [ -56.30020556, -12.37498528 ], [ -56.30027194, -12.37506861 ], [ -56.30057333, -12.37519278 ], [ -56.30079472, -12.37535833 ], [ -56.30101472, -12.37547944 ], [ -56.30117417, -12.37563111 ], [ -56.3012825, -12.37573444 ], [ -56.30145833, -12.37582833 ], [ -56.30153444, -12.37583833 ], [ -56.30186389, -12.37597306 ], [ -56.30223417, -12.37602889 ], [ -56.30234972, -12.37613361 ], [ -56.30251028, -12.37619083 ], [ -56.30268583, -12.37613722 ], [ -56.30287278, -12.37617389 ], [ -56.30295556, -12.37625472 ], [ -56.30307, -12.37631444 ], [ -56.30403861, -12.37646778 ], [ -56.30449111, -12.37650194 ], [ -56.30530278, -12.37668222 ], [ -56.30535194, -12.37667917 ], [ -56.30478838, -12.37975646 ], [ -56.30422482, -12.38283376 ], [ -56.30693369, -12.38042288 ], [ -56.30964257, -12.378012 ], [ -56.31235144, -12.37560113 ], [ -56.31506032, -12.37319025 ], [ -56.31776919, -12.37077937 ], [ -56.31950173, -12.36923725 ], [ -56.32123427, -12.36769512 ], [ -56.32205541, -12.36338495 ], [ -56.32287655, -12.35907477 ], [ -56.31906361, -12.35850428 ], [ -56.31525067, -12.35793379 ], [ -56.31143773, -12.3573633 ], [ -56.30762479, -12.3567928 ], [ -56.30381185, -12.35622231 ], [ -56.30059334, -12.35574072 ], [ -56.29737483, -12.35525912 ], [ -56.29415631, -12.35477753 ], [ -56.29119338, -12.35425197 ], [ -56.28819944, -12.35698583 ], [ -56.28861889, -12.35749083 ], [ -56.28880139, -12.35779083 ], [ -56.28886583, -12.35794167 ], [ -56.28913833, -12.35886667 ], [ -56.28935778, -12.35939556 ], [ -56.28945472, -12.35980472 ], [ -56.2894626, -12.35992625 ], [ -56.28947944, -12.36018583 ] ] ] } },
{ "type": "Feature", "properties": { }, "geometry": { "type": "Polygon", "coordinates": [ [ [ -55.81524156, -13.89372363 ], [ -55.81466421, -13.89392972 ], [ -55.81073502, -13.89533222 ], [ -55.80680583, -13.89673472 ], [ -55.80615339, -13.9007965 ], [ -55.80550094, -13.90485828 ], [ -55.8048485, -13.90892005 ], [ -55.80419605, -13.91298183 ], [ -55.80354361, -13.91704361 ], [ -55.80171972, -13.91689694 ], [ -55.80273194, -13.92078337 ], [ -55.80374417, -13.9246698 ], [ -55.80475639, -13.92855623 ], [ -55.80576861, -13.93244265 ], [ -55.80678083, -13.93632908 ], [ -55.80779306, -13.94021551 ], [ -55.80880528, -13.94410194 ], [ -55.81294556, -13.94442833 ], [ -55.81708583, -13.94475472 ], [ -55.82042222, -13.94592319 ], [ -55.82375861, -13.94709167 ], [ -55.82754806, -13.9484075 ], [ -55.83104824, -13.94962898 ], [ -55.83454843, -13.95085046 ], [ -55.83804861, -13.95207194 ], [ -55.83649465, -13.9479342 ], [ -55.83494069, -13.94379646 ], [ -55.83338673, -13.93965871 ], [ -55.83183277, -13.93552097 ], [ -55.83027882, -13.93138323 ], [ -55.82872486, -13.92724549 ], [ -55.8271709, -13.92310774 ], [ -55.82561694, -13.91897 ], [ -55.82554139, -13.91878278 ], [ -55.82595361, -13.91789278 ], [ -55.82672056, -13.91565889 ], [ -55.82722333, -13.9134775 ], [ -55.82881861, -13.91054722 ], [ -55.83035556, -13.90932722 ], [ -55.83162667, -13.90805389 ], [ -55.83022956, -13.90451672 ], [ -55.82883245, -13.90097956 ], [ -55.82743533, -13.89744239 ], [ -55.82603822, -13.89390523 ], [ -55.82464111, -13.89036806 ], [ -55.82150793, -13.89148658 ], [ -55.81837474, -13.89260511 ], [ -55.81524156, -13.89372363 ] ] ] } },
{ "type": "Feature", "properties": { }, "geometry": { "type": "Polygon", "coordinates": [ [ [ -55.98307444, -13.4708 ], [ -55.98320111, -13.47171472 ], [ -55.98277639, -13.47195806 ], [ -55.98210417, -13.47181694 ], [ -55.98204417, -13.47196667 ], [ -55.98198278, -13.47217917 ], [ -55.981825, -13.47210111 ], [ -55.98166139, -13.47213083 ], [ -55.98152111, -13.47241139 ], [ -55.98126917, -13.47244694 ], [ -55.98114139, -13.472645 ], [ -55.98109083, -13.47281639 ], [ -55.98118806, -13.47301139 ], [ -55.98117722, -13.47318917 ], [ -55.98103194, -13.47319556 ], [ -55.98092556, -13.47332444 ], [ -55.98081278, -13.473695 ], [ -55.98065806, -13.47387361 ], [ -55.98043417, -13.47408194 ], [ -55.98047139, -13.47449 ], [ -55.98033194, -13.47467917 ], [ -55.98034083, -13.47481472 ], [ -55.98028278, -13.47491278 ], [ -55.98027472, -13.47512194 ], [ -55.98012667, -13.4751575 ], [ -55.98007083, -13.47528389 ], [ -55.97996111, -13.47536389 ], [ -55.97971667, -13.47544583 ], [ -55.97964556, -13.47538167 ], [ -55.97955222, -13.47547861 ], [ -55.97946222, -13.47567306 ], [ -55.97923639, -13.47600389 ], [ -55.97894, -13.47620139 ], [ -55.97856444, -13.47619111 ], [ -55.97843389, -13.47628417 ], [ -55.97813444, -13.47654806 ], [ -55.97799972, -13.4767275 ], [ -55.97786889, -13.47671611 ], [ -55.97759417, -13.47686611 ], [ -55.9774425, -13.4770475 ], [ -55.97727, -13.47734528 ], [ -55.97703889, -13.47742556 ], [ -55.97697556, -13.47753944 ], [ -55.97668944, -13.47770417 ], [ -55.9766975, -13.47794528 ], [ -55.97638472, -13.47818194 ], [ -55.97636056, -13.4783025 ], [ -55.97618333, -13.47855556 ], [ -55.97599833, -13.47850444 ], [ -55.97564083, -13.47853639 ], [ -55.97558389, -13.47870111 ], [ -55.97543278, -13.47857028 ], [ -55.97534417, -13.47876556 ], [ -55.97515528, -13.47882778 ], [ -55.97498806, -13.47897111 ], [ -55.97484667, -13.47907028 ], [ -55.97473667, -13.479045 ], [ -55.974635, -13.47914917 ], [ -55.97455694, -13.47928889 ], [ -55.97433417, -13.47949778 ], [ -55.97412167, -13.47975944 ], [ -55.97397528, -13.47977833 ], [ -55.97376972, -13.47988639 ], [ -55.97365583, -13.48011611 ], [ -55.97349139, -13.48016 ], [ -55.97345472, -13.48025722 ], [ -55.97327722, -13.48032417 ], [ -55.97308111, -13.48046222 ], [ -55.97294917, -13.48062 ], [ -55.97282722, -13.48059389 ], [ -55.97277472, -13.48070972 ], [ -55.97265111, -13.48068861 ], [ -55.97235583, -13.48104972 ], [ -55.97216528, -13.48113583 ], [ -55.97187472, -13.48135361 ], [ -55.97175278, -13.48146639 ], [ -55.97165528, -13.48163139 ], [ -55.97153028, -13.48170667 ], [ -55.97150222, -13.48183833 ], [ -55.97132333, -13.48191528 ], [ -55.97111417, -13.48209056 ], [ -55.97100139, -13.48209778 ], [ -55.97097611, -13.48224389 ], [ -55.97075583, -13.48245806 ], [ -55.97058, -13.48250528 ], [ -55.97033861, -13.48281167 ], [ -55.97007861, -13.48309083 ], [ -55.96994, -13.48312639 ], [ -55.96983722, -13.48337917 ], [ -55.96957083, -13.48357583 ], [ -55.96898833, -13.48413694 ], [ -55.96846444, -13.48468444 ], [ -55.96815806, -13.48504472 ], [ -55.96759472, -13.48528167 ], [ -55.966295, -13.486885 ], [ -55.96559639, -13.4877375 ], [ -55.96540111, -13.48848722 ], [ -55.9632782, -13.49043653 ], [ -55.96115528, -13.49238583 ], [ -55.95834195, -13.48951728 ], [ -55.95552861, -13.48664872 ], [ -55.95271528, -13.48378017 ], [ -55.94990194, -13.48091161 ], [ -55.94708861, -13.47804306 ], [ -55.94388533, -13.48100109 ], [ -55.94068205, -13.48395912 ], [ -55.93747876, -13.48691715 ], [ -55.93427548, -13.48987518 ], [ -55.9310722, -13.49283321 ], [ -55.92786891, -13.49579124 ], [ -55.92466563, -13.49874927 ], [ -55.92146235, -13.5017073 ], [ -55.91825907, -13.50466533 ], [ -55.91505578, -13.50762336 ], [ -55.9118525, -13.51058139 ], [ -55.91151681, -13.51404507 ], [ -55.91118111, -13.51750875 ], [ -55.91084542, -13.52097243 ], [ -55.91050972, -13.52443611 ], [ -55.90948361, -13.52593889 ], [ -55.91214209, -13.52698195 ], [ -55.91480056, -13.528025 ], [ -55.91825216, -13.52938035 ], [ -55.92170375, -13.5307357 ], [ -55.92515535, -13.53209104 ], [ -55.92860694, -13.53344639 ], [ -55.93235083, -13.53496347 ], [ -55.93609472, -13.53648056 ], [ -55.93983861, -13.53799764 ], [ -55.9435825, -13.53951472 ], [ -55.94385778, -13.53940194 ], [ -55.94727743, -13.53928604 ], [ -55.95069709, -13.53917014 ], [ -55.95411674, -13.53905423 ], [ -55.95753639, -13.53893833 ], [ -55.96187491, -13.53822532 ], [ -55.96621343, -13.53751231 ], [ -55.97055195, -13.53679931 ], [ -55.97489046, -13.5360863 ], [ -55.97922898, -13.53537329 ], [ -55.9835675, -13.53466028 ], [ -55.98529028, -13.5347875 ], [ -55.98450083, -13.53374722 ], [ -55.98406861, -13.53274028 ], [ -55.98416611, -13.53144278 ], [ -55.98459444, -13.53105667 ], [ -55.98596083, -13.53010861 ], [ -55.98625694, -13.52853222 ], [ -55.98567639, -13.52850333 ], [ -55.98554528, -13.52921639 ], [ -55.98510556, -13.52955028 ], [ -55.98404222, -13.52962556 ], [ -55.98396861, -13.52936333 ], [ -55.98403833, -13.52832944 ], [ -55.984305, -13.52757083 ], [ -55.98476278, -13.52701083 ], [ -55.98555944, -13.52632139 ], [ -55.986545, -13.5260675 ], [ -55.98715139, -13.52576806 ], [ -55.98838472, -13.52540861 ], [ -55.98922, -13.52503611 ], [ -55.99006583, -13.52453889 ], [ -55.99052889, -13.52373222 ], [ -55.99080917, -13.52230083 ], [ -55.99095472, -13.52136167 ], [ -55.99024722, -13.52116556 ], [ -55.98951194, -13.52073889 ], [ -55.98950611, -13.52029472 ], [ -55.99083056, -13.52003028 ], [ -55.99144111, -13.520235 ], [ -55.99178167, -13.52025972 ], [ -55.99142861, -13.51952806 ], [ -55.99157222, -13.51913944 ], [ -55.99227, -13.5188825 ], [ -55.99247028, -13.51954028 ], [ -55.99390556, -13.52005222 ], [ -55.99462306, -13.51962944 ], [ -55.99552639, -13.51931278 ], [ -55.99631333, -13.51871306 ], [ -55.99675083, -13.51858361 ], [ -55.9979525, -13.51951 ], [ -55.99851139, -13.51980361 ], [ -55.99964722, -13.51795889 ], [ -56.0005175, -13.51703778 ], [ -56.00159556, -13.51611472 ], [ -56.0025875, -13.51547028 ], [ -56.00299472, -13.51524833 ], [ -56.00305972, -13.51388361 ], [ -56.00277056, -13.51288306 ], [ -56.00258333, -13.511365 ], [ -56.00216139, -13.51007444 ], [ -56.00177639, -13.50959444 ], [ -56.00104028, -13.50940917 ], [ -56.00008778, -13.5086625 ], [ -55.99881306, -13.50746583 ], [ -55.99905556, -13.50667194 ], [ -55.99934667, -13.50618389 ], [ -56.00010028, -13.50627639 ], [ -56.00073694, -13.50681833 ], [ -56.00148583, -13.50705028 ], [ -56.00247361, -13.50685306 ], [ -56.00313806, -13.50693389 ], [ -56.00405028, -13.50625472 ], [ -56.00447083, -13.50563583 ], [ -56.00416111, -13.50488667 ], [ -56.00413056, -13.50410111 ], [ -56.00362, -13.50380056 ], [ -56.0034825, -13.50334778 ], [ -56.00357778, -13.5025575 ], [ -56.00461139, -13.5017525 ], [ -56.00509972, -13.50174417 ], [ -56.00546583, -13.50158778 ], [ -56.00605306, -13.50048028 ], [ -56.00641944, -13.50019583 ], [ -56.00729944, -13.50009389 ], [ -56.00726639, -13.49979944 ], [ -56.00774694, -13.49874917 ], [ -56.00749389, -13.49773667 ], [ -56.00760028, -13.4973075 ], [ -56.00744611, -13.49666472 ], [ -56.00662389, -13.49667694 ], [ -56.00616944, -13.49649194 ], [ -56.00616778, -13.49581861 ], [ -56.00661083, -13.49492333 ], [ -56.00728028, -13.49428194 ], [ -56.00626778, -13.49375222 ], [ -56.00585639, -13.49279139 ], [ -56.0057075, -13.49151556 ], [ -56.00541333, -13.49140278 ], [ -56.00498028, -13.49154667 ], [ -56.00449694, -13.49134694 ], [ -56.00405917, -13.49130222 ], [ -56.00340694, -13.49148694 ], [ -56.00312278, -13.491475 ], [ -56.00279222, -13.49110528 ], [ -56.00302806, -13.49057972 ], [ -56.00319528, -13.49004167 ], [ -56.00286083, -13.48916083 ], [ -56.00296778, -13.48895278 ], [ -56.00346417, -13.48871833 ], [ -56.00413889, -13.48764333 ], [ -56.00463222, -13.48733278 ], [ -56.0036925, -13.48682472 ], [ -56.00266667, -13.48647333 ], [ -56.00201889, -13.48677583 ], [ -56.00035361, -13.48602444 ], [ -55.99914389, -13.48594667 ], [ -55.99872889, -13.48562583 ], [ -55.99854444, -13.48461333 ], [ -55.998015, -13.48370917 ], [ -55.99741556, -13.48251667 ], [ -55.99698556, -13.48194556 ], [ -55.9958775, -13.48099167 ], [ -55.99444056, -13.47958333 ], [ -55.99348444, -13.47852833 ], [ -55.99239889, -13.47780333 ], [ -55.99121389, -13.47734861 ], [ -55.99055167, -13.47704 ], [ -55.98940972, -13.47661167 ], [ -55.98890083, -13.47574528 ], [ -55.98904444, -13.47527528 ], [ -55.98888278, -13.47461278 ], [ -55.98835083, -13.47430778 ], [ -55.987615, -13.47442639 ], [ -55.98622639, -13.473985 ], [ -55.98572972, -13.47402028 ], [ -55.98479889, -13.47279444 ], [ -55.98479028, -13.47224556 ], [ -55.98522417, -13.47156278 ], [ -55.98514694, -13.47127278 ], [ -55.98368556, -13.47155528 ], [ -55.98327861, -13.47126889 ], [ -55.98307444, -13.4708 ] ] ] } },
{ "type": "Feature", "properties": { }, "geometry": { "type": "Polygon", "coordinates": [ [ [ -56.04486476, -13.72226536 ], [ -56.0417683, -13.72436466 ], [ -56.03867183, -13.72646396 ], [ -56.03447942, -13.7262818 ], [ -56.03292776, -13.73027701 ], [ -56.03137611, -13.73427222 ], [ -56.03270139, -13.73517028 ], [ -56.03571209, -13.73717834 ], [ -56.03872278, -13.73918639 ], [ -56.04173348, -13.74119445 ], [ -56.04474417, -13.7432025 ], [ -56.04657333, -13.74196222 ], [ -56.04972056, -13.73982861 ], [ -56.0487494, -13.73631596 ], [ -56.04777824, -13.73280331 ], [ -56.04680708, -13.72929066 ], [ -56.04583592, -13.72577801 ], [ -56.04486476, -13.72226536 ] ] ] } },
{ "type": "Feature", "properties": { }, "geometry": { "type": "Polygon", "coordinates": [ [ [ -54.45601268, -15.20553604 ], [ -54.45583985, -15.20597627 ], [ -54.45622705, -15.2059362 ], [ -54.45674878, -15.20642927 ], [ -54.45696781, -15.20668161 ], [ -54.4573167, -15.20714355 ], [ -54.45839756, -15.20719254 ], [ -54.46001754, -15.20780606 ], [ -54.4610621, -15.20844703 ], [ -54.46133431, -15.20857766 ], [ -54.46270194, -15.20899599 ], [ -54.46484889, -15.20961506 ], [ -54.46673892, -15.210623 ], [ -54.46791508, -15.21119948 ], [ -54.47036823, -15.21252115 ], [ -54.47046746, -15.21270329 ], [ -54.47127324, -15.21418092 ], [ -54.47369635, -15.21491306 ], [ -54.47445006, -15.21535315 ], [ -54.47533664, -15.21575254 ], [ -54.47789762, -15.21706632 ], [ -54.47857775, -15.21799925 ], [ -54.47974703, -15.21801237 ], [ -54.48077168, -15.21838936 ], [ -54.48234395, -15.21931331 ], [ -54.48532058, -15.22005867 ], [ -54.48570681, -15.22069778 ], [ -54.4871733, -15.22054228 ], [ -54.48716292, -15.22063359 ], [ -54.48671963, -15.22454881 ], [ -54.48627634, -15.22846404 ], [ -54.48583306, -15.23237927 ], [ -54.48538977, -15.2362945 ], [ -54.48494648, -15.24020973 ], [ -54.48677415, -15.2396611 ], [ -54.48971369, -15.23864059 ], [ -54.49265322, -15.23762008 ], [ -54.49273554, -15.23743328 ], [ -54.49318106, -15.23361051 ], [ -54.49362657, -15.22978773 ], [ -54.49407208, -15.22596496 ], [ -54.49453658, -15.22197793 ], [ -54.49500107, -15.21799091 ], [ -54.49546557, -15.21400389 ], [ -54.49593006, -15.21001687 ], [ -54.49639456, -15.20602985 ], [ -54.49685905, -15.20204283 ], [ -54.49732355, -15.19805581 ], [ -54.49778804, -15.19406879 ], [ -54.49825254, -15.19008176 ], [ -54.49869594, -15.18631058 ], [ -54.49913934, -15.18253939 ], [ -54.49958273, -15.17876821 ], [ -54.50002613, -15.17499702 ], [ -54.50046953, -15.17122584 ], [ -54.50091293, -15.16745465 ], [ -54.50098258, -15.16726617 ], [ -54.50128798, -15.16704083 ], [ -54.49738552, -15.16660566 ], [ -54.49348306, -15.16617048 ], [ -54.4895806, -15.16573531 ], [ -54.48567813, -15.16530014 ], [ -54.48177567, -15.16486497 ], [ -54.47783652, -15.1644254 ], [ -54.47389738, -15.16398583 ], [ -54.46995823, -15.16354626 ], [ -54.46601908, -15.16310669 ], [ -54.46512286, -15.16690739 ], [ -54.46422663, -15.1707081 ], [ -54.46333041, -15.1745088 ], [ -54.46243419, -15.1783095 ], [ -54.46153796, -15.18211021 ], [ -54.46064174, -15.18591091 ], [ -54.45971593, -15.18983594 ], [ -54.45879011, -15.19376096 ], [ -54.4578643, -15.19768599 ], [ -54.45693849, -15.20161101 ], [ -54.45601268, -15.20553604 ] ] ] } },
{ "type": "Feature", "properties": { }, "geometry": { "type": "Polygon", "coordinates": [ [ [ -54.89145517, -15.40267033 ], [ -54.8926167, -15.40688364 ], [ -54.89377822, -15.41109695 ], [ -54.89493975, -15.41531027 ], [ -54.89610127, -15.41952358 ], [ -54.8972628, -15.42373689 ], [ -54.89842433, -15.4279502 ], [ -54.89958585, -15.43216351 ], [ -54.90074738, -15.43637683 ], [ -54.90190891, -15.44059014 ], [ -54.90307043, -15.44480345 ], [ -54.90423196, -15.44901676 ], [ -54.90539349, -15.45323008 ], [ -54.90655501, -15.45744339 ], [ -54.90771654, -15.4616567 ], [ -54.90887806, -15.46587001 ], [ -54.91003959, -15.47008332 ], [ -54.91120112, -15.47429664 ], [ -54.91236264, -15.47850995 ], [ -54.91352417, -15.48272326 ], [ -54.91367939, -15.4833257 ], [ -54.9139057, -15.48419352 ], [ -54.91698012, -15.4822039 ], [ -54.92005453, -15.48021428 ], [ -54.92312895, -15.47822466 ], [ -54.92620337, -15.47623504 ], [ -54.92598937, -15.47561528 ], [ -54.92904437, -15.47390607 ], [ -54.93209936, -15.47219686 ], [ -54.93315815, -15.47230257 ], [ -54.93680328, -15.47263623 ], [ -54.9404484, -15.47296989 ], [ -54.94409353, -15.47330355 ], [ -54.9485756, -15.47369303 ], [ -54.95305767, -15.47408251 ], [ -54.95341301, -15.47266652 ], [ -54.95362445, -15.47207811 ], [ -54.95684947, -15.47418138 ], [ -54.96007449, -15.47628465 ], [ -54.96329951, -15.47838793 ], [ -54.96652453, -15.4804912 ], [ -54.9701542, -15.48140717 ], [ -54.97263323, -15.48097791 ], [ -54.97600558, -15.47968375 ], [ -54.97937792, -15.47838959 ], [ -54.98275027, -15.47709543 ], [ -54.98612261, -15.47580127 ], [ -54.98949496, -15.47450711 ], [ -54.98807351, -15.47348184 ], [ -54.98621053, -15.47242112 ], [ -54.9855103, -15.47174723 ], [ -54.98361748, -15.47068829 ], [ -54.98315491, -15.47008926 ], [ -54.98086746, -15.46908427 ], [ -54.97988763, -15.46859135 ], [ -54.97935023, -15.46799223 ], [ -54.97841827, -15.46779643 ], [ -54.9753849, -15.46629519 ], [ -54.97274199, -15.46515711 ], [ -54.96985864, -15.46295152 ], [ -54.9669753, -15.46074593 ], [ -54.96445747, -15.45927945 ], [ -54.9634712, -15.45835956 ], [ -54.96090735, -15.45690737 ], [ -54.95834351, -15.45545517 ], [ -54.95495928, -15.45393853 ], [ -54.95157505, -15.45242188 ], [ -54.94937202, -15.45109331 ], [ -54.94716899, -15.44976475 ], [ -54.94348828, -15.44776228 ], [ -54.94168526, -15.44647836 ], [ -54.94117477, -15.44567884 ], [ -54.94086747, -15.44278164 ], [ -54.94034549, -15.44042754 ], [ -54.93969557, -15.43890243 ], [ -54.939745, -15.43781526 ], [ -54.9391059, -15.43472706 ], [ -54.93853733, -15.43402004 ], [ -54.93872126, -15.4329148 ], [ -54.93821942, -15.43057812 ], [ -54.93758818, -15.42965297 ], [ -54.93671255, -15.42687632 ], [ -54.93685951, -15.42603126 ], [ -54.93644589, -15.42481121 ], [ -54.93617833, -15.4245246 ], [ -54.93554192, -15.4234913 ], [ -54.93567626, -15.42246285 ], [ -54.93524992, -15.42151956 ], [ -54.93410841, -15.42076353 ], [ -54.93380259, -15.42012263 ], [ -54.93410266, -15.41915947 ], [ -54.93300903, -15.41691076 ], [ -54.93197831, -15.41544855 ], [ -54.92822745, -15.41460704 ], [ -54.92583708, -15.41281349 ], [ -54.92465753, -15.412597 ], [ -54.92352773, -15.41186188 ], [ -54.92336944, -15.4109628 ], [ -54.92246988, -15.40939812 ], [ -54.92094282, -15.40835545 ], [ -54.91906286, -15.40636705 ], [ -54.91762483, -15.40407581 ], [ -54.91694677, -15.40052233 ], [ -54.91682622, -15.39837738 ], [ -54.91612951, -15.39717962 ], [ -54.91628048, -15.39543801 ], [ -54.91681639, -15.39397689 ], [ -54.91722275, -15.39234772 ], [ -54.91684686, -15.39043581 ], [ -54.91675883, -15.38920263 ], [ -54.916607, -15.388474 ], [ -54.91303688, -15.38950684 ], [ -54.90946676, -15.39053969 ], [ -54.90589664, -15.39157253 ], [ -54.90232652, -15.39260538 ], [ -54.89810084, -15.3938191 ], [ -54.89387517, -15.39503283 ], [ -54.88964949, -15.39624655 ], [ -54.89055233, -15.39945844 ], [ -54.89145517, -15.40267033 ] ] ] } },
{ "type": "Feature", "properties": { }, "geometry": { "type": "Polygon", "coordinates": [ [ [ -53.56187247, -15.44528169 ], [ -53.5618914, -15.44489721 ], [ -53.56198135, -15.44306965 ], [ -53.56201927, -15.44229928 ], [ -53.56205481, -15.44157716 ], [ -53.56225903, -15.43742831 ], [ -53.56423088, -15.43598474 ], [ -53.56620272, -15.43454117 ], [ -53.56664135, -15.43333285 ], [ -53.5661445, -15.43279981 ], [ -53.56613776, -15.43279259 ], [ -53.56511572, -15.43248557 ], [ -53.56346989, -15.43203005 ], [ -53.5623095, -15.43188446 ], [ -53.56205135, -15.43176141 ], [ -53.56442312, -15.43089964 ], [ -53.56679488, -15.43003788 ], [ -53.56520591, -15.42762942 ], [ -53.56361694, -15.42522097 ], [ -53.56115452, -15.4214884 ], [ -53.55984292, -15.41950014 ], [ -53.55853131, -15.41751188 ], [ -53.55833901, -15.41486142 ], [ -53.55812014, -15.41184445 ], [ -53.55790128, -15.40882748 ], [ -53.55768241, -15.40581051 ], [ -53.5574356, -15.40240773 ], [ -53.55718878, -15.39900495 ], [ -53.55702495, -15.39674586 ], [ -53.55686111, -15.39448677 ], [ -53.55356153, -15.39345257 ], [ -53.55195699, -15.39294963 ], [ -53.55244511, -15.39251043 ], [ -53.55236186, -15.39228244 ], [ -53.55160934, -15.39212915 ], [ -53.55079634, -15.39176415 ], [ -53.55032734, -15.39144316 ], [ -53.54993234, -15.39113816 ], [ -53.54938834, -15.39107216 ], [ -53.54890035, -15.39076015 ], [ -53.54847835, -15.39034715 ], [ -53.54798735, -15.39015615 ], [ -53.54733635, -15.38977616 ], [ -53.54697135, -15.38921316 ], [ -53.54666635, -15.38871816 ], [ -53.54609635, -15.38844616 ], [ -53.54591426, -15.38796125 ], [ -53.54545835, -15.38674716 ], [ -53.54528935, -15.38650916 ], [ -53.54505178, -15.38612161 ], [ -53.54463087, -15.38692497 ], [ -53.54362153, -15.38731255 ], [ -53.54327678, -15.38847371 ], [ -53.54364504, -15.38894376 ], [ -53.54290122, -15.3893686 ], [ -53.54290497, -15.38898728 ], [ -53.54237661, -15.38900075 ], [ -53.54237546, -15.38900765 ], [ -53.5422654, -15.38967037 ], [ -53.54243504, -15.39022509 ], [ -53.54258082, -15.39070184 ], [ -53.54328549, -15.39131709 ], [ -53.54412568, -15.39155424 ], [ -53.54420841, -15.39216002 ], [ -53.54270454, -15.39264231 ], [ -53.54230705, -15.39333719 ], [ -53.54271258, -15.39427732 ], [ -53.54270182, -15.39453607 ], [ -53.54268133, -15.39502873 ], [ -53.54323509, -15.39595904 ], [ -53.54388121, -15.39651678 ], [ -53.54418577, -15.39735262 ], [ -53.54535152, -15.39786459 ], [ -53.54537863, -15.3981892 ], [ -53.54539142, -15.39834245 ], [ -53.5457562, -15.39854517 ], [ -53.54651579, -15.39860666 ], [ -53.5465316, -15.39880625 ], [ -53.54664271, -15.40020881 ], [ -53.54715425, -15.40329229 ], [ -53.54569089, -15.40334491 ], [ -53.54555685, -15.40272584 ], [ -53.54497594, -15.40287367 ], [ -53.54481548, -15.40328025 ], [ -53.54461646, -15.40341306 ], [ -53.54379014, -15.40396448 ], [ -53.54360858, -15.40426161 ], [ -53.54329352, -15.40477722 ], [ -53.54328789, -15.40478642 ], [ -53.54432601, -15.40485535 ], [ -53.54439633, -15.40534286 ], [ -53.54514832, -15.40532877 ], [ -53.54568154, -15.40499432 ], [ -53.54625713, -15.40559655 ], [ -53.5459369, -15.40630776 ], [ -53.54636138, -15.40677748 ], [ -53.54642119, -15.40684366 ], [ -53.54602909, -15.40748207 ], [ -53.54597985, -15.40799656 ], [ -53.54485358, -15.40790032 ], [ -53.54471066, -15.40831442 ], [ -53.54472452, -15.40843102 ], [ -53.54482269, -15.40925649 ], [ -53.54516679, -15.41031108 ], [ -53.54591662, -15.41046734 ], [ -53.54632049, -15.41153292 ], [ -53.54777009, -15.41242199 ], [ -53.54893397, -15.4127729 ], [ -53.5496643, -15.41412839 ], [ -53.55017178, -15.41406808 ], [ -53.55053873, -15.4144723 ], [ -53.55036373, -15.41481346 ], [ -53.55028701, -15.41513578 ], [ -53.55020325, -15.4154877 ], [ -53.54971819, -15.41544967 ], [ -53.54931692, -15.41564431 ], [ -53.54895703, -15.41533605 ], [ -53.54833909, -15.41568598 ], [ -53.54800131, -15.41527181 ], [ -53.54775206, -15.41556536 ], [ -53.54735745, -15.41556101 ], [ -53.54719507, -15.41517127 ], [ -53.54717029, -15.41511179 ], [ -53.54700341, -15.41517347 ], [ -53.54656857, -15.4153342 ], [ -53.54656805, -15.41602806 ], [ -53.54732717, -15.4163193 ], [ -53.54747292, -15.41705629 ], [ -53.54813186, -15.41765661 ], [ -53.54852772, -15.41829209 ], [ -53.54849852, -15.41883072 ], [ -53.54750257, -15.41899702 ], [ -53.5476196, -15.41956727 ], [ -53.5476367, -15.42093289 ], [ -53.54818741, -15.42081582 ], [ -53.54852674, -15.4211626 ], [ -53.54897377, -15.42103209 ], [ -53.5488681, -15.42160506 ], [ -53.54930497, -15.42203447 ], [ -53.54913269, -15.42257672 ], [ -53.55026862, -15.42396268 ], [ -53.54999053, -15.4243557 ], [ -53.55042404, -15.42510544 ], [ -53.54997739, -15.42586615 ], [ -53.55032511, -15.42722898 ], [ -53.55139562, -15.42851564 ], [ -53.55290765, -15.42928882 ], [ -53.55328889, -15.42984342 ], [ -53.55380975, -15.43054489 ], [ -53.55440711, -15.4311059 ], [ -53.55450811, -15.43124459 ], [ -53.5549429, -15.4318416 ], [ -53.55519401, -15.43203894 ], [ -53.55536581, -15.43145058 ], [ -53.5560552, -15.43198337 ], [ -53.55637622, -15.43243514 ], [ -53.55640512, -15.43342689 ], [ -53.55681887, -15.43417007 ], [ -53.55684785, -15.4349821 ], [ -53.55700601, -15.4359709 ], [ -53.55698216, -15.43699614 ], [ -53.55714201, -15.43771422 ], [ -53.55725819, -15.43815839 ], [ -53.55750626, -15.43995287 ], [ -53.55736519, -15.44120846 ], [ -53.55600943, -15.44195773 ], [ -53.55574298, -15.44291733 ], [ -53.55551656, -15.44338933 ], [ -53.55532082, -15.44379734 ], [ -53.55502169, -15.44465344 ], [ -53.55826115, -15.44495052 ], [ -53.56150061, -15.44524759 ], [ -53.56187247, -15.44528169 ] ] ] } },
{ "type": "Feature", "properties": { }, "geometry": { "type": "Polygon", "coordinates": [ [ [ -53.59981424, -15.39308409 ], [ -53.5978513, -15.39094317 ], [ -53.59397823, -15.38957417 ], [ -53.59010515, -15.38820516 ], [ -53.58708242, -15.38584109 ], [ -53.58405968, -15.38347702 ], [ -53.58103694, -15.38111296 ], [ -53.58073756, -15.38105334 ], [ -53.578423, -15.38089775 ], [ -53.57661008, -15.3795748 ], [ -53.57502859, -15.37937532 ], [ -53.57434342, -15.37964851 ], [ -53.57398818, -15.3802164 ], [ -53.57365285, -15.38111001 ], [ -53.57306432, -15.3814153 ], [ -53.57253311, -15.3818749 ], [ -53.5712617, -15.38205233 ], [ -53.57016098, -15.38157865 ], [ -53.56701859, -15.3822508 ], [ -53.56678216, -15.38260962 ], [ -53.56671191, -15.3828519 ], [ -53.56641165, -15.3832516 ], [ -53.56626814, -15.38530416 ], [ -53.56618815, -15.38610869 ], [ -53.56612161, -15.38703153 ], [ -53.56893935, -15.38884715 ], [ -53.57002296, -15.38954393 ], [ -53.57025758, -15.39074157 ], [ -53.57059687, -15.39106999 ], [ -53.57126385, -15.39183001 ], [ -53.57281745, -15.39257903 ], [ -53.57462385, -15.39292815 ], [ -53.57569207, -15.39333455 ], [ -53.57609918, -15.39373768 ], [ -53.57704075, -15.39397926 ], [ -53.57744855, -15.39474828 ], [ -53.57871663, -15.39581732 ], [ -53.58027711, -15.396702 ], [ -53.58203539, -15.39818183 ], [ -53.58407107, -15.39976074 ], [ -53.58516403, -15.40096082 ], [ -53.58576482, -15.40143466 ], [ -53.58616568, -15.40262137 ], [ -53.58660544, -15.40327812 ], [ -53.58704474, -15.40376976 ], [ -53.58798574, -15.40488403 ], [ -53.58833721, -15.40542811 ], [ -53.58843641, -15.40666644 ], [ -53.58859012, -15.40716275 ], [ -53.58895102, -15.40816907 ], [ -53.58913192, -15.40877226 ], [ -53.58942092, -15.40900884 ], [ -53.58994151, -15.40977371 ], [ -53.59009475, -15.41053645 ], [ -53.5904606, -15.41144402 ], [ -53.59075908, -15.41168375 ], [ -53.59176324, -15.41254619 ], [ -53.59158326, -15.4131076 ], [ -53.59200058, -15.41352168 ], [ -53.59274716, -15.41417754 ], [ -53.5950507, -15.41499333 ], [ -53.59759396, -15.41750367 ], [ -53.59853903, -15.41890086 ], [ -53.59825601, -15.42026336 ], [ -53.59946086, -15.42149261 ], [ -53.59958594, -15.42278863 ], [ -53.59936566, -15.42568798 ], [ -53.59876197, -15.42676963 ], [ -53.59811616, -15.428378 ], [ -53.59675063, -15.42949327 ], [ -53.59502111, -15.43051541 ], [ -53.59281295, -15.43139137 ], [ -53.59295625, -15.43491924 ], [ -53.59309956, -15.43844711 ], [ -53.59324286, -15.44197499 ], [ -53.59338617, -15.44550286 ], [ -53.59304923, -15.44976821 ], [ -53.59280372, -15.45287601 ], [ -53.59255486, -15.45602631 ], [ -53.592306, -15.45917662 ], [ -53.59205714, -15.46232692 ], [ -53.58852985, -15.46315589 ], [ -53.58500257, -15.46398487 ], [ -53.58147529, -15.46481384 ], [ -53.58090552, -15.46897817 ], [ -53.58033576, -15.47314249 ], [ -53.579766, -15.47730682 ], [ -53.57919623, -15.48147114 ], [ -53.58294438, -15.4806119 ], [ -53.58669253, -15.47975267 ], [ -53.59044068, -15.47889343 ], [ -53.59071401, -15.4788307 ], [ -53.59424902, -15.47798095 ], [ -53.59778403, -15.47713121 ], [ -53.60131904, -15.47628146 ], [ -53.60485405, -15.47543171 ], [ -53.60511687, -15.47387269 ], [ -53.60673976, -15.47198051 ], [ -53.60836265, -15.47008833 ], [ -53.60830218, -15.46618444 ], [ -53.60824171, -15.46228055 ], [ -53.60818123, -15.45837666 ], [ -53.60748829, -15.45416338 ], [ -53.60679535, -15.4499501 ], [ -53.6061024, -15.44573682 ], [ -53.60540946, -15.44152354 ], [ -53.60471651, -15.43731026 ], [ -53.60402357, -15.43309698 ], [ -53.60333062, -15.42888369 ], [ -53.60263768, -15.42467041 ], [ -53.60197708, -15.42213121 ], [ -53.60131649, -15.41959201 ], [ -53.60106611, -15.41517403 ], [ -53.60081574, -15.41075604 ], [ -53.60056537, -15.40633805 ], [ -53.60031499, -15.40192006 ], [ -53.60006462, -15.39750208 ], [ -53.59981424, -15.39308409 ] ] ] } },
{ "type": "Feature", "properties": { }, "geometry": { "type": "Polygon", "coordinates": [ [ [ -53.57882763, -15.497422 ], [ -53.58237413, -15.49674639 ], [ -53.58592062, -15.49607078 ], [ -53.58946712, -15.49539517 ], [ -53.58977882, -15.49125404 ], [ -53.59009051, -15.4871129 ], [ -53.59040221, -15.48297177 ], [ -53.5907139, -15.47883063 ], [ -53.58687465, -15.47971078 ], [ -53.5830354, -15.48059092 ], [ -53.57919614, -15.48147106 ], [ -53.57910402, -15.48545879 ], [ -53.57901189, -15.48944653 ], [ -53.57891976, -15.49343426 ], [ -53.57882763, -15.497422 ] ] ] } },
{ "type": "Feature", "properties": { }, "geometry": { "type": "Polygon", "coordinates": [ [ [ -53.64046648, -15.34896969 ], [ -53.63877379, -15.35040199 ], [ -53.63802064, -15.3514315 ], [ -53.63660269, -15.3542998 ], [ -53.63383178, -15.35592386 ], [ -53.6306736, -15.35688187 ], [ -53.62948197, -15.35783895 ], [ -53.6286005, -15.36028213 ], [ -53.62709505, -15.36212459 ], [ -53.62632564, -15.36440557 ], [ -53.62478154, -15.36580425 ], [ -53.62305739, -15.36642316 ], [ -53.62402451, -15.36810983 ], [ -53.62478332, -15.36982054 ], [ -53.62431351, -15.37112453 ], [ -53.62491898, -15.37116707 ], [ -53.62568408, -15.37065809 ], [ -53.62607521, -15.37141918 ], [ -53.62471398, -15.37351547 ], [ -53.6246714, -15.37308899 ], [ -53.62329966, -15.37350026 ], [ -53.62232509, -15.375193 ], [ -53.62325467, -15.37605606 ], [ -53.62397784, -15.37641968 ], [ -53.62393757, -15.37767182 ], [ -53.6250333, -15.37747653 ], [ -53.62552199, -15.37721784 ], [ -53.62579778, -15.37664878 ], [ -53.62617393, -15.3762806 ], [ -53.62620045, -15.37560346 ], [ -53.62725661, -15.37650032 ], [ -53.62790002, -15.37819376 ], [ -53.62833841, -15.37814866 ], [ -53.62944243, -15.37877649 ], [ -53.62850251, -15.37928078 ], [ -53.62669106, -15.37946385 ], [ -53.62665921, -15.37982626 ], [ -53.62776918, -15.3802236 ], [ -53.62815939, -15.38070856 ], [ -53.62940013, -15.38199271 ], [ -53.63009487, -15.38252845 ], [ -53.63080745, -15.38333631 ], [ -53.62877817, -15.38507298 ], [ -53.62974212, -15.38513864 ], [ -53.63134963, -15.38446702 ], [ -53.63186662, -15.38443001 ], [ -53.63273666, -15.38536444 ], [ -53.6324394, -15.3855581 ], [ -53.63218359, -15.38530839 ], [ -53.63125337, -15.3871346 ], [ -53.63156226, -15.38731079 ], [ -53.63151059, -15.38830264 ], [ -53.63001092, -15.3889123 ], [ -53.62777468, -15.38883684 ], [ -53.62886712, -15.38789356 ], [ -53.62745999, -15.38846643 ], [ -53.62653156, -15.38849447 ], [ -53.62597405, -15.38977773 ], [ -53.62533286, -15.39033539 ], [ -53.62560919, -15.39174512 ], [ -53.626975, -15.39297414 ], [ -53.62660309, -15.39323001 ], [ -53.62674244, -15.39340576 ], [ -53.62752084, -15.39299434 ], [ -53.6293691, -15.39419795 ], [ -53.62819407, -15.39523959 ], [ -53.62796972, -15.39657628 ], [ -53.62837986, -15.39707401 ], [ -53.62830535, -15.3978423 ], [ -53.62713674, -15.39812195 ], [ -53.62585232, -15.39836539 ], [ -53.62624327, -15.39965596 ], [ -53.62460027, -15.40136043 ], [ -53.62293935, -15.40232106 ], [ -53.62446985, -15.40307646 ], [ -53.62493587, -15.40411523 ], [ -53.6234848, -15.40523942 ], [ -53.62216619, -15.40452785 ], [ -53.62184488, -15.40474463 ], [ -53.62249443, -15.40625952 ], [ -53.62244508, -15.40781093 ], [ -53.62162281, -15.40788531 ], [ -53.62140349, -15.40829771 ], [ -53.61994725, -15.40861894 ], [ -53.6211936, -15.40969268 ], [ -53.62242193, -15.41131662 ], [ -53.6227328, -15.41247185 ], [ -53.62241015, -15.41327948 ], [ -53.62293658, -15.41471624 ], [ -53.62473586, -15.41431099 ], [ -53.6255346, -15.41537129 ], [ -53.62531014, -15.4159524 ], [ -53.6258695, -15.416717 ], [ -53.62557047, -15.41731434 ], [ -53.62397767, -15.41738312 ], [ -53.62438689, -15.41849319 ], [ -53.6239303, -15.41900135 ], [ -53.62523894, -15.41891904 ], [ -53.6270567, -15.41938132 ], [ -53.62662171, -15.41936985 ], [ -53.62650276, -15.4197369 ], [ -53.62588445, -15.4203803 ], [ -53.62432624, -15.42016568 ], [ -53.62356983, -15.42227671 ], [ -53.62298865, -15.42463913 ], [ -53.62245534, -15.42467461 ], [ -53.62271634, -15.42585237 ], [ -53.6216319, -15.42558797 ], [ -53.62171319, -15.42612184 ], [ -53.62194626, -15.42839009 ], [ -53.62245574, -15.42859913 ], [ -53.62408151, -15.42990112 ], [ -53.62489238, -15.42963202 ], [ -53.62515461, -15.43006899 ], [ -53.62558797, -15.43189524 ], [ -53.62712334, -15.43261873 ], [ -53.62840254, -15.43399244 ], [ -53.62943453, -15.43728128 ], [ -53.62956316, -15.43930018 ], [ -53.62961364, -15.43954428 ], [ -53.6294374, -15.44035334 ], [ -53.62917309, -15.44182898 ], [ -53.63079094, -15.44178287 ], [ -53.63253555, -15.44226826 ], [ -53.63250439, -15.44295014 ], [ -53.63166737, -15.44405023 ], [ -53.63068129, -15.44564066 ], [ -53.62942745, -15.44621881 ], [ -53.62800125, -15.44729463 ], [ -53.62663778, -15.44831007 ], [ -53.62533171, -15.44918799 ], [ -53.62585757, -15.44995324 ], [ -53.62671264, -15.4500458 ], [ -53.62744239, -15.4497043 ], [ -53.62793981, -15.45042174 ], [ -53.62928318, -15.45174146 ], [ -53.63015434, -15.4514176 ], [ -53.63065258, -15.45086367 ], [ -53.63166072, -15.45159445 ], [ -53.63213282, -15.45176607 ], [ -53.63234155, -15.45257887 ], [ -53.63159653, -15.45340698 ], [ -53.63163859, -15.45420849 ], [ -53.63205826, -15.45446798 ], [ -53.63228146, -15.45503962 ], [ -53.63239752, -15.45597718 ], [ -53.63206752, -15.45670489 ], [ -53.63158766, -15.45669406 ], [ -53.63100063, -15.45639799 ], [ -53.63043782, -15.45630902 ], [ -53.62984987, -15.45548924 ], [ -53.62944168, -15.45544549 ], [ -53.62920276, -15.45576763 ], [ -53.62862262, -15.45761203 ], [ -53.62886024, -15.45827943 ], [ -53.6275333, -15.45913765 ], [ -53.62753284, -15.46118346 ], [ -53.62774438, -15.46169536 ], [ -53.62890986, -15.46297066 ], [ -53.62970709, -15.46503536 ], [ -53.63003545, -15.46584358 ], [ -53.63041601, -15.46734733 ], [ -53.63095847, -15.46788736 ], [ -53.63059852, -15.4686931 ], [ -53.63089055, -15.46949227 ], [ -53.63127667, -15.47082342 ], [ -53.63158764, -15.47105078 ], [ -53.63171913, -15.4715125 ], [ -53.63191983, -15.47184333 ], [ -53.63129754, -15.47238591 ], [ -53.63147423, -15.4725856 ], [ -53.63212292, -15.47274553 ], [ -53.63236244, -15.47316938 ], [ -53.63189885, -15.47349844 ], [ -53.63316155, -15.47424947 ], [ -53.63323003, -15.47597307 ], [ -53.63414976, -15.47699257 ], [ -53.63368269, -15.4777612 ], [ -53.63402796, -15.47859884 ], [ -53.63398443, -15.47883908 ], [ -53.63464818, -15.47947294 ], [ -53.6347711, -15.48022145 ], [ -53.63440761, -15.48052621 ], [ -53.63392566, -15.48028879 ], [ -53.63385228, -15.48085619 ], [ -53.63353848, -15.48106984 ], [ -53.63207464, -15.48071729 ], [ -53.63227957, -15.48110831 ], [ -53.63303003, -15.48193228 ], [ -53.63474004, -15.48343824 ], [ -53.63478359, -15.48384699 ], [ -53.63431165, -15.48478242 ], [ -53.63569962, -15.48526187 ], [ -53.63591185, -15.48590471 ], [ -53.63547373, -15.48670815 ], [ -53.63477555, -15.48779956 ], [ -53.63908839, -15.48818091 ], [ -53.64340124, -15.48856226 ], [ -53.64771408, -15.48894361 ], [ -53.65202693, -15.48932496 ], [ -53.65633977, -15.48970631 ], [ -53.66065261, -15.49008766 ], [ -53.66496546, -15.49046901 ], [ -53.6692783, -15.49085036 ], [ -53.66874727, -15.48659541 ], [ -53.66821624, -15.48234046 ], [ -53.66768521, -15.47808551 ], [ -53.66715418, -15.47383055 ], [ -53.66662315, -15.4695756 ], [ -53.66609212, -15.46532065 ], [ -53.6655611, -15.4610657 ], [ -53.66503007, -15.45681075 ], [ -53.66449904, -15.4525558 ], [ -53.66396801, -15.44830085 ], [ -53.66343698, -15.4440459 ], [ -53.66290595, -15.43979094 ], [ -53.66237492, -15.43553599 ], [ -53.66184389, -15.43128104 ], [ -53.66131286, -15.42702609 ], [ -53.661273, -15.42670384 ], [ -53.66073364, -15.42237683 ], [ -53.66019428, -15.41804982 ], [ -53.65965492, -15.4137228 ], [ -53.65911556, -15.40939579 ], [ -53.65857619, -15.40506878 ], [ -53.65803683, -15.40074177 ], [ -53.65749747, -15.39641475 ], [ -53.65695811, -15.39208774 ], [ -53.65641875, -15.38776073 ], [ -53.65587939, -15.38343372 ], [ -53.65534003, -15.37910671 ], [ -53.65480067, -15.37477969 ], [ -53.65426131, -15.37045268 ], [ -53.65372194, -15.36612567 ], [ -53.65318258, -15.36179866 ], [ -53.65264322, -15.35747164 ], [ -53.65210386, -15.35314463 ], [ -53.6515645, -15.34881762 ], [ -53.64941335, -15.34995358 ], [ -53.64660515, -15.34964036 ], [ -53.64480414, -15.34855949 ], [ -53.64247135, -15.34806976 ], [ -53.64046648, -15.34896969 ] ] ] } },
{ "type": "Feature", "properties": { }, "geometry": { "type": "Polygon", "coordinates": [ [ [ -53.59981424, -15.39308409 ], [ -53.60006462, -15.39750208 ], [ -53.60031499, -15.40192006 ], [ -53.60056537, -15.40633805 ], [ -53.60081574, -15.41075604 ], [ -53.60106611, -15.41517403 ], [ -53.60131649, -15.41959201 ], [ -53.60197708, -15.42213121 ], [ -53.60263768, -15.42467041 ], [ -53.60333062, -15.42888369 ], [ -53.60402357, -15.43309698 ], [ -53.60471651, -15.43731026 ], [ -53.60540946, -15.44152354 ], [ -53.6061024, -15.44573682 ], [ -53.60679535, -15.4499501 ], [ -53.60748829, -15.45416338 ], [ -53.60818123, -15.45837666 ], [ -53.60824171, -15.46228055 ], [ -53.60830218, -15.46618444 ], [ -53.60836265, -15.47008833 ], [ -53.60840626, -15.47053754 ], [ -53.60585626, -15.47414283 ], [ -53.6053532, -15.47566006 ], [ -53.6052157, -15.47608895 ], [ -53.60461154, -15.47770062 ], [ -53.60392043, -15.48025313 ], [ -53.60405234, -15.48156261 ], [ -53.60415398, -15.48218801 ], [ -53.6041245, -15.48346627 ], [ -53.60440712, -15.48698562 ], [ -53.60461276, -15.48823433 ], [ -53.60553474, -15.49061928 ], [ -53.60598485, -15.49211556 ], [ -53.6067972, -15.49339796 ], [ -53.60676126, -15.49475385 ], [ -53.60641215, -15.49581742 ], [ -53.60979771, -15.49602951 ], [ -53.61318326, -15.49624159 ], [ -53.61656881, -15.49645367 ], [ -53.62039765, -15.49717028 ], [ -53.62325079, -15.49648633 ], [ -53.62610392, -15.49580239 ], [ -53.62762605, -15.49525714 ], [ -53.62754639, -15.49392288 ], [ -53.62706299, -15.4938952 ], [ -53.62682378, -15.49344439 ], [ -53.62707544, -15.49252262 ], [ -53.62745129, -15.49197888 ], [ -53.62722328, -15.49127927 ], [ -53.62768195, -15.49114855 ], [ -53.62785526, -15.49141715 ], [ -53.62778463, -15.49089776 ], [ -53.62797327, -15.49071103 ], [ -53.62869171, -15.4905026 ], [ -53.62906229, -15.49026089 ], [ -53.62888518, -15.4901144 ], [ -53.62892559, -15.48990004 ], [ -53.62894249, -15.48942911 ], [ -53.62965098, -15.48895439 ], [ -53.62980044, -15.48869994 ], [ -53.63010765, -15.48872123 ], [ -53.63036037, -15.48896804 ], [ -53.6310288, -15.4892544 ], [ -53.63114856, -15.48907697 ], [ -53.63136434, -15.48903229 ], [ -53.63154265, -15.48931496 ], [ -53.63186079, -15.48942943 ], [ -53.63180183, -15.48967919 ], [ -53.6323768, -15.48974587 ], [ -53.63223834, -15.49042723 ], [ -53.63230118, -15.49061248 ], [ -53.63256774, -15.49042269 ], [ -53.63327861, -15.49066126 ], [ -53.63363666, -15.48985153 ], [ -53.63383483, -15.48905168 ], [ -53.63425916, -15.48828382 ], [ -53.63486337, -15.48755558 ], [ -53.63530706, -15.48668807 ], [ -53.63575389, -15.48584723 ], [ -53.63515735, -15.48511845 ], [ -53.63410672, -15.48498829 ], [ -53.63413651, -15.48451517 ], [ -53.63461102, -15.48358461 ], [ -53.63399839, -15.48298552 ], [ -53.63328326, -15.48241599 ], [ -53.63272666, -15.48197874 ], [ -53.63216636, -15.48133184 ], [ -53.63203184, -15.4805104 ], [ -53.63230504, -15.48058555 ], [ -53.63274014, -15.48083636 ], [ -53.63365247, -15.4807711 ], [ -53.6338555, -15.48052202 ], [ -53.63361083, -15.48019136 ], [ -53.63384607, -15.48010214 ], [ -53.63441202, -15.48035777 ], [ -53.63457255, -15.48012682 ], [ -53.63449204, -15.47950156 ], [ -53.63410211, -15.47911 ], [ -53.63382064, -15.47916539 ], [ -53.63398354, -15.47861685 ], [ -53.6335106, -15.47798483 ], [ -53.63360839, -15.47755129 ], [ -53.63391532, -15.47696107 ], [ -53.63363258, -15.47662995 ], [ -53.6334634, -15.47637669 ], [ -53.63293718, -15.47582503 ], [ -53.63292941, -15.47483779 ], [ -53.63295419, -15.47420028 ], [ -53.63236363, -15.47409445 ], [ -53.63161085, -15.47345472 ], [ -53.63183779, -15.4731625 ], [ -53.63203002, -15.47325583 ], [ -53.63210251, -15.4729475 ], [ -53.63150918, -15.47285417 ], [ -53.63106417, -15.47233611 ], [ -53.63119723, -15.47214305 ], [ -53.63151918, -15.47212833 ], [ -53.63182779, -15.47181861 ], [ -53.63143056, -15.47158194 ], [ -53.63153667, -15.47107861 ], [ -53.63089556, -15.47078277 ], [ -53.63075056, -15.4705261 ], [ -53.63073083, -15.4700886 ], [ -53.63068833, -15.46976388 ], [ -53.63035554, -15.46813971 ], [ -53.63020637, -15.46728221 ], [ -53.62999498, -15.46666804 ], [ -53.62998303, -15.46586054 ], [ -53.62966914, -15.4652972 ], [ -53.62945108, -15.46448581 ], [ -53.62894997, -15.46384498 ], [ -53.6287983, -15.46311608 ], [ -53.62821163, -15.46265081 ], [ -53.62776885, -15.46201775 ], [ -53.62733745, -15.46126053 ], [ -53.62735801, -15.46032886 ], [ -53.62720912, -15.45943108 ], [ -53.62748134, -15.45890302 ], [ -53.6283044, -15.4585444 ], [ -53.62832218, -15.45820662 ], [ -53.6283944, -15.45733884 ], [ -53.62858079, -15.45689995 ], [ -53.62875856, -15.45600412 ], [ -53.62928245, -15.45537661 ], [ -53.62984912, -15.45533411 ], [ -53.6303219, -15.45587411 ], [ -53.63102496, -15.45635911 ], [ -53.63159941, -15.45664911 ], [ -53.63203719, -15.45665883 ], [ -53.63234969, -15.45597022 ], [ -53.6322358, -15.45505022 ], [ -53.63202219, -15.45450299 ], [ -53.63136996, -15.45426911 ], [ -53.63126218, -15.45376994 ], [ -53.63148496, -15.45331577 ], [ -53.63180385, -15.45305049 ], [ -53.63221971, -15.45262649 ], [ -53.63205192, -15.45195788 ], [ -53.63082977, -15.45116363 ], [ -53.62970482, -15.45176643 ], [ -53.62915176, -15.45178226 ], [ -53.62861919, -15.45145667 ], [ -53.62742465, -15.44997185 ], [ -53.62677779, -15.45018885 ], [ -53.62584442, -15.45010039 ], [ -53.62515651, -15.44936245 ], [ -53.62517167, -15.44898599 ], [ -53.62573055, -15.44826558 ], [ -53.62654509, -15.44807047 ], [ -53.62850183, -15.44673432 ], [ -53.63045857, -15.44539816 ], [ -53.63239791, -15.44295086 ], [ -53.63195977, -15.44233098 ], [ -53.63038613, -15.44219941 ], [ -53.62882259, -15.44211392 ], [ -53.6285753, -15.44137506 ], [ -53.62936025, -15.43957944 ], [ -53.62938067, -15.43931346 ], [ -53.62931568, -15.43740095 ], [ -53.62899947, -15.43618386 ], [ -53.62809372, -15.43410081 ], [ -53.62670016, -15.43270237 ], [ -53.62580485, -15.43255792 ], [ -53.62533733, -15.43169914 ], [ -53.62506072, -15.43009526 ], [ -53.62377789, -15.43024269 ], [ -53.62263569, -15.43013593 ], [ -53.62218666, -15.43025091 ], [ -53.62198937, -15.42957137 ], [ -53.62128963, -15.42923795 ], [ -53.62161518, -15.42864909 ], [ -53.62088551, -15.42787538 ], [ -53.62160016, -15.42664841 ], [ -53.62145464, -15.4255764 ], [ -53.62214543, -15.42544958 ], [ -53.62227404, -15.42467872 ], [ -53.62313302, -15.42324138 ], [ -53.62455907, -15.41929856 ], [ -53.62360615, -15.41926981 ], [ -53.62341735, -15.41831505 ], [ -53.6238927, -15.41735081 ], [ -53.62511507, -15.41696638 ], [ -53.62534186, -15.41566959 ], [ -53.62480723, -15.415035 ], [ -53.62293404, -15.41487938 ], [ -53.62239939, -15.41382433 ], [ -53.62223379, -15.41158031 ], [ -53.62180419, -15.41070116 ], [ -53.61991024, -15.41003761 ], [ -53.61975526, -15.40809071 ], [ -53.62018217, -15.40772148 ], [ -53.62242268, -15.40765395 ], [ -53.62223432, -15.40596079 ], [ -53.62164569, -15.40483829 ], [ -53.62167939, -15.4044557 ], [ -53.62264742, -15.4044318 ], [ -53.62365796, -15.40498395 ], [ -53.62473841, -15.404146 ], [ -53.62440731, -15.40320289 ], [ -53.62290332, -15.40290835 ], [ -53.62272729, -15.40222834 ], [ -53.62479927, -15.40108404 ], [ -53.62608592, -15.39954223 ], [ -53.62249796, -15.39805063 ], [ -53.61891, -15.39655903 ], [ -53.61532204, -15.39506743 ], [ -53.61173409, -15.39357583 ], [ -53.60814613, -15.39208423 ], [ -53.60455817, -15.39059263 ], [ -53.60033655, -15.39178066 ], [ -53.59981424, -15.39308409 ] ] ] } },
{ "type": "Feature", "properties": { }, "geometry": { "type": "Polygon", "coordinates": [ [ [ -53.59482236, -15.49647728 ], [ -53.5941859, -15.50083177 ], [ -53.59354944, -15.50518625 ], [ -53.59291297, -15.50954074 ], [ -53.59227651, -15.51389523 ], [ -53.59164005, -15.51824971 ], [ -53.59100359, -15.5226042 ], [ -53.59036712, -15.52695868 ], [ -53.58973066, -15.53131317 ], [ -53.59046188, -15.53162868 ], [ -53.59120795, -15.53220841 ], [ -53.59219869, -15.53239982 ], [ -53.59293745, -15.53288532 ], [ -53.59369775, -15.53342504 ], [ -53.59364636, -15.53363611 ], [ -53.59421489, -15.53420987 ], [ -53.59511209, -15.53433435 ], [ -53.59598205, -15.53413578 ], [ -53.59650902, -15.53444825 ], [ -53.59684592, -15.53493188 ], [ -53.59741545, -15.53546524 ], [ -53.59769459, -15.53647615 ], [ -53.59856935, -15.53700944 ], [ -53.5995141, -15.53706894 ], [ -53.60049945, -15.537178 ], [ -53.60102959, -15.53742313 ], [ -53.60178504, -15.53766948 ], [ -53.60253904, -15.53785921 ], [ -53.60299142, -15.53858869 ], [ -53.60332461, -15.53933854 ], [ -53.60337637, -15.53986914 ], [ -53.60370986, -15.54038305 ], [ -53.60386411, -15.54018667 ], [ -53.6042706, -15.54019234 ], [ -53.60498836, -15.54051536 ], [ -53.60531733, -15.53985407 ], [ -53.60599647, -15.53888478 ], [ -53.60696607, -15.53863015 ], [ -53.60733082, -15.53804413 ], [ -53.60797377, -15.53750947 ], [ -53.6089371, -15.53774909 ], [ -53.61000051, -15.53755377 ], [ -53.61053339, -15.53788195 ], [ -53.61047966, -15.53852779 ], [ -53.610854, -15.53873282 ], [ -53.61081489, -15.53842419 ], [ -53.61085192, -15.5383532 ], [ -53.61189909, -15.53870292 ], [ -53.61209109, -15.53875222 ], [ -53.61231189, -15.53903929 ], [ -53.61255279, -15.53823071 ], [ -53.61278257, -15.53768567 ], [ -53.61331212, -15.53755772 ], [ -53.61368366, -15.53686096 ], [ -53.61384554, -15.53622928 ], [ -53.6146045, -15.53533598 ], [ -53.61519191, -15.53504593 ], [ -53.61571706, -15.53515315 ], [ -53.61589181, -15.53483322 ], [ -53.61645429, -15.53469449 ], [ -53.61669496, -15.5340093 ], [ -53.61700024, -15.53396937 ], [ -53.61769479, -15.53329704 ], [ -53.61811008, -15.53357276 ], [ -53.61857943, -15.5331058 ], [ -53.61877301, -15.53342055 ], [ -53.6196582, -15.53345023 ], [ -53.62047629, -15.53344882 ], [ -53.62109371, -15.53374326 ], [ -53.62158971, -15.53387376 ], [ -53.62207857, -15.53398465 ], [ -53.62315814, -15.53373705 ], [ -53.62356702, -15.53384437 ], [ -53.62337721, -15.53333412 ], [ -53.62305858, -15.5329813 ], [ -53.62398621, -15.53234539 ], [ -53.62428812, -15.53195881 ], [ -53.62531232, -15.53187129 ], [ -53.6257162, -15.53212156 ], [ -53.62667349, -15.53161436 ], [ -53.62705066, -15.53205075 ], [ -53.62768059, -15.53192077 ], [ -53.62856961, -15.53181154 ], [ -53.62941675, -15.5314059 ], [ -53.62923974, -15.53130323 ], [ -53.62918682, -15.53102421 ], [ -53.62967938, -15.53045796 ], [ -53.63017044, -15.53051515 ], [ -53.63006319, -15.53032331 ], [ -53.63087352, -15.52985804 ], [ -53.63085771, -15.52959638 ], [ -53.6315074, -15.52953362 ], [ -53.63194914, -15.52891314 ], [ -53.63165795, -15.5283808 ], [ -53.63218292, -15.52766756 ], [ -53.63174547, -15.52721699 ], [ -53.63216722, -15.52693692 ], [ -53.63302184, -15.52704938 ], [ -53.63250329, -15.52654279 ], [ -53.6327127, -15.52630625 ], [ -53.63265355, -15.52593265 ], [ -53.63299781, -15.52584607 ], [ -53.63324377, -15.52613263 ], [ -53.63335941, -15.52602503 ], [ -53.63312758, -15.52555223 ], [ -53.63354311, -15.52548016 ], [ -53.6338013, -15.52576928 ], [ -53.63397042, -15.52491296 ], [ -53.63337468, -15.52494554 ], [ -53.63345406, -15.52453488 ], [ -53.63334636, -15.52431468 ], [ -53.63374919, -15.52355096 ], [ -53.63357343, -15.52363462 ], [ -53.63326719, -15.52347948 ], [ -53.63305846, -15.52310884 ], [ -53.63312325, -15.52348671 ], [ -53.63305085, -15.52361033 ], [ -53.6326051, -15.52342217 ], [ -53.63256206, -15.52268833 ], [ -53.63236715, -15.52265073 ], [ -53.63225755, -15.52244935 ], [ -53.63243372, -15.52232395 ], [ -53.63209131, -15.5221155 ], [ -53.63219462, -15.52236456 ], [ -53.63199364, -15.52238457 ], [ -53.63173864, -15.52190626 ], [ -53.63272743, -15.52134565 ], [ -53.63219357, -15.52096732 ], [ -53.63175935, -15.52107854 ], [ -53.63162686, -15.52093795 ], [ -53.63170894, -15.52043114 ], [ -53.63088575, -15.52073136 ], [ -53.63070999, -15.52029329 ], [ -53.63048587, -15.51964173 ], [ -53.63059645, -15.51933276 ], [ -53.63070475, -15.51925596 ], [ -53.63098705, -15.51936008 ], [ -53.63118019, -15.51908942 ], [ -53.63047037, -15.51822813 ], [ -53.62975735, -15.518179 ], [ -53.62963709, -15.51805497 ], [ -53.6297839, -15.5177154 ], [ -53.63004224, -15.51770916 ], [ -53.63018646, -15.51737902 ], [ -53.63030096, -15.51718842 ], [ -53.63051688, -15.5172377 ], [ -53.63046068, -15.51683849 ], [ -53.63022382, -15.51634985 ], [ -53.63022007, -15.51661265 ], [ -53.62997932, -15.51666954 ], [ -53.62959517, -15.51667989 ], [ -53.62883264, -15.51620853 ], [ -53.62804711, -15.51629629 ], [ -53.62714703, -15.51610693 ], [ -53.62720131, -15.51560443 ], [ -53.62650391, -15.51606002 ], [ -53.62600526, -15.51654116 ], [ -53.62254049, -15.51431184 ], [ -53.61907573, -15.51208252 ], [ -53.61701232, -15.51075487 ], [ -53.61561096, -15.5098532 ], [ -53.61452012, -15.50915132 ], [ -53.61214619, -15.50762388 ], [ -53.60868143, -15.50539456 ], [ -53.60521666, -15.50316524 ], [ -53.60175189, -15.50093592 ], [ -53.59828713, -15.4987066 ], [ -53.59482236, -15.49647728 ] ] ] } },
{ "type": "Feature", "properties": { }, "geometry": { "type": "Polygon", "coordinates": [ [ [ -53.58931201, -15.38758484 ], [ -53.58975589, -15.38793197 ], [ -53.59273787, -15.38523593 ], [ -53.59571985, -15.38253988 ], [ -53.59870184, -15.37984383 ], [ -53.59833119, -15.37580717 ], [ -53.59755117, -15.37462398 ], [ -53.59653312, -15.3744412 ], [ -53.59598748, -15.37441166 ], [ -53.59631622, -15.37333378 ], [ -53.59644342, -15.37285365 ], [ -53.59630872, -15.37160629 ], [ -53.59291959, -15.36951256 ], [ -53.59216204, -15.36862617 ], [ -53.59140956, -15.36786426 ], [ -53.5903967, -15.36557957 ], [ -53.58906304, -15.36359686 ], [ -53.58811795, -15.36298268 ], [ -53.58777505, -15.36245771 ], [ -53.5880481, -15.3614067 ], [ -53.58801773, -15.36032802 ], [ -53.58812343, -15.3598774 ], [ -53.58764646, -15.35953035 ], [ -53.58734006, -15.35956182 ], [ -53.58645506, -15.35937229 ], [ -53.58515398, -15.35909364 ], [ -53.58464542, -15.35868223 ], [ -53.58316385, -15.35878359 ], [ -53.58260424, -15.35862974 ], [ -53.58187351, -15.35899601 ], [ -53.58115722, -15.3601197 ], [ -53.58045522, -15.36075707 ], [ -53.57943447, -15.36124999 ], [ -53.57837786, -15.36191622 ], [ -53.57784398, -15.36185791 ], [ -53.57674295, -15.36194742 ], [ -53.57558842, -15.36237286 ], [ -53.57408332, -15.36264941 ], [ -53.57218663, -15.36200506 ], [ -53.57187864, -15.36170013 ], [ -53.56997672, -15.36166039 ], [ -53.56958177, -15.36150461 ], [ -53.56888399, -15.36146315 ], [ -53.5681287, -15.36085499 ], [ -53.56757939, -15.3605159 ], [ -53.56718574, -15.36045874 ], [ -53.56635896, -15.36055435 ], [ -53.56486325, -15.36023871 ], [ -53.56415337, -15.3602345 ], [ -53.56374064, -15.36069579 ], [ -53.56348146, -15.36126632 ], [ -53.56345078, -15.36187126 ], [ -53.56305562, -15.36272709 ], [ -53.56276898, -15.36295892 ], [ -53.5619259, -15.36364078 ], [ -53.56074047, -15.36414798 ], [ -53.55917319, -15.36453599 ], [ -53.55723583, -15.36575504 ], [ -53.55622719, -15.36621078 ], [ -53.55539784, -15.36644308 ], [ -53.55584625, -15.36676441 ], [ -53.55691743, -15.36696407 ], [ -53.55796526, -15.36670133 ], [ -53.55883136, -15.36686843 ], [ -53.55900611, -15.3669473 ], [ -53.55913367, -15.36721578 ], [ -53.55871022, -15.36786975 ], [ -53.5590133, -15.36885526 ], [ -53.55901689, -15.36949631 ], [ -53.55917495, -15.36994883 ], [ -53.55999511, -15.37064584 ], [ -53.56033387, -15.3711084 ], [ -53.56055697, -15.37188783 ], [ -53.56066352, -15.37301392 ], [ -53.56062001, -15.37344487 ], [ -53.56151578, -15.37421314 ], [ -53.56192894, -15.37478968 ], [ -53.56205886, -15.37497096 ], [ -53.56227989, -15.37527939 ], [ -53.56295124, -15.37685462 ], [ -53.56391213, -15.37932372 ], [ -53.56395092, -15.37982566 ], [ -53.56451442, -15.38083794 ], [ -53.56460162, -15.38178514 ], [ -53.56539189, -15.38264076 ], [ -53.56636424, -15.38322163 ], [ -53.5666778, -15.38283577 ], [ -53.56674773, -15.38259457 ], [ -53.56699545, -15.38221863 ], [ -53.57016483, -15.38154072 ], [ -53.57126694, -15.38201498 ], [ -53.57251663, -15.38184058 ], [ -53.57304278, -15.38138536 ], [ -53.57362266, -15.38108455 ], [ -53.57395437, -15.38020059 ], [ -53.57431787, -15.3796195 ], [ -53.57502351, -15.37933815 ], [ -53.57662454, -15.37954009 ], [ -53.57843649, -15.38086233 ], [ -53.58074551, -15.38101651 ], [ -53.58103687, -15.38111285 ], [ -53.58379525, -15.38327018 ], [ -53.58655363, -15.38542751 ], [ -53.58931201, -15.38758484 ] ] ] } },
{ "type": "Feature", "properties": { }, "geometry": { "type": "Polygon", "coordinates": [ [ [ -53.65156449, -15.34881757 ], [ -53.65210385, -15.35314459 ], [ -53.65264321, -15.3574716 ], [ -53.65318258, -15.36179862 ], [ -53.65372194, -15.36612563 ], [ -53.6542613, -15.37045265 ], [ -53.65480066, -15.37477966 ], [ -53.65534002, -15.37910668 ], [ -53.65587938, -15.38343369 ], [ -53.65641874, -15.38776071 ], [ -53.65695811, -15.39208772 ], [ -53.65749747, -15.39641474 ], [ -53.65803683, -15.40074175 ], [ -53.65857619, -15.40506877 ], [ -53.65911555, -15.40939578 ], [ -53.65965491, -15.4137228 ], [ -53.66019428, -15.41804981 ], [ -53.66073364, -15.42237683 ], [ -53.661273, -15.42670384 ], [ -53.66131286, -15.42702609 ], [ -53.66184389, -15.43128104 ], [ -53.66237492, -15.43553599 ], [ -53.66290595, -15.43979094 ], [ -53.66343698, -15.4440459 ], [ -53.66396801, -15.44830085 ], [ -53.66449904, -15.4525558 ], [ -53.66503007, -15.45681075 ], [ -53.6655611, -15.4610657 ], [ -53.66609212, -15.46532065 ], [ -53.66662315, -15.4695756 ], [ -53.66715418, -15.47383055 ], [ -53.66768521, -15.47808551 ], [ -53.66821624, -15.48234046 ], [ -53.66874727, -15.48659541 ], [ -53.6692783, -15.49085036 ], [ -53.67241273, -15.49100865 ], [ -53.67554715, -15.49116694 ], [ -53.67980745, -15.49138192 ], [ -53.68406774, -15.49159691 ], [ -53.68356279, -15.48725176 ], [ -53.68305784, -15.4829066 ], [ -53.68255289, -15.47856145 ], [ -53.68204794, -15.47421629 ], [ -53.68154298, -15.46987114 ], [ -53.68103803, -15.46552598 ], [ -53.68053308, -15.46118083 ], [ -53.68002813, -15.45683568 ], [ -53.67952318, -15.45249052 ], [ -53.67901823, -15.44814537 ], [ -53.67851328, -15.44380021 ], [ -53.67800833, -15.43945506 ], [ -53.67750337, -15.4351099 ], [ -53.67699842, -15.43076475 ], [ -53.67649347, -15.42641959 ], [ -53.67598852, -15.42207444 ], [ -53.67595995, -15.4217928 ], [ -53.67546084, -15.41749564 ], [ -53.67496174, -15.41319848 ], [ -53.67446263, -15.40890131 ], [ -53.67396353, -15.40460415 ], [ -53.67346442, -15.40030699 ], [ -53.67295676, -15.39583758 ], [ -53.67244909, -15.39136816 ], [ -53.67194143, -15.38689875 ], [ -53.67143376, -15.38242934 ], [ -53.6709261, -15.37795993 ], [ -53.67041843, -15.37349051 ], [ -53.66991077, -15.3690211 ], [ -53.6694031, -15.36455169 ], [ -53.66889544, -15.36008227 ], [ -53.66838778, -15.35561286 ], [ -53.66788011, -15.35114345 ], [ -53.66518051, -15.35231646 ], [ -53.66330913, -15.3512251 ], [ -53.66194265, -15.3488361 ], [ -53.66158305, -15.34706366 ], [ -53.66207739, -15.34546122 ], [ -53.6613082, -15.34416896 ], [ -53.65846502, -15.34210043 ], [ -53.65664407, -15.3420866 ], [ -53.6562103, -15.3429058 ], [ -53.65506106, -15.34520732 ], [ -53.65361011, -15.34705422 ], [ -53.65156449, -15.34881757 ] ] ] } },
{ "type": "Feature", "properties": { }, "geometry": { "type": "Polygon", "coordinates": [ [ [ -53.57882763, -15.497422 ], [ -53.57608628, -15.497437 ], [ -53.57572729, -15.50068387 ], [ -53.57600257, -15.50152162 ], [ -53.57618608, -15.50208011 ], [ -53.57653727, -15.50345517 ], [ -53.57673205, -15.50472129 ], [ -53.57701778, -15.50657854 ], [ -53.57883646, -15.50946334 ], [ -53.58090884, -15.51039165 ], [ -53.5840739, -15.51280123 ], [ -53.58432545, -15.5151284 ], [ -53.58457699, -15.51745557 ], [ -53.58496348, -15.51866574 ], [ -53.5850599, -15.51896441 ], [ -53.58591889, -15.52160045 ], [ -53.58677787, -15.52423649 ], [ -53.58750063, -15.52601444 ], [ -53.58763665, -15.52684372 ], [ -53.58824972, -15.52756978 ], [ -53.58879161, -15.52805784 ], [ -53.58821753, -15.53024097 ], [ -53.58973057, -15.53131288 ], [ -53.59036703, -15.5269584 ], [ -53.5910035, -15.52260393 ], [ -53.59163997, -15.51824946 ], [ -53.59227643, -15.51389499 ], [ -53.5929129, -15.50954052 ], [ -53.59354937, -15.50518605 ], [ -53.59418583, -15.50083158 ], [ -53.5948223, -15.49647711 ], [ -53.59828705, -15.49870642 ], [ -53.60175181, -15.50093573 ], [ -53.60521657, -15.50316505 ], [ -53.60868132, -15.50539436 ], [ -53.61214608, -15.50762367 ], [ -53.61561083, -15.50985299 ], [ -53.61907559, -15.5120823 ], [ -53.62254035, -15.51431161 ], [ -53.6260051, -15.51654093 ], [ -53.62553111, -15.51478124 ], [ -53.62574461, -15.51337477 ], [ -53.62616584, -15.51309564 ], [ -53.62641866, -15.51242195 ], [ -53.62643306, -15.51162883 ], [ -53.62732923, -15.50871294 ], [ -53.62817304, -15.50836534 ], [ -53.62874066, -15.50843694 ], [ -53.62865447, -15.50760573 ], [ -53.62879412, -15.50678632 ], [ -53.62806029, -15.50488365 ], [ -53.6263215, -15.50306672 ], [ -53.62569703, -15.5006323 ], [ -53.62585266, -15.49968465 ], [ -53.62847713, -15.49791005 ], [ -53.62804197, -15.49567456 ], [ -53.6276609, -15.49529212 ], [ -53.62611754, -15.49583591 ], [ -53.62325773, -15.4965166 ], [ -53.62039792, -15.49719729 ], [ -53.61656873, -15.49645359 ], [ -53.61318317, -15.49624151 ], [ -53.60979762, -15.49602942 ], [ -53.60641207, -15.49581734 ], [ -53.60631204, -15.49581198 ], [ -53.60669684, -15.49471051 ], [ -53.60668772, -15.49327775 ], [ -53.6059926, -15.49224591 ], [ -53.60547451, -15.49070623 ], [ -53.60439883, -15.48830353 ], [ -53.60412422, -15.48701798 ], [ -53.6038988, -15.48348044 ], [ -53.60406796, -15.48227856 ], [ -53.60355981, -15.48156086 ], [ -53.60355259, -15.48028189 ], [ -53.604111, -15.47765474 ], [ -53.60503259, -15.47599851 ], [ -53.60485396, -15.47543163 ], [ -53.60131895, -15.47628138 ], [ -53.59778394, -15.47713113 ], [ -53.59424892, -15.47798088 ], [ -53.59071391, -15.47883062 ], [ -53.59040221, -15.48297176 ], [ -53.59009052, -15.4871129 ], [ -53.58977882, -15.49125404 ], [ -53.58946712, -15.49539517 ], [ -53.58592062, -15.49607078 ], [ -53.58237413, -15.49674639 ], [ -53.57882763, -15.497422 ] ] ] } },
{ "type": "Feature", "properties": { }, "geometry": { "type": "Polygon", "coordinates": [ [ [ -53.55469723, -15.36688561 ], [ -53.55441545, -15.36719281 ], [ -53.55379845, -15.36803004 ], [ -53.55348456, -15.37053239 ], [ -53.55341441, -15.37274461 ], [ -53.55180166, -15.37541424 ], [ -53.55056813, -15.37618446 ], [ -53.54950469, -15.37623142 ], [ -53.55100979, -15.38041395 ], [ -53.5525149, -15.38459647 ], [ -53.55601714, -15.38284799 ], [ -53.55633141, -15.38718098 ], [ -53.55664568, -15.39151396 ], [ -53.55695996, -15.39584694 ], [ -53.55727423, -15.40017993 ], [ -53.5575885, -15.40451291 ], [ -53.55790277, -15.4088459 ], [ -53.55821704, -15.41317888 ], [ -53.55853131, -15.41751187 ], [ -53.56059721, -15.42064337 ], [ -53.5626631, -15.42377486 ], [ -53.56472899, -15.42690636 ], [ -53.56679489, -15.43003786 ], [ -53.56845602, -15.43396139 ], [ -53.57011715, -15.43788491 ], [ -53.57177828, -15.44180843 ], [ -53.57343942, -15.44573196 ], [ -53.57510055, -15.44965548 ], [ -53.57669422, -15.45344505 ], [ -53.57828788, -15.45723461 ], [ -53.57988155, -15.46102417 ], [ -53.58147522, -15.46481373 ], [ -53.5850025, -15.46398475 ], [ -53.58852978, -15.46315578 ], [ -53.59205706, -15.4623268 ], [ -53.59238932, -15.45812079 ], [ -53.59272158, -15.45391478 ], [ -53.59305384, -15.44970876 ], [ -53.5933861, -15.44550275 ], [ -53.59324279, -15.44197488 ], [ -53.59309948, -15.43844701 ], [ -53.59295617, -15.43491914 ], [ -53.59281286, -15.43139126 ], [ -53.59278172, -15.43128145 ], [ -53.59500496, -15.43048248 ], [ -53.59672873, -15.42946375 ], [ -53.59808481, -15.42835619 ], [ -53.59872802, -15.42675431 ], [ -53.59932901, -15.42567748 ], [ -53.59954848, -15.42278888 ], [ -53.5994249, -15.42150833 ], [ -53.59821558, -15.42027453 ], [ -53.59849941, -15.41890816 ], [ -53.59756474, -15.41752636 ], [ -53.59502994, -15.41502437 ], [ -53.59272746, -15.41420896 ], [ -53.59197465, -15.41354762 ], [ -53.59154101, -15.41311735 ], [ -53.59172044, -15.41255766 ], [ -53.59073476, -15.4117111 ], [ -53.59042933, -15.41146579 ], [ -53.59005875, -15.41054647 ], [ -53.58990628, -15.40978755 ], [ -53.5893927, -15.40903299 ], [ -53.58909921, -15.40879274 ], [ -53.58891543, -15.40817996 ], [ -53.5885546, -15.40717379 ], [ -53.5883995, -15.40667301 ], [ -53.5883007, -15.40543966 ], [ -53.58795535, -15.40490505 ], [ -53.58701616, -15.40379295 ], [ -53.58657552, -15.4032998 ], [ -53.5861317, -15.40263701 ], [ -53.58573274, -15.40145591 ], [ -53.58513806, -15.40098688 ], [ -53.5840452, -15.39978691 ], [ -53.58201146, -15.3982095 ], [ -53.58025524, -15.39673141 ], [ -53.57869474, -15.39584671 ], [ -53.57741862, -15.39477089 ], [ -53.57701512, -15.39400998 ], [ -53.57607966, -15.39376997 ], [ -53.57567095, -15.39336526 ], [ -53.57461324, -15.39296286 ], [ -53.57280522, -15.39261343 ], [ -53.57124034, -15.39185898 ], [ -53.5705694, -15.39109444 ], [ -53.57022305, -15.39075918 ], [ -53.56998921, -15.38956555 ], [ -53.56803603, -15.38830773 ], [ -53.56608286, -15.3870499 ], [ -53.56615094, -15.38610561 ], [ -53.56623093, -15.38530109 ], [ -53.56635385, -15.38325634 ], [ -53.56536813, -15.38266921 ], [ -53.56456562, -15.38180032 ], [ -53.56447799, -15.38084858 ], [ -53.56391436, -15.37983606 ], [ -53.56387538, -15.37933163 ], [ -53.56291658, -15.37686792 ], [ -53.56224699, -15.37529683 ], [ -53.56148774, -15.37423735 ], [ -53.56058107, -15.37345974 ], [ -53.56062609, -15.37301382 ], [ -53.56052017, -15.37189438 ], [ -53.56029972, -15.37112419 ], [ -53.55996726, -15.37067024 ], [ -53.55914287, -15.36996963 ], [ -53.55897966, -15.36950238 ], [ -53.55897607, -15.36886065 ], [ -53.55866969, -15.36786441 ], [ -53.55909138, -15.36721315 ], [ -53.55897798, -15.36697449 ], [ -53.55881968, -15.36690304 ], [ -53.55796631, -15.3667384 ], [ -53.55691861, -15.36700111 ], [ -53.55583539, -15.36679921 ], [ -53.55530738, -15.36658416 ], [ -53.55469723, -15.36688561 ] ] ] } },
{ "type": "Feature", "properties": { }, "geometry": { "type": "Polygon", "coordinates": [ [ [ -53.68630644, -15.41869817 ], [ -53.68286713, -15.4198236 ], [ -53.67942783, -15.42094902 ], [ -53.67598852, -15.42207444 ], [ -53.67649347, -15.4264196 ], [ -53.67699842, -15.43076475 ], [ -53.67750337, -15.43510991 ], [ -53.67800832, -15.43945506 ], [ -53.67851328, -15.44380022 ], [ -53.67901823, -15.44814537 ], [ -53.67952318, -15.45249052 ], [ -53.68002813, -15.45683568 ], [ -53.68053308, -15.46118083 ], [ -53.68103803, -15.46552599 ], [ -53.68154298, -15.46987114 ], [ -53.68204793, -15.4742163 ], [ -53.68255289, -15.47856145 ], [ -53.68305784, -15.48290661 ], [ -53.68356279, -15.48725176 ], [ -53.68406774, -15.49159691 ], [ -53.67980744, -15.49138193 ], [ -53.67554715, -15.49116694 ], [ -53.67241273, -15.49100865 ], [ -53.6692783, -15.49085036 ], [ -53.6657458, -15.49053824 ], [ -53.66221329, -15.49022611 ], [ -53.66201722, -15.49020878 ], [ -53.65812555, -15.48986461 ], [ -53.65423388, -15.48952044 ], [ -53.65034222, -15.48917626 ], [ -53.64645055, -15.48883209 ], [ -53.64255888, -15.48848791 ], [ -53.63866722, -15.48814374 ], [ -53.63477555, -15.48779956 ], [ -53.63388656, -15.48945354 ], [ -53.63330715, -15.49082645 ], [ -53.63223514, -15.49065215 ], [ -53.63214282, -15.49046022 ], [ -53.63226355, -15.48981358 ], [ -53.63169262, -15.48973033 ], [ -53.63174573, -15.4894887 ], [ -53.63127474, -15.489162 ], [ -53.63100465, -15.48931245 ], [ -53.63021643, -15.48896531 ], [ -53.62993016, -15.48878653 ], [ -53.62908992, -15.48943756 ], [ -53.62897823, -15.49002701 ], [ -53.62918244, -15.49031651 ], [ -53.62879996, -15.49055853 ], [ -53.62792466, -15.49082465 ], [ -53.62787743, -15.49151711 ], [ -53.62765108, -15.49120709 ], [ -53.62729189, -15.49131 ], [ -53.62752739, -15.49202601 ], [ -53.62716236, -15.49255831 ], [ -53.62691356, -15.49343599 ], [ -53.62709332, -15.4938246 ], [ -53.62761139, -15.49385204 ], [ -53.62768883, -15.49521758 ], [ -53.6281035, -15.49562716 ], [ -53.62860524, -15.49796398 ], [ -53.6259115, -15.49975656 ], [ -53.62578066, -15.50068811 ], [ -53.62644773, -15.50293509 ], [ -53.62822628, -15.50486887 ], [ -53.62900722, -15.50675461 ], [ -53.62884959, -15.50759192 ], [ -53.62890449, -15.50861005 ], [ -53.62806316, -15.50859974 ], [ -53.6274147, -15.50887229 ], [ -53.62664898, -15.51150999 ], [ -53.62649674, -15.51277519 ], [ -53.62589569, -15.51347514 ], [ -53.62572353, -15.51482197 ], [ -53.6260774, -15.51620336 ], [ -53.62732771, -15.51529191 ], [ -53.62737807, -15.51594337 ], [ -53.62893484, -15.51598599 ], [ -53.62975371, -15.51655197 ], [ -53.6303116, -15.51619549 ], [ -53.6306033, -15.51671898 ], [ -53.63063783, -15.51733351 ], [ -53.62990525, -15.51785077 ], [ -53.62983245, -15.51806029 ], [ -53.63056417, -15.51815174 ], [ -53.63132232, -15.51905581 ], [ -53.63105393, -15.51944588 ], [ -53.63066074, -15.51961857 ], [ -53.6309569, -15.5205659 ], [ -53.63175156, -15.52027136 ], [ -53.63229658, -15.52082415 ], [ -53.63289605, -15.52132906 ], [ -53.63211717, -15.5219933 ], [ -53.63251646, -15.52225717 ], [ -53.63287592, -15.52345674 ], [ -53.63296053, -15.5229444 ], [ -53.63390066, -15.52346023 ], [ -53.63348764, -15.52430907 ], [ -53.63408422, -15.52490054 ], [ -53.63385329, -15.52584151 ], [ -53.63327747, -15.52624699 ], [ -53.63297625, -15.52596642 ], [ -53.63277014, -15.52600049 ], [ -53.63277322, -15.52635309 ], [ -53.63266251, -15.52654861 ], [ -53.6331904, -15.52711534 ], [ -53.6321788, -15.52705488 ], [ -53.63187986, -15.52721886 ], [ -53.63233117, -15.52766068 ], [ -53.63336842, -15.52795803 ], [ -53.63375519, -15.52884113 ], [ -53.63314067, -15.5288631 ], [ -53.63329773, -15.52908225 ], [ -53.63455179, -15.52939426 ], [ -53.63505008, -15.52983045 ], [ -53.63539644, -15.52977645 ], [ -53.63642841, -15.52930644 ], [ -53.63622675, -15.52961713 ], [ -53.63632779, -15.52973109 ], [ -53.6365237, -15.52972251 ], [ -53.63682049, -15.52930175 ], [ -53.6371273, -15.5295818 ], [ -53.6379291, -15.52996449 ], [ -53.63760117, -15.52944534 ], [ -53.63850184, -15.52977085 ], [ -53.63881087, -15.52980762 ], [ -53.63951819, -15.52907682 ], [ -53.63992938, -15.52931479 ], [ -53.63993917, -15.52957932 ], [ -53.64031664, -15.5303003 ], [ -53.64007136, -15.53031696 ], [ -53.64047916, -15.53148866 ], [ -53.64150184, -15.53368215 ], [ -53.64081433, -15.53375985 ], [ -53.64093762, -15.53436915 ], [ -53.64104644, -15.53447136 ], [ -53.64060272, -15.53448886 ], [ -53.64204466, -15.5349122 ], [ -53.64570683, -15.53279276 ], [ -53.64936901, -15.53067331 ], [ -53.65303118, -15.52855387 ], [ -53.65669336, -15.52643443 ], [ -53.66035553, -15.52431499 ], [ -53.66401771, -15.52219554 ], [ -53.66767988, -15.5200761 ], [ -53.67134206, -15.51795666 ], [ -53.67500423, -15.51583722 ], [ -53.67866641, -15.51371778 ], [ -53.68237995, -15.51156753 ], [ -53.6860935, -15.50941728 ], [ -53.68980705, -15.50726704 ], [ -53.69352059, -15.50511679 ], [ -53.69723414, -15.50296654 ], [ -53.70094769, -15.5008163 ], [ -53.70466124, -15.49866605 ], [ -53.70837478, -15.49651581 ], [ -53.71208833, -15.49436556 ], [ -53.71580188, -15.49221531 ], [ -53.71951542, -15.49006507 ], [ -53.72322897, -15.48791482 ], [ -53.72305619, -15.48587346 ], [ -53.72238329, -15.48367729 ], [ -53.7222282, -15.48166316 ], [ -53.72186257, -15.47946538 ], [ -53.72249364, -15.47750678 ], [ -53.72136415, -15.47593809 ], [ -53.72038212, -15.47447649 ], [ -53.71859828, -15.47369737 ], [ -53.71755268, -15.47248654 ], [ -53.71819789, -15.47114404 ], [ -53.71848912, -15.46906923 ], [ -53.71816507, -15.46716871 ], [ -53.7178756, -15.46524121 ], [ -53.71817592, -15.46408981 ], [ -53.71764827, -15.46220814 ], [ -53.71385162, -15.464149 ], [ -53.71005497, -15.46608987 ], [ -53.70625832, -15.46803073 ], [ -53.70246167, -15.4699716 ], [ -53.69866503, -15.47191246 ], [ -53.69486838, -15.47385333 ], [ -53.69420268, -15.46955184 ], [ -53.69353699, -15.46525035 ], [ -53.69287129, -15.46094886 ], [ -53.6922056, -15.45664738 ], [ -53.69153991, -15.45234589 ], [ -53.69095655, -15.44858877 ], [ -53.69037319, -15.44483165 ], [ -53.68978982, -15.44107454 ], [ -53.68920646, -15.43731742 ], [ -53.6886231, -15.4335603 ], [ -53.68814622, -15.43049898 ], [ -53.68766934, -15.42743767 ], [ -53.68719246, -15.42437635 ], [ -53.68674945, -15.42153726 ], [ -53.68630644, -15.41869817 ] ] ] } },
{ "type": "Feature", "properties": { }, "geometry": { "type": "Polygon", "coordinates": [ [ [ -53.58758485, -15.35953432 ], [ -53.58806182, -15.35988137 ], [ -53.58795612, -15.36033199 ], [ -53.58798649, -15.36141067 ], [ -53.58771344, -15.36246168 ], [ -53.58805634, -15.36298665 ], [ -53.58900143, -15.36360083 ], [ -53.59033509, -15.36558354 ], [ -53.59134794, -15.36786823 ], [ -53.59210042, -15.36863014 ], [ -53.59285797, -15.36951653 ], [ -53.5962471, -15.37161026 ], [ -53.5963818, -15.37285762 ], [ -53.5962546, -15.37333775 ], [ -53.59592586, -15.37441563 ], [ -53.5964715, -15.37444517 ], [ -53.59748955, -15.37462795 ], [ -53.59826957, -15.37581114 ], [ -53.59864022, -15.3798478 ], [ -53.59565823, -15.38254385 ], [ -53.59267625, -15.3852399 ], [ -53.58969427, -15.38793594 ], [ -53.59004346, -15.38820903 ], [ -53.59391653, -15.38957803 ], [ -53.59778961, -15.39094704 ], [ -53.59975255, -15.39308796 ], [ -53.60027486, -15.39178453 ], [ -53.60449648, -15.3905965 ], [ -53.60808444, -15.3920881 ], [ -53.61167239, -15.39357971 ], [ -53.61526035, -15.39507131 ], [ -53.61884831, -15.39656291 ], [ -53.62243626, -15.39805452 ], [ -53.62602422, -15.39954612 ], [ -53.6253535, -15.39845281 ], [ -53.6280457, -15.39770408 ], [ -53.62778148, -15.39625765 ], [ -53.62800781, -15.39531559 ], [ -53.62907569, -15.39431676 ], [ -53.62735249, -15.39342143 ], [ -53.62655188, -15.39344453 ], [ -53.62622677, -15.39270979 ], [ -53.62548296, -15.39240133 ], [ -53.62511925, -15.39047985 ], [ -53.62606655, -15.38852221 ], [ -53.62669282, -15.38814779 ], [ -53.62746945, -15.38827633 ], [ -53.6290606, -15.38750031 ], [ -53.62874198, -15.38832728 ], [ -53.62960333, -15.38882083 ], [ -53.63062891, -15.38854345 ], [ -53.63142959, -15.38775391 ], [ -53.63110285, -15.38709305 ], [ -53.63191581, -15.38527171 ], [ -53.63173762, -15.38454126 ], [ -53.62904816, -15.3854159 ], [ -53.6286374, -15.38532631 ], [ -53.62897182, -15.38406029 ], [ -53.6302264, -15.38278516 ], [ -53.628034, -15.38114084 ], [ -53.6276241, -15.38032675 ], [ -53.62648238, -15.3798511 ], [ -53.62653138, -15.37944864 ], [ -53.6284683, -15.37902997 ], [ -53.62724559, -15.3778428 ], [ -53.62727699, -15.3773929 ], [ -53.62638905, -15.37611572 ], [ -53.62547218, -15.37742254 ], [ -53.6240267, -15.37792522 ], [ -53.62356519, -15.37750247 ], [ -53.62362921, -15.37685668 ], [ -53.62223701, -15.37552443 ], [ -53.62200957, -15.37445612 ], [ -53.62397003, -15.37200519 ], [ -53.6241882, -15.37013391 ], [ -53.62426229, -15.36935716 ], [ -53.62279316, -15.36658855 ], [ -53.62171214, -15.36657732 ], [ -53.62080747, -15.36620552 ], [ -53.61962079, -15.36557797 ], [ -53.61917733, -15.36559548 ], [ -53.61783224, -15.36585725 ], [ -53.61626291, -15.36606069 ], [ -53.61498929, -15.36558219 ], [ -53.61403746, -15.36515355 ], [ -53.61361943, -15.36450024 ], [ -53.61346124, -15.36299687 ], [ -53.6137173, -15.36217956 ], [ -53.61386135, -15.36049424 ], [ -53.61484177, -15.35982885 ], [ -53.61551703, -15.3590806 ], [ -53.61572364, -15.35837488 ], [ -53.61577733, -15.35759698 ], [ -53.61565332, -15.3567965 ], [ -53.61540269, -15.35600989 ], [ -53.61512105, -15.3555131 ], [ -53.61338877, -15.3541014 ], [ -53.61250721, -15.35252259 ], [ -53.61223028, -15.35064557 ], [ -53.61112544, -15.34945679 ], [ -53.60855548, -15.34827783 ], [ -53.60759504, -15.34851109 ], [ -53.60731235, -15.34900025 ], [ -53.60673242, -15.34947126 ], [ -53.60594696, -15.35052916 ], [ -53.605885, -15.35188079 ], [ -53.60548889, -15.35344616 ], [ -53.60505142, -15.35394483 ], [ -53.60333345, -15.35503829 ], [ -53.60278829, -15.35605643 ], [ -53.60095766, -15.35766931 ], [ -53.59965629, -15.35801763 ], [ -53.59786424, -15.35660736 ], [ -53.59489785, -15.35617311 ], [ -53.59250792, -15.35664508 ], [ -53.58957756, -15.35932962 ], [ -53.58758485, -15.35953432 ] ] ] } },
{ "type": "Feature", "properties": { }, "geometry": { "type": "Polygon", "coordinates": [ [ [ -53.49433417, -15.31009807 ], [ -53.4964393, -15.3088271 ], [ -53.49854444, -15.30755612 ], [ -53.50088263, -15.31121168 ], [ -53.50322083, -15.31486723 ], [ -53.50553694, -15.31850835 ], [ -53.50785306, -15.32214946 ], [ -53.51016917, -15.32579057 ], [ -53.51211991, -15.32882465 ], [ -53.51407065, -15.33185872 ], [ -53.51602139, -15.33489279 ], [ -53.51829466, -15.3384969 ], [ -53.52056793, -15.342101 ], [ -53.5228412, -15.34570511 ], [ -53.52511447, -15.34930921 ], [ -53.52738775, -15.35291332 ], [ -53.52966102, -15.35651742 ], [ -53.53193429, -15.36012153 ], [ -53.53420756, -15.36372563 ], [ -53.53648083, -15.36732973 ], [ -53.53806083, -15.36811418 ], [ -53.539435, -15.36967584 ], [ -53.54042778, -15.37161584 ], [ -53.54226639, -15.37255529 ], [ -53.54404972, -15.3733214 ], [ -53.54617444, -15.37411668 ], [ -53.54834006, -15.37508287 ], [ -53.55010222, -15.37535084 ], [ -53.55090611, -15.37492584 ], [ -53.55212611, -15.37352584 ], [ -53.55263472, -15.37127862 ], [ -53.55259583, -15.37016668 ], [ -53.55280861, -15.36897001 ], [ -53.5532675, -15.36777473 ], [ -53.5533756, -15.36724612 ], [ -53.5535875, -15.36692557 ], [ -53.5544125, -15.36575779 ], [ -53.55591306, -15.36536529 ], [ -53.557615, -15.36437168 ], [ -53.559365, -15.36341834 ], [ -53.56115056, -15.36288473 ], [ -53.56230972, -15.36238918 ], [ -53.56322861, -15.3602539 ], [ -53.56465694, -15.35961168 ], [ -53.56636972, -15.35954362 ], [ -53.56930336, -15.36077662 ], [ -53.5669394, -15.35704733 ], [ -53.56457543, -15.35331804 ], [ -53.56221146, -15.34958876 ], [ -53.55984749, -15.34585947 ], [ -53.55748353, -15.34213018 ], [ -53.55511956, -15.33840089 ], [ -53.55275559, -15.33467161 ], [ -53.55039162, -15.33094232 ], [ -53.54802765, -15.32721303 ], [ -53.54566369, -15.32348374 ], [ -53.54329972, -15.31975445 ], [ -53.54092674, -15.31602243 ], [ -53.53855377, -15.3122904 ], [ -53.53618079, -15.30855838 ], [ -53.53401478, -15.30516789 ], [ -53.53184877, -15.30177741 ], [ -53.52972479, -15.29845227 ], [ -53.52760081, -15.29512713 ], [ -53.52547682, -15.29180199 ], [ -53.52335284, -15.28847686 ], [ -53.52133972, -15.28532118 ], [ -53.51932659, -15.2821655 ], [ -53.51729334, -15.27896975 ], [ -53.5152601, -15.27577399 ], [ -53.51322685, -15.27257824 ], [ -53.5111936, -15.26938248 ], [ -53.50839604, -15.27106301 ], [ -53.50672478, -15.26855355 ], [ -53.50318038, -15.27078005 ], [ -53.49963598, -15.27300655 ], [ -53.49609159, -15.27523305 ], [ -53.49783378, -15.27795382 ], [ -53.49957597, -15.28067459 ], [ -53.49603218, -15.28218088 ], [ -53.4924884, -15.28368716 ], [ -53.48894461, -15.28519345 ], [ -53.48540083, -15.28669973 ], [ -53.48151444, -15.2883864 ], [ -53.48273556, -15.29032001 ], [ -53.47944695, -15.29230724 ], [ -53.47615833, -15.29429446 ], [ -53.47286972, -15.29628168 ], [ -53.47453676, -15.298869 ], [ -53.47620379, -15.30145631 ], [ -53.47787083, -15.30404362 ], [ -53.47971409, -15.30692932 ], [ -53.48155736, -15.30981501 ], [ -53.48340062, -15.31270071 ], [ -53.48524389, -15.3155864 ], [ -53.48827398, -15.31375696 ], [ -53.49130408, -15.31192752 ], [ -53.49433417, -15.31009807 ] ] ] } },
{ "type": "Feature", "properties": { }, "geometry": { "type": "Polygon", "coordinates": [ [ [ -54.21321324, -13.50143958 ], [ -54.20882467, -13.50212806 ], [ -54.20443611, -13.50281653 ], [ -54.20004754, -13.50350501 ], [ -54.19565898, -13.50419348 ], [ -54.19127042, -13.50488195 ], [ -54.18688185, -13.50557042 ], [ -54.18249329, -13.50625889 ], [ -54.17810472, -13.50694735 ], [ -54.17371616, -13.50763581 ], [ -54.16932759, -13.50832427 ], [ -54.16493903, -13.50901273 ], [ -54.16055046, -13.50970118 ], [ -54.1561619, -13.51038964 ], [ -54.15177333, -13.51107809 ], [ -54.14738477, -13.51176654 ], [ -54.14299621, -13.51245498 ], [ -54.13860763, -13.51314344 ], [ -54.13421908, -13.51383188 ], [ -54.12983051, -13.51452032 ], [ -54.12544194, -13.51520876 ], [ -54.12105338, -13.5158972 ], [ -54.11666481, -13.51658564 ], [ -54.11227625, -13.51727407 ], [ -54.10788769, -13.5179625 ], [ -54.10349912, -13.51865093 ], [ -54.09911056, -13.51933935 ], [ -54.09472199, -13.52002778 ], [ -54.09033343, -13.52071621 ], [ -54.08594486, -13.52140463 ], [ -54.0815563, -13.52209305 ], [ -54.07716774, -13.52278147 ], [ -54.07277917, -13.52346989 ], [ -54.06839061, -13.5241583 ], [ -54.06400204, -13.52484671 ], [ -54.05961348, -13.52553512 ], [ -54.05522491, -13.52622353 ], [ -54.05083635, -13.52691194 ], [ -54.04644779, -13.52760034 ], [ -54.04205922, -13.52828874 ], [ -54.03767065, -13.52897714 ], [ -54.03825131, -13.52954433 ], [ -54.03879832, -13.53022408 ], [ -54.03887343, -13.5308708 ], [ -54.0387554, -13.5313089 ], [ -54.03784345, -13.53146537 ], [ -54.03723191, -13.53183045 ], [ -54.03623413, -13.53199735 ], [ -54.03485011, -13.53253977 ], [ -54.03200696, -13.53460509 ], [ -54.03121303, -13.53549171 ], [ -54.03268395, -13.53853436 ], [ -54.0336916, -13.5399673 ], [ -54.03429691, -13.54138254 ], [ -54.03601418, -13.54212563 ], [ -54.03662573, -13.54183358 ], [ -54.03705488, -13.54151023 ], [ -54.03745722, -13.54057669 ], [ -54.03809022, -13.54031593 ], [ -54.0392102, -13.54060366 ], [ -54.04087971, -13.5421465 ], [ -54.04104065, -13.54277233 ], [ -54.0407456, -13.54312696 ], [ -54.03989266, -13.54328343 ], [ -54.03918456, -13.54360155 ], [ -54.03869103, -13.54398748 ], [ -54.03833162, -13.54478541 ], [ -54.03835308, -13.54581802 ], [ -54.03832089, -13.54672547 ], [ -54.03775762, -13.54733564 ], [ -54.03653454, -13.54772156 ], [ -54.03575744, -13.54811929 ], [ -54.03465163, -13.5483891 ], [ -54.03423856, -13.54857163 ], [ -54.03410982, -13.54904099 ], [ -54.0345674, -13.54983423 ], [ -54.03626095, -13.55169547 ], [ -54.03727763, -13.55326563 ], [ -54.03944205, -13.55588836 ], [ -54.03961372, -13.55697828 ], [ -54.03976928, -13.55787525 ], [ -54.03920602, -13.56071216 ], [ -54.03859447, -13.56185942 ], [ -54.03848718, -13.56276681 ], [ -54.03894316, -13.56525427 ], [ -54.03921138, -13.56701163 ], [ -54.03918992, -13.56789813 ], [ -54.03918992, -13.56832574 ], [ -54.03958414, -13.56825479 ], [ -54.04359531, -13.56671775 ], [ -54.04760647, -13.56518072 ], [ -54.05161762, -13.56364367 ], [ -54.05562878, -13.56210661 ], [ -54.05963994, -13.56056954 ], [ -54.0636511, -13.55903247 ], [ -54.06766226, -13.55749539 ], [ -54.07167341, -13.55595828 ], [ -54.07568457, -13.55442118 ], [ -54.07969574, -13.55288406 ], [ -54.0837069, -13.55134694 ], [ -54.08771806, -13.5498098 ], [ -54.09172922, -13.54827265 ], [ -54.09574037, -13.5467355 ], [ -54.09975154, -13.54519833 ], [ -54.1037627, -13.54366115 ], [ -54.10777385, -13.54212396 ], [ -54.11178501, -13.54058676 ], [ -54.11579617, -13.53904956 ], [ -54.11980733, -13.53751235 ], [ -54.12381849, -13.53597512 ], [ -54.12782965, -13.53443788 ], [ -54.13184081, -13.53290064 ], [ -54.13585197, -13.53136338 ], [ -54.14011281, -13.53062036 ], [ -54.14437364, -13.52987735 ], [ -54.14863448, -13.52913432 ], [ -54.15289532, -13.5283913 ], [ -54.15715616, -13.52764827 ], [ -54.161417, -13.52690524 ], [ -54.16567784, -13.52616221 ], [ -54.16993868, -13.52541918 ], [ -54.17419952, -13.52467614 ], [ -54.17846035, -13.5239331 ], [ -54.18272119, -13.52319006 ], [ -54.18698203, -13.52244702 ], [ -54.19124287, -13.52170397 ], [ -54.19550371, -13.52096092 ], [ -54.19976454, -13.52021787 ], [ -54.20402538, -13.51947483 ], [ -54.20828623, -13.51873177 ], [ -54.21254707, -13.51798872 ], [ -54.2168079, -13.51724565 ], [ -54.21590923, -13.51329423 ], [ -54.21501057, -13.50934275 ], [ -54.2141119, -13.5053912 ], [ -54.21321324, -13.50143958 ] ] ] } },
{ "type": "Feature", "properties": { }, "geometry": { "type": "Polygon", "coordinates": [ [ [ -54.09951694, -13.392425 ], [ -54.10085311, -13.39633112 ], [ -54.10218927, -13.40023723 ], [ -54.10352544, -13.40414335 ], [ -54.10486161, -13.40804946 ], [ -54.10468965, -13.40811586 ], [ -54.10451778, -13.40818222 ], [ -54.10229722, -13.40903958 ], [ -54.10007667, -13.40989694 ], [ -54.09690021, -13.41112319 ], [ -54.09372375, -13.41234944 ], [ -54.09054729, -13.41357569 ], [ -54.08737083, -13.41480194 ], [ -54.083175, -13.41642138 ], [ -54.07897916, -13.41804083 ], [ -54.07478333, -13.41966027 ], [ -54.0705875, -13.42127972 ], [ -54.07165572, -13.42551972 ], [ -54.07272394, -13.42975972 ], [ -54.07379217, -13.43399972 ], [ -54.07486039, -13.43823972 ], [ -54.07592861, -13.44247972 ], [ -54.0784875, -13.44057861 ], [ -54.08104639, -13.4386775 ], [ -54.08360528, -13.43677639 ], [ -54.08664639, -13.43553236 ], [ -54.0896875, -13.43428833 ], [ -54.09343278, -13.43357222 ], [ -54.09682938, -13.43292257 ], [ -54.10022597, -13.43227292 ], [ -54.10362257, -13.43162326 ], [ -54.10701917, -13.43097361 ], [ -54.10951875, -13.43049556 ], [ -54.11201833, -13.4300175 ], [ -54.11126167, -13.42781488 ], [ -54.11143268, -13.42774595 ], [ -54.11160389, -13.42767694 ], [ -54.11508433, -13.42627389 ], [ -54.11856478, -13.42487083 ], [ -54.12204522, -13.42346778 ], [ -54.12552567, -13.42206472 ], [ -54.12900611, -13.42066167 ], [ -54.13302169, -13.41904216 ], [ -54.13703727, -13.41742264 ], [ -54.14105285, -13.41580313 ], [ -54.14506843, -13.41418361 ], [ -54.14908401, -13.4125641 ], [ -54.15309959, -13.41094458 ], [ -54.15711516, -13.40932507 ], [ -54.16113074, -13.40770556 ], [ -54.16514632, -13.40608604 ], [ -54.1691619, -13.40446653 ], [ -54.17317748, -13.40284701 ], [ -54.17719306, -13.4012275 ], [ -54.17722944, -13.40121278 ], [ -54.17715472, -13.40063972 ], [ -54.1778075, -13.39693528 ], [ -54.17830972, -13.39483222 ], [ -54.17909583, -13.39389111 ], [ -54.18080806, -13.39325389 ], [ -54.18130194, -13.39217583 ], [ -54.18123139, -13.3921925 ], [ -54.17717809, -13.39314583 ], [ -54.17312479, -13.39409917 ], [ -54.16907148, -13.3950525 ], [ -54.16501818, -13.39600583 ], [ -54.16096488, -13.39695917 ], [ -54.15691158, -13.3979125 ], [ -54.15285827, -13.39886583 ], [ -54.14880497, -13.39981917 ], [ -54.14475167, -13.4007725 ], [ -54.14336769, -13.39721676 ], [ -54.1419837, -13.39366102 ], [ -54.14059972, -13.39010528 ], [ -54.14053068, -13.38992759 ], [ -54.14046167, -13.38975 ], [ -54.13922306, -13.38656759 ], [ -54.13798444, -13.38338519 ], [ -54.13674583, -13.38020278 ], [ -54.13606185, -13.37673861 ], [ -54.13537787, -13.37327445 ], [ -54.13469389, -13.36981028 ], [ -54.13900074, -13.36929495 ], [ -54.14330759, -13.36877963 ], [ -54.14761445, -13.3682643 ], [ -54.1519213, -13.36774898 ], [ -54.15622815, -13.36723365 ], [ -54.160535, -13.36671833 ], [ -54.16380944, -13.3642798 ], [ -54.16708389, -13.36184127 ], [ -54.17035833, -13.35940274 ], [ -54.17363278, -13.3569642 ], [ -54.17690722, -13.35452567 ], [ -54.18018167, -13.35208714 ], [ -54.18345611, -13.34964861 ], [ -54.18348444, -13.34962722 ], [ -54.18290833, -13.34865556 ], [ -54.18129083, -13.34764611 ], [ -54.18198556, -13.34639833 ], [ -54.18286639, -13.34602361 ], [ -54.18250583, -13.34420222 ], [ -54.18270972, -13.34255806 ], [ -54.18379139, -13.33874889 ], [ -54.18364, -13.337545 ], [ -54.18473917, -13.33432639 ], [ -54.18467583, -13.333385 ], [ -54.18361056, -13.33204 ], [ -54.18332194, -13.33083361 ], [ -54.18421806, -13.33007278 ], [ -54.18430389, -13.32849639 ], [ -54.18415194, -13.3273275 ], [ -54.18427861, -13.32655444 ], [ -54.18410528, -13.32498056 ], [ -54.18594139, -13.32173528 ], [ -54.18592583, -13.32174028 ], [ -54.18191664, -13.32304481 ], [ -54.17790745, -13.32434934 ], [ -54.17389827, -13.32565387 ], [ -54.16988908, -13.3269584 ], [ -54.16587989, -13.32826293 ], [ -54.1618707, -13.32956746 ], [ -54.15786152, -13.33087199 ], [ -54.15385233, -13.33217652 ], [ -54.14984314, -13.33348105 ], [ -54.14583395, -13.33478558 ], [ -54.14182476, -13.33609011 ], [ -54.13781558, -13.33739464 ], [ -54.13380639, -13.33869917 ], [ -54.12957917, -13.34008778 ], [ -54.12535195, -13.34147639 ], [ -54.12112472, -13.342865 ], [ -54.1168975, -13.34425361 ], [ -54.11267028, -13.34564222 ], [ -54.10844306, -13.34703084 ], [ -54.10421584, -13.34841945 ], [ -54.09998861, -13.34980806 ], [ -54.09576139, -13.35119667 ], [ -54.09153417, -13.35258528 ], [ -54.08883819, -13.35350903 ], [ -54.08614222, -13.35443278 ], [ -54.08755587, -13.35855361 ], [ -54.08896952, -13.36267445 ], [ -54.09038317, -13.36679528 ], [ -54.09179683, -13.37091611 ], [ -54.09321048, -13.37503694 ], [ -54.09462413, -13.37915778 ], [ -54.09603778, -13.38327861 ], [ -54.09710194, -13.38618306 ], [ -54.09810833, -13.38906222 ], [ -54.09865889, -13.39059917 ], [ -54.0991825, -13.39215806 ], [ -54.09934953, -13.39229138 ], [ -54.09951694, -13.392425 ] ] ] } },
{ "type": "Feature", "properties": { }, "geometry": { "type": "Polygon", "coordinates": [ [ [ -54.17722951, -13.40121281 ], [ -54.17321089, -13.40283357 ], [ -54.16919226, -13.40445432 ], [ -54.16517364, -13.40607508 ], [ -54.16115502, -13.40769584 ], [ -54.1571364, -13.40931659 ], [ -54.15311778, -13.41093735 ], [ -54.14909915, -13.41255811 ], [ -54.14508053, -13.41417886 ], [ -54.14106191, -13.41579962 ], [ -54.13704329, -13.41742038 ], [ -54.13302466, -13.41904114 ], [ -54.12900604, -13.42066189 ], [ -54.1255256, -13.42206494 ], [ -54.12204515, -13.42346799 ], [ -54.11856471, -13.42487104 ], [ -54.11508427, -13.42627409 ], [ -54.11160382, -13.42767714 ], [ -54.11289711, -13.43144153 ], [ -54.1141904, -13.43520591 ], [ -54.11548369, -13.4389703 ], [ -54.11677697, -13.44273468 ], [ -54.11807026, -13.44649907 ], [ -54.11936355, -13.45026346 ], [ -54.12352928, -13.44894663 ], [ -54.12769501, -13.4476298 ], [ -54.13186074, -13.44631297 ], [ -54.13602648, -13.44499614 ], [ -54.14019221, -13.44367931 ], [ -54.14435794, -13.44236248 ], [ -54.14852367, -13.44104565 ], [ -54.1526894, -13.43972882 ], [ -54.15685514, -13.43841199 ], [ -54.15593989, -13.43453615 ], [ -54.15502464, -13.43066031 ], [ -54.15774263, -13.42725249 ], [ -54.16046062, -13.42384466 ], [ -54.16317861, -13.42043684 ], [ -54.1658966, -13.41702902 ], [ -54.16861459, -13.4136212 ], [ -54.17133258, -13.41021338 ], [ -54.17405057, -13.40680556 ], [ -54.17676856, -13.40339773 ], [ -54.17675709, -13.4032649 ], [ -54.17734469, -13.4020943 ], [ -54.17722951, -13.40121281 ] ] ] } },
{ "type": "Feature", "properties": { }, "geometry": { "type": "Polygon", "coordinates": [ [ [ -54.0705875, -13.42127972 ], [ -54.06675183, -13.42275968 ], [ -54.06291615, -13.42423964 ], [ -54.05908048, -13.4257196 ], [ -54.0552448, -13.42719956 ], [ -54.05140913, -13.42867952 ], [ -54.04757345, -13.43015948 ], [ -54.04373778, -13.43163944 ], [ -54.04360056, -13.43168972 ], [ -54.04149556, -13.4324675 ], [ -54.04257017, -13.43595017 ], [ -54.04364478, -13.43943283 ], [ -54.04471939, -13.4429155 ], [ -54.045794, -13.44639816 ], [ -54.04686861, -13.44988083 ], [ -54.04941472, -13.44872972 ], [ -54.05037694, -13.45177778 ], [ -54.05402718, -13.45044949 ], [ -54.05767742, -13.44912119 ], [ -54.06132766, -13.4477929 ], [ -54.06497789, -13.4464646 ], [ -54.06862813, -13.44513631 ], [ -54.07227837, -13.44380801 ], [ -54.07592861, -13.44247972 ], [ -54.07486039, -13.43823972 ], [ -54.07379217, -13.43399972 ], [ -54.07272394, -13.42975972 ], [ -54.07165572, -13.42551972 ], [ -54.0705875, -13.42127972 ] ] ] } },
{ "type": "Feature", "properties": { }, "geometry": { "type": "Polygon", "coordinates": [ [ [ -54.06527809, -13.48912315 ], [ -54.06538361, -13.4893475 ], [ -54.067945, -13.49222194 ], [ -54.07050639, -13.49509639 ], [ -54.07306778, -13.49797083 ], [ -54.07562917, -13.50084528 ], [ -54.07819056, -13.50371972 ], [ -54.08205834, -13.50586116 ], [ -54.08592611, -13.50800261 ], [ -54.08979389, -13.51014405 ], [ -54.09366166, -13.5122855 ], [ -54.09752944, -13.51442694 ], [ -54.10055979, -13.51190847 ], [ -54.10359013, -13.50939 ], [ -54.10662048, -13.50687153 ], [ -54.10965083, -13.50435306 ], [ -54.10701007, -13.50108817 ], [ -54.10436931, -13.49782328 ], [ -54.10172855, -13.49455839 ], [ -54.09908779, -13.49129349 ], [ -54.09553413, -13.49256123 ], [ -54.09198047, -13.49382896 ], [ -54.0884268, -13.4950967 ], [ -54.08487314, -13.49636443 ], [ -54.08460626, -13.49421061 ], [ -54.08257852, -13.49227528 ], [ -54.08106062, -13.4885775 ], [ -54.07981542, -13.48655568 ], [ -54.07788718, -13.4844781 ], [ -54.07400833, -13.48590706 ], [ -54.07012948, -13.48733602 ], [ -54.06625062, -13.48876499 ], [ -54.06527809, -13.48912315 ] ] ] } },
{ "type": "Feature", "properties": { }, "geometry": { "type": "Polygon", "coordinates": [ [ [ -54.10965083, -13.50435306 ], [ -54.10662048, -13.50687153 ], [ -54.10359013, -13.50939 ], [ -54.10055979, -13.51190847 ], [ -54.09752944, -13.51442694 ], [ -54.09867011, -13.51815444 ], [ -54.09981078, -13.52188194 ], [ -54.10095144, -13.52560944 ], [ -54.10209211, -13.52933694 ], [ -54.10323278, -13.53306444 ], [ -54.10750489, -13.53427044 ], [ -54.111777, -13.53547644 ], [ -54.11604911, -13.53668244 ], [ -54.12032122, -13.53788844 ], [ -54.12459333, -13.53909444 ], [ -54.12726833, -13.53935861 ], [ -54.13159713, -13.53978588 ], [ -54.13592592, -13.54021315 ], [ -54.14025472, -13.54064041 ], [ -54.14458352, -13.54106768 ], [ -54.14891231, -13.54149495 ], [ -54.15324111, -13.54192222 ], [ -54.15268361, -13.53762611 ], [ -54.15678056, -13.53760652 ], [ -54.1608775, -13.53758694 ], [ -54.16089778, -13.5366225 ], [ -54.16036528, -13.53484694 ], [ -54.15961528, -13.53385056 ], [ -54.16134278, -13.53384694 ], [ -54.16159194, -13.53483333 ], [ -54.16194083, -13.534715 ], [ -54.16268722, -13.53349 ], [ -54.16349361, -13.53280472 ], [ -54.16426139, -13.53248306 ], [ -54.1643625, -13.53227194 ], [ -54.1630675, -13.52953361 ], [ -54.16286944, -13.5287525 ], [ -54.16340528, -13.526985 ], [ -54.16308083, -13.52629889 ], [ -54.16244389, -13.52561972 ], [ -54.16270194, -13.52419417 ], [ -54.16244306, -13.52292667 ], [ -54.16296472, -13.52174111 ], [ -54.16268389, -13.52108139 ], [ -54.16205028, -13.52053972 ], [ -54.16191667, -13.519655 ], [ -54.16116778, -13.51915056 ], [ -54.15983333, -13.51879722 ], [ -54.1596275, -13.51724222 ], [ -54.15904667, -13.51687861 ], [ -54.15865528, -13.51571083 ], [ -54.15918139, -13.51474306 ], [ -54.1593975, -13.51385694 ], [ -54.15968444, -13.51335083 ], [ -54.16045972, -13.51151444 ], [ -54.16092667, -13.51004194 ], [ -54.16184028, -13.50933306 ], [ -54.16316375, -13.50751084 ], [ -54.16448722, -13.50568861 ], [ -54.16690361, -13.50574861 ], [ -54.16724028, -13.50554417 ], [ -54.16757833, -13.50486806 ], [ -54.16494259, -13.50463151 ], [ -54.16230685, -13.50439495 ], [ -54.15882864, -13.50408274 ], [ -54.15535043, -13.50377054 ], [ -54.15187222, -13.50345833 ], [ -54.15319514, -13.49916368 ], [ -54.15451806, -13.49486902 ], [ -54.15584097, -13.49057437 ], [ -54.15716389, -13.48627972 ], [ -54.15340153, -13.48869731 ], [ -54.14963917, -13.49111491 ], [ -54.1458768, -13.4935325 ], [ -54.14211444, -13.49595009 ], [ -54.13835208, -13.49836769 ], [ -54.13458972, -13.50078528 ], [ -54.13189511, -13.50251652 ], [ -54.12920049, -13.50424776 ], [ -54.12650588, -13.505979 ], [ -54.12378539, -13.50289414 ], [ -54.1210649, -13.49980929 ], [ -54.11834441, -13.49672443 ], [ -54.11562392, -13.49363957 ], [ -54.11290343, -13.49055472 ], [ -54.11018294, -13.48746986 ], [ -54.10746245, -13.484385 ], [ -54.10474196, -13.48130015 ], [ -54.10202147, -13.47821529 ], [ -54.10192466, -13.47699032 ], [ -54.10048972, -13.47748417 ], [ -54.10199231, -13.48140426 ], [ -54.10349491, -13.48532435 ], [ -54.1049975, -13.48924444 ], [ -54.10205584, -13.49028531 ], [ -54.09911417, -13.49132618 ], [ -54.10174834, -13.4945829 ], [ -54.1043825, -13.49783962 ], [ -54.10701667, -13.50109634 ], [ -54.10965083, -13.50435306 ] ] ] } },
{ "type": "Feature", "properties": { }, "geometry": { "type": "Polygon", "coordinates": [ [ [ -54.05966, -13.47207917 ], [ -54.06130055, -13.47624674 ], [ -54.06294111, -13.4804143 ], [ -54.06458166, -13.48458187 ], [ -54.06622222, -13.48874944 ], [ -54.07011713, -13.48741037 ], [ -54.07401203, -13.48607129 ], [ -54.07790694, -13.48473222 ], [ -54.07981528, -13.48655556 ], [ -54.08106056, -13.4885775 ], [ -54.08257861, -13.49227528 ], [ -54.08460639, -13.49421056 ], [ -54.08487306, -13.49636444 ], [ -54.08889795, -13.49494044 ], [ -54.09292284, -13.49351644 ], [ -54.09694772, -13.49209244 ], [ -54.10097261, -13.49066844 ], [ -54.1049975, -13.48924444 ], [ -54.10349491, -13.48532435 ], [ -54.10199231, -13.48140426 ], [ -54.10048972, -13.47748417 ], [ -54.10453972, -13.47609028 ], [ -54.10421778, -13.4750775 ], [ -54.10746593, -13.47388944 ], [ -54.11071407, -13.47270139 ], [ -54.11396222, -13.47151333 ], [ -54.1126675, -13.46811016 ], [ -54.11137278, -13.464707 ], [ -54.11007805, -13.46130383 ], [ -54.10878333, -13.45790067 ], [ -54.10748861, -13.4544975 ], [ -54.10423979, -13.45567965 ], [ -54.10099097, -13.4568618 ], [ -54.09774215, -13.45804396 ], [ -54.09449333, -13.45922611 ], [ -54.09100722, -13.46049903 ], [ -54.08752111, -13.46177194 ], [ -54.084035, -13.46304486 ], [ -54.08054889, -13.46431778 ], [ -54.07637111, -13.46587006 ], [ -54.07219333, -13.46742234 ], [ -54.06801556, -13.46897461 ], [ -54.06383778, -13.47052689 ], [ -54.05966, -13.47207917 ] ] ] } },
{ "type": "Feature", "properties": { }, "geometry": { "type": "Polygon", "coordinates": [ [ [ -54.04149556, -13.4324675 ], [ -54.03783577, -13.43381813 ], [ -54.03417598, -13.43516875 ], [ -54.03051618, -13.43651938 ], [ -54.02685639, -13.43787 ], [ -54.0258075, -13.43845278 ], [ -54.02570917, -13.43898 ], [ -54.02563806, -13.43972583 ], [ -54.0252575, -13.44014278 ], [ -54.02442139, -13.4405725 ], [ -54.02340694, -13.4405125 ], [ -54.02267944, -13.44054417 ], [ -54.02211611, -13.44081917 ], [ -54.02176556, -13.44119278 ], [ -54.02151361, -13.44165444 ], [ -54.02137194, -13.44216306 ], [ -54.02135167, -13.44308472 ], [ -54.02141833, -13.44433417 ], [ -54.0220725, -13.44523194 ], [ -54.0229725, -13.44612028 ], [ -54.02407694, -13.44656222 ], [ -54.0249725, -13.44621444 ], [ -54.02576611, -13.44568611 ], [ -54.02665306, -13.44604306 ], [ -54.02722611, -13.44670639 ], [ -54.028125, -13.44811528 ], [ -54.02958, -13.45158361 ], [ -54.02969417, -13.45231278 ], [ -54.02927528, -13.45350889 ], [ -54.0284275, -13.45518333 ], [ -54.02774639, -13.45579028 ], [ -54.02707583, -13.45651639 ], [ -54.02644889, -13.45735833 ], [ -54.02610639, -13.4579925 ], [ -54.02608361, -13.45876083 ], [ -54.02645806, -13.45985306 ], [ -54.02980661, -13.45816317 ], [ -54.03315517, -13.45647328 ], [ -54.03650372, -13.45478339 ], [ -54.03985228, -13.4530935 ], [ -54.04320083, -13.45140361 ], [ -54.04453056, -13.45065 ], [ -54.04686861, -13.44988083 ], [ -54.045794, -13.44639816 ], [ -54.04471939, -13.4429155 ], [ -54.04364478, -13.43943283 ], [ -54.04257017, -13.43595017 ], [ -54.04149556, -13.4324675 ] ] ] } },
{ "type": "Feature", "properties": { }, "geometry": { "type": "Polygon", "coordinates": [ [ [ -54.10749261, -13.45450298 ], [ -54.10846575, -13.45706287 ], [ -54.10943889, -13.45962276 ], [ -54.11100304, -13.46373454 ], [ -54.11256718, -13.46784633 ], [ -54.11268422, -13.468154 ], [ -54.1127041, -13.46820609 ], [ -54.11280927, -13.46848271 ], [ -54.11669497, -13.46893495 ], [ -54.12058068, -13.4693872 ], [ -54.12446639, -13.46983944 ], [ -54.1227388, -13.47303768 ], [ -54.1210112, -13.47623593 ], [ -54.11928361, -13.47943417 ], [ -54.12179259, -13.48203426 ], [ -54.12430158, -13.48463435 ], [ -54.12681056, -13.48723444 ], [ -54.12978186, -13.48476222 ], [ -54.13275315, -13.48229 ], [ -54.13572445, -13.47981777 ], [ -54.13869574, -13.47734555 ], [ -54.14166704, -13.47487333 ], [ -54.14463833, -13.47240111 ], [ -54.14885069, -13.47086826 ], [ -54.15306306, -13.46933542 ], [ -54.15727542, -13.46780257 ], [ -54.16148778, -13.46626972 ], [ -54.16122403, -13.47011153 ], [ -54.16096028, -13.47395333 ], [ -54.15966199, -13.47816833 ], [ -54.15836369, -13.48238333 ], [ -54.1570654, -13.48659833 ], [ -54.1557671, -13.49081333 ], [ -54.15446881, -13.49502833 ], [ -54.15317051, -13.49924333 ], [ -54.15187222, -13.50345833 ], [ -54.15579875, -13.50381076 ], [ -54.15972527, -13.50416319 ], [ -54.1636518, -13.50451563 ], [ -54.16757833, -13.50486806 ], [ -54.16838389, -13.50325611 ], [ -54.16823972, -13.50303917 ], [ -54.16639333, -13.50198528 ], [ -54.16631444, -13.5007025 ], [ -54.16576222, -13.50004611 ], [ -54.165355, -13.49886167 ], [ -54.16561972, -13.49735194 ], [ -54.16705333, -13.49625556 ], [ -54.16814278, -13.49631278 ], [ -54.16856778, -13.49614194 ], [ -54.16973083, -13.49445889 ], [ -54.16936889, -13.49388389 ], [ -54.16895056, -13.49371 ], [ -54.16832583, -13.4934825 ], [ -54.167075, -13.4904025 ], [ -54.16764333, -13.48930194 ], [ -54.16915361, -13.488465 ], [ -54.169515, -13.48795333 ], [ -54.17027306, -13.48678528 ], [ -54.17017556, -13.48628972 ], [ -54.16998972, -13.48609333 ], [ -54.16892778, -13.48625833 ], [ -54.16732139, -13.48594 ], [ -54.16657889, -13.48501167 ], [ -54.16754417, -13.48389139 ], [ -54.16811889, -13.48259361 ], [ -54.16822306, -13.48218361 ], [ -54.16735639, -13.48143528 ], [ -54.16679028, -13.4804425 ], [ -54.16683611, -13.47883 ], [ -54.16828028, -13.47746833 ], [ -54.16910167, -13.47636139 ], [ -54.17024472, -13.47560083 ], [ -54.16993639, -13.47497917 ], [ -54.16835194, -13.47446833 ], [ -54.16805333, -13.4736925 ], [ -54.16877972, -13.47225083 ], [ -54.16892833, -13.47006694 ], [ -54.16929861, -13.4696525 ], [ -54.17002917, -13.46950972 ], [ -54.17101028, -13.47004639 ], [ -54.17185389, -13.4710525 ], [ -54.1725025, -13.47165194 ], [ -54.1729, -13.47151583 ], [ -54.17280083, -13.47011139 ], [ -54.17255611, -13.46901333 ], [ -54.17161889, -13.46829444 ], [ -54.17017972, -13.46724389 ], [ -54.16939611, -13.46628917 ], [ -54.16938389, -13.46471833 ], [ -54.16973361, -13.46412667 ], [ -54.17150417, -13.46386444 ], [ -54.17197167, -13.4633825 ], [ -54.17188361, -13.46250111 ], [ -54.17115389, -13.46120417 ], [ -54.1706175, -13.46062972 ], [ -54.16955333, -13.45991194 ], [ -54.16871083, -13.45851444 ], [ -54.16964528, -13.45751861 ], [ -54.17096556, -13.45656083 ], [ -54.17187639, -13.45650972 ], [ -54.17390306, -13.45702417 ], [ -54.17535222, -13.45733611 ], [ -54.1769475, -13.45853361 ], [ -54.17758528, -13.45903389 ], [ -54.17808778, -13.45866056 ], [ -54.17824056, -13.45780667 ], [ -54.17814556, -13.45604111 ], [ -54.17859639, -13.45410806 ], [ -54.17861361, -13.45298472 ], [ -54.17850028, -13.452265 ], [ -54.17858528, -13.45111667 ], [ -54.17804722, -13.45010056 ], [ -54.17761417, -13.44968361 ], [ -54.17721472, -13.44929889 ], [ -54.17769861, -13.44812639 ], [ -54.17874111, -13.44846306 ], [ -54.17845028, -13.44597861 ], [ -54.17731194, -13.44463111 ], [ -54.17714861, -13.44341306 ], [ -54.17788306, -13.44212056 ], [ -54.17888557, -13.44144165 ], [ -54.17939651, -13.4409799 ], [ -54.18026861, -13.43979306 ], [ -54.18131444, -13.43750389 ], [ -54.18236389, -13.43684722 ], [ -54.18382194, -13.43643694 ], [ -54.18420639, -13.43569417 ], [ -54.18399667, -13.43393444 ], [ -54.18287861, -13.43361361 ], [ -54.18299, -13.43276417 ], [ -54.18339694, -13.43112583 ], [ -54.18319806, -13.43052 ], [ -54.1822525, -13.42973694 ], [ -54.18175583, -13.43158083 ], [ -54.18053639, -13.43167 ], [ -54.17862333, -13.43055444 ], [ -54.17895611, -13.42854139 ], [ -54.17984694, -13.42771083 ], [ -54.18181778, -13.42736639 ], [ -54.18226889, -13.42654667 ], [ -54.18206639, -13.42516306 ], [ -54.18136028, -13.42449472 ], [ -54.17979556, -13.42245028 ], [ -54.17983278, -13.42173278 ], [ -54.18107583, -13.42076722 ], [ -54.18076611, -13.41983222 ], [ -54.17970028, -13.419735 ], [ -54.17916306, -13.41931306 ], [ -54.17872833, -13.41885333 ], [ -54.17829152, -13.41612222 ], [ -54.17785472, -13.41339111 ], [ -54.17655667, -13.411835 ], [ -54.17602389, -13.41110417 ], [ -54.17582111, -13.41060917 ], [ -54.17589167, -13.41012167 ], [ -54.17630083, -13.40922194 ], [ -54.17713556, -13.40764778 ], [ -54.17676861, -13.4033975 ], [ -54.17405062, -13.40680535 ], [ -54.17133264, -13.41021319 ], [ -54.16861465, -13.41362104 ], [ -54.16589667, -13.41702889 ], [ -54.16317868, -13.42043674 ], [ -54.16046069, -13.42384458 ], [ -54.15774271, -13.42725243 ], [ -54.15502472, -13.43066028 ], [ -54.15593986, -13.43453611 ], [ -54.156855, -13.43841194 ], [ -54.15268929, -13.43972876 ], [ -54.14852358, -13.44104558 ], [ -54.14435787, -13.4423624 ], [ -54.14019216, -13.44367923 ], [ -54.13602645, -13.44499605 ], [ -54.13186074, -13.44631287 ], [ -54.12769503, -13.44762969 ], [ -54.12352932, -13.44894651 ], [ -54.11936361, -13.45026333 ], [ -54.11901528, -13.45038361 ], [ -54.11517439, -13.45175673 ], [ -54.1113335, -13.45312986 ], [ -54.10749261, -13.45450298 ] ] ] } },
{ "type": "Feature", "properties": { }, "geometry": { "type": "Polygon", "coordinates": [ [ [ -54.53654883, -15.48990412 ], [ -54.53957231, -15.49265972 ], [ -54.54259579, -15.49541533 ], [ -54.54561927, -15.49817093 ], [ -54.54864275, -15.50092654 ], [ -54.55166623, -15.50368214 ], [ -54.55468971, -15.50643775 ], [ -54.55771319, -15.50919335 ], [ -54.56073666, -15.51194896 ], [ -54.5610094, -15.51135137 ], [ -54.56137866, -15.51032118 ], [ -54.56189932, -15.50867064 ], [ -54.56214884, -15.5079875 ], [ -54.56206283, -15.50772124 ], [ -54.56237429, -15.50748021 ], [ -54.56236314, -15.50650061 ], [ -54.56202914, -15.50611375 ], [ -54.56214064, -15.50594757 ], [ -54.56215359, -15.50516207 ], [ -54.56218957, -15.50441777 ], [ -54.56202103, -15.50423547 ], [ -54.56224763, -15.50366364 ], [ -54.56226124, -15.50345535 ], [ -54.56259126, -15.5029166 ], [ -54.56230822, -15.50259057 ], [ -54.56194164, -15.50167588 ], [ -54.56151485, -15.50039827 ], [ -54.56134879, -15.5003918 ], [ -54.5611515, -15.50005837 ], [ -54.56127985, -15.49962899 ], [ -54.56063198, -15.49833375 ], [ -54.56005716, -15.49724371 ], [ -54.55990886, -15.49710116 ], [ -54.56002327, -15.4967465 ], [ -54.559376, -15.49618789 ], [ -54.55873845, -15.49530856 ], [ -54.55857444, -15.4954074 ], [ -54.55851484, -15.49511724 ], [ -54.55784917, -15.49480084 ], [ -54.55744361, -15.49450981 ], [ -54.55760144, -15.49423184 ], [ -54.55739726, -15.49393502 ], [ -54.55758802, -15.49375533 ], [ -54.55702562, -15.49350493 ], [ -54.55675371, -15.49303852 ], [ -54.55603778, -15.49278166 ], [ -54.55617656, -15.49264972 ], [ -54.5558034, -15.49215981 ], [ -54.55592695, -15.49198057 ], [ -54.55546852, -15.49165185 ], [ -54.55541039, -15.49138697 ], [ -54.55508354, -15.49133847 ], [ -54.55488221, -15.49097328 ], [ -54.55455054, -15.49089953 ], [ -54.55428422, -15.4905024 ], [ -54.55454757, -15.49009451 ], [ -54.55364735, -15.48931307 ], [ -54.553261, -15.48929719 ], [ -54.55321818, -15.48866399 ], [ -54.55255744, -15.48795489 ], [ -54.55198392, -15.48805106 ], [ -54.55125457, -15.48757883 ], [ -54.54983522, -15.48701514 ], [ -54.54913214, -15.48597313 ], [ -54.54892763, -15.48595809 ], [ -54.5486767, -15.48569844 ], [ -54.54818891, -15.48522169 ], [ -54.54794147, -15.48467817 ], [ -54.54731694, -15.4846016 ], [ -54.54670789, -15.48453838 ], [ -54.54667783, -15.48431106 ], [ -54.54606502, -15.48374176 ], [ -54.54566352, -15.48330027 ], [ -54.54550172, -15.48257939 ], [ -54.54525577, -15.48249716 ], [ -54.54500023, -15.4816288 ], [ -54.5449229, -15.48138343 ], [ -54.54504022, -15.48104171 ], [ -54.54489951, -15.48080607 ], [ -54.54430929, -15.48036706 ], [ -54.54362759, -15.48019203 ], [ -54.54291117, -15.47931142 ], [ -54.54274934, -15.4795141 ], [ -54.54286535, -15.47972643 ], [ -54.542562, -15.47994596 ], [ -54.54250517, -15.48037751 ], [ -54.54227407, -15.48025675 ], [ -54.54184938, -15.48053829 ], [ -54.54163317, -15.48151561 ], [ -54.54139352, -15.48140934 ], [ -54.54109216, -15.48192129 ], [ -54.54080222, -15.48180406 ], [ -54.5408301, -15.4821112 ], [ -54.54050642, -15.48212957 ], [ -54.54055362, -15.48245864 ], [ -54.53959935, -15.48387216 ], [ -54.5391474, -15.48434591 ], [ -54.53894713, -15.48430524 ], [ -54.53864696, -15.48453177 ], [ -54.53847495, -15.48446097 ], [ -54.53819776, -15.48493131 ], [ -54.53793828, -15.4849214 ], [ -54.53749093, -15.48582892 ], [ -54.53698985, -15.48588273 ], [ -54.53693265, -15.48595334 ], [ -54.53686024, -15.48620717 ], [ -54.53658878, -15.48659934 ], [ -54.53584559, -15.48679913 ], [ -54.5357597, -15.48663632 ], [ -54.53557752, -15.48685931 ], [ -54.5351641, -15.48676068 ], [ -54.53470097, -15.48726965 ], [ -54.53444935, -15.48761113 ], [ -54.53418283, -15.48774738 ], [ -54.53654883, -15.48990412 ] ] ] } },
{ "type": "Feature", "properties": { }, "geometry": { "type": "Polygon", "coordinates": [ [ [ -54.42005257, -15.52976366 ], [ -54.42012027, -15.53009605 ], [ -54.42064282, -15.53219535 ], [ -54.42073738, -15.53391072 ], [ -54.42056525, -15.53583832 ], [ -54.42136738, -15.53794857 ], [ -54.42146907, -15.54028188 ], [ -54.42195571, -15.54270053 ], [ -54.42279689, -15.54526135 ], [ -54.42336409, -15.54748312 ], [ -54.42438787, -15.54925461 ], [ -54.42442014, -15.54975406 ], [ -54.42657511, -15.55004372 ], [ -54.42746254, -15.5461197 ], [ -54.42834997, -15.54219568 ], [ -54.42923741, -15.53827166 ], [ -54.43012484, -15.53434764 ], [ -54.43101227, -15.53042362 ], [ -54.427927, -15.53023785 ], [ -54.42484174, -15.53005209 ], [ -54.42175647, -15.52986632 ], [ -54.42005257, -15.52976366 ] ] ] } },
{ "type": "Feature", "properties": { }, "geometry": { "type": "Polygon", "coordinates": [ [ [ -54.52618227, -15.55010568 ], [ -54.52402077, -15.54864231 ], [ -54.52322533, -15.54916087 ], [ -54.51915015, -15.54774191 ], [ -54.51507498, -15.54632295 ], [ -54.51594018, -15.5442251 ], [ -54.51697747, -15.54170985 ], [ -54.51801476, -15.5391946 ], [ -54.51463063, -15.53816144 ], [ -54.5112465, -15.53712828 ], [ -54.50786237, -15.53609512 ], [ -54.50447825, -15.53506196 ], [ -54.5042756, -15.53715175 ], [ -54.50409978, -15.53811521 ], [ -54.50332283, -15.53973772 ], [ -54.50302188, -15.54099275 ], [ -54.50267866, -15.54134804 ], [ -54.5019033, -15.54226522 ], [ -54.50061295, -15.54396241 ], [ -54.49995951, -15.54639385 ], [ -54.50303749, -15.54814588 ], [ -54.50689947, -15.55042716 ], [ -54.51076145, -15.55270843 ], [ -54.51179637, -15.55705237 ], [ -54.51283129, -15.56139631 ], [ -54.5138662, -15.56574025 ], [ -54.51490112, -15.57008419 ], [ -54.51593603, -15.57442813 ], [ -54.5194214, -15.57407833 ], [ -54.52290677, -15.57372853 ], [ -54.52639213, -15.57337873 ], [ -54.52593594, -15.56912032 ], [ -54.52547974, -15.56486191 ], [ -54.52502355, -15.56060351 ], [ -54.52261749, -15.55829641 ], [ -54.52021144, -15.55598932 ], [ -54.52319685, -15.5530475 ], [ -54.52618227, -15.55010568 ] ] ] } },
{ "type": "Feature", "properties": { }, "geometry": { "type": "Polygon", "coordinates": [ [ [ -54.43459241, -15.51458899 ], [ -54.43369738, -15.51854765 ], [ -54.43280234, -15.5225063 ], [ -54.4319073, -15.52646496 ], [ -54.43101227, -15.53042362 ], [ -54.43012484, -15.53434764 ], [ -54.42923741, -15.53827166 ], [ -54.42834997, -15.54219568 ], [ -54.42746254, -15.5461197 ], [ -54.42657511, -15.55004372 ], [ -54.42940219, -15.55042371 ], [ -54.43222926, -15.55080369 ], [ -54.43324527, -15.54687895 ], [ -54.43426128, -15.54295421 ], [ -54.43527729, -15.53902946 ], [ -54.4362933, -15.53510472 ], [ -54.43738843, -15.53088559 ], [ -54.43848356, -15.52666647 ], [ -54.4395787, -15.52244734 ], [ -54.44018126, -15.52012553 ], [ -54.43957939, -15.51909998 ], [ -54.43722703, -15.51687775 ], [ -54.43531523, -15.51548903 ], [ -54.43459241, -15.51458899 ] ] ] } },
{ "type": "Feature", "properties": { }, "geometry": { "type": "Polygon", "coordinates": [ [ [ -54.53893202, -15.50687613 ], [ -54.53824293, -15.50647673 ], [ -54.53523525, -15.50473331 ], [ -54.53222756, -15.50298988 ], [ -54.52921988, -15.50124645 ], [ -54.52621219, -15.49950303 ], [ -54.52587913, -15.49930995 ], [ -54.52390368, -15.49816476 ], [ -54.52390793, -15.4983952 ], [ -54.52341499, -15.49845825 ], [ -54.52318209, -15.49858897 ], [ -54.52314661, -15.49910882 ], [ -54.52281158, -15.49911096 ], [ -54.52250293, -15.49934308 ], [ -54.52189884, -15.49952592 ], [ -54.52153642, -15.50000891 ], [ -54.52162478, -15.50024646 ], [ -54.52144565, -15.50044926 ], [ -54.52075586, -15.50119901 ], [ -54.51988183, -15.50245076 ], [ -54.51961554, -15.50218835 ], [ -54.51943971, -15.50223443 ], [ -54.51951587, -15.50255474 ], [ -54.51930538, -15.50299717 ], [ -54.51952734, -15.50324359 ], [ -54.51933486, -15.50341937 ], [ -54.51863606, -15.50414935 ], [ -54.51839628, -15.50454371 ], [ -54.51789109, -15.50521431 ], [ -54.51993652, -15.50646637 ], [ -54.52012505, -15.50658177 ], [ -54.52362848, -15.50872595 ], [ -54.52713191, -15.51087012 ], [ -54.53063535, -15.5130143 ], [ -54.53413878, -15.51515848 ], [ -54.53764221, -15.51730265 ], [ -54.54114564, -15.51944683 ], [ -54.54464907, -15.52159101 ], [ -54.54648369, -15.51791257 ], [ -54.54778208, -15.51533523 ], [ -54.54908048, -15.5127579 ], [ -54.54569766, -15.51079731 ], [ -54.54231484, -15.50883672 ], [ -54.53893202, -15.50687613 ] ] ] } },
{ "type": "Feature", "properties": { }, "geometry": { "type": "Polygon", "coordinates": [ [ [ -54.52633011, -15.57338283 ], [ -54.53056071, -15.57295833 ], [ -54.5347913, -15.57253383 ], [ -54.5390219, -15.57210933 ], [ -54.54325249, -15.57168483 ], [ -54.54748309, -15.57126033 ], [ -54.54771601, -15.57123295 ], [ -54.54806119, -15.57118531 ], [ -54.54829675, -15.57114383 ], [ -54.54853759, -15.57108573 ], [ -54.54882987, -15.57100682 ], [ -54.55198439, -15.57006984 ], [ -54.5551389, -15.56913286 ], [ -54.55574528, -15.56894998 ], [ -54.5528602, -15.56636608 ], [ -54.55147322, -15.56331181 ], [ -54.54952418, -15.55930368 ], [ -54.54818213, -15.55616948 ], [ -54.54633631, -15.55241295 ], [ -54.54642344, -15.54870366 ], [ -54.54651057, -15.54499437 ], [ -54.5465977, -15.54128508 ], [ -54.54668483, -15.53757579 ], [ -54.54606479, -15.53559539 ], [ -54.54502237, -15.53662385 ], [ -54.5439047, -15.5384743 ], [ -54.54214437, -15.54028598 ], [ -54.54056151, -15.54199137 ], [ -54.5385678, -15.54379604 ], [ -54.53686275, -15.5452939 ], [ -54.5349582, -15.54646938 ], [ -54.53279588, -15.54745258 ], [ -54.5305602, -15.54807265 ], [ -54.52839721, -15.54881734 ], [ -54.52625507, -15.54998187 ], [ -54.52603111, -15.55019167 ], [ -54.52308994, -15.55309249 ], [ -54.52014876, -15.5559933 ], [ -54.52255498, -15.55830045 ], [ -54.5249612, -15.5606076 ], [ -54.5254175, -15.56486601 ], [ -54.52587381, -15.56912442 ], [ -54.52633011, -15.57338283 ] ] ] } },
{ "type": "Feature", "properties": { }, "geometry": { "type": "Polygon", "coordinates": [ [ [ -54.52621219, -15.49950303 ], [ -54.53002357, -15.50171217 ], [ -54.53383495, -15.50392132 ], [ -54.53764633, -15.50613046 ], [ -54.54145771, -15.50833961 ], [ -54.54526909, -15.51054875 ], [ -54.54908048, -15.5127579 ], [ -54.55296587, -15.51248825 ], [ -54.55685127, -15.5122186 ], [ -54.56073666, -15.51194896 ], [ -54.55771319, -15.50919335 ], [ -54.55468971, -15.50643775 ], [ -54.55166623, -15.50368214 ], [ -54.54864275, -15.50092654 ], [ -54.54561927, -15.49817093 ], [ -54.54259579, -15.49541533 ], [ -54.53957231, -15.49265972 ], [ -54.53654883, -15.48990412 ], [ -54.53418283, -15.48774738 ], [ -54.53404992, -15.48781533 ], [ -54.53385085, -15.48778397 ], [ -54.53324422, -15.48842073 ], [ -54.53303765, -15.48838552 ], [ -54.53269264, -15.48856865 ], [ -54.53258477, -15.48881388 ], [ -54.53256687, -15.48942027 ], [ -54.53234778, -15.48946413 ], [ -54.5311141, -15.49102679 ], [ -54.53013165, -15.49210509 ], [ -54.53022213, -15.49256606 ], [ -54.52986208, -15.49261222 ], [ -54.52993429, -15.49293679 ], [ -54.52978278, -15.49296362 ], [ -54.52967508, -15.49316549 ], [ -54.52935659, -15.49333898 ], [ -54.5287941, -15.49360846 ], [ -54.5288941, -15.49394312 ], [ -54.52855805, -15.49456666 ], [ -54.52835155, -15.49473495 ], [ -54.5276614, -15.49511195 ], [ -54.52776725, -15.49532413 ], [ -54.52747596, -15.49560948 ], [ -54.52728895, -15.49553933 ], [ -54.52736074, -15.4958065 ], [ -54.52702762, -15.49602931 ], [ -54.5267707, -15.49594354 ], [ -54.52667903, -15.49637855 ], [ -54.52635342, -15.49658321 ], [ -54.52571039, -15.49672147 ], [ -54.52556775, -15.4970639 ], [ -54.52518888, -15.4970389 ], [ -54.52488468, -15.49743035 ], [ -54.52441613, -15.49785435 ], [ -54.52390333, -15.49814576 ], [ -54.52390368, -15.49816476 ], [ -54.52621219, -15.49950303 ] ] ] } },
{ "type": "Feature", "properties": { }, "geometry": { "type": "Polygon", "coordinates": [ [ [ -54.52938707, -15.5252157 ], [ -54.52881889, -15.52492574 ], [ -54.52558887, -15.5232772 ], [ -54.52235886, -15.52162867 ], [ -54.51912884, -15.51998013 ], [ -54.51589883, -15.5183316 ], [ -54.5136634, -15.51719055 ], [ -54.51142796, -15.5160495 ], [ -54.51133702, -15.51630069 ], [ -54.51102679, -15.51699364 ], [ -54.51084003, -15.51729762 ], [ -54.51058686, -15.51758431 ], [ -54.51040316, -15.51783516 ], [ -54.5100709, -15.51825854 ], [ -54.50987004, -15.51854315 ], [ -54.50968329, -15.51876095 ], [ -54.50974142, -15.51909179 ], [ -54.50897608, -15.52091139 ], [ -54.50879456, -15.52159126 ], [ -54.5085903, -15.52202333 ], [ -54.50863009, -15.5223971 ], [ -54.5086162, -15.52269001 ], [ -54.50833463, -15.52324405 ], [ -54.50808146, -15.52423579 ], [ -54.50776532, -15.52501694 ], [ -54.50733464, -15.52623605 ], [ -54.50634697, -15.52886369 ], [ -54.50626468, -15.5293173 ], [ -54.50608531, -15.52985692 ], [ -54.50570042, -15.53034469 ], [ -54.50540115, -15.53090766 ], [ -54.50791122, -15.53144097 ], [ -54.51042128, -15.53197429 ], [ -54.51479891, -15.53290408 ], [ -54.51917654, -15.53383386 ], [ -54.52355417, -15.53476365 ], [ -54.5279318, -15.53569344 ], [ -54.53230943, -15.53662323 ], [ -54.53668705, -15.53755302 ], [ -54.53839924, -15.53412067 ], [ -54.54011143, -15.53068832 ], [ -54.53653665, -15.52886412 ], [ -54.53296186, -15.52703991 ], [ -54.52938707, -15.5252157 ] ] ] } },
{ "type": "Feature", "properties": { }, "geometry": { "type": "Polygon", "coordinates": [ [ [ -54.40514343, -15.49717396 ], [ -54.40262341, -15.49893601 ], [ -54.39975224, -15.49966443 ], [ -54.39839298, -15.5011486 ], [ -54.39771525, -15.50122543 ], [ -54.39897488, -15.50294493 ], [ -54.40041976, -15.5045341 ], [ -54.40210824, -15.50647587 ], [ -54.40387397, -15.50815 ], [ -54.40587457, -15.51002686 ], [ -54.40765629, -15.51158174 ], [ -54.40917465, -15.51315348 ], [ -54.41109675, -15.51407137 ], [ -54.41258173, -15.51593329 ], [ -54.4142154, -15.51782684 ], [ -54.41575661, -15.51956096 ], [ -54.41722506, -15.52157432 ], [ -54.41809355, -15.52324256 ], [ -54.41914193, -15.52571431 ], [ -54.41963725, -15.52772504 ], [ -54.42005257, -15.52976366 ], [ -54.42175647, -15.52986632 ], [ -54.42484174, -15.53005209 ], [ -54.427927, -15.53023785 ], [ -54.43101227, -15.53042362 ], [ -54.4319073, -15.52646496 ], [ -54.43280234, -15.5225063 ], [ -54.43369738, -15.51854764 ], [ -54.43459241, -15.51458899 ], [ -54.43344278, -15.51315736 ], [ -54.4313599, -15.51102366 ], [ -54.42919087, -15.5086279 ], [ -54.42818288, -15.50588252 ], [ -54.42646361, -15.50388572 ], [ -54.42495686, -15.50161733 ], [ -54.42283784, -15.50073883 ], [ -54.42011317, -15.49979001 ], [ -54.41690489, -15.49865187 ], [ -54.41415765, -15.49766514 ], [ -54.41116158, -15.49727317 ], [ -54.40803284, -15.49728004 ], [ -54.40514343, -15.49717396 ] ] ] } },
{ "type": "Feature", "properties": { }, "geometry": { "type": "Polygon", "coordinates": [ [ [ -54.51142796, -15.5160495 ], [ -54.51366689, -15.51719233 ], [ -54.51590582, -15.51833516 ], [ -54.51936377, -15.5200999 ], [ -54.52282171, -15.52186464 ], [ -54.52627966, -15.52362938 ], [ -54.5297376, -15.52539411 ], [ -54.53319555, -15.52715885 ], [ -54.53665349, -15.52892359 ], [ -54.54011143, -15.53068832 ], [ -54.54162398, -15.52765589 ], [ -54.54313653, -15.52462345 ], [ -54.54464907, -15.52159101 ], [ -54.54114564, -15.51944683 ], [ -54.53764221, -15.51730265 ], [ -54.53413878, -15.51515848 ], [ -54.53063535, -15.5130143 ], [ -54.52713191, -15.51087012 ], [ -54.52362848, -15.50872595 ], [ -54.52012505, -15.50658177 ], [ -54.51789109, -15.50521431 ], [ -54.51778036, -15.5053613 ], [ -54.51735752, -15.50618346 ], [ -54.51687327, -15.50678752 ], [ -54.51684205, -15.50704497 ], [ -54.5171468, -15.50742835 ], [ -54.51657101, -15.50829939 ], [ -54.51682443, -15.50841747 ], [ -54.51672398, -15.5087411 ], [ -54.51625039, -15.50900739 ], [ -54.51642761, -15.50924203 ], [ -54.5162565, -15.50940671 ], [ -54.5159345, -15.50948824 ], [ -54.51572191, -15.5096533 ], [ -54.51594138, -15.5099947 ], [ -54.51538602, -15.51056428 ], [ -54.51565008, -15.51085823 ], [ -54.51542156, -15.51132214 ], [ -54.5150342, -15.51158243 ], [ -54.51480432, -15.51188344 ], [ -54.51482861, -15.51208877 ], [ -54.51452862, -15.51256563 ], [ -54.51464704, -15.51282468 ], [ -54.51445593, -15.51307366 ], [ -54.51422199, -15.51354596 ], [ -54.51402483, -15.5137214 ], [ -54.51321034, -15.51440505 ], [ -54.51280216, -15.51490729 ], [ -54.51268619, -15.51516537 ], [ -54.51263042, -15.51561807 ], [ -54.51161908, -15.51572481 ], [ -54.51148097, -15.51590308 ], [ -54.51142796, -15.5160495 ] ] ] } },
{ "type": "Feature", "properties": { }, "geometry": { "type": "Polygon", "coordinates": [ [ [ -53.9724385, -15.15367715 ], [ -53.97130292, -15.15695905 ], [ -53.97016735, -15.16024094 ], [ -53.96903177, -15.16352283 ], [ -53.96789619, -15.16680472 ], [ -53.9679025, -15.16786261 ], [ -53.96735572, -15.16840166 ], [ -53.96639431, -15.16825089 ], [ -53.96617948, -15.16842729 ], [ -53.96636434, -15.16869243 ], [ -53.96672344, -15.16868984 ], [ -53.96688488, -15.1688443 ], [ -53.967577, -15.16968537 ], [ -53.96818177, -15.16974084 ], [ -53.96816781, -15.16948539 ], [ -53.96852394, -15.16949738 ], [ -53.96945986, -15.16915816 ], [ -53.96965323, -15.16950123 ], [ -53.97006516, -15.16963188 ], [ -53.97027622, -15.16946366 ], [ -53.97048416, -15.16852078 ], [ -53.97109115, -15.16754602 ], [ -53.97143328, -15.16769561 ], [ -53.97193729, -15.16840436 ], [ -53.97248629, -15.16843049 ], [ -53.9726608, -15.16854253 ], [ -53.97307408, -15.16914209 ], [ -53.97355999, -15.16925527 ], [ -53.97386482, -15.16912814 ], [ -53.97471693, -15.16837146 ], [ -53.97550962, -15.16825573 ], [ -53.97619395, -15.16787425 ], [ -53.97686841, -15.16840169 ], [ -53.97680512, -15.16898476 ], [ -53.97690732, -15.16928573 ], [ -53.97713243, -15.16957573 ], [ -53.97741284, -15.16973746 ], [ -53.97762802, -15.16974535 ], [ -53.97785272, -15.16979989 ], [ -53.97810107, -15.16975464 ], [ -53.97820203, -15.16961572 ], [ -53.97824456, -15.1694497 ], [ -53.97821994, -15.1690907 ], [ -53.97854662, -15.16885659 ], [ -53.97922639, -15.16888124 ], [ -53.97967549, -15.16890662 ], [ -53.98047071, -15.16888648 ], [ -53.9805351, -15.16903303 ], [ -53.98062673, -15.16947237 ], [ -53.98060882, -15.16985766 ], [ -53.98082711, -15.16987092 ], [ -53.98118707, -15.16987639 ], [ -53.98141734, -15.16980778 ], [ -53.98221636, -15.16920106 ], [ -53.98270518, -15.16869921 ], [ -53.98318783, -15.16872752 ], [ -53.98359128, -15.16906386 ], [ -53.9837649, -15.16901714 ], [ -53.98382001, -15.16883289 ], [ -53.98410094, -15.16880511 ], [ -53.98438424, -15.16875319 ], [ -53.98462245, -15.1686244 ], [ -53.98469558, -15.16849077 ], [ -53.98499285, -15.16840698 ], [ -53.98519304, -15.16855306 ], [ -53.98531068, -15.16885543 ], [ -53.98557588, -15.16890156 ], [ -53.98605235, -15.16903763 ], [ -53.98631967, -15.16919675 ], [ -53.98687874, -15.16935284 ], [ -53.98765206, -15.16977232 ], [ -53.98836894, -15.16995488 ], [ -53.98913375, -15.17008311 ], [ -53.98979637, -15.16868056 ], [ -53.98626387, -15.16702369 ], [ -53.98273137, -15.16536683 ], [ -53.97929861, -15.16477901 ], [ -53.97586584, -15.16419118 ], [ -53.9747234, -15.16068651 ], [ -53.97358095, -15.15718183 ], [ -53.9724385, -15.15367715 ] ] ] } },
{ "type": "Feature", "properties": { }, "geometry": { "type": "Polygon", "coordinates": [ [ [ -53.97704322, -15.20863245 ], [ -53.97630777, -15.20813972 ], [ -53.97617927, -15.20805363 ], [ -53.97309854, -15.20598963 ], [ -53.97001781, -15.20392562 ], [ -53.96693708, -15.20186162 ], [ -53.96385635, -15.19979762 ], [ -53.96077562, -15.19773361 ], [ -53.95869031, -15.19972842 ], [ -53.956605, -15.20172322 ], [ -53.95374308, -15.20446383 ], [ -53.95088116, -15.20720445 ], [ -53.94770544, -15.21023582 ], [ -53.94442969, -15.21313635 ], [ -53.94347825, -15.21397115 ], [ -53.94362023, -15.21419615 ], [ -53.94340903, -15.21504699 ], [ -53.94385602, -15.21609826 ], [ -53.9460777, -15.2159511 ], [ -53.9464267, -15.21687723 ], [ -53.94615609, -15.21782882 ], [ -53.94520358, -15.21862816 ], [ -53.94447753, -15.21893199 ], [ -53.94426961, -15.21905527 ], [ -53.94423912, -15.21947759 ], [ -53.94422508, -15.22066196 ], [ -53.9425464, -15.22181886 ], [ -53.94222615, -15.22234548 ], [ -53.94199633, -15.22327613 ], [ -53.94211083, -15.2233969 ], [ -53.94283451, -15.22308796 ], [ -53.94381482, -15.22343697 ], [ -53.94397913, -15.22358788 ], [ -53.94464584, -15.22397116 ], [ -53.94517653, -15.22439181 ], [ -53.94522806, -15.22465257 ], [ -53.94569986, -15.22554601 ], [ -53.94566211, -15.22618191 ], [ -53.94505465, -15.22638043 ], [ -53.94390881, -15.2263429 ], [ -53.9436014, -15.22624813 ], [ -53.94301676, -15.22464328 ], [ -53.94278121, -15.22453276 ], [ -53.94256519, -15.2245886 ], [ -53.94200233, -15.22577511 ], [ -53.94293423, -15.22609306 ], [ -53.94318854, -15.22741878 ], [ -53.94285788, -15.22862194 ], [ -53.94309618, -15.22984617 ], [ -53.94406341, -15.23033478 ], [ -53.94531313, -15.2311791 ], [ -53.94499145, -15.23187688 ], [ -53.94405483, -15.23326057 ], [ -53.94413733, -15.23406945 ], [ -53.94429956, -15.23456509 ], [ -53.94482709, -15.2347694 ], [ -53.9459971, -15.23468306 ], [ -53.94629896, -15.23417121 ], [ -53.94674527, -15.23301881 ], [ -53.94756046, -15.23326864 ], [ -53.94816374, -15.2331891 ], [ -53.94912478, -15.2333989 ], [ -53.94943617, -15.23374538 ], [ -53.95024656, -15.23477072 ], [ -53.95040091, -15.23529391 ], [ -53.95120171, -15.23508443 ], [ -53.95176577, -15.23445381 ], [ -53.95203083, -15.23373898 ], [ -53.95237231, -15.23316818 ], [ -53.95305918, -15.23292759 ], [ -53.95463033, -15.23366042 ], [ -53.95523388, -15.23334092 ], [ -53.95547369, -15.23012052 ], [ -53.95620403, -15.2295165 ], [ -53.95749143, -15.22960069 ], [ -53.95883183, -15.23000294 ], [ -53.95936817, -15.22969407 ], [ -53.95947077, -15.22924877 ], [ -53.95828782, -15.22799376 ], [ -53.95958625, -15.2262407 ], [ -53.96030932, -15.22605633 ], [ -53.96059977, -15.22598224 ], [ -53.96203247, -15.2257774 ], [ -53.96369503, -15.22603369 ], [ -53.96412279, -15.22586902 ], [ -53.9642859, -15.22492443 ], [ -53.96636461, -15.22426159 ], [ -53.96690718, -15.22287925 ], [ -53.96895939, -15.22320756 ], [ -53.96916586, -15.22323391 ], [ -53.96974906, -15.22244858 ], [ -53.96964851, -15.22220961 ], [ -53.96979775, -15.22180298 ], [ -53.97009192, -15.22133194 ], [ -53.9713765, -15.22006585 ], [ -53.97153737, -15.21873858 ], [ -53.97302819, -15.21747201 ], [ -53.97452226, -15.21759644 ], [ -53.97765948, -15.21838026 ], [ -53.97916711, -15.21839133 ], [ -53.9810548, -15.21783041 ], [ -53.9851527, -15.21661278 ], [ -53.98603376, -15.21669562 ], [ -53.98827744, -15.21671707 ], [ -53.98917702, -15.21635291 ], [ -53.99128374, -15.21685757 ], [ -53.99300819, -15.21648458 ], [ -53.99392085, -15.21654692 ], [ -53.99484934, -15.2169065 ], [ -53.99623125, -15.21661788 ], [ -53.99656245, -15.21540376 ], [ -53.99705828, -15.21491393 ], [ -53.99798631, -15.21449247 ], [ -53.99988799, -15.2149139 ], [ -54.00180845, -15.21555821 ], [ -54.00267044, -15.21568106 ], [ -54.00275519, -15.21666747 ], [ -54.0030884, -15.2176307 ], [ -54.00349061, -15.21803539 ], [ -54.00413774, -15.21814286 ], [ -54.00533361, -15.21871076 ], [ -54.00610144, -15.21852846 ], [ -54.00635526, -15.21826788 ], [ -54.0038789, -15.21551633 ], [ -54.00140253, -15.21276478 ], [ -53.99874373, -15.20981035 ], [ -53.99582469, -15.21163618 ], [ -53.99290566, -15.21346201 ], [ -53.98998662, -15.21528784 ], [ -53.98582383, -15.2149098 ], [ -53.98166104, -15.21453177 ], [ -53.98152292, -15.21307681 ], [ -53.98091892, -15.20931254 ], [ -53.98191314, -15.20679986 ], [ -53.98290736, -15.20428718 ], [ -53.98331804, -15.20371995 ], [ -53.98393363, -15.20108753 ], [ -53.98260795, -15.20244605 ], [ -53.98268644, -15.20284949 ], [ -53.98059727, -15.20555897 ], [ -53.97994507, -15.20513524 ], [ -53.97849415, -15.20688385 ], [ -53.97704322, -15.20863245 ] ] ] } },
{ "type": "Feature", "properties": { }, "geometry": { "type": "Polygon", "coordinates": [ [ [ -54.44067286, -15.16030201 ], [ -54.43980224, -15.16289696 ], [ -54.43893163, -15.16549191 ], [ -54.43804606, -15.16813139 ], [ -54.44237908, -15.16868974 ], [ -54.44671209, -15.1692481 ], [ -54.45104511, -15.16980645 ], [ -54.45537813, -15.17036481 ], [ -54.45971115, -15.17092317 ], [ -54.46404417, -15.17148152 ], [ -54.46503164, -15.16729409 ], [ -54.46601912, -15.16310666 ], [ -54.46179474, -15.16263922 ], [ -54.45757037, -15.16217178 ], [ -54.45334599, -15.16170434 ], [ -54.44912161, -15.1612369 ], [ -54.44489724, -15.16076945 ], [ -54.44067286, -15.16030201 ] ] ] } },
{ "type": "Feature", "properties": { }, "geometry": { "type": "Polygon", "coordinates": [ [ [ -54.53152307, -15.19278747 ], [ -54.53043642, -15.20609083 ], [ -54.53016973, -15.20935537 ], [ -54.52991265, -15.21250197 ], [ -54.52814522, -15.23441248 ], [ -54.52809778, -15.23501149 ], [ -54.52808685, -15.23514949 ], [ -54.52805901, -15.23550108 ], [ -54.52805649, -15.23553292 ], [ -54.52776821, -15.23917319 ], [ -54.52769876, -15.2400501 ], [ -54.52766436, -15.2404844 ], [ -54.52726016, -15.24558775 ], [ -54.52724196, -15.24581213 ], [ -54.52675836, -15.25184113 ], [ -54.52626402, -15.25812579 ], [ -54.53370757, -15.25851633 ], [ -54.54041917, -15.25886825 ], [ -54.55082122, -15.25941328 ], [ -54.55263935, -15.25023792 ], [ -54.55267626, -15.2500626 ], [ -54.55276686, -15.25007791 ], [ -54.55573442, -15.23512239 ], [ -54.55884178, -15.21947265 ], [ -54.56335426, -15.19674071 ], [ -54.56464599, -15.19022263 ], [ -54.56464501, -15.19022271 ], [ -54.56383346, -15.19028561 ], [ -54.55778505, -15.19075431 ], [ -54.55705161, -15.19081114 ], [ -54.55627921, -15.19087098 ], [ -54.55565387, -15.19091942 ], [ -54.55334104, -15.19109858 ], [ -54.54891901, -15.19144106 ], [ -54.54648379, -15.19162962 ], [ -54.54561417, -15.19169695 ], [ -54.53152835, -15.19278707 ], [ -54.53152307, -15.19278747 ] ] ] } },
{ "type": "Feature", "properties": { }, "geometry": { "type": "Polygon", "coordinates": [ [ [ -53.98003257, -15.18817758 ], [ -53.98229983, -15.19081931 ], [ -53.9845671, -15.19346105 ], [ -53.98683436, -15.19610278 ], [ -53.9876017, -15.19700489 ], [ -53.98906314, -15.19428119 ], [ -53.99052458, -15.19155748 ], [ -53.991999, -15.18765009 ], [ -53.98801019, -15.18782592 ], [ -53.98402138, -15.18800175 ], [ -53.98003257, -15.18817758 ] ] ] } },
{ "type": "Feature", "properties": { }, "geometry": { "type": "Polygon", "coordinates": [ [ [ -53.97584611, -15.18331917 ], [ -53.97323083, -15.18582042 ], [ -53.97061556, -15.18832167 ], [ -53.96838473, -15.19045528 ], [ -53.96615389, -15.19258889 ], [ -53.96392306, -15.1947225 ], [ -53.9672579, -15.19688979 ], [ -53.97059274, -15.19905709 ], [ -53.97392758, -15.20122438 ], [ -53.97726243, -15.20339167 ], [ -53.98059727, -15.20555897 ], [ -53.98268644, -15.20284949 ], [ -53.98260795, -15.20244605 ], [ -53.98393363, -15.20108753 ], [ -53.98568555, -15.19959421 ], [ -53.98755674, -15.19701809 ], [ -53.98683489, -15.1961034 ], [ -53.98456745, -15.19346146 ], [ -53.98230001, -15.19081952 ], [ -53.98003257, -15.18817758 ], [ -53.97793934, -15.18574837 ], [ -53.97584611, -15.18331917 ] ] ] } },
{ "type": "Feature", "properties": { }, "geometry": { "type": "Polygon", "coordinates": [ [ [ -54.43275341, -15.18390561 ], [ -54.43143388, -15.18783814 ], [ -54.43011434, -15.19177066 ], [ -54.43415528, -15.19228668 ], [ -54.43819622, -15.19280271 ], [ -54.44223716, -15.19331873 ], [ -54.4462781, -15.19383476 ], [ -54.45031904, -15.19435078 ], [ -54.45435997, -15.19486681 ], [ -54.45840091, -15.19538283 ], [ -54.45840717, -15.19538363 ], [ -54.45934797, -15.19139458 ], [ -54.46028877, -15.18740553 ], [ -54.45635515, -15.18690554 ], [ -54.45242153, -15.18640555 ], [ -54.4484879, -15.18590556 ], [ -54.44455428, -15.18540558 ], [ -54.44062066, -15.18490559 ], [ -54.43668703, -15.1844056 ], [ -54.43275341, -15.18390561 ] ] ] } },
{ "type": "Feature", "properties": { }, "geometry": { "type": "Polygon", "coordinates": [ [ [ -54.31500944, -15.1593875 ], [ -54.31490472, -15.15964 ], [ -54.31495056, -15.16029139 ], [ -54.31475444, -15.16030139 ], [ -54.31426, -15.15986972 ], [ -54.31377694, -15.16011472 ], [ -54.31365806, -15.16009139 ], [ -54.31362111, -15.159635 ], [ -54.31244324, -15.16374093 ], [ -54.31126537, -15.16784685 ], [ -54.3100875, -15.17195278 ], [ -54.30890963, -15.17605871 ], [ -54.30773176, -15.18016463 ], [ -54.30655389, -15.18427056 ], [ -54.30580769, -15.18720306 ], [ -54.30506148, -15.19013556 ], [ -54.30431528, -15.19306806 ], [ -54.30834583, -15.1937275 ], [ -54.31093264, -15.19415042 ], [ -54.31351944, -15.19457333 ], [ -54.31412829, -15.19062708 ], [ -54.31473715, -15.18668083 ], [ -54.315346, -15.18273458 ], [ -54.31595486, -15.17878833 ], [ -54.31656371, -15.17484208 ], [ -54.31717257, -15.17089583 ], [ -54.31778142, -15.16694958 ], [ -54.31839028, -15.16300333 ], [ -54.31802056, -15.16285056 ], [ -54.31820111, -15.16244222 ], [ -54.31789167, -15.162355 ], [ -54.31754639, -15.1624575 ], [ -54.31719333, -15.16202778 ], [ -54.31686694, -15.1618375 ], [ -54.31685778, -15.16114111 ], [ -54.31667667, -15.16112833 ], [ -54.316445, -15.16134444 ], [ -54.31618417, -15.16131861 ], [ -54.31570806, -15.16102833 ], [ -54.31569889, -15.16081611 ], [ -54.31609778, -15.16046889 ], [ -54.31589361, -15.16000611 ], [ -54.31500944, -15.1593875 ] ] ] } },
{ "type": "Feature", "properties": { }, "geometry": { "type": "Polygon", "coordinates": [ [ [ -54.33081944, -15.16735333 ], [ -54.33026583, -15.16835333 ], [ -54.33008472, -15.16842861 ], [ -54.32937306, -15.16795333 ], [ -54.32849667, -15.16786028 ], [ -54.3283, -15.16795194 ], [ -54.3275875, -15.16771972 ], [ -54.32688492, -15.17177039 ], [ -54.32618234, -15.17582107 ], [ -54.32547976, -15.17987174 ], [ -54.32477718, -15.18392242 ], [ -54.3240746, -15.18797309 ], [ -54.32337202, -15.19202377 ], [ -54.32266944, -15.19607444 ], [ -54.32305611, -15.19613861 ], [ -54.32736889, -15.19685111 ], [ -54.32962611, -15.19722389 ], [ -54.33123306, -15.19748667 ], [ -54.33195861, -15.19760778 ], [ -54.33268274, -15.19342699 ], [ -54.33340686, -15.18924619 ], [ -54.33413099, -15.1850654 ], [ -54.33485512, -15.1808846 ], [ -54.33557925, -15.17670381 ], [ -54.33630337, -15.17252301 ], [ -54.3370275, -15.16834222 ], [ -54.3364275, -15.167945 ], [ -54.3358375, -15.16801472 ], [ -54.33537167, -15.16843139 ], [ -54.33510972, -15.16852333 ], [ -54.33464194, -15.16835333 ], [ -54.33508222, -15.16870667 ], [ -54.3351575, -15.16886861 ], [ -54.3348525, -15.16896694 ], [ -54.33386611, -15.16793611 ], [ -54.33372056, -15.16824889 ], [ -54.33403083, -15.16881833 ], [ -54.33389694, -15.168965 ], [ -54.33330667, -15.16916972 ], [ -54.33330667, -15.16800667 ], [ -54.33288806, -15.16809528 ], [ -54.3329275, -15.16895611 ], [ -54.33248528, -15.16881611 ], [ -54.33192694, -15.16903 ], [ -54.33157556, -15.16885833 ], [ -54.33145917, -15.16805222 ], [ -54.33081944, -15.16735333 ] ] ] } },
{ "type": "Feature", "properties": { }, "geometry": { "type": "Polygon", "coordinates": [ [ [ -54.40507002, -15.16701254 ], [ -54.40367782, -15.17107453 ], [ -54.40804014, -15.17164036 ], [ -54.41240246, -15.17220618 ], [ -54.4162798, -15.1727091 ], [ -54.42015713, -15.17321201 ], [ -54.42403446, -15.17371492 ], [ -54.4279118, -15.17421784 ], [ -54.43178913, -15.17472075 ], [ -54.43566647, -15.17522367 ], [ -54.43648556, -15.17278242 ], [ -54.43730464, -15.17034118 ], [ -54.43327531, -15.1699251 ], [ -54.42924599, -15.16950902 ], [ -54.42521666, -15.16909294 ], [ -54.42118733, -15.16867686 ], [ -54.417158, -15.16826078 ], [ -54.41312867, -15.1678447 ], [ -54.40909935, -15.16742862 ], [ -54.40507002, -15.16701254 ] ] ] } },
{ "type": "Feature", "properties": { }, "geometry": { "type": "Polygon", "coordinates": [ [ [ -53.97643279, -15.14421851 ], [ -53.9753256, -15.14684223 ], [ -53.97421841, -15.14946595 ], [ -53.97755391, -15.15039362 ], [ -53.98088941, -15.15132129 ], [ -53.98422491, -15.15224895 ], [ -53.9875604, -15.15317662 ], [ -53.98595073, -15.15724003 ], [ -53.98434105, -15.16130343 ], [ -53.98273137, -15.16536683 ], [ -53.98626387, -15.16702369 ], [ -53.98979637, -15.16868056 ], [ -53.99100102, -15.16612175 ], [ -53.99235823, -15.16319789 ], [ -53.99371545, -15.16027404 ], [ -53.99507266, -15.15735018 ], [ -53.99196602, -15.15516157 ], [ -53.98885937, -15.15297296 ], [ -53.98575273, -15.15078434 ], [ -53.98264608, -15.14859573 ], [ -53.97953944, -15.14640712 ], [ -53.97643279, -15.14421851 ] ] ] } },
{ "type": "Feature", "properties": { }, "geometry": { "type": "Polygon", "coordinates": [ [ [ -54.31839028, -15.16300333 ], [ -54.31778142, -15.16694958 ], [ -54.31717257, -15.17089583 ], [ -54.31656371, -15.17484208 ], [ -54.31595486, -15.17878833 ], [ -54.315346, -15.18273458 ], [ -54.31473715, -15.18668083 ], [ -54.31412829, -15.19062708 ], [ -54.31351944, -15.19457333 ], [ -54.3164325, -15.19504944 ], [ -54.31832278, -15.19535861 ], [ -54.32158056, -15.19589306 ], [ -54.32266944, -15.19607444 ], [ -54.32337202, -15.19202377 ], [ -54.3240746, -15.18797309 ], [ -54.32477718, -15.18392242 ], [ -54.32547976, -15.17987174 ], [ -54.32618234, -15.17582107 ], [ -54.32688492, -15.17177039 ], [ -54.3275875, -15.16771972 ], [ -54.32731444, -15.16763056 ], [ -54.32745778, -15.16707278 ], [ -54.32691444, -15.16752417 ], [ -54.32609111, -15.16735111 ], [ -54.32531917, -15.16688639 ], [ -54.32524667, -15.16750972 ], [ -54.32453028, -15.1669475 ], [ -54.32446833, -15.16667667 ], [ -54.32486806, -15.16604639 ], [ -54.32394222, -15.16580778 ], [ -54.32397778, -15.16661167 ], [ -54.32374528, -15.16660306 ], [ -54.32297861, -15.16626111 ], [ -54.32281472, -15.16669417 ], [ -54.32262472, -15.16666639 ], [ -54.32237028, -15.16593556 ], [ -54.32201944, -15.16582556 ], [ -54.32154694, -15.16591667 ], [ -54.32131556, -15.16579194 ], [ -54.32131333, -15.16559222 ], [ -54.32147694, -15.1650525 ], [ -54.32093361, -15.1652575 ], [ -54.32075806, -15.1651775 ], [ -54.32086889, -15.16474972 ], [ -54.320545, -15.16450167 ], [ -54.32009667, -15.16487778 ], [ -54.31995694, -15.16479528 ], [ -54.31971389, -15.16423028 ], [ -54.31930611, -15.16377917 ], [ -54.31949944, -15.16322444 ], [ -54.31884111, -15.16318917 ], [ -54.31839028, -15.16300333 ] ] ] } },
{ "type": "Feature", "properties": { }, "geometry": { "type": "Polygon", "coordinates": [ [ [ -54.00404751, -15.18712058 ], [ -54.00244629, -15.19061043 ], [ -54.00084507, -15.19410028 ], [ -53.99924385, -15.19759013 ], [ -54.00335469, -15.1976449 ], [ -54.00746553, -15.19769968 ], [ -54.01157638, -15.19775446 ], [ -54.01568722, -15.19780923 ], [ -54.01612564, -15.19444291 ], [ -54.01656407, -15.19107659 ], [ -54.01700249, -15.18771028 ], [ -54.01268417, -15.18751371 ], [ -54.00836584, -15.18731714 ], [ -54.00404751, -15.18712058 ] ] ] } },
{ "type": "Feature", "properties": { }, "geometry": { "type": "Polygon", "coordinates": [ [ [ -54.45344998, -15.27510211 ], [ -54.4496538, -15.27566553 ], [ -54.44585763, -15.27622894 ], [ -54.44206145, -15.27679236 ], [ -54.43826527, -15.27735578 ], [ -54.4356267, -15.27926163 ], [ -54.4333766, -15.2797246 ], [ -54.43112649, -15.28018757 ], [ -54.42816088, -15.28079771 ], [ -54.42406644, -15.27947767 ], [ -54.41997199, -15.27815762 ], [ -54.41587755, -15.27683758 ], [ -54.4117831, -15.27551753 ], [ -54.40768866, -15.27419749 ], [ -54.40359421, -15.27287745 ], [ -54.39949977, -15.2715574 ], [ -54.39587325, -15.27038192 ], [ -54.39204249, -15.27171744 ], [ -54.38821172, -15.27305296 ], [ -54.38438096, -15.27438848 ], [ -54.38055019, -15.275724 ], [ -54.37671943, -15.27705952 ], [ -54.37645025, -15.28013094 ], [ -54.37618106, -15.28320236 ], [ -54.37591188, -15.28627378 ], [ -54.3798864, -15.28656888 ], [ -54.38386091, -15.28686398 ], [ -54.38783543, -15.28715908 ], [ -54.39180994, -15.28745419 ], [ -54.39578446, -15.28774929 ], [ -54.39975897, -15.28804439 ], [ -54.40373349, -15.28833949 ], [ -54.40770801, -15.28863459 ], [ -54.41143225, -15.28891088 ], [ -54.4151565, -15.28918716 ], [ -54.41888074, -15.28946345 ], [ -54.42260499, -15.28973973 ], [ -54.42632924, -15.29001601 ], [ -54.43047622, -15.29031916 ], [ -54.4346232, -15.29062231 ], [ -54.43877018, -15.29092546 ], [ -54.44291716, -15.2912286 ], [ -54.44706414, -15.29153175 ], [ -54.45061954, -15.29178941 ], [ -54.45417495, -15.29204708 ], [ -54.45773035, -15.29230474 ], [ -54.45666026, -15.28800408 ], [ -54.45559017, -15.28370342 ], [ -54.45452007, -15.27940277 ], [ -54.45344998, -15.27510211 ] ] ] } },
{ "type": "Feature", "properties": { }, "geometry": { "type": "Polygon", "coordinates": [ [ [ -54.35507639, -15.16366083 ], [ -54.35436639, -15.16406472 ], [ -54.35348056, -15.16483333 ], [ -54.35381056, -15.16499917 ], [ -54.35406194, -15.16505333 ], [ -54.35392194, -15.16541944 ], [ -54.35373222, -15.16581111 ], [ -54.35257972, -15.16532806 ], [ -54.35212444, -15.16616917 ], [ -54.35167722, -15.16599444 ], [ -54.35149111, -15.16531639 ], [ -54.35111639, -15.16536639 ], [ -54.35082167, -15.16540556 ], [ -54.35094944, -15.1660125 ], [ -54.35049806, -15.16640361 ], [ -54.35019806, -15.16645917 ], [ -54.34991778, -15.16663306 ], [ -54.35064972, -15.16681111 ], [ -54.35086083, -15.16704833 ], [ -54.35012583, -15.16764611 ], [ -54.34927278, -15.16732667 ], [ -54.34931861, -15.1671225 ], [ -54.34903167, -15.16690139 ], [ -54.34864722, -15.16734444 ], [ -54.34717389, -15.16680056 ], [ -54.34667611, -15.16708778 ], [ -54.34595694, -15.16683944 ], [ -54.34636, -15.16624 ], [ -54.34589056, -15.16635139 ], [ -54.34562667, -15.16641389 ], [ -54.34532694, -15.1668425 ], [ -54.34459583, -15.16708639 ], [ -54.34305444, -15.16694694 ], [ -54.34311167, -15.16629222 ], [ -54.3421525, -15.16757833 ], [ -54.34180417, -15.16712083 ], [ -54.34152917, -15.16760889 ], [ -54.34044194, -15.16772306 ], [ -54.33991, -15.16799222 ], [ -54.33919167, -15.1671275 ], [ -54.33897861, -15.16779417 ], [ -54.33873667, -15.16775944 ], [ -54.33859056, -15.16689667 ], [ -54.33829222, -15.16732028 ], [ -54.33855639, -15.16789389 ], [ -54.3382025, -15.16812889 ], [ -54.33767556, -15.1675725 ], [ -54.3369775, -15.16764472 ], [ -54.33727306, -15.16829194 ], [ -54.33708889, -15.16838278 ], [ -54.3370275, -15.16834222 ], [ -54.33630337, -15.17252301 ], [ -54.33557925, -15.17670381 ], [ -54.33485512, -15.1808846 ], [ -54.33413099, -15.1850654 ], [ -54.33340686, -15.18924619 ], [ -54.33268274, -15.19342699 ], [ -54.33195861, -15.19760778 ], [ -54.33282611, -15.1977525 ], [ -54.33476361, -15.19807139 ], [ -54.33794764, -15.19859056 ], [ -54.34113167, -15.19910972 ], [ -54.34220972, -15.19928556 ], [ -54.34649444, -15.19998528 ], [ -54.34831778, -15.2002825 ], [ -54.35029194, -15.20060389 ], [ -54.35127444, -15.20076361 ], [ -54.35530916, -15.20141875 ], [ -54.35934389, -15.20207389 ], [ -54.35906747, -15.19789559 ], [ -54.35879105, -15.19371729 ], [ -54.35851463, -15.18953898 ], [ -54.35823821, -15.18536068 ], [ -54.35796179, -15.18118238 ], [ -54.35768537, -15.17700408 ], [ -54.35740895, -15.17282577 ], [ -54.35713253, -15.16864747 ], [ -54.35685611, -15.16446917 ], [ -54.35507639, -15.16366083 ] ] ] } },
{ "type": "Feature", "properties": { }, "geometry": { "type": "Polygon", "coordinates": [ [ [ -54.02987455, -15.23538769 ], [ -54.02994016, -15.23487696 ], [ -54.03037189, -15.23151604 ], [ -54.03080362, -15.22815513 ], [ -54.03123536, -15.22479421 ], [ -54.03166709, -15.22143329 ], [ -54.032116, -15.2180656 ], [ -54.02786772, -15.21800195 ], [ -54.02361944, -15.21793829 ], [ -54.02302344, -15.22142509 ], [ -54.02242745, -15.2249119 ], [ -54.02183146, -15.2283987 ], [ -54.02123546, -15.23188551 ], [ -54.02228198, -15.23239516 ], [ -54.02308373, -15.23270459 ], [ -54.02484415, -15.23321552 ], [ -54.02569426, -15.23361806 ], [ -54.02678956, -15.23341703 ], [ -54.02754738, -15.2331875 ], [ -54.0284514, -15.23332973 ], [ -54.02906955, -15.23379333 ], [ -54.02987455, -15.23538769 ] ] ] } },
{ "type": "Feature", "properties": { }, "geometry": { "type": "Polygon", "coordinates": [ [ [ -54.39415833, -15.15540333 ], [ -54.39364444, -15.15905458 ], [ -54.39313055, -15.16270583 ], [ -54.39261667, -15.16635708 ], [ -54.39210278, -15.17000833 ], [ -54.39148076, -15.17442687 ], [ -54.39085875, -15.17884541 ], [ -54.39023673, -15.18326396 ], [ -54.38961472, -15.1876825 ], [ -54.38583305, -15.18719222 ], [ -54.38205139, -15.18670194 ], [ -54.38133611, -15.19009231 ], [ -54.38062084, -15.19348269 ], [ -54.37990556, -15.19687306 ], [ -54.37905625, -15.20089847 ], [ -54.37820694, -15.20492389 ], [ -54.38022194, -15.20522806 ], [ -54.38320528, -15.20567833 ], [ -54.38729305, -15.20627236 ], [ -54.39138083, -15.20686639 ], [ -54.39278948, -15.20276677 ], [ -54.39419813, -15.19866716 ], [ -54.39560679, -15.19456754 ], [ -54.39701544, -15.19046792 ], [ -54.39842409, -15.18636831 ], [ -54.39983274, -15.18226869 ], [ -54.40088741, -15.17919904 ], [ -54.40194208, -15.17612938 ], [ -54.40299674, -15.17305973 ], [ -54.40435857, -15.16908631 ], [ -54.40572039, -15.16511289 ], [ -54.40708221, -15.16113947 ], [ -54.40844404, -15.15716606 ], [ -54.40853139, -15.15691111 ], [ -54.40457778, -15.15649639 ], [ -54.40062417, -15.15608166 ], [ -54.39667056, -15.15566694 ], [ -54.39415833, -15.15540333 ] ] ] } },
{ "type": "Feature", "properties": { }, "geometry": { "type": "Polygon", "coordinates": [ [ [ -53.95842105, -15.19998588 ], [ -53.95483461, -15.19948539 ], [ -53.95124816, -15.19898489 ], [ -53.94766172, -15.19848439 ], [ -53.94532428, -15.20005031 ], [ -53.94298685, -15.20161623 ], [ -53.9401216, -15.20437498 ], [ -53.93725635, -15.20713374 ], [ -53.93998522, -15.20734697 ], [ -53.9411658, -15.20798544 ], [ -53.94209596, -15.20989388 ], [ -53.94248032, -15.21238993 ], [ -53.94347816, -15.21397108 ], [ -53.94559176, -15.21210343 ], [ -53.94770537, -15.21023578 ], [ -53.95038429, -15.20767331 ], [ -53.95306321, -15.20511083 ], [ -53.95574213, -15.20254836 ], [ -53.95842105, -15.19998588 ] ] ] } },
{ "type": "Feature", "properties": { }, "geometry": { "type": "Polygon", "coordinates": [ [ [ -54.23261239, -14.96338411 ], [ -54.22295054, -14.98197655 ], [ -54.20245584, -14.97920724 ], [ -54.1999703, -14.98551481 ], [ -54.21845788, -14.99476148 ], [ -54.22304681, -14.9970216 ], [ -54.23331333, -15.00207756 ], [ -54.24980103, -15.01026858 ], [ -54.26563955, -15.0181355 ], [ -54.2730986, -15.02183982 ], [ -54.27461512, -15.02266593 ], [ -54.27467959, -15.02251594 ], [ -54.2744282, -15.02237344 ], [ -54.27412903, -15.02229538 ], [ -54.27404431, -15.02216733 ], [ -54.27388876, -15.02191705 ], [ -54.27388015, -15.02179344 ], [ -54.27411403, -15.02143011 ], [ -54.27415098, -15.02137011 ], [ -54.27437042, -15.02122733 ], [ -54.27445987, -15.02095094 ], [ -54.27427376, -15.02062288 ], [ -54.27419515, -15.02027372 ], [ -54.27418681, -15.02020705 ], [ -54.27423792, -15.01998761 ], [ -54.27434959, -15.019694 ], [ -54.27450653, -15.01953844 ], [ -54.27471431, -15.01933122 ], [ -54.27480265, -15.01917511 ], [ -54.27491737, -15.01908344 ], [ -54.27496737, -15.019039 ], [ -54.27502292, -15.01888622 ], [ -54.27501737, -15.01886122 ], [ -54.27496403, -15.01875038 ], [ -54.27485903, -15.01854788 ], [ -54.27472681, -15.018409 ], [ -54.27472015, -15.01838594 ], [ -54.27444237, -15.01809316 ], [ -54.27428042, -15.01800594 ], [ -54.27379848, -15.01784622 ], [ -54.27374737, -15.01786483 ], [ -54.27372376, -15.01794427 ], [ -54.27375626, -15.01798733 ], [ -54.27397376, -15.01811094 ], [ -54.27408848, -15.01825788 ], [ -54.27410598, -15.018494 ], [ -54.27399598, -15.01867233 ], [ -54.27385626, -15.01872483 ], [ -54.27367265, -15.01866983 ], [ -54.27351598, -15.01861677 ], [ -54.27328876, -15.018579 ], [ -54.27308653, -15.01873483 ], [ -54.27283931, -15.01877455 ], [ -54.2726357, -15.01873038 ], [ -54.2724432, -15.01862038 ], [ -54.2723632, -15.01844455 ], [ -54.27219515, -15.01829316 ], [ -54.27216515, -15.01828566 ], [ -54.27199265, -15.01816455 ], [ -54.27196209, -15.01815677 ], [ -54.2718582, -15.01792038 ], [ -54.27186903, -15.01772844 ], [ -54.27198265, -15.0175865 ], [ -54.27214376, -15.01753177 ], [ -54.27242403, -15.01736705 ], [ -54.27256709, -15.01726511 ], [ -54.2724957, -15.01707816 ], [ -54.27246376, -15.01705927 ], [ -54.27236487, -15.01686844 ], [ -54.27228126, -15.01660011 ], [ -54.27214626, -15.01621705 ], [ -54.27206931, -15.01593094 ], [ -54.27207626, -15.015854 ], [ -54.27211042, -15.01569038 ], [ -54.27219265, -15.01554538 ], [ -54.27220653, -15.01550872 ], [ -54.27225681, -15.01532955 ], [ -54.2721482, -15.01516844 ], [ -54.27214209, -15.01505177 ], [ -54.2722832, -15.01499705 ], [ -54.27247987, -15.01501261 ], [ -54.27261626, -15.01512205 ], [ -54.27275209, -15.01519872 ], [ -54.27281709, -15.01515205 ], [ -54.27291376, -15.01492566 ], [ -54.27290987, -15.01474122 ], [ -54.27304765, -15.01461538 ], [ -54.27316153, -15.01463872 ], [ -54.27334181, -15.01480955 ], [ -54.27352431, -15.01469427 ], [ -54.27373487, -15.01447677 ], [ -54.27386987, -15.01434566 ], [ -54.27399459, -15.01402288 ], [ -54.27414876, -15.01372733 ], [ -54.27429931, -15.01358205 ], [ -54.27446042, -15.01349844 ], [ -54.27449598, -15.01343733 ], [ -54.27474042, -15.01320927 ], [ -54.27483931, -15.01319594 ], [ -54.27506181, -15.0131465 ], [ -54.27510987, -15.01302038 ], [ -54.27493792, -15.01304733 ], [ -54.27470987, -15.01302483 ], [ -54.2746607, -15.01302344 ], [ -54.27447209, -15.01288705 ], [ -54.27429292, -15.01274427 ], [ -54.27412348, -15.01251566 ], [ -54.27389876, -15.01255094 ], [ -54.27369403, -15.01263705 ], [ -54.27340515, -15.012679 ], [ -54.27330681, -15.01255288 ], [ -54.2732707, -15.012289 ], [ -54.27329181, -15.01180622 ], [ -54.27343237, -15.01161761 ], [ -54.27360209, -15.01154733 ], [ -54.27360987, -15.01152594 ], [ -54.27358681, -15.01128677 ], [ -54.27354153, -15.01100566 ], [ -54.27353487, -15.01097455 ], [ -54.2734257, -15.01084955 ], [ -54.27340376, -15.01083372 ], [ -54.27341237, -15.01069705 ], [ -54.27341265, -15.01066455 ], [ -54.27352765, -15.01054094 ], [ -54.27354292, -15.01052427 ], [ -54.27365876, -15.01046566 ], [ -54.27371431, -15.01038955 ], [ -54.27386653, -15.01021983 ], [ -54.27403653, -15.01023038 ], [ -54.27416098, -15.01034316 ], [ -54.27420848, -15.01055344 ], [ -54.27415292, -15.01083622 ], [ -54.27421765, -15.01097011 ], [ -54.27434515, -15.01083788 ], [ -54.27431848, -15.01059566 ], [ -54.27428848, -15.01037844 ], [ -54.27425098, -15.01002261 ], [ -54.27414598, -15.00965177 ], [ -54.27397348, -15.00937455 ], [ -54.27376653, -15.00904066 ], [ -54.2736607, -15.00879066 ], [ -54.27377459, -15.00859816 ], [ -54.27398127, -15.008374 ], [ -54.27411209, -15.00811344 ], [ -54.27414653, -15.00776261 ], [ -54.27436627, -15.00758872 ], [ -54.27440432, -15.00757872 ], [ -54.2747246, -15.00738122 ], [ -54.27507292, -15.00741733 ], [ -54.2751596, -15.00726927 ], [ -54.27490293, -15.00709372 ], [ -54.27472988, -15.00688372 ], [ -54.27480016, -15.006649 ], [ -54.27511321, -15.00654677 ], [ -54.27513404, -15.00653483 ], [ -54.27552154, -15.00633011 ], [ -54.2759496, -15.00602094 ], [ -54.27623321, -15.00580455 ], [ -54.27679516, -15.00545566 ], [ -54.27682738, -15.00543733 ], [ -54.27711682, -15.00527066 ], [ -54.27701738, -15.00515705 ], [ -54.27673932, -15.00508622 ], [ -54.27641321, -15.00496872 ], [ -54.27619349, -15.004769 ], [ -54.27616738, -15.00471455 ], [ -54.27606043, -15.00440622 ], [ -54.27585127, -15.00410094 ], [ -54.27575821, -15.00398122 ], [ -54.27561932, -15.00381316 ], [ -54.27561793, -15.00376705 ], [ -54.27570877, -15.003704 ], [ -54.27585793, -15.0036315 ], [ -54.27613154, -15.00353288 ], [ -54.27637932, -15.00346594 ], [ -54.27640877, -15.00344927 ], [ -54.27672293, -15.0032665 ], [ -54.27679266, -15.00303761 ], [ -54.27696293, -15.00281066 ], [ -54.2771671, -15.00282066 ], [ -54.2773121, -15.00290094 ], [ -54.27742877, -15.00294538 ], [ -54.2776296, -15.00274288 ], [ -54.27791266, -15.00241122 ], [ -54.27801543, -15.00222594 ], [ -54.2781671, -15.00198816 ], [ -54.27820516, -15.00195844 ], [ -54.27864793, -15.00176094 ], [ -54.27891738, -15.00170733 ], [ -54.27917793, -15.00161677 ], [ -54.27926238, -15.00144288 ], [ -54.27925877, -15.00141094 ], [ -54.27924432, -15.00128233 ], [ -54.27918488, -15.00097066 ], [ -54.27910599, -15.00068705 ], [ -54.27897071, -15.00042705 ], [ -54.27890932, -15.00004955 ], [ -54.27875543, -14.99983566 ], [ -54.27853654, -14.99969594 ], [ -54.27827516, -14.99969038 ], [ -54.27807988, -14.99953927 ], [ -54.27806238, -14.99929705 ], [ -54.27834266, -14.99876066 ], [ -54.27821154, -14.99852316 ], [ -54.27800571, -14.998159 ], [ -54.27778404, -14.99795872 ], [ -54.27763432, -14.99768872 ], [ -54.2777571, -14.997579 ], [ -54.2778046, -14.99756872 ], [ -54.27822238, -14.997524 ], [ -54.27830821, -14.99750316 ], [ -54.27858932, -14.99734927 ], [ -54.27884849, -14.99712011 ], [ -54.27886988, -14.99707844 ], [ -54.2789071, -14.99688177 ], [ -54.27888849, -14.99686094 ], [ -54.27850849, -14.99685511 ], [ -54.27831877, -14.99704622 ], [ -54.27829877, -14.99707761 ], [ -54.27811154, -14.99730511 ], [ -54.27802543, -14.99730622 ], [ -54.2779871, -14.99730677 ], [ -54.27784488, -14.99714622 ], [ -54.27784599, -14.99691927 ], [ -54.27792654, -14.99660066 ], [ -54.27793682, -14.99654705 ], [ -54.27808877, -14.99624011 ], [ -54.27862654, -14.99623316 ], [ -54.27873488, -14.99625511 ], [ -54.27914099, -14.99647177 ], [ -54.27941293, -14.99636566 ], [ -54.27964988, -14.99620733 ], [ -54.2798146, -14.9961215 ], [ -54.2802346, -14.99592094 ], [ -54.28028016, -14.99586094 ], [ -54.28035877, -14.99556455 ], [ -54.2803571, -14.9955265 ], [ -54.28036516, -14.99526261 ], [ -54.28031432, -14.99498094 ], [ -54.28032627, -14.99495344 ], [ -54.28049016, -14.99494011 ], [ -54.28054293, -14.99494705 ], [ -54.28084571, -14.99506955 ], [ -54.28100654, -14.99530844 ], [ -54.2812346, -14.99537983 ], [ -54.28131238, -14.99512316 ], [ -54.28132627, -14.99508955 ], [ -54.28141821, -14.99470983 ], [ -54.28136349, -14.99453788 ], [ -54.28122571, -14.99435427 ], [ -54.28128543, -14.99415788 ], [ -54.28152432, -14.99408872 ], [ -54.28216571, -14.99395372 ], [ -54.28249793, -14.99388262 ], [ -54.28280627, -14.99371345 ], [ -54.28298238, -14.99351123 ], [ -54.28295321, -14.99335456 ], [ -54.28273293, -14.99335816 ], [ -54.28239349, -14.99334151 ], [ -54.28226627, -14.99317066 ], [ -54.28227682, -14.99291678 ], [ -54.2824196, -14.99272317 ], [ -54.2826646, -14.99259594 ], [ -54.28284349, -14.99244901 ], [ -54.28304404, -14.99229734 ], [ -54.28332849, -14.99232151 ], [ -54.28351988, -14.99234234 ], [ -54.28390349, -14.99222289 ], [ -54.28407349, -14.99209651 ], [ -54.28435571, -14.99186539 ], [ -54.28446793, -14.99164817 ], [ -54.28451571, -14.99140567 ], [ -54.28454654, -14.99120789 ], [ -54.28453016, -14.99103678 ], [ -54.28449099, -14.99080151 ], [ -54.28440654, -14.99057345 ], [ -54.28427404, -14.99041845 ], [ -54.28413904, -14.99023289 ], [ -54.28411488, -14.99018512 ], [ -54.28406127, -14.98996734 ], [ -54.28409793, -14.98982401 ], [ -54.28426266, -14.98977234 ], [ -54.28428821, -14.98977123 ], [ -54.28445682, -14.98983956 ], [ -54.28473766, -14.98989151 ], [ -54.28490238, -14.98990151 ], [ -54.2849871, -14.98989456 ], [ -54.28516432, -14.98990901 ], [ -54.28531849, -14.98988651 ], [ -54.28548321, -14.98988234 ], [ -54.28580238, -14.98988873 ], [ -54.28592682, -14.98997373 ], [ -54.28602654, -14.99012067 ], [ -54.28613821, -14.99033345 ], [ -54.28623738, -14.99048428 ], [ -54.28638738, -14.99040623 ], [ -54.28652266, -14.99029678 ], [ -54.28671182, -14.99002039 ], [ -54.28683432, -14.98990456 ], [ -54.28702793, -14.98981178 ], [ -54.28719793, -14.98982873 ], [ -54.28738599, -14.98986428 ], [ -54.28763571, -14.98988539 ], [ -54.28781377, -14.98982012 ], [ -54.2878171, -14.98981678 ], [ -54.2879821, -14.98952845 ], [ -54.28799516, -14.98935567 ], [ -54.28794654, -14.98923067 ], [ -54.2878871, -14.98907206 ], [ -54.28782266, -14.98898206 ], [ -54.28778043, -14.98879039 ], [ -54.28775738, -14.98853928 ], [ -54.28779377, -14.98835512 ], [ -54.28780432, -14.98821567 ], [ -54.28772404, -14.98810428 ], [ -54.28756516, -14.98793151 ], [ -54.2873721, -14.98775984 ], [ -54.28727404, -14.98754401 ], [ -54.28723488, -14.98723623 ], [ -54.28729877, -14.98699039 ], [ -54.28753571, -14.98674262 ], [ -54.28770266, -14.98654456 ], [ -54.28793378, -14.98631151 ], [ -54.28797488, -14.98627067 ], [ -54.28808849, -14.98612095 ], [ -54.28812294, -14.98606317 ], [ -54.288196, -14.98582512 ], [ -54.28820266, -14.98578067 ], [ -54.28822683, -14.98558845 ], [ -54.2882335, -14.98543734 ], [ -54.28796517, -14.98557762 ], [ -54.28775739, -14.98573956 ], [ -54.28760349, -14.98593151 ], [ -54.28737961, -14.98607484 ], [ -54.28714933, -14.98606706 ], [ -54.28702905, -14.98587512 ], [ -54.28700933, -14.98555567 ], [ -54.286996, -14.98549678 ], [ -54.28700461, -14.98533539 ], [ -54.28699822, -14.98513845 ], [ -54.2869835, -14.98509428 ], [ -54.28688822, -14.98490984 ], [ -54.28687794, -14.98487789 ], [ -54.286881, -14.98480039 ], [ -54.28693322, -14.98467539 ], [ -54.28702683, -14.98458151 ], [ -54.28722822, -14.98441678 ], [ -54.28737905, -14.98424373 ], [ -54.28749905, -14.98411039 ], [ -54.28751155, -14.98392428 ], [ -54.28749322, -14.98382067 ], [ -54.287541, -14.98362762 ], [ -54.28767211, -14.98351456 ], [ -54.287786, -14.98342956 ], [ -54.28800544, -14.98334956 ], [ -54.28812989, -14.98328901 ], [ -54.28821378, -14.98314984 ], [ -54.28819017, -14.98298317 ], [ -54.28809767, -14.98297123 ], [ -54.28809544, -14.98304484 ], [ -54.28798655, -14.98313151 ], [ -54.28794822, -14.98314317 ], [ -54.28782044, -14.98317817 ], [ -54.28762544, -14.98319901 ], [ -54.287446, -14.98331595 ], [ -54.28729405, -14.98329734 ], [ -54.28716655, -14.98319039 ], [ -54.28718239, -14.98294623 ], [ -54.28721044, -14.98271567 ], [ -54.28717794, -14.98250595 ], [ -54.28707128, -14.98225928 ], [ -54.2869935, -14.98205651 ], [ -54.28694405, -14.98180595 ], [ -54.28699267, -14.98155095 ], [ -54.28704183, -14.98130456 ], [ -54.28717378, -14.98113623 ], [ -54.28730489, -14.98100623 ], [ -54.28723378, -14.98075151 ], [ -54.28715961, -14.98051401 ], [ -54.28724628, -14.98031706 ], [ -54.28738489, -14.98022984 ], [ -54.28760822, -14.98030456 ], [ -54.28769794, -14.98025984 ], [ -54.28770461, -14.98024262 ], [ -54.28776155, -14.98002789 ], [ -54.28771378, -14.97986706 ], [ -54.28766211, -14.97972039 ], [ -54.28767489, -14.97969095 ], [ -54.28791711, -14.97944789 ], [ -54.287931, -14.97941095 ], [ -54.28781267, -14.97920762 ], [ -54.2877585, -14.97880428 ], [ -54.28789211, -14.97845984 ], [ -54.28808155, -14.97835289 ], [ -54.28832628, -14.97831401 ], [ -54.28838128, -14.97818595 ], [ -54.28819905, -14.97805039 ], [ -54.28812961, -14.97786317 ], [ -54.28818044, -14.97768984 ], [ -54.28814767, -14.97767345 ], [ -54.28795211, -14.97760484 ], [ -54.28789933, -14.97755845 ], [ -54.28776072, -14.97757456 ], [ -54.28765044, -14.97779762 ], [ -54.28762794, -14.97786567 ], [ -54.28757961, -14.97813317 ], [ -54.28744628, -14.97812039 ], [ -54.28739961, -14.97810845 ], [ -54.2871935, -14.97790789 ], [ -54.28718017, -14.97788539 ], [ -54.28715322, -14.97786401 ], [ -54.28696378, -14.97781567 ], [ -54.28692989, -14.97779345 ], [ -54.28673128, -14.97768289 ], [ -54.286731, -14.97765956 ], [ -54.28686322, -14.97734428 ], [ -54.28713933, -14.97707373 ], [ -54.28721294, -14.97700706 ], [ -54.28729822, -14.97697123 ], [ -54.28742155, -14.97691178 ], [ -54.28745267, -14.97688789 ], [ -54.28761017, -14.97683067 ], [ -54.28763572, -14.97680595 ], [ -54.28778572, -14.97671123 ], [ -54.28778433, -14.97669928 ], [ -54.28782211, -14.97667373 ], [ -54.28789794, -14.97656012 ], [ -54.28791517, -14.97649039 ], [ -54.28792517, -14.97633651 ], [ -54.287732, -14.97614804 ], [ -54.27308473, -14.96892967 ], [ -54.26822861, -14.96646823 ], [ -54.2492472, -14.95724869 ], [ -54.24322112, -14.95418429 ], [ -54.23977843, -14.95252001 ], [ -54.23859209, -14.95193754 ], [ -54.23261239, -14.96338411 ] ] ] } },
{ "type": "Feature", "properties": { }, "geometry": { "type": "Polygon", "coordinates": [ [ [ -54.30470222, -15.15287889 ], [ -54.30397, -15.15313889 ], [ -54.30286736, -15.15625416 ], [ -54.30176472, -15.15936944 ], [ -54.30099771, -15.16316219 ], [ -54.3001416, -15.16739545 ], [ -54.29964469, -15.16985253 ], [ -54.29920583, -15.1720225 ], [ -54.29842028, -15.175936 ], [ -54.29763472, -15.1798495 ], [ -54.29684917, -15.183763 ], [ -54.29606361, -15.1876765 ], [ -54.29527806, -15.19159 ], [ -54.29883153, -15.19217125 ], [ -54.302385, -15.1927525 ], [ -54.30431528, -15.19306806 ], [ -54.30506148, -15.19013556 ], [ -54.30580769, -15.18720306 ], [ -54.30655389, -15.18427056 ], [ -54.30773176, -15.18016463 ], [ -54.30890963, -15.17605871 ], [ -54.3100875, -15.17195278 ], [ -54.31126537, -15.16784685 ], [ -54.31244324, -15.16374093 ], [ -54.31362111, -15.159635 ], [ -54.31300667, -15.15952167 ], [ -54.31281778, -15.15927056 ], [ -54.31297667, -15.15894583 ], [ -54.31233694, -15.15886056 ], [ -54.31195111, -15.15894056 ], [ -54.31192111, -15.15869889 ], [ -54.31206361, -15.15842083 ], [ -54.31205528, -15.15823917 ], [ -54.31178556, -15.15802861 ], [ -54.31149194, -15.15800972 ], [ -54.31143639, -15.15775639 ], [ -54.31128944, -15.15765417 ], [ -54.31051139, -15.15767667 ], [ -54.30999306, -15.15731222 ], [ -54.31010417, -15.15675833 ], [ -54.30978111, -15.15651306 ], [ -54.30994028, -15.15631194 ], [ -54.30827861, -15.15616361 ], [ -54.30814528, -15.155945 ], [ -54.30828611, -15.15555167 ], [ -54.307965, -15.15545389 ], [ -54.30753389, -15.15562194 ], [ -54.30704972, -15.15518111 ], [ -54.30669861, -15.15553694 ], [ -54.30665972, -15.15517417 ], [ -54.30635139, -15.15511222 ], [ -54.30614611, -15.1549375 ], [ -54.30656972, -15.15418861 ], [ -54.30568667, -15.15380944 ], [ -54.30532278, -15.15333694 ], [ -54.30485306, -15.15314694 ], [ -54.30470222, -15.15287889 ] ] ] } },
{ "type": "Feature", "properties": { }, "geometry": { "type": "Polygon", "coordinates": [ [ [ -53.9419135, -15.19346043 ], [ -53.93877001, -15.19574434 ], [ -53.93517631, -15.19823331 ], [ -53.93671115, -15.19931326 ], [ -53.9367569, -15.20087733 ], [ -53.93543371, -15.20088919 ], [ -53.93477148, -15.20216034 ], [ -53.93502249, -15.20297042 ], [ -53.93649783, -15.20329617 ], [ -53.93655819, -15.20458039 ], [ -53.93725635, -15.20713374 ], [ -53.9401216, -15.20437498 ], [ -53.94298685, -15.20161623 ], [ -53.94532428, -15.20005031 ], [ -53.94766172, -15.19848439 ], [ -53.95124816, -15.19898489 ], [ -53.95483461, -15.19948539 ], [ -53.95842105, -15.19998588 ], [ -53.96016486, -15.19831773 ], [ -53.96190867, -15.19664958 ], [ -53.95790963, -15.19601175 ], [ -53.9539106, -15.19537392 ], [ -53.94991157, -15.19473609 ], [ -53.94591253, -15.19409826 ], [ -53.9419135, -15.19346043 ] ] ] } },
{ "type": "Feature", "properties": { }, "geometry": { "type": "Polygon", "coordinates": [ [ [ -54.01770334, -15.2019596 ], [ -54.01768059, -15.20196002 ], [ -54.018275, -15.20274601 ], [ -54.01816018, -15.20404116 ], [ -54.01773485, -15.20562118 ], [ -54.01710641, -15.20668483 ], [ -54.01622151, -15.20766543 ], [ -54.01560415, -15.20842324 ], [ -54.01562447, -15.20842741 ], [ -54.01872268, -15.20906283 ], [ -54.02182088, -15.20969826 ], [ -54.02491909, -15.21033368 ], [ -54.02564887, -15.20606574 ], [ -54.02637865, -15.2017978 ], [ -54.022041, -15.2018787 ], [ -54.01770334, -15.2019596 ] ] ] } },
{ "type": "Feature", "properties": { }, "geometry": { "type": "Polygon", "coordinates": [ [ [ -54.39415833, -15.15540333 ], [ -54.39055306, -15.15502486 ], [ -54.38694778, -15.15464639 ], [ -54.38691083, -15.15470306 ], [ -54.38689861, -15.15478306 ], [ -54.38756361, -15.15489 ], [ -54.38762389, -15.15509278 ], [ -54.38741556, -15.15525528 ], [ -54.38692583, -15.15518111 ], [ -54.38654917, -15.15525972 ], [ -54.3868325, -15.15553361 ], [ -54.38691278, -15.15584806 ], [ -54.38679806, -15.15606333 ], [ -54.38640472, -15.15631333 ], [ -54.3860675, -15.156475 ], [ -54.38590056, -15.15644028 ], [ -54.38573889, -15.15604667 ], [ -54.38557528, -15.15602722 ], [ -54.38551917, -15.15643389 ], [ -54.38534944, -15.15654972 ], [ -54.38449861, -15.15631972 ], [ -54.3846175, -15.15661389 ], [ -54.38447194, -15.15678722 ], [ -54.38420861, -15.15678861 ], [ -54.38402667, -15.15669222 ], [ -54.38377639, -15.15676972 ], [ -54.38389417, -15.1568975 ], [ -54.38442111, -15.15691167 ], [ -54.38467111, -15.15704667 ], [ -54.38462583, -15.15724333 ], [ -54.384195, -15.15762667 ], [ -54.38366102, -15.16189528 ], [ -54.38312704, -15.16616389 ], [ -54.38259306, -15.1704325 ], [ -54.38206702, -15.17444896 ], [ -54.38154097, -15.17846541 ], [ -54.38101493, -15.18248187 ], [ -54.38048889, -15.18649833 ], [ -54.38205139, -15.18670194 ], [ -54.38583305, -15.18719222 ], [ -54.38961472, -15.1876825 ], [ -54.39023673, -15.18326396 ], [ -54.39085875, -15.17884542 ], [ -54.39148076, -15.17442687 ], [ -54.39210278, -15.17000833 ], [ -54.39261667, -15.16635708 ], [ -54.39313055, -15.16270583 ], [ -54.39364444, -15.15905458 ], [ -54.39415833, -15.15540333 ] ] ] } },
{ "type": "Feature", "properties": { }, "geometry": { "type": "Polygon", "coordinates": [ [ [ -53.95461952, -15.17846508 ], [ -53.95337669, -15.17523175 ], [ -53.95213385, -15.17199842 ], [ -53.95089102, -15.16876508 ], [ -53.95081571, -15.16808383 ], [ -53.948278, -15.1691373 ], [ -53.94751886, -15.16921358 ], [ -53.9470067, -15.16736627 ], [ -53.94512696, -15.1671119 ], [ -53.94465675, -15.1667169 ], [ -53.94327995, -15.16556033 ], [ -53.94129091, -15.16404874 ], [ -53.94007844, -15.16510839 ], [ -53.94094993, -15.16651687 ], [ -53.94088358, -15.16766633 ], [ -53.93837585, -15.16854003 ], [ -53.93586812, -15.16941373 ], [ -53.93662859, -15.17113466 ], [ -53.93668247, -15.17329977 ], [ -53.93606482, -15.17356061 ], [ -53.9337726, -15.17413083 ], [ -53.93386571, -15.17618451 ], [ -53.93392363, -15.17833162 ], [ -53.93071096, -15.17797592 ], [ -53.9291491, -15.17851104 ], [ -53.92675123, -15.17885728 ], [ -53.92635231, -15.17946005 ], [ -53.92849382, -15.1800223 ], [ -53.9275605, -15.18177112 ], [ -53.92755142, -15.18277555 ], [ -53.92870219, -15.18422955 ], [ -53.92871238, -15.18517864 ], [ -53.92896754, -15.18545867 ], [ -53.93008874, -15.18668913 ], [ -53.92995664, -15.18813535 ], [ -53.92782866, -15.18781929 ], [ -53.92735591, -15.18891848 ], [ -53.92818065, -15.19021178 ], [ -53.92910675, -15.19035439 ], [ -53.93013415, -15.19000236 ], [ -53.93182014, -15.19156363 ], [ -53.93210826, -15.19259495 ], [ -53.93007643, -15.19559705 ], [ -53.92978998, -15.19583803 ], [ -53.93092645, -15.1968497 ], [ -53.93239083, -15.19645769 ], [ -53.93404522, -15.19494367 ], [ -53.93547532, -15.19522482 ], [ -53.93498889, -15.19628323 ], [ -53.93417328, -15.19766647 ], [ -53.93505494, -15.19814792 ], [ -53.93517631, -15.19823331 ], [ -53.93877001, -15.19574434 ], [ -53.9419135, -15.19346043 ], [ -53.94591253, -15.19409826 ], [ -53.94991157, -15.19473609 ], [ -53.9539106, -15.19537392 ], [ -53.95790963, -15.19601175 ], [ -53.96190867, -15.19664958 ], [ -53.96198007, -15.19658127 ], [ -53.96392306, -15.19472252 ], [ -53.96169676, -15.19157921 ], [ -53.95947046, -15.18843589 ], [ -53.95724416, -15.18529258 ], [ -53.95593184, -15.18187883 ], [ -53.95461952, -15.17846508 ] ], [ [ -53.94411617, -15.18340183 ], [ -53.94296543, -15.18389703 ], [ -53.94173035, -15.18104642 ], [ -53.94310412, -15.18049212 ], [ -53.94411617, -15.18340183 ] ] ] } },
{ "type": "Feature", "properties": { }, "geometry": { "type": "Polygon", "coordinates": [ [ [ -54.38788528, -15.37571361 ], [ -54.38928889, -15.37606917 ], [ -54.39040306, -15.37639222 ], [ -54.39091333, -15.37629139 ], [ -54.39172222, -15.37630111 ], [ -54.39321611, -15.37659944 ], [ -54.39407028, -15.37708167 ], [ -54.39494361, -15.37787444 ], [ -54.39528722, -15.378035 ], [ -54.39623944, -15.37867194 ], [ -54.39701528, -15.37927722 ], [ -54.39747444, -15.37942417 ], [ -54.39798944, -15.37939306 ], [ -54.39859694, -15.37932556 ], [ -54.39913611, -15.3792125 ], [ -54.39976167, -15.37892194 ], [ -54.40009694, -15.37852333 ], [ -54.40008722, -15.37807611 ], [ -54.40138611, -15.377185 ], [ -54.401885, -15.37657972 ], [ -54.40264444, -15.37605222 ], [ -54.40344056, -15.37562917 ], [ -54.40425528, -15.37572472 ], [ -54.40458917, -15.37596361 ], [ -54.405935, -15.37605389 ], [ -54.40621278, -15.37605139 ], [ -54.40689361, -15.37642611 ], [ -54.407165, -15.37645222 ], [ -54.40785306, -15.3767125 ], [ -54.40813722, -15.37665861 ], [ -54.40849556, -15.37682889 ], [ -54.40959556, -15.37722 ], [ -54.41021361, -15.37757556 ], [ -54.41041778, -15.37784611 ], [ -54.41094944, -15.37831444 ], [ -54.41162528, -15.37895556 ], [ -54.412255, -15.37983833 ], [ -54.41256833, -15.38057972 ], [ -54.41279139, -15.38126944 ], [ -54.4131525, -15.38259194 ], [ -54.41366333, -15.38332583 ], [ -54.41415639, -15.38377444 ], [ -54.41440056, -15.38410972 ], [ -54.41466583, -15.38464028 ], [ -54.4147725, -15.38508278 ], [ -54.41473611, -15.38565 ], [ -54.41411861, -15.3866675 ], [ -54.41406722, -15.38714306 ], [ -54.41411389, -15.38743028 ], [ -54.41442028, -15.38764972 ], [ -54.41488583, -15.38773222 ], [ -54.41515222, -15.38768361 ], [ -54.41531333, -15.38755944 ], [ -54.41593083, -15.38732 ], [ -54.41656556, -15.38709833 ], [ -54.41715722, -15.38704194 ], [ -54.41748333, -15.38695972 ], [ -54.41815667, -15.38697333 ], [ -54.41884778, -15.38699278 ], [ -54.41905278, -15.38712139 ], [ -54.41952722, -15.38732583 ], [ -54.42022667, -15.3879225 ], [ -54.42042861, -15.38834222 ], [ -54.42053028, -15.38879722 ], [ -54.42052833, -15.38942806 ], [ -54.420665, -15.38984806 ], [ -54.42064389, -15.39012278 ], [ -54.42065417, -15.39073056 ], [ -54.42077194, -15.39114 ], [ -54.42107028, -15.39201222 ], [ -54.42129389, -15.39231472 ], [ -54.42133167, -15.39256639 ], [ -54.4208525, -15.39333667 ], [ -54.42021083, -15.3934175 ], [ -54.41985833, -15.3936075 ], [ -54.41980083, -15.39384472 ], [ -54.41944444, -15.39479944 ], [ -54.41930722, -15.3948625 ], [ -54.41916778, -15.39481667 ], [ -54.41894194, -15.39498694 ], [ -54.41861778, -15.39534611 ], [ -54.41796028, -15.39564694 ], [ -54.41767361, -15.39592528 ], [ -54.41729222, -15.39620278 ], [ -54.4166175, -15.39646278 ], [ -54.41556861, -15.39667583 ], [ -54.41898389, -15.39889194 ], [ -54.41955556, -15.39871444 ], [ -54.42004528, -15.39890778 ], [ -54.42096917, -15.3993975 ], [ -54.42173722, -15.39968917 ], [ -54.42288361, -15.39954111 ], [ -54.42328278, -15.39936556 ], [ -54.42419583, -15.39880778 ], [ -54.42485528, -15.39818444 ], [ -54.42512139, -15.39763806 ], [ -54.42525583, -15.39657611 ], [ -54.42527667, -15.39564972 ], [ -54.42511667, -15.39470528 ], [ -54.42455472, -15.39371056 ], [ -54.42393694, -15.39269806 ], [ -54.42303583, -15.39163944 ], [ -54.42218917, -15.39059583 ], [ -54.42195361, -15.39004944 ], [ -54.42178694, -15.38920917 ], [ -54.42163389, -15.3884075 ], [ -54.42130444, -15.38754611 ], [ -54.42085194, -15.38690861 ], [ -54.41996278, -15.38604139 ], [ -54.41854972, -15.38488833 ], [ -54.41730111, -15.38374222 ], [ -54.41669639, -15.38253944 ], [ -54.41600417, -15.38142583 ], [ -54.41518611, -15.38037139 ], [ -54.41918222, -15.37926993 ], [ -54.42317834, -15.37816848 ], [ -54.42717445, -15.37706702 ], [ -54.43117056, -15.37596556 ], [ -54.42955028, -15.37281209 ], [ -54.42793, -15.36965862 ], [ -54.42630972, -15.36650514 ], [ -54.42468944, -15.36335167 ], [ -54.42457829, -15.36313571 ], [ -54.42449944, -15.3629825 ], [ -54.42270055, -15.35945111 ], [ -54.42090167, -15.35591972 ], [ -54.41910278, -15.35238833 ], [ -54.41845472, -15.35112278 ], [ -54.41538701, -15.34908653 ], [ -54.41231931, -15.34705028 ], [ -54.4092516, -15.34501403 ], [ -54.40618389, -15.34297778 ], [ -54.40310111, -15.34087361 ], [ -54.40293806, -15.34123667 ], [ -54.40284, -15.34185111 ], [ -54.40258028, -15.34225444 ], [ -54.40262972, -15.34241389 ], [ -54.40248056, -15.34289139 ], [ -54.40198167, -15.34376389 ], [ -54.40114167, -15.34391611 ], [ -54.4006775, -15.34420139 ], [ -54.40047, -15.34499833 ], [ -54.40033028, -15.34574639 ], [ -54.39988222, -15.34631389 ], [ -54.399685, -15.34693833 ], [ -54.39953, -15.34724 ], [ -54.39923167, -15.34784806 ], [ -54.39957139, -15.34854 ], [ -54.39936444, -15.34911722 ], [ -54.39869917, -15.34882139 ], [ -54.39829583, -15.34905111 ], [ -54.39761111, -15.34907417 ], [ -54.39716083, -15.34891833 ], [ -54.39655389, -15.34901111 ], [ -54.39616611, -15.34926444 ], [ -54.39553944, -15.34936917 ], [ -54.39480056, -15.34946 ], [ -54.39454444, -15.34986 ], [ -54.39405583, -15.34988583 ], [ -54.39352306, -15.34968917 ], [ -54.39300444, -15.34963306 ], [ -54.39231611, -15.34933917 ], [ -54.39219722, -15.34838806 ], [ -54.39130139, -15.34831917 ], [ -54.39070139, -15.34801167 ], [ -54.39003917, -15.34779639 ], [ -54.38956222, -15.34791306 ], [ -54.38875694, -15.35138549 ], [ -54.38795167, -15.35485792 ], [ -54.38714639, -15.35833035 ], [ -54.38634111, -15.36180278 ], [ -54.3862972, -15.36199461 ], [ -54.38625889, -15.36216194 ], [ -54.38552454, -15.36550342 ], [ -54.38479018, -15.36884491 ], [ -54.38405583, -15.37218639 ], [ -54.38417389, -15.37236472 ], [ -54.38467472, -15.37283278 ], [ -54.38528694, -15.37364472 ], [ -54.38601056, -15.37474861 ], [ -54.38635528, -15.37511417 ], [ -54.38714, -15.37520361 ], [ -54.38752806, -15.37554472 ], [ -54.38788528, -15.37571361 ] ] ] } },
{ "type": "Feature", "properties": { }, "geometry": { "type": "Polygon", "coordinates": [ [ [ -53.9724385, -15.15367715 ], [ -53.97358095, -15.15718183 ], [ -53.9747234, -15.16068651 ], [ -53.97586584, -15.16419118 ], [ -53.97929861, -15.16477901 ], [ -53.98273137, -15.16536683 ], [ -53.98434105, -15.16130343 ], [ -53.98595073, -15.15724003 ], [ -53.9875604, -15.15317662 ], [ -53.98422491, -15.15224896 ], [ -53.98088941, -15.15132129 ], [ -53.97755391, -15.15039362 ], [ -53.97421841, -15.14946595 ], [ -53.97332846, -15.15157155 ], [ -53.9724385, -15.15367715 ] ] ] } },
{ "type": "Feature", "properties": { }, "geometry": { "type": "Polygon", "coordinates": [ [ [ -53.991999, -15.18765009 ], [ -53.99052473, -15.1915572 ], [ -53.98906322, -15.19428104 ], [ -53.9876017, -15.19700489 ], [ -53.98779102, -15.19722172 ], [ -53.98798103, -15.19743935 ], [ -53.99173531, -15.19748961 ], [ -53.99548958, -15.19753987 ], [ -53.99924385, -15.19759013 ], [ -54.00084507, -15.19410028 ], [ -54.00244629, -15.19061043 ], [ -54.00404751, -15.18712058 ], [ -54.00003134, -15.18729708 ], [ -53.99601517, -15.18747358 ], [ -53.991999, -15.18765009 ] ] ] } },
{ "type": "Feature", "properties": { }, "geometry": { "type": "Polygon", "coordinates": [ [ [ -54.03432161, -15.20172953 ], [ -54.03170547, -15.20173529 ], [ -54.02908932, -15.20174105 ], [ -54.02637865, -15.2017978 ], [ -54.02564887, -15.20606574 ], [ -54.02491909, -15.21033368 ], [ -54.02426927, -15.21413598 ], [ -54.02361944, -15.21793829 ], [ -54.02786772, -15.21800195 ], [ -54.032116, -15.2180656 ], [ -54.0326674, -15.21398159 ], [ -54.03321881, -15.20989757 ], [ -54.03377021, -15.20581355 ], [ -54.03432161, -15.20172953 ] ] ] } },
{ "type": "Feature", "properties": { }, "geometry": { "type": "Polygon", "coordinates": [ [ [ -54.37959056, -15.15648528 ], [ -54.37940083, -15.15651444 ], [ -54.37878472, -15.15690194 ], [ -54.37836583, -15.15740028 ], [ -54.37824222, -15.15735694 ], [ -54.37806528, -15.15689389 ], [ -54.37774583, -15.15697861 ], [ -54.37759833, -15.15712611 ], [ -54.37753667, -15.15749361 ], [ -54.37732889, -15.15780056 ], [ -54.37570361, -15.15865972 ], [ -54.37528417, -15.15879194 ], [ -54.37508639, -15.15906444 ], [ -54.37470528, -15.15918917 ], [ -54.37478778, -15.15944667 ], [ -54.374655, -15.15964778 ], [ -54.37427028, -15.15960778 ], [ -54.37387028, -15.15972528 ], [ -54.3738975, -15.15993333 ], [ -54.37420778, -15.16000778 ], [ -54.37478944, -15.16005139 ], [ -54.37501722, -15.1603075 ], [ -54.37482583, -15.16049389 ], [ -54.37443152, -15.16300875 ], [ -54.37403722, -15.16552361 ], [ -54.37346923, -15.16961726 ], [ -54.37290125, -15.1737109 ], [ -54.37233326, -15.17780455 ], [ -54.37176527, -15.18189819 ], [ -54.37119729, -15.18599184 ], [ -54.3706293, -15.19008549 ], [ -54.37006132, -15.19417913 ], [ -54.36949333, -15.19827278 ], [ -54.36913055, -15.20088597 ], [ -54.36876778, -15.20349917 ], [ -54.37021806, -15.20371806 ], [ -54.37354986, -15.20422098 ], [ -54.37688167, -15.20472389 ], [ -54.37820694, -15.20492389 ], [ -54.37905625, -15.20089847 ], [ -54.37990556, -15.19687306 ], [ -54.38062084, -15.19348269 ], [ -54.38133611, -15.19009231 ], [ -54.38205139, -15.18670194 ], [ -54.38048889, -15.18649833 ], [ -54.38101493, -15.18248187 ], [ -54.38154097, -15.17846542 ], [ -54.38206702, -15.17444896 ], [ -54.38259306, -15.1704325 ], [ -54.38312704, -15.16616389 ], [ -54.38366102, -15.16189528 ], [ -54.384195, -15.15762667 ], [ -54.38390278, -15.15766778 ], [ -54.38371944, -15.15731528 ], [ -54.38338972, -15.15734278 ], [ -54.38353361, -15.15766333 ], [ -54.38327806, -15.15796417 ], [ -54.38301944, -15.15791 ], [ -54.38289972, -15.15740139 ], [ -54.38200417, -15.15778194 ], [ -54.38150417, -15.15811444 ], [ -54.38135972, -15.15796306 ], [ -54.38136139, -15.15750472 ], [ -54.38097806, -15.15735833 ], [ -54.38052806, -15.15732361 ], [ -54.38050139, -15.15718167 ], [ -54.38094722, -15.15668833 ], [ -54.380715, -15.15671694 ], [ -54.3800475, -15.15696139 ], [ -54.37986389, -15.15694139 ], [ -54.37982222, -15.15662444 ], [ -54.37959056, -15.15648528 ] ] ] } },
{ "type": "Feature", "properties": { }, "geometry": { "type": "Polygon", "coordinates": [ [ [ -54.43275341, -15.18390561 ], [ -54.43668703, -15.1844056 ], [ -54.44062066, -15.18490559 ], [ -54.44455428, -15.18540558 ], [ -54.4484879, -15.18590556 ], [ -54.45242153, -15.18640555 ], [ -54.45635515, -15.18690554 ], [ -54.46028877, -15.18740553 ], [ -54.46122763, -15.18342455 ], [ -54.46216649, -15.17944357 ], [ -54.45770413, -15.17887644 ], [ -54.45324176, -15.17830931 ], [ -54.4487794, -15.17774219 ], [ -54.44431703, -15.17717506 ], [ -54.43985467, -15.17660793 ], [ -54.4353923, -15.1760408 ], [ -54.43407285, -15.17997321 ], [ -54.43275341, -15.18390561 ] ] ] } },
{ "type": "Feature", "properties": { }, "geometry": { "type": "Polygon", "coordinates": [ [ [ -54.43804606, -15.16813139 ], [ -54.43730464, -15.17034118 ], [ -54.43648555, -15.17278242 ], [ -54.43566647, -15.17522367 ], [ -54.4353923, -15.1760408 ], [ -54.43985467, -15.17660793 ], [ -54.44431703, -15.17717506 ], [ -54.4487794, -15.17774219 ], [ -54.45324176, -15.17830931 ], [ -54.45770413, -15.17887644 ], [ -54.46216649, -15.17944357 ], [ -54.46310533, -15.17546255 ], [ -54.46404417, -15.17148152 ], [ -54.45971115, -15.17092317 ], [ -54.45537813, -15.17036481 ], [ -54.45104511, -15.16980645 ], [ -54.44671209, -15.1692481 ], [ -54.44237908, -15.16868974 ], [ -54.43804606, -15.16813139 ] ] ] } },
{ "type": "Feature", "properties": { }, "geometry": { "type": "Polygon", "coordinates": [ [ [ -54.27382833, -15.144655 ], [ -54.27373056, -15.144715 ], [ -54.2733675, -15.14514611 ], [ -54.27315472, -15.145615 ], [ -54.27289944, -15.14573528 ], [ -54.27258111, -15.14545167 ], [ -54.27196889, -15.14570444 ], [ -54.27169194, -15.14550139 ], [ -54.27132444, -15.145815 ], [ -54.27145639, -15.14590722 ], [ -54.27117667, -15.14612861 ], [ -54.27058444, -15.14569222 ], [ -54.27060056, -15.14562472 ], [ -54.27036917, -15.14567472 ], [ -54.27032917, -15.14579694 ], [ -54.27019389, -15.14595222 ], [ -54.26996806, -15.14605639 ], [ -54.26914466, -15.14987132 ], [ -54.26832125, -15.15368625 ], [ -54.26749785, -15.15750118 ], [ -54.26667444, -15.16131611 ], [ -54.26918806, -15.16180416 ], [ -54.27170167, -15.16229222 ], [ -54.2708979, -15.16623102 ], [ -54.27009414, -15.17016981 ], [ -54.26929037, -15.17410861 ], [ -54.26848661, -15.17804741 ], [ -54.26768284, -15.1819862 ], [ -54.26687908, -15.185925 ], [ -54.26607531, -15.1898638 ], [ -54.26527155, -15.19380259 ], [ -54.26446778, -15.19774139 ], [ -54.26857322, -15.19853611 ], [ -54.27267865, -15.19933083 ], [ -54.27678409, -15.20012555 ], [ -54.28088952, -15.20092028 ], [ -54.28499496, -15.201715 ], [ -54.28910039, -15.20250972 ], [ -54.29320583, -15.20330444 ], [ -54.29383546, -15.19938963 ], [ -54.29446509, -15.19547481 ], [ -54.29509472, -15.19156 ], [ -54.29590597, -15.18753031 ], [ -54.29671722, -15.18350063 ], [ -54.29752847, -15.17947094 ], [ -54.29833972, -15.17544125 ], [ -54.29915097, -15.17141156 ], [ -54.29996222, -15.16738188 ], [ -54.30077347, -15.16335219 ], [ -54.30158472, -15.1593225 ], [ -54.30274792, -15.15622278 ], [ -54.30391111, -15.15312306 ], [ -54.30303639, -15.15374694 ], [ -54.30278667, -15.15364556 ], [ -54.30247306, -15.15297806 ], [ -54.30237361, -15.15298528 ], [ -54.30199139, -15.15355306 ], [ -54.30168583, -15.15429167 ], [ -54.30151833, -15.15435944 ], [ -54.30135972, -15.15432389 ], [ -54.30117361, -15.15390889 ], [ -54.30040556, -15.15354361 ], [ -54.30039167, -15.15324583 ], [ -54.300745, -15.15322861 ], [ -54.30103667, -15.15309167 ], [ -54.30090306, -15.15299222 ], [ -54.30023833, -15.1528475 ], [ -54.29935361, -15.15281361 ], [ -54.29927111, -15.15271083 ], [ -54.29918556, -15.15259528 ], [ -54.29944778, -15.15209444 ], [ -54.29867806, -15.15219361 ], [ -54.29841028, -15.15197333 ], [ -54.29836083, -15.15176333 ], [ -54.29823861, -15.15169361 ], [ -54.29741278, -15.15200972 ], [ -54.29716528, -15.15189583 ], [ -54.29716417, -15.1515275 ], [ -54.29587917, -15.1509175 ], [ -54.29558361, -15.15086167 ], [ -54.29543778, -15.1505975 ], [ -54.29561139, -15.15046889 ], [ -54.29587167, -15.15047361 ], [ -54.29592111, -15.15029083 ], [ -54.29569306, -15.150215 ], [ -54.29479, -15.15057111 ], [ -54.29471083, -15.15037139 ], [ -54.29483806, -15.14997028 ], [ -54.29504972, -15.14987944 ], [ -54.29485444, -15.14970083 ], [ -54.29460861, -15.14970194 ], [ -54.29440194, -15.14950556 ], [ -54.29345167, -15.14890778 ], [ -54.29346167, -15.14903083 ], [ -54.29361167, -15.14936389 ], [ -54.29365083, -15.14951139 ], [ -54.29349694, -15.14976528 ], [ -54.293135, -15.14993528 ], [ -54.29283361, -15.15011083 ], [ -54.29256722, -15.15003 ], [ -54.29241278, -15.14967833 ], [ -54.29215389, -15.14949167 ], [ -54.29223722, -15.14911167 ], [ -54.29180694, -15.14850806 ], [ -54.29166556, -15.14845917 ], [ -54.29120167, -15.14882806 ], [ -54.29060278, -15.14827889 ], [ -54.29054806, -15.14772361 ], [ -54.29042278, -15.14764222 ], [ -54.29017944, -15.14772917 ], [ -54.29001333, -15.14800722 ], [ -54.2898425, -15.14813861 ], [ -54.28966583, -15.14809639 ], [ -54.28962083, -15.147835 ], [ -54.28967389, -15.14759472 ], [ -54.28961194, -15.14751583 ], [ -54.28937639, -15.14768444 ], [ -54.28934306, -15.14777889 ], [ -54.28939333, -15.14794139 ], [ -54.28988611, -15.14850167 ], [ -54.28978139, -15.14865278 ], [ -54.28969806, -15.14866194 ], [ -54.28957278, -15.14868306 ], [ -54.28909417, -15.14852472 ], [ -54.28891722, -15.14821722 ], [ -54.28895778, -15.14787944 ], [ -54.28873611, -15.147585 ], [ -54.28860333, -15.147575 ], [ -54.28818472, -15.14773417 ], [ -54.28799, -15.14764861 ], [ -54.28787056, -15.14731056 ], [ -54.28790611, -15.14710083 ], [ -54.28784028, -15.1470425 ], [ -54.28741639, -15.14721333 ], [ -54.28705639, -15.14715 ], [ -54.28688778, -15.14709194 ], [ -54.28628889, -15.14717528 ], [ -54.28592889, -15.14728167 ], [ -54.28560972, -15.1472525 ], [ -54.285115, -15.14749806 ], [ -54.28484944, -15.14778361 ], [ -54.28395611, -15.14793889 ], [ -54.283155, -15.14765056 ], [ -54.28238611, -15.14740583 ], [ -54.2817025, -15.14735083 ], [ -54.28094667, -15.14715028 ], [ -54.28066639, -15.14722917 ], [ -54.28046778, -15.14741028 ], [ -54.28031028, -15.14753778 ], [ -54.28000667, -15.14736917 ], [ -54.28003389, -15.14688306 ], [ -54.28047056, -15.14644444 ], [ -54.2804225, -15.14636056 ], [ -54.28015417, -15.14641611 ], [ -54.27971611, -15.146635 ], [ -54.27945528, -15.14662667 ], [ -54.27842389, -15.14663528 ], [ -54.27800528, -15.14647639 ], [ -54.27716111, -15.14646361 ], [ -54.27639972, -15.14636944 ], [ -54.27610222, -15.14641 ], [ -54.27587111, -15.14628583 ], [ -54.27580639, -15.14586083 ], [ -54.27556833, -15.14537778 ], [ -54.27544306, -15.14543944 ], [ -54.27519083, -15.14579528 ], [ -54.27499222, -15.1458225 ], [ -54.27472917, -15.14514472 ], [ -54.27462389, -15.14520444 ], [ -54.27461611, -15.1456175 ], [ -54.27449528, -15.14576556 ], [ -54.27427972, -15.14574417 ], [ -54.27409333, -15.14516639 ], [ -54.27398722, -15.14491611 ], [ -54.27382833, -15.144655 ] ] ] } },
{ "type": "Feature", "properties": { }, "geometry": { "type": "Polygon", "coordinates": [ [ [ -54.37482583, -15.16049389 ], [ -54.37448139, -15.16074722 ], [ -54.37447972, -15.16100917 ], [ -54.37426167, -15.1612375 ], [ -54.37363833, -15.16073528 ], [ -54.37314389, -15.16102417 ], [ -54.37306, -15.16123306 ], [ -54.37330278, -15.16153722 ], [ -54.3732375, -15.16173278 ], [ -54.37278389, -15.16178417 ], [ -54.37239806, -15.16167639 ], [ -54.37223556, -15.16147194 ], [ -54.37202917, -15.16147417 ], [ -54.37183889, -15.16187778 ], [ -54.37158556, -15.16212389 ], [ -54.37118139, -15.16181083 ], [ -54.37077417, -15.16211333 ], [ -54.37027861, -15.1622675 ], [ -54.37006083, -15.16212222 ], [ -54.36996083, -15.16239972 ], [ -54.36969111, -15.16250083 ], [ -54.36949778, -15.16243333 ], [ -54.36930583, -15.16258778 ], [ -54.36953556, -15.16278167 ], [ -54.36963361, -15.16301111 ], [ -54.36931889, -15.16316528 ], [ -54.36863083, -15.16259194 ], [ -54.36822194, -15.16241694 ], [ -54.368085, -15.16259583 ], [ -54.36807, -15.16308722 ], [ -54.36804139, -15.16316028 ], [ -54.36743028, -15.16345417 ], [ -54.3670875, -15.1631825 ], [ -54.36668861, -15.163375 ], [ -54.36650556, -15.16320028 ], [ -54.36648, -15.16291083 ], [ -54.36619944, -15.16272694 ], [ -54.36584056, -15.16248889 ], [ -54.36574444, -15.162585 ], [ -54.36589389, -15.16320917 ], [ -54.36611917, -15.16340889 ], [ -54.36628972, -15.16367778 ], [ -54.36602111, -15.16381611 ], [ -54.36566083, -15.16362667 ], [ -54.36526361, -15.163545 ], [ -54.36504972, -15.16364528 ], [ -54.36475861, -15.16379306 ], [ -54.36434083, -15.16360139 ], [ -54.36419944, -15.16349722 ], [ -54.3642725, -15.16307556 ], [ -54.36421028, -15.16299861 ], [ -54.36376417, -15.16315444 ], [ -54.3633875, -15.163095 ], [ -54.36322806, -15.16346667 ], [ -54.36335667, -15.163525 ], [ -54.36360167, -15.16343333 ], [ -54.36404694, -15.16352333 ], [ -54.36427556, -15.16373556 ], [ -54.36427472, -15.16392444 ], [ -54.36389917, -15.16439278 ], [ -54.36367139, -15.16439444 ], [ -54.36351778, -15.16425917 ], [ -54.36320889, -15.16413444 ], [ -54.36290528, -15.16409472 ], [ -54.36263944, -15.16413139 ], [ -54.36203833, -15.16390472 ], [ -54.36180417, -15.16359111 ], [ -54.36131472, -15.16362611 ], [ -54.36120222, -15.16350917 ], [ -54.36134278, -15.16296361 ], [ -54.361215, -15.162825 ], [ -54.36075361, -15.16329972 ], [ -54.36086083, -15.16354556 ], [ -54.36110694, -15.16366583 ], [ -54.36113167, -15.16378917 ], [ -54.36097583, -15.16391222 ], [ -54.36064361, -15.16382167 ], [ -54.36031833, -15.16351472 ], [ -54.3600925, -15.16344361 ], [ -54.35973778, -15.16368333 ], [ -54.35946333, -15.16363417 ], [ -54.35954722, -15.16327833 ], [ -54.35947056, -15.16319722 ], [ -54.35903111, -15.1631475 ], [ -54.35883167, -15.16286583 ], [ -54.35849667, -15.16341833 ], [ -54.35849556, -15.16351917 ], [ -54.3582725, -15.16360611 ], [ -54.35804667, -15.16325389 ], [ -54.35774778, -15.16327861 ], [ -54.3576075, -15.16337972 ], [ -54.35733556, -15.163105 ], [ -54.3567075, -15.16318722 ], [ -54.35656306, -15.16351 ], [ -54.35698139, -15.16378972 ], [ -54.35708806, -15.16439722 ], [ -54.3568825, -15.16453083 ], [ -54.35718009, -15.1687062 ], [ -54.35747768, -15.17288157 ], [ -54.35777528, -15.17705694 ], [ -54.35807287, -15.18123231 ], [ -54.35837046, -15.18540769 ], [ -54.35866805, -15.18958306 ], [ -54.35896565, -15.19375843 ], [ -54.35926324, -15.1979338 ], [ -54.35956083, -15.20210917 ], [ -54.36193833, -15.20246806 ], [ -54.36310056, -15.20264389 ], [ -54.36593417, -15.20307153 ], [ -54.36876778, -15.20349917 ], [ -54.36913055, -15.20088597 ], [ -54.36949333, -15.19827278 ], [ -54.37006132, -15.19417913 ], [ -54.3706293, -15.19008549 ], [ -54.37119729, -15.18599184 ], [ -54.37176527, -15.18189819 ], [ -54.37233326, -15.17780455 ], [ -54.37290125, -15.1737109 ], [ -54.37346923, -15.16961726 ], [ -54.37403722, -15.16552361 ], [ -54.37443152, -15.16300875 ], [ -54.37482583, -15.16049389 ] ] ] } },
{ "type": "Feature", "properties": { }, "geometry": { "type": "Polygon", "coordinates": [ [ [ -53.98798103, -15.19743935 ], [ -53.99067341, -15.2005313 ], [ -53.9933658, -15.20362325 ], [ -53.99605818, -15.2067152 ], [ -53.99875056, -15.20980715 ], [ -54.00128545, -15.21262738 ], [ -54.00382034, -15.21544761 ], [ -54.00635523, -15.21826784 ], [ -54.00676805, -15.21845244 ], [ -54.00741445, -15.21921088 ], [ -54.00746611, -15.21952744 ], [ -54.00756313, -15.22011546 ], [ -54.00788856, -15.22034978 ], [ -54.00929791, -15.22062914 ], [ -54.01017372, -15.22078147 ], [ -54.01074739, -15.2206369 ], [ -54.01147785, -15.22125301 ], [ -54.01270028, -15.22123156 ], [ -54.01470222, -15.22249692 ], [ -54.01594847, -15.22353629 ], [ -54.01645623, -15.22493567 ], [ -54.01657041, -15.22597093 ], [ -54.01692281, -15.22643795 ], [ -54.01677122, -15.22721013 ], [ -54.01739457, -15.22825316 ], [ -54.01840439, -15.2299863 ], [ -54.01887724, -15.23097747 ], [ -54.0191265, -15.23124294 ], [ -54.01925511, -15.23127955 ], [ -54.01979551, -15.23122152 ], [ -54.02123546, -15.23188551 ], [ -54.02183146, -15.22839871 ], [ -54.02242745, -15.2249119 ], [ -54.02302345, -15.2214251 ], [ -54.02361944, -15.21793829 ], [ -54.02426927, -15.21413599 ], [ -54.02491909, -15.21033368 ], [ -54.02182088, -15.20969826 ], [ -54.01872268, -15.20906283 ], [ -54.01562447, -15.20842741 ], [ -54.01560415, -15.20842324 ], [ -54.01622151, -15.20766543 ], [ -54.01710641, -15.20668483 ], [ -54.01773485, -15.20562118 ], [ -54.01816018, -15.20404116 ], [ -54.018275, -15.20274601 ], [ -54.017682, -15.20196188 ], [ -54.01765291, -15.20196209 ], [ -54.01517455, -15.20197955 ], [ -54.01568722, -15.19780923 ], [ -54.01172919, -15.19775639 ], [ -54.00777117, -15.19770355 ], [ -54.00381314, -15.19765071 ], [ -53.99985511, -15.19759787 ], [ -53.99589708, -15.19754503 ], [ -53.99193906, -15.19749219 ], [ -53.98798103, -15.19743935 ] ] ] } },
{ "type": "Feature", "properties": { }, "geometry": { "type": "Polygon", "coordinates": [ [ [ -54.00290229, -15.14083782 ], [ -53.99991939, -15.13801743 ], [ -53.9969365, -15.13519704 ], [ -53.9939536, -15.13237664 ], [ -53.9909707, -15.12955625 ], [ -53.98798781, -15.12673586 ], [ -53.98500491, -15.12391546 ], [ -53.98367073, -15.12707547 ], [ -53.98349534, -15.12749088 ], [ -53.98208283, -15.13083641 ], [ -53.98067032, -15.13418193 ], [ -53.97925781, -15.13752746 ], [ -53.9778453, -15.14087298 ], [ -53.97643279, -15.14421851 ], [ -53.97953944, -15.14640712 ], [ -53.98264608, -15.14859573 ], [ -53.98575273, -15.15078435 ], [ -53.98885937, -15.15297296 ], [ -53.99196602, -15.15516157 ], [ -53.99507266, -15.15735018 ], [ -53.99663859, -15.15404771 ], [ -53.99820451, -15.15074524 ], [ -53.99977044, -15.14744277 ], [ -54.00133636, -15.14414029 ], [ -54.00290229, -15.14083782 ] ] ] } },
{ "type": "Feature", "properties": { }, "geometry": { "type": "Polygon", "coordinates": [ [ [ -54.40684556, -15.16183008 ], [ -54.40595779, -15.16442131 ], [ -54.40507002, -15.16701254 ], [ -54.40909935, -15.16742862 ], [ -54.41312867, -15.1678447 ], [ -54.417158, -15.16826078 ], [ -54.42118733, -15.16867686 ], [ -54.42521666, -15.16909294 ], [ -54.42924598, -15.16950902 ], [ -54.43327531, -15.1699251 ], [ -54.43730464, -15.17034117 ], [ -54.43804606, -15.16813139 ], [ -54.43893163, -15.16549191 ], [ -54.43492087, -15.16503418 ], [ -54.43091011, -15.16457645 ], [ -54.42689935, -15.16411872 ], [ -54.4228886, -15.16366099 ], [ -54.41887784, -15.16320327 ], [ -54.41486708, -15.16274554 ], [ -54.41085632, -15.16228781 ], [ -54.40684556, -15.16183008 ] ] ] } },
{ "type": "Feature", "properties": { }, "geometry": { "type": "Polygon", "coordinates": [ [ [ -53.98755666, -15.19701808 ], [ -53.98568553, -15.19959421 ], [ -53.98393358, -15.20108749 ], [ -53.98331799, -15.20371994 ], [ -53.98290742, -15.20428712 ], [ -53.98191314, -15.2067998 ], [ -53.98091885, -15.20931248 ], [ -53.98152284, -15.21307674 ], [ -53.98166104, -15.2145317 ], [ -53.98582382, -15.21490974 ], [ -53.9899866, -15.21528778 ], [ -53.99290563, -15.21346195 ], [ -53.99582465, -15.21163612 ], [ -53.99874368, -15.20981029 ], [ -53.99594693, -15.20661224 ], [ -53.99315017, -15.20341419 ], [ -53.99035342, -15.20021613 ], [ -53.98755666, -15.19701808 ] ] ] } },
{ "type": "Feature", "properties": { }, "geometry": { "type": "Polygon", "coordinates": [ [ [ -54.44067286, -15.16030201 ], [ -54.43665517, -15.15987816 ], [ -54.43263749, -15.15945431 ], [ -54.42861981, -15.15903046 ], [ -54.42460212, -15.15860661 ], [ -54.42058444, -15.15818276 ], [ -54.41656675, -15.1577589 ], [ -54.41254907, -15.15733505 ], [ -54.40853138, -15.1569112 ], [ -54.40844404, -15.15716606 ], [ -54.40764501, -15.15949809 ], [ -54.40684598, -15.16183013 ], [ -54.41085668, -15.16228785 ], [ -54.41486739, -15.16274557 ], [ -54.4188781, -15.16320329 ], [ -54.4228888, -15.16366102 ], [ -54.42689951, -15.16411874 ], [ -54.43091022, -15.16457646 ], [ -54.43492092, -15.16503419 ], [ -54.43893163, -15.16549191 ], [ -54.43980224, -15.16289696 ], [ -54.44067286, -15.16030201 ] ] ] } },
{ "type": "Feature", "properties": { }, "geometry": { "type": "Polygon", "coordinates": [ [ [ -54.40367782, -15.17107453 ], [ -54.40327389, -15.17225306 ], [ -54.40299674, -15.17305973 ], [ -54.40154622, -15.17729145 ], [ -54.40009569, -15.18152318 ], [ -54.39864517, -15.1857549 ], [ -54.39719464, -15.18998663 ], [ -54.39574412, -15.19421835 ], [ -54.39429359, -15.19845008 ], [ -54.39284307, -15.2026818 ], [ -54.39139254, -15.20691353 ], [ -54.39118619, -15.20934928 ], [ -54.39097984, -15.21178503 ], [ -54.3906702, -15.21541794 ], [ -54.39036055, -15.21905084 ], [ -54.39005091, -15.22268375 ], [ -54.38966607, -15.22680863 ], [ -54.38928123, -15.23093352 ], [ -54.38889639, -15.23505841 ], [ -54.39328895, -15.23588783 ], [ -54.39768152, -15.23671724 ], [ -54.39844535, -15.23284263 ], [ -54.39920917, -15.22896801 ], [ -54.39997299, -15.2250934 ], [ -54.40073682, -15.22121879 ], [ -54.40150064, -15.21734417 ], [ -54.40226446, -15.21346956 ], [ -54.40302829, -15.20959494 ], [ -54.40341935, -15.20973367 ], [ -54.40376792, -15.20974265 ], [ -54.404355, -15.20968888 ], [ -54.40464034, -15.2097921 ], [ -54.40499064, -15.20963247 ], [ -54.40563863, -15.20963727 ], [ -54.40621517, -15.2096098 ], [ -54.40669359, -15.21004621 ], [ -54.40759888, -15.20966135 ], [ -54.40913653, -15.20931458 ], [ -54.41033723, -15.20884926 ], [ -54.41124584, -15.2086339 ], [ -54.41171484, -15.20827475 ], [ -54.41208716, -15.20811207 ], [ -54.41225588, -15.20795805 ], [ -54.41277882, -15.20780228 ], [ -54.41328178, -15.20766151 ], [ -54.41356126, -15.20769128 ], [ -54.41426647, -15.20723834 ], [ -54.41478506, -15.20701156 ], [ -54.41530516, -15.20687717 ], [ -54.41585553, -15.2064881 ], [ -54.41639371, -15.20638368 ], [ -54.41676797, -15.20608455 ], [ -54.41726335, -15.2060576 ], [ -54.41784685, -15.2058267 ], [ -54.41829025, -15.205697 ], [ -54.41901969, -15.2054922 ], [ -54.41954376, -15.20543334 ], [ -54.42032679, -15.20557422 ], [ -54.42055071, -15.20552114 ], [ -54.42109699, -15.20526801 ], [ -54.42203838, -15.2052049 ], [ -54.4223613, -15.2049522 ], [ -54.42277895, -15.20491039 ], [ -54.42370634, -15.20492065 ], [ -54.42436263, -15.2052027 ], [ -54.42503651, -15.20527317 ], [ -54.42544819, -15.20567618 ], [ -54.42661473, -15.2021998 ], [ -54.42778127, -15.19872342 ], [ -54.42894781, -15.19524704 ], [ -54.43011434, -15.19177066 ], [ -54.43143388, -15.18783813 ], [ -54.43275341, -15.18390561 ], [ -54.43407285, -15.17997321 ], [ -54.4353923, -15.1760408 ], [ -54.43566647, -15.17522367 ], [ -54.43178913, -15.17472075 ], [ -54.4279118, -15.17421784 ], [ -54.42403446, -15.17371492 ], [ -54.42015713, -15.17321201 ], [ -54.4162798, -15.1727091 ], [ -54.41240246, -15.17220618 ], [ -54.40804014, -15.17164036 ], [ -54.40367782, -15.17107453 ] ] ] } },
{ "type": "Feature", "properties": { }, "geometry": { "type": "Polygon", "coordinates": [ [ [ -54.34485409, -15.20712075 ], [ -54.34583312, -15.20288363 ], [ -54.346497, -15.2000103 ], [ -54.34479346, -15.1997349 ], [ -54.3421926, -15.19942702 ], [ -54.34121709, -15.20366667 ], [ -54.34024158, -15.20790632 ], [ -54.33926607, -15.21214597 ], [ -54.33842913, -15.21582587 ], [ -54.33759219, -15.21950577 ], [ -54.33669609, -15.22343444 ], [ -54.33579999, -15.22736312 ], [ -54.33490388, -15.23129179 ], [ -54.33400778, -15.23522047 ], [ -54.33311168, -15.23914914 ], [ -54.33221557, -15.24307782 ], [ -54.33131947, -15.24700649 ], [ -54.33042337, -15.25093517 ], [ -54.32942879, -15.25527699 ], [ -54.32862893, -15.25874496 ], [ -54.32782906, -15.26221293 ], [ -54.32702919, -15.2656809 ], [ -54.32622932, -15.26914887 ], [ -54.32540174, -15.27277183 ], [ -54.32457415, -15.2763948 ], [ -54.32374656, -15.28001776 ], [ -54.32291898, -15.28364072 ], [ -54.32209139, -15.28726368 ], [ -54.32130342, -15.29068657 ], [ -54.32051544, -15.29410945 ], [ -54.31972747, -15.29753233 ], [ -54.31883435, -15.30140857 ], [ -54.31794123, -15.3052848 ], [ -54.3170481, -15.30916103 ], [ -54.31624313, -15.31268301 ], [ -54.31543816, -15.316205 ], [ -54.31463319, -15.31972699 ], [ -54.31369576, -15.32353188 ], [ -54.31275833, -15.32733678 ], [ -54.31306422, -15.32816241 ], [ -54.31412557, -15.32959326 ], [ -54.31456877, -15.3320554 ], [ -54.31319233, -15.33342981 ], [ -54.31363382, -15.33384159 ], [ -54.31520919, -15.3336528 ], [ -54.31595627, -15.33347978 ], [ -54.31640046, -15.33147227 ], [ -54.31732721, -15.32740981 ], [ -54.31774087, -15.32562637 ], [ -54.31850035, -15.32226641 ], [ -54.31925983, -15.31890644 ], [ -54.32010923, -15.31519888 ], [ -54.32095863, -15.31149132 ], [ -54.32180803, -15.30778376 ], [ -54.32265743, -15.3040762 ], [ -54.32350683, -15.30036864 ], [ -54.32441356, -15.29638715 ], [ -54.32538799, -15.29219871 ], [ -54.32636242, -15.28801027 ], [ -54.3271839, -15.28442334 ], [ -54.32800538, -15.2808364 ], [ -54.32882686, -15.27724947 ], [ -54.32964835, -15.27366254 ], [ -54.33046983, -15.27007561 ], [ -54.33122144, -15.26680275 ], [ -54.33197306, -15.26352989 ], [ -54.33272467, -15.26025703 ], [ -54.33360691, -15.25633386 ], [ -54.33448915, -15.25241068 ], [ -54.33516874, -15.24942597 ], [ -54.33584833, -15.24644126 ], [ -54.33652792, -15.24345655 ], [ -54.33721713, -15.24047932 ], [ -54.33790635, -15.23750208 ], [ -54.3384912, -15.23497553 ], [ -54.33907604, -15.23244898 ], [ -54.33996619, -15.22853214 ], [ -54.34085633, -15.22461531 ], [ -54.34174648, -15.22069847 ], [ -54.34263663, -15.21678163 ], [ -54.34352678, -15.21286479 ], [ -54.34367188, -15.21223689 ], [ -54.34426298, -15.20967882 ], [ -54.34485409, -15.20712075 ] ] ] } },
{ "type": "Feature", "properties": { }, "geometry": { "type": "Polygon", "coordinates": [ [ [ -52.97417833, -11.87818548 ], [ -52.97006796, -11.87989877 ], [ -52.9659576, -11.88161206 ], [ -52.96184723, -11.88332535 ], [ -52.95773687, -11.88503863 ], [ -52.95362651, -11.88675192 ], [ -52.94951614, -11.88846521 ], [ -52.94540578, -11.89017849 ], [ -52.94129541, -11.89189178 ], [ -52.93718505, -11.89360507 ], [ -52.93307468, -11.89531836 ], [ -52.92896432, -11.89703164 ], [ -52.92485395, -11.89874493 ], [ -52.92074359, -11.90045822 ], [ -52.91663322, -11.9021715 ], [ -52.91252286, -11.90388479 ], [ -52.90841249, -11.90559808 ], [ -52.90430213, -11.90731136 ], [ -52.90019176, -11.90902465 ], [ -52.8960814, -11.91073794 ], [ -52.89197103, -11.91245123 ], [ -52.88786067, -11.91416451 ], [ -52.88375031, -11.9158778 ], [ -52.88501591, -11.92005117 ], [ -52.88628152, -11.92422455 ], [ -52.88754713, -11.92839792 ], [ -52.88881274, -11.93257129 ], [ -52.89007835, -11.93674466 ], [ -52.89134396, -11.94091804 ], [ -52.89260957, -11.94509141 ], [ -52.89387518, -11.94926478 ], [ -52.89514079, -11.95343816 ], [ -52.8964064, -11.95761153 ], [ -52.89767201, -11.9617849 ], [ -52.89893761, -11.96595828 ], [ -52.90020322, -11.97013165 ], [ -52.90146883, -11.97430502 ], [ -52.90273444, -11.9784784 ], [ -52.90400005, -11.98265177 ], [ -52.90526566, -11.98682514 ], [ -52.90653127, -11.99099851 ], [ -52.90779688, -11.99517189 ], [ -52.90906249, -11.99934526 ], [ -52.9103281, -12.00351863 ], [ -52.91159371, -12.00769201 ], [ -52.91285931, -12.01186538 ], [ -52.90895324, -12.0129899 ], [ -52.90504716, -12.01411442 ], [ -52.90114108, -12.01523893 ], [ -52.897235, -12.01636345 ], [ -52.89425367, -12.01721993 ], [ -52.89127234, -12.01807642 ], [ -52.89257459, -12.02234705 ], [ -52.89387683, -12.02661769 ], [ -52.89517907, -12.03088833 ], [ -52.89648132, -12.03515897 ], [ -52.89778356, -12.03942961 ], [ -52.89908581, -12.04370025 ], [ -52.90038805, -12.04797089 ], [ -52.90169029, -12.05224152 ], [ -52.90299254, -12.05651216 ], [ -52.90429478, -12.0607828 ], [ -52.90559703, -12.06505344 ], [ -52.90689927, -12.06932408 ], [ -52.90820152, -12.07359472 ], [ -52.90950376, -12.07786536 ], [ -52.910806, -12.08213599 ], [ -52.91210825, -12.08640663 ], [ -52.91341049, -12.09067727 ], [ -52.91471274, -12.09494791 ], [ -52.91601498, -12.09921855 ], [ -52.91731723, -12.10348919 ], [ -52.91861947, -12.10775983 ], [ -52.91992171, -12.11203047 ], [ -52.92097378, -12.11532903 ], [ -52.92202585, -12.1186276 ], [ -52.92307792, -12.12192617 ], [ -52.92412999, -12.12522473 ], [ -52.92064527, -12.12746794 ], [ -52.91716056, -12.12971116 ], [ -52.91367584, -12.13195437 ], [ -52.91019113, -12.13419758 ], [ -52.90670641, -12.13644079 ], [ -52.90322169, -12.13868401 ], [ -52.89973698, -12.14092722 ], [ -52.89625226, -12.14317043 ], [ -52.89276755, -12.14541364 ], [ -52.88928283, -12.14765686 ], [ -52.88579811, -12.14990007 ], [ -52.8823134, -12.15214328 ], [ -52.87981024, -12.15481186 ], [ -52.87730709, -12.15748044 ], [ -52.87480394, -12.16014902 ], [ -52.87603877, -12.16419755 ], [ -52.8772736, -12.16824609 ], [ -52.87850843, -12.17229462 ], [ -52.87974327, -12.17634315 ], [ -52.8809781, -12.18039168 ], [ -52.88457728, -12.17807152 ], [ -52.88817645, -12.17575136 ], [ -52.89177563, -12.1734312 ], [ -52.89537481, -12.17111103 ], [ -52.89897399, -12.16879087 ], [ -52.90257317, -12.16647071 ], [ -52.90617234, -12.16415055 ], [ -52.90977152, -12.16183038 ], [ -52.9133707, -12.15951022 ], [ -52.91696988, -12.15719006 ], [ -52.92056905, -12.1548699 ], [ -52.92416823, -12.15254973 ], [ -52.92776741, -12.15022957 ], [ -52.93136659, -12.14790941 ], [ -52.93452451, -12.14585802 ], [ -52.93768244, -12.14380663 ], [ -52.94084036, -12.14175524 ], [ -52.94399828, -12.13970386 ], [ -52.94715621, -12.13765247 ], [ -52.95031413, -12.13560108 ], [ -52.94911948, -12.13178409 ], [ -52.94792482, -12.12796709 ], [ -52.94673017, -12.1241501 ], [ -52.94553551, -12.12033311 ], [ -52.94434086, -12.11651611 ], [ -52.9431462, -12.11269912 ], [ -52.94207773, -12.10889952 ], [ -52.94100925, -12.10509992 ], [ -52.93994077, -12.10130033 ], [ -52.9388723, -12.09750073 ], [ -52.93780382, -12.09370113 ], [ -52.93673535, -12.08990154 ], [ -52.93566687, -12.08610194 ], [ -52.9345984, -12.08230234 ], [ -52.93893395, -12.08124571 ], [ -52.9432695, -12.08018907 ], [ -52.94760506, -12.07913243 ], [ -52.95194061, -12.07807579 ], [ -52.95627617, -12.07701916 ], [ -52.96061172, -12.07596252 ], [ -52.96494727, -12.07490588 ], [ -52.96928283, -12.07384924 ], [ -52.97361838, -12.07279261 ], [ -52.97795393, -12.07173597 ], [ -52.98228949, -12.07067933 ], [ -52.98662504, -12.06962269 ], [ -52.9909606, -12.06856605 ], [ -52.98969782, -12.06469109 ], [ -52.98843504, -12.06081613 ], [ -52.98717226, -12.05694116 ], [ -52.98590948, -12.0530662 ], [ -52.98874987, -12.05214277 ], [ -52.99159026, -12.05121935 ], [ -52.99031761, -12.04692734 ], [ -52.98904495, -12.04263533 ], [ -52.98777229, -12.03834332 ], [ -52.98649963, -12.0340513 ], [ -52.98522697, -12.02975929 ], [ -52.98395431, -12.02546728 ], [ -52.98268165, -12.02117527 ], [ -52.98140899, -12.01688326 ], [ -52.98013633, -12.01259125 ], [ -52.97886367, -12.00829924 ], [ -52.97759101, -12.00400723 ], [ -52.97631836, -11.99971522 ], [ -52.9750457, -11.99542321 ], [ -52.97377304, -11.9911312 ], [ -52.97625811, -11.99009168 ], [ -52.97874318, -11.98905217 ], [ -52.9813917, -11.9879481 ], [ -52.98404023, -11.98684403 ], [ -52.98365385, -11.98643461 ], [ -52.98328712, -11.98215116 ], [ -52.98292038, -11.97786771 ], [ -52.98255365, -11.97358426 ], [ -52.98218691, -11.96930081 ], [ -52.98182018, -11.96501736 ], [ -52.98145345, -11.96073391 ], [ -52.98108671, -11.95645046 ], [ -52.98071998, -11.952167 ], [ -52.98035325, -11.94788355 ], [ -52.97998651, -11.9436001 ], [ -52.97961978, -11.93931665 ], [ -52.97925304, -11.9350332 ], [ -52.97888631, -11.93074975 ], [ -52.97851958, -11.9264663 ], [ -52.97815284, -11.92218285 ], [ -52.97778611, -11.9178994 ], [ -52.97741938, -11.91361594 ], [ -52.97701425, -11.90918714 ], [ -52.97660911, -11.90475833 ], [ -52.97620398, -11.90032952 ], [ -52.97579885, -11.89590071 ], [ -52.97539372, -11.89147191 ], [ -52.97498859, -11.8870431 ], [ -52.97458346, -11.88261429 ], [ -52.97417833, -11.87818548 ] ] ] } },
{ "type": "Feature", "properties": { }, "geometry": { "type": "Polygon", "coordinates": [ [ [ -52.23546944, -12.02977389 ], [ -52.23132463, -12.03074239 ], [ -52.22717981, -12.0317109 ], [ -52.223035, -12.0326794 ], [ -52.21889018, -12.0336479 ], [ -52.21474537, -12.0346164 ], [ -52.21060055, -12.03558491 ], [ -52.20645574, -12.03655341 ], [ -52.20231092, -12.03752191 ], [ -52.19816611, -12.03849041 ], [ -52.1940213, -12.03945892 ], [ -52.18987648, -12.04042742 ], [ -52.18573167, -12.04139592 ], [ -52.18158685, -12.04236443 ], [ -52.17744204, -12.04333293 ], [ -52.17329722, -12.04430143 ], [ -52.16915241, -12.04526993 ], [ -52.16500759, -12.04623844 ], [ -52.16086278, -12.04720694 ], [ -52.15728161, -12.04805416 ], [ -52.15370044, -12.04890139 ], [ -52.15011928, -12.04974861 ], [ -52.14653811, -12.05059584 ], [ -52.14295694, -12.05144306 ], [ -52.13900567, -12.05236334 ], [ -52.1350544, -12.05328361 ], [ -52.13110313, -12.05420389 ], [ -52.12715187, -12.05512417 ], [ -52.1232006, -12.05604445 ], [ -52.11924933, -12.05696472 ], [ -52.11529806, -12.057885 ], [ -52.11493806, -12.05796889 ], [ -52.112565, -12.05852139 ], [ -52.10827429, -12.05951614 ], [ -52.10398358, -12.0605109 ], [ -52.09969287, -12.06150565 ], [ -52.09540216, -12.0625004 ], [ -52.09111145, -12.06349516 ], [ -52.08682074, -12.06448991 ], [ -52.08253003, -12.06548466 ], [ -52.07823932, -12.06647942 ], [ -52.07394861, -12.06747417 ], [ -52.07489576, -12.07146321 ], [ -52.0758429, -12.07545225 ], [ -52.07679005, -12.07944129 ], [ -52.07773719, -12.08343033 ], [ -52.07868434, -12.08741937 ], [ -52.07963149, -12.09140841 ], [ -52.08057863, -12.09539745 ], [ -52.08152578, -12.09938649 ], [ -52.08247293, -12.10337553 ], [ -52.08342007, -12.10736457 ], [ -52.08436722, -12.11135361 ], [ -52.08078965, -12.11217048 ], [ -52.07721208, -12.11298736 ], [ -52.07363451, -12.11380423 ], [ -52.07005694, -12.11462111 ], [ -52.0659475, -12.11558321 ], [ -52.06183805, -12.11654531 ], [ -52.05772861, -12.11750741 ], [ -52.05361916, -12.11846951 ], [ -52.04950972, -12.1194316 ], [ -52.04540027, -12.1203937 ], [ -52.04129083, -12.1213558 ], [ -52.03718138, -12.1223179 ], [ -52.03307194, -12.12328 ], [ -52.029228, -12.12419555 ], [ -52.02538407, -12.12511111 ], [ -52.02154013, -12.12602666 ], [ -52.0176962, -12.12694222 ], [ -52.01385226, -12.12785777 ], [ -52.01000833, -12.12877333 ], [ -52.00960278, -12.12886556 ], [ -52.00593188, -12.12970084 ], [ -52.00226097, -12.13053612 ], [ -51.99859007, -12.13137139 ], [ -51.99491917, -12.13220667 ], [ -51.99084617, -12.13316268 ], [ -51.98677316, -12.13411869 ], [ -51.98270015, -12.1350747 ], [ -51.97862715, -12.13603071 ], [ -51.97455414, -12.13698672 ], [ -51.97048114, -12.13794273 ], [ -51.96640813, -12.13889874 ], [ -51.96233513, -12.13985475 ], [ -51.95826212, -12.14081076 ], [ -51.95418912, -12.14176677 ], [ -51.95011611, -12.14272278 ], [ -51.95107305, -12.14672679 ], [ -51.95203, -12.1507308 ], [ -51.95298694, -12.15473482 ], [ -51.95394389, -12.15873883 ], [ -51.95490083, -12.16274284 ], [ -51.95585778, -12.16674685 ], [ -51.95681472, -12.17075087 ], [ -51.95777167, -12.17475488 ], [ -51.95872861, -12.17875889 ], [ -51.9588325, -12.17913278 ], [ -51.95978888, -12.18321053 ], [ -51.96074526, -12.18728829 ], [ -51.96172798, -12.18705185 ], [ -51.96610229, -12.18603656 ], [ -51.97047659, -12.18502127 ], [ -51.97485089, -12.18400598 ], [ -51.9792252, -12.18299069 ], [ -51.9835995, -12.18197541 ], [ -51.9879738, -12.18096012 ], [ -51.99234811, -12.17994483 ], [ -51.99672241, -12.17892954 ], [ -52.00109671, -12.17791425 ], [ -52.00547102, -12.17689897 ], [ -52.00964118, -12.17592988 ], [ -52.01381135, -12.1749608 ], [ -52.01798151, -12.17399172 ], [ -52.02215168, -12.17302263 ], [ -52.02632184, -12.17205355 ], [ -52.030492, -12.17108447 ], [ -52.03466217, -12.17011539 ], [ -52.03883233, -12.1691463 ], [ -52.0430025, -12.16817722 ], [ -52.04729681, -12.16717944 ], [ -52.05159112, -12.16618166 ], [ -52.05588543, -12.16518388 ], [ -52.06017974, -12.16418611 ], [ -52.06447405, -12.16318833 ], [ -52.06876836, -12.16219055 ], [ -52.07306267, -12.16119277 ], [ -52.07735697, -12.16019499 ], [ -52.08165128, -12.15919721 ], [ -52.08594559, -12.15819943 ], [ -52.0902399, -12.15720165 ], [ -52.09453421, -12.15620388 ], [ -52.09553055, -12.16039964 ], [ -52.09652689, -12.1645954 ], [ -52.09752323, -12.16879116 ], [ -52.09851956, -12.17298692 ], [ -52.0995159, -12.17718268 ], [ -52.10051224, -12.18137844 ], [ -52.10150858, -12.1855742 ], [ -52.10250492, -12.18976996 ], [ -52.10350125, -12.19396572 ], [ -52.10449759, -12.19816148 ], [ -52.10549393, -12.20235725 ], [ -52.10649027, -12.20655301 ], [ -52.10748661, -12.21074877 ], [ -52.10848295, -12.21494453 ], [ -52.10947928, -12.21914029 ], [ -52.11047562, -12.22333605 ], [ -52.11147196, -12.22753181 ], [ -52.1124683, -12.23172757 ], [ -52.11346464, -12.23592333 ], [ -52.11446097, -12.24011909 ], [ -52.11545731, -12.24431485 ], [ -52.11636763, -12.24785772 ], [ -52.11727794, -12.25140058 ], [ -52.11818826, -12.25494344 ], [ -52.11909857, -12.25848631 ], [ -52.12000889, -12.26202917 ], [ -52.12048306, -12.26403 ], [ -52.12126421, -12.26719157 ], [ -52.12204535, -12.27035314 ], [ -52.12250361, -12.272555 ], [ -52.1220775, -12.27376917 ], [ -52.12133028, -12.27489639 ], [ -52.1203475, -12.27607611 ], [ -52.11952056, -12.27664111 ], [ -52.11867472, -12.27675667 ], [ -52.11811694, -12.2765525 ], [ -52.11779583, -12.276115 ], [ -52.11699222, -12.27571722 ], [ -52.11605639, -12.27552139 ], [ -52.11590417, -12.27533861 ], [ -52.11545972, -12.27463444 ], [ -52.11470806, -12.27390444 ], [ -52.11444194, -12.27414639 ], [ -52.11395528, -12.27421139 ], [ -52.11341444, -12.27410028 ], [ -52.11290528, -12.27371694 ], [ -52.11268833, -12.27365056 ], [ -52.11236528, -12.27377361 ], [ -52.11144694, -12.27437194 ], [ -52.11121222, -12.27440194 ], [ -52.11068639, -12.27446889 ], [ -52.11027361, -12.27494694 ], [ -52.11018917, -12.27552556 ], [ -52.10978889, -12.27590972 ], [ -52.10919583, -12.2760025 ], [ -52.10884361, -12.27694111 ], [ -52.10865528, -12.27769167 ], [ -52.10892667, -12.27800194 ], [ -52.10880889, -12.27844056 ], [ -52.10799444, -12.27902917 ], [ -52.10739917, -12.27908278 ], [ -52.1072725, -12.2789075 ], [ -52.10742861, -12.27882472 ], [ -52.1076225, -12.27884944 ], [ -52.1078975, -12.27861694 ], [ -52.10774167, -12.27844833 ], [ -52.10746833, -12.27844778 ], [ -52.1071675, -12.27862389 ], [ -52.10700722, -12.2791425 ], [ -52.10676556, -12.27993389 ], [ -52.10596056, -12.28082667 ], [ -52.10557139, -12.28090472 ], [ -52.10497667, -12.28042583 ], [ -52.10459972, -12.27985444 ], [ -52.104455, -12.27976694 ], [ -52.10424222, -12.27975167 ], [ -52.10412389, -12.28006389 ], [ -52.10420944, -12.28110361 ], [ -52.10330722, -12.28323111 ], [ -52.10345111, -12.28452806 ], [ -52.103205, -12.2850775 ], [ -52.10266639, -12.28555028 ], [ -52.10108694, -12.28479167 ], [ -52.10054111, -12.28483389 ], [ -52.0992425, -12.28530917 ], [ -52.09820778, -12.28541694 ], [ -52.09787111, -12.28430361 ], [ -52.09818139, -12.28335944 ], [ -52.09904278, -12.28265472 ], [ -52.09920417, -12.28265167 ], [ -52.09873472, -12.28197611 ], [ -52.09855528, -12.28148333 ], [ -52.09845889, -12.28085167 ], [ -52.097315, -12.28124083 ], [ -52.09588833, -12.28066806 ], [ -52.09541944, -12.28108 ], [ -52.095315, -12.28131444 ], [ -52.0952625, -12.28289278 ], [ -52.09496639, -12.28350917 ], [ -52.09466889, -12.28374167 ], [ -52.09334222, -12.28386139 ], [ -52.09298944, -12.28357222 ], [ -52.09249167, -12.28322 ], [ -52.09270972, -12.28256 ], [ -52.09370861, -12.28161694 ], [ -52.09376361, -12.28113611 ], [ -52.09341306, -12.28083389 ], [ -52.09292417, -12.28103917 ], [ -52.09256222, -12.28133028 ], [ -52.09233917, -12.28199861 ], [ -52.09234972, -12.28357611 ], [ -52.09199472, -12.28461944 ], [ -52.09125111, -12.2854675 ], [ -52.09049556, -12.28594056 ], [ -52.08954083, -12.286175 ], [ -52.088195, -12.28583167 ], [ -52.08726111, -12.28491889 ], [ -52.08690694, -12.28396139 ], [ -52.08693889, -12.28271778 ], [ -52.08688778, -12.28252083 ], [ -52.08662889, -12.28204278 ], [ -52.08571667, -12.28227194 ], [ -52.08529528, -12.28267444 ], [ -52.08511167, -12.28309972 ], [ -52.08455972, -12.28526528 ], [ -52.08428333, -12.28554722 ], [ -52.08379667, -12.28548139 ], [ -52.08274, -12.28522056 ], [ -52.08202889, -12.28414972 ], [ -52.081425, -12.28298417 ], [ -52.08138611, -12.28193833 ], [ -52.08227222, -12.28040333 ], [ -52.0824175, -12.27984944 ], [ -52.082425, -12.27953944 ], [ -52.08229222, -12.27908056 ], [ -52.08197722, -12.278595 ], [ -52.07928139, -12.27797583 ], [ -52.07871139, -12.27809583 ], [ -52.07719972, -12.27860361 ], [ -52.07469889, -12.27963611 ], [ -52.07344333, -12.28027889 ], [ -52.07310889, -12.28066444 ], [ -52.07134111, -12.28136722 ], [ -52.0704625, -12.281905 ], [ -52.07018611, -12.28220278 ], [ -52.06981306, -12.28288278 ], [ -52.06811583, -12.28348167 ], [ -52.06709, -12.28398639 ], [ -52.06680444, -12.28439639 ], [ -52.06694083, -12.28472639 ], [ -52.06707417, -12.2847175 ], [ -52.0673, -12.28449556 ], [ -52.06832778, -12.28369639 ], [ -52.06946972, -12.28368972 ], [ -52.06991556, -12.284125 ], [ -52.07020972, -12.28444889 ], [ -52.0702075, -12.2849825 ], [ -52.06856639, -12.28605722 ], [ -52.0681425, -12.28650111 ], [ -52.06784333, -12.28719361 ], [ -52.06735, -12.28752944 ], [ -52.06647333, -12.28749444 ], [ -52.06629361, -12.28772833 ], [ -52.06653444, -12.28812194 ], [ -52.06729222, -12.28910167 ], [ -52.06736, -12.29104861 ], [ -52.0664325, -12.29267639 ], [ -52.06593, -12.2939525 ], [ -52.06428861, -12.29495139 ], [ -52.06386556, -12.29481639 ], [ -52.06339556, -12.29445583 ], [ -52.06294333, -12.29446278 ], [ -52.06313083, -12.29471778 ], [ -52.06366861, -12.29494333 ], [ -52.06409111, -12.295365 ], [ -52.06441528, -12.29575333 ], [ -52.06442972, -12.29665667 ], [ -52.06296639, -12.29700833 ], [ -52.06278222, -12.29737694 ], [ -52.06360194, -12.2975775 ], [ -52.06405361, -12.29797111 ], [ -52.06443639, -12.2984625 ], [ -52.06444639, -12.29992 ], [ -52.06461028, -12.30041111 ], [ -52.06446333, -12.30114 ], [ -52.06255833, -12.30038639 ], [ -52.06204306, -12.30048417 ], [ -52.06031056, -12.30130944 ], [ -52.05916528, -12.301775 ], [ -52.0593625, -12.3018875 ], [ -52.06105306, -12.30160722 ], [ -52.06215667, -12.30186889 ], [ -52.06255472, -12.30235667 ], [ -52.06325667, -12.30369028 ], [ -52.06301056, -12.3042975 ], [ -52.0623975, -12.30430167 ], [ -52.06165278, -12.30386667 ], [ -52.06080028, -12.30385194 ], [ -52.06047917, -12.30405639 ], [ -52.06037806, -12.30449611 ], [ -52.06229111, -12.30592611 ], [ -52.06178944, -12.30748167 ], [ -52.06314556, -12.30696417 ], [ -52.06380139, -12.30604972 ], [ -52.06426667, -12.30656472 ], [ -52.06672278, -12.3073525 ], [ -52.06713417, -12.30782389 ], [ -52.06751139, -12.30829333 ], [ -52.06707694, -12.30955528 ], [ -52.06747278, -12.30941444 ], [ -52.06918417, -12.30722139 ], [ -52.06974833, -12.30694556 ], [ -52.07035472, -12.30720889 ], [ -52.07077278, -12.30767917 ], [ -52.07101528, -12.30820639 ], [ -52.07076028, -12.31017056 ], [ -52.07061167, -12.31290069 ], [ -52.07046306, -12.31563083 ], [ -52.07056694, -12.31755667 ], [ -52.07040667, -12.31826833 ], [ -52.06777639, -12.31900556 ], [ -52.06674139, -12.31858556 ], [ -52.06616556, -12.31826222 ], [ -52.06620167, -12.3175375 ], [ -52.06689528, -12.31624139 ], [ -52.06646889, -12.31579056 ], [ -52.0664175, -12.31585806 ], [ -52.0642075, -12.31674 ], [ -52.06383083, -12.31714111 ], [ -52.06399806, -12.318205 ], [ -52.06379139, -12.31863833 ], [ -52.06290167, -12.318745 ], [ -52.061745, -12.31839361 ], [ -52.06216806, -12.31915639 ], [ -52.06233111, -12.31971306 ], [ -52.06194472, -12.321245 ], [ -52.06176972, -12.32192056 ], [ -52.06156778, -12.32218472 ], [ -52.06003639, -12.32157722 ], [ -52.05899056, -12.32119944 ], [ -52.05872556, -12.32148583 ], [ -52.05902583, -12.32177417 ], [ -52.05945694, -12.322185 ], [ -52.05969083, -12.32286167 ], [ -52.05939806, -12.32327167 ], [ -52.0578775, -12.32347222 ], [ -52.05687639, -12.32302667 ], [ -52.05549139, -12.32157528 ], [ -52.05545, -12.32182583 ], [ -52.05603056, -12.32363306 ], [ -52.055935, -12.325445 ], [ -52.057715, -12.32544806 ], [ -52.05833278, -12.32578694 ], [ -52.05863806, -12.32632806 ], [ -52.05918306, -12.32748833 ], [ -52.06008722, -12.32817444 ], [ -52.06098333, -12.32874944 ], [ -52.06134417, -12.32922361 ], [ -52.06162833, -12.33044639 ], [ -52.062535, -12.33131889 ], [ -52.06195111, -12.33257417 ], [ -52.06197361, -12.33261111 ], [ -52.06614961, -12.33170299 ], [ -52.0703256, -12.33079487 ], [ -52.0745016, -12.32988675 ], [ -52.0786776, -12.32897863 ], [ -52.08285359, -12.32807051 ], [ -52.08702959, -12.32716239 ], [ -52.09120559, -12.32625427 ], [ -52.09538159, -12.32534614 ], [ -52.09955758, -12.32443802 ], [ -52.10373358, -12.3235299 ], [ -52.10790958, -12.32262178 ], [ -52.11208557, -12.32171366 ], [ -52.11626157, -12.32080554 ], [ -52.12043757, -12.31989742 ], [ -52.12461357, -12.3189893 ], [ -52.12878956, -12.31808118 ], [ -52.13296556, -12.31717306 ], [ -52.13696897, -12.31630258 ], [ -52.14097238, -12.3154321 ], [ -52.14497579, -12.31456162 ], [ -52.1489792, -12.31369114 ], [ -52.1529826, -12.31282066 ], [ -52.15698601, -12.31195018 ], [ -52.16098942, -12.3110797 ], [ -52.16499283, -12.31020922 ], [ -52.16899624, -12.30933874 ], [ -52.17299965, -12.30846826 ], [ -52.17700306, -12.30759778 ], [ -52.176875, -12.30745583 ], [ -52.17708139, -12.30540972 ], [ -52.1761825, -12.30492028 ], [ -52.17589111, -12.30426278 ], [ -52.17534694, -12.30226667 ], [ -52.17563139, -12.30127278 ], [ -52.17526056, -12.29956417 ], [ -52.17460389, -12.29726722 ], [ -52.17451111, -12.29604333 ], [ -52.17394194, -12.29444556 ], [ -52.17436056, -12.29310639 ], [ -52.17531944, -12.29245056 ], [ -52.17478417, -12.29147 ], [ -52.17434444, -12.29159583 ], [ -52.1738825, -12.29099167 ], [ -52.17416278, -12.29058472 ], [ -52.17306694, -12.28982389 ], [ -52.17323583, -12.28924111 ], [ -52.17272861, -12.28851556 ], [ -52.17246417, -12.28737556 ], [ -52.17253139, -12.28624667 ], [ -52.17296639, -12.28616917 ], [ -52.17291861, -12.28550694 ], [ -52.17393167, -12.28490889 ], [ -52.174445, -12.28494444 ], [ -52.17461583, -12.28419722 ], [ -52.17388, -12.28389722 ], [ -52.17392917, -12.28293278 ], [ -52.17452778, -12.28289722 ], [ -52.17527167, -12.28178333 ], [ -52.17483722, -12.28120222 ], [ -52.1739275, -12.28156944 ], [ -52.17326917, -12.28114556 ], [ -52.17241194, -12.28103528 ], [ -52.17203722, -12.28084472 ], [ -52.17215694, -12.28041222 ], [ -52.17181083, -12.28020139 ], [ -52.17211167, -12.27933389 ], [ -52.17179111, -12.27907611 ], [ -52.17237472, -12.27720083 ], [ -52.17568652, -12.276475 ], [ -52.17899833, -12.27574917 ], [ -52.18320365, -12.27481635 ], [ -52.18740897, -12.27388353 ], [ -52.19161429, -12.2729507 ], [ -52.19581962, -12.27201788 ], [ -52.20002494, -12.27108506 ], [ -52.20423026, -12.27015224 ], [ -52.20843558, -12.26921942 ], [ -52.2126409, -12.2682866 ], [ -52.21684622, -12.26735378 ], [ -52.22105155, -12.26642095 ], [ -52.22525687, -12.26548813 ], [ -52.22946219, -12.26455531 ], [ -52.23366751, -12.26362249 ], [ -52.23787283, -12.26268967 ], [ -52.24207815, -12.26175685 ], [ -52.24628347, -12.26082402 ], [ -52.2504888, -12.2598912 ], [ -52.25469412, -12.25895838 ], [ -52.25889944, -12.25802556 ], [ -52.26297411, -12.2570995 ], [ -52.26704877, -12.25617345 ], [ -52.27112344, -12.25524739 ], [ -52.27519811, -12.25432134 ], [ -52.27927277, -12.25339528 ], [ -52.28334744, -12.25246922 ], [ -52.28742211, -12.25154317 ], [ -52.29149678, -12.25061711 ], [ -52.29557144, -12.24969106 ], [ -52.29964611, -12.248765 ], [ -52.30312152, -12.2479975 ], [ -52.30659694, -12.24723 ], [ -52.31000602, -12.24642361 ], [ -52.31341509, -12.24561722 ], [ -52.31682417, -12.24481083 ], [ -52.32081223, -12.24393639 ], [ -52.32480028, -12.24306194 ], [ -52.32878834, -12.2421875 ], [ -52.33277639, -12.24131305 ], [ -52.33676445, -12.24043861 ], [ -52.3407525, -12.23956417 ], [ -52.34474056, -12.23868972 ], [ -52.34872861, -12.23781528 ], [ -52.35271667, -12.23694083 ], [ -52.35670472, -12.23606639 ], [ -52.36068755, -12.23519558 ], [ -52.36467039, -12.23432478 ], [ -52.36865322, -12.23345397 ], [ -52.37263606, -12.23258317 ], [ -52.37661889, -12.23171236 ], [ -52.38060172, -12.23084155 ], [ -52.38458456, -12.22997075 ], [ -52.38856739, -12.22909994 ], [ -52.39255023, -12.22822914 ], [ -52.39653306, -12.22735833 ], [ -52.39667194, -12.22728389 ], [ -52.39679556, -12.22736806 ], [ -52.39653889, -12.22807583 ], [ -52.39669694, -12.22818111 ], [ -52.39654472, -12.2286375 ], [ -52.39642278, -12.22867778 ], [ -52.39612944, -12.22936722 ], [ -52.39618722, -12.23009278 ], [ -52.39602917, -12.230325 ], [ -52.39619028, -12.23136222 ], [ -52.39628417, -12.23153722 ], [ -52.39613167, -12.23177056 ], [ -52.39629778, -12.23287111 ], [ -52.39629889, -12.233585 ], [ -52.39644167, -12.23437417 ], [ -52.39648889, -12.23474806 ], [ -52.396755, -12.23529722 ], [ -52.39637278, -12.23629944 ], [ -52.39659472, -12.23667 ], [ -52.39650278, -12.23695028 ], [ -52.39663444, -12.23757028 ], [ -52.39662611, -12.23815444 ], [ -52.39687528, -12.23865417 ], [ -52.39712333, -12.23865333 ], [ -52.39719306, -12.23864944 ], [ -52.39740583, -12.23908556 ], [ -52.39760944, -12.23940861 ], [ -52.39819556, -12.24049389 ], [ -52.39826278, -12.24105139 ], [ -52.39880389, -12.24170444 ], [ -52.39915083, -12.24194917 ], [ -52.39946889, -12.24180806 ], [ -52.40026167, -12.24180333 ], [ -52.40073833, -12.24217611 ], [ -52.40158278, -12.24223417 ], [ -52.40204667, -12.24263722 ], [ -52.40265139, -12.24310417 ], [ -52.402965, -12.24357917 ], [ -52.40305694, -12.2439725 ], [ -52.40334493, -12.24426253 ], [ -52.40637345, -12.24372909 ], [ -52.41066969, -12.24287416 ], [ -52.41496592, -12.24201923 ], [ -52.41926216, -12.2411643 ], [ -52.42355839, -12.24030937 ], [ -52.42785463, -12.23945443 ], [ -52.43215086, -12.2385995 ], [ -52.4364471, -12.23774457 ], [ -52.44074333, -12.23688964 ], [ -52.44013963, -12.23393272 ], [ -52.43953592, -12.23097581 ], [ -52.43893222, -12.22801889 ], [ -52.43806695, -12.22363236 ], [ -52.43720167, -12.21924583 ], [ -52.437185, -12.21860306 ], [ -52.43751444, -12.21855583 ], [ -52.44188548, -12.21770154 ], [ -52.44625652, -12.21684724 ], [ -52.45062756, -12.21599295 ], [ -52.45499861, -12.21513866 ], [ -52.45936965, -12.21428436 ], [ -52.46374069, -12.21343007 ], [ -52.46811173, -12.21257577 ], [ -52.47248277, -12.21172148 ], [ -52.47685381, -12.21086719 ], [ -52.48122486, -12.21001289 ], [ -52.4855959, -12.2091586 ], [ -52.48996694, -12.20830431 ], [ -52.49433798, -12.20745001 ], [ -52.49870902, -12.20659572 ], [ -52.50308006, -12.20574142 ], [ -52.50745111, -12.20488713 ], [ -52.51182215, -12.20403284 ], [ -52.51619319, -12.20317854 ], [ -52.52056423, -12.20232425 ], [ -52.52493527, -12.20146996 ], [ -52.52930631, -12.20061566 ], [ -52.53367736, -12.19976137 ], [ -52.5380484, -12.19890707 ], [ -52.54241944, -12.19805278 ], [ -52.54160248, -12.19429963 ], [ -52.54078553, -12.19054649 ], [ -52.53996857, -12.18679335 ], [ -52.53915162, -12.1830402 ], [ -52.53820188, -12.17889282 ], [ -52.53725215, -12.17474544 ], [ -52.53630242, -12.17059806 ], [ -52.53535268, -12.16645068 ], [ -52.53440295, -12.16230331 ], [ -52.53345322, -12.15815593 ], [ -52.53250348, -12.15400855 ], [ -52.53155375, -12.14986117 ], [ -52.53060402, -12.14571379 ], [ -52.52965428, -12.14156641 ], [ -52.52870455, -12.13741903 ], [ -52.52471492, -12.13829174 ], [ -52.5207253, -12.13916445 ], [ -52.51673567, -12.14003716 ], [ -52.51274605, -12.14090987 ], [ -52.50875642, -12.14178257 ], [ -52.5047668, -12.14265528 ], [ -52.50077718, -12.14352799 ], [ -52.49678755, -12.1444007 ], [ -52.49279793, -12.14527341 ], [ -52.49224058, -12.14279157 ], [ -52.49168324, -12.14030972 ], [ -52.49113001, -12.13784608 ], [ -52.49057678, -12.13538243 ], [ -52.49046505, -12.13488689 ], [ -52.48990673, -12.13241147 ], [ -52.48934841, -12.12993606 ], [ -52.48837258, -12.12560924 ], [ -52.48739675, -12.12128242 ], [ -52.48661111, -12.11782655 ], [ -52.48582548, -12.11437069 ], [ -52.48568851, -12.11375892 ], [ -52.48498532, -12.11066758 ], [ -52.48428998, -12.10757898 ], [ -52.48358925, -12.10449349 ], [ -52.48288964, -12.10140735 ], [ -52.48218627, -12.09831915 ], [ -52.48148504, -12.09523102 ], [ -52.48079467, -12.09221055 ], [ -52.48008337, -12.08905638 ], [ -52.47938044, -12.08596527 ], [ -52.47868113, -12.08287974 ], [ -52.47798077, -12.07979828 ], [ -52.47727442, -12.0767097 ], [ -52.47657606, -12.07361656 ], [ -52.47588736, -12.07060798 ], [ -52.47516211, -12.06744617 ], [ -52.47440565, -12.06428317 ], [ -52.47797379, -12.06349895 ], [ -52.48154193, -12.06271474 ], [ -52.48511007, -12.06193052 ], [ -52.48867821, -12.06114631 ], [ -52.49224635, -12.06036209 ], [ -52.49616753, -12.05952202 ], [ -52.50008871, -12.05868195 ], [ -52.50400989, -12.05784189 ], [ -52.50793107, -12.05700182 ], [ -52.51185225, -12.05616175 ], [ -52.51577344, -12.05532168 ], [ -52.51969462, -12.05448161 ], [ -52.51894863, -12.05120653 ], [ -52.51820265, -12.04793144 ], [ -52.51745667, -12.04465636 ], [ -52.51657996, -12.04070993 ], [ -52.51570324, -12.0367635 ], [ -52.51482653, -12.03281707 ], [ -52.51394982, -12.02887064 ], [ -52.5130731, -12.02492421 ], [ -52.51219639, -12.02097778 ], [ -52.50821361, -12.02188322 ], [ -52.50423083, -12.02278867 ], [ -52.50024806, -12.02369411 ], [ -52.49626528, -12.02459956 ], [ -52.4922825, -12.025505 ], [ -52.48829972, -12.02641044 ], [ -52.48431694, -12.02731589 ], [ -52.48033417, -12.02822133 ], [ -52.47635139, -12.02912678 ], [ -52.47236861, -12.03003222 ], [ -52.46943777, -12.0307043 ], [ -52.46650694, -12.03137639 ], [ -52.46547451, -12.0273034 ], [ -52.46444208, -12.02323042 ], [ -52.46340965, -12.01915743 ], [ -52.46237722, -12.01508445 ], [ -52.46134479, -12.01101146 ], [ -52.46031236, -12.00693847 ], [ -52.45927993, -12.00286549 ], [ -52.4582475, -11.9987925 ], [ -52.45721507, -11.99471952 ], [ -52.45618264, -11.99064653 ], [ -52.45515021, -11.98657355 ], [ -52.45411778, -11.98250056 ], [ -52.45305396, -11.97836811 ], [ -52.45199013, -11.97423566 ], [ -52.45092631, -11.97010321 ], [ -52.44986249, -11.96597076 ], [ -52.44879866, -11.9618383 ], [ -52.44773484, -11.95770585 ], [ -52.44667101, -11.9535734 ], [ -52.44560719, -11.94944095 ], [ -52.44454337, -11.9453085 ], [ -52.44347954, -11.94117605 ], [ -52.44241572, -11.9370436 ], [ -52.4413519, -11.93291115 ], [ -52.44028807, -11.9287787 ], [ -52.43922425, -11.92464624 ], [ -52.43816043, -11.92051379 ], [ -52.4370966, -11.91638134 ], [ -52.43603278, -11.91224889 ], [ -52.43531444, -11.90952611 ], [ -52.43461417, -11.90674139 ], [ -52.43388361, -11.90394278 ], [ -52.43316806, -11.90114111 ], [ -52.43243583, -11.89833528 ], [ -52.43171306, -11.89553111 ], [ -52.43098972, -11.89272917 ], [ -52.42727484, -11.89365845 ], [ -52.42355996, -11.89458773 ], [ -52.41984508, -11.89551701 ], [ -52.4161302, -11.89644629 ], [ -52.41241532, -11.89737557 ], [ -52.40870044, -11.89830486 ], [ -52.40499421, -11.89923613 ], [ -52.40128799, -11.90016741 ], [ -52.39758176, -11.90109868 ], [ -52.39387554, -11.90202996 ], [ -52.39016931, -11.90296124 ], [ -52.38646309, -11.90389251 ], [ -52.38271906, -11.90483182 ], [ -52.37897504, -11.90577112 ], [ -52.37523102, -11.90671042 ], [ -52.37148699, -11.90764973 ], [ -52.36774297, -11.90858903 ], [ -52.36399895, -11.90952834 ], [ -52.36033183, -11.91033121 ], [ -52.35666472, -11.91113408 ], [ -52.3529976, -11.91193695 ], [ -52.34933049, -11.91273983 ], [ -52.34566338, -11.9135427 ], [ -52.34199626, -11.91434557 ], [ -52.33794348, -11.9152177 ], [ -52.33389069, -11.91608984 ], [ -52.3298379, -11.91696197 ], [ -52.32578512, -11.9178341 ], [ -52.32172212, -11.91868596 ], [ -52.31765911, -11.91953781 ], [ -52.31359611, -11.92038967 ], [ -52.30953311, -11.92124152 ], [ -52.30547011, -11.92209337 ], [ -52.30140711, -11.92294523 ], [ -52.2973441, -11.92379708 ], [ -52.29318576, -11.92470411 ], [ -52.28902741, -11.92561115 ], [ -52.28486906, -11.92651818 ], [ -52.28071071, -11.92742521 ], [ -52.27655236, -11.92833224 ], [ -52.27247714, -11.92924827 ], [ -52.26840192, -11.9301643 ], [ -52.2643267, -11.93108033 ], [ -52.26025148, -11.93199636 ], [ -52.25617626, -11.93291239 ], [ -52.25210104, -11.93382842 ], [ -52.24802581, -11.93474444 ], [ -52.24395059, -11.93566047 ], [ -52.23987537, -11.9365765 ], [ -52.23580015, -11.93749253 ], [ -52.23172493, -11.93840856 ], [ -52.23267449, -11.94240615 ], [ -52.23362406, -11.94640374 ], [ -52.23457362, -11.95040132 ], [ -52.23552318, -11.95439891 ], [ -52.23647275, -11.9583965 ], [ -52.23742231, -11.96239409 ], [ -52.23837187, -11.96639168 ], [ -52.23932143, -11.97038926 ], [ -52.240271, -11.97438685 ], [ -52.24122056, -11.97838444 ], [ -52.24224422, -11.98270179 ], [ -52.24326788, -11.98701914 ], [ -52.24429154, -11.99133649 ], [ -52.2453152, -11.99565384 ], [ -52.24633887, -11.99997119 ], [ -52.24736253, -12.00428854 ], [ -52.24838619, -12.00860588 ], [ -52.24940985, -12.01292323 ], [ -52.25043351, -12.01724058 ], [ -52.25145717, -12.02155793 ], [ -52.25248083, -12.02587528 ], [ -52.24822798, -12.02684993 ], [ -52.24397514, -12.02782458 ], [ -52.23972229, -12.02879924 ], [ -52.23546944, -12.02977389 ] ], [ [ -52.12052111, -12.05784972 ], [ -52.11886065, -12.05786095 ], [ -52.12011556, -12.05763806 ], [ -52.12052111, -12.05784972 ] ] ] } },
{ "type": "Feature", "properties": { }, "geometry": { "type": "Polygon", "coordinates": [ [ [ -53.77877953, -14.91324525 ], [ -53.78179966, -14.91385871 ], [ -53.78481979, -14.91447217 ], [ -53.78612537, -14.91206159 ], [ -53.7874361, -14.91021727 ], [ -53.78871839, -14.90807645 ], [ -53.78970337, -14.90597546 ], [ -53.79124133, -14.90388596 ], [ -53.79246793, -14.90146601 ], [ -53.79318198, -14.89897057 ], [ -53.79355838, -14.89659138 ], [ -53.79426756, -14.89408121 ], [ -53.794875, -14.89144559 ], [ -53.7957819, -14.88887093 ], [ -53.79483472, -14.88528487 ], [ -53.79388753, -14.88169881 ], [ -53.79393216, -14.87976587 ], [ -53.79387453, -14.87606899 ], [ -53.7938169, -14.87237211 ], [ -53.79375926, -14.86867523 ], [ -53.79370163, -14.86497835 ], [ -53.793644, -14.86128147 ], [ -53.7924169, -14.85868767 ], [ -53.7911898, -14.85609388 ], [ -53.78700549, -14.8550629 ], [ -53.78282119, -14.85403193 ], [ -53.77863688, -14.85300095 ], [ -53.77445258, -14.85196998 ], [ -53.77026827, -14.850939 ], [ -53.76608396, -14.84990803 ], [ -53.76189966, -14.84887705 ], [ -53.75771535, -14.84784608 ], [ -53.75353105, -14.8468151 ], [ -53.74934674, -14.84578413 ], [ -53.74516243, -14.84475315 ], [ -53.74097813, -14.84372217 ], [ -53.73679382, -14.8426912 ], [ -53.73604806, -14.84385968 ], [ -53.73858674, -14.84538044 ], [ -53.73964157, -14.84677766 ], [ -53.74167701, -14.84683964 ], [ -53.74260822, -14.84829059 ], [ -53.74418098, -14.84931139 ], [ -53.74497867, -14.85000857 ], [ -53.7461886, -14.85128004 ], [ -53.74654692, -14.8525039 ], [ -53.74740233, -14.85380749 ], [ -53.74810832, -14.85507365 ], [ -53.74964524, -14.85924141 ], [ -53.75061081, -14.8615602 ], [ -53.75100106, -14.86300703 ], [ -53.75139904, -14.86397037 ], [ -53.75145386, -14.8652703 ], [ -53.75149316, -14.86651125 ], [ -53.75189535, -14.8677817 ], [ -53.75218935, -14.86912842 ], [ -53.75348198, -14.87070672 ], [ -53.75449195, -14.87178735 ], [ -53.75531085, -14.87273421 ], [ -53.7563666, -14.87368641 ], [ -53.75703719, -14.87458736 ], [ -53.75806923, -14.87565337 ], [ -53.75801024, -14.87906624 ], [ -53.75795124, -14.88247912 ], [ -53.76027866, -14.88285274 ], [ -53.76129347, -14.8834743 ], [ -53.76450902, -14.8865368 ], [ -53.76772458, -14.8895993 ], [ -53.77094013, -14.89266181 ], [ -53.77415569, -14.89572431 ], [ -53.77737124, -14.89878681 ], [ -53.77795896, -14.89963494 ], [ -53.77855246, -14.9007742 ], [ -53.77866114, -14.90198484 ], [ -53.77782372, -14.90604939 ], [ -53.77698631, -14.91011394 ], [ -53.77726721, -14.9117352 ], [ -53.77796563, -14.91269866 ], [ -53.77877953, -14.91324525 ] ] ] } },
{ "type": "Feature", "properties": { }, "geometry": { "type": "Polygon", "coordinates": [ [ [ -54.36038403, -15.55871966 ], [ -54.35719844, -15.55908611 ], [ -54.35622044, -15.55904998 ], [ -54.35622565, -15.55980904 ], [ -54.35689898, -15.56199513 ], [ -54.35733712, -15.56412429 ], [ -54.35694989, -15.56588657 ], [ -54.35755048, -15.56778681 ], [ -54.35819729, -15.56944003 ], [ -54.35931434, -15.57187902 ], [ -54.36018368, -15.57400776 ], [ -54.36019291, -15.57405122 ], [ -54.36061649, -15.57390835 ], [ -54.36176659, -15.57352038 ], [ -54.36264854, -15.57602122 ], [ -54.3661961, -15.57624055 ], [ -54.36974366, -15.57645988 ], [ -54.36999822, -15.57270068 ], [ -54.37025278, -15.56894148 ], [ -54.37047569, -15.56567165 ], [ -54.36818349, -15.56553016 ], [ -54.3658913, -15.56538867 ], [ -54.36359912, -15.56524714 ], [ -54.36130695, -15.5651056 ], [ -54.36084549, -15.56191263 ], [ -54.36038403, -15.55871966 ] ] ] } },
{ "type": "Feature", "properties": { }, "geometry": { "type": "Polygon", "coordinates": [ [ [ -53.4586063, -14.88610169 ], [ -53.45789941, -14.89047485 ], [ -53.45719251, -14.89484801 ], [ -53.45648561, -14.89922117 ], [ -53.45587668, -14.90285024 ], [ -53.45526774, -14.9064793 ], [ -53.45465881, -14.91010837 ], [ -53.45404987, -14.91373743 ], [ -53.45344094, -14.91736649 ], [ -53.45280646, -14.92128373 ], [ -53.45217199, -14.92520096 ], [ -53.45153752, -14.92911819 ], [ -53.45090305, -14.93303543 ], [ -53.45026857, -14.93695266 ], [ -53.44988385, -14.93949716 ], [ -53.44949913, -14.94204166 ], [ -53.45056754, -14.94356247 ], [ -53.453593, -14.94476438 ], [ -53.45636373, -14.94801708 ], [ -53.45913447, -14.95126977 ], [ -53.46066498, -14.95278123 ], [ -53.46379206, -14.95474653 ], [ -53.46691915, -14.95671184 ], [ -53.46991675, -14.95655762 ], [ -53.47142416, -14.95514189 ], [ -53.47377014, -14.95495963 ], [ -53.47460679, -14.9563806 ], [ -53.47614992, -14.95562198 ], [ -53.47917825, -14.95512513 ], [ -53.48054834, -14.95593105 ], [ -53.48299552, -14.95586133 ], [ -53.48607894, -14.95618787 ], [ -53.48772211, -14.95541941 ], [ -53.48827994, -14.95457592 ], [ -53.49226714, -14.9550396 ], [ -53.49425434, -14.95576043 ], [ -53.49547955, -14.95724129 ], [ -53.4977713, -14.95943701 ], [ -53.50006304, -14.96163272 ], [ -53.50286647, -14.96345116 ], [ -53.50660383, -14.96456657 ], [ -53.51034119, -14.96568199 ], [ -53.51130382, -14.96498285 ], [ -53.51520549, -14.9670963 ], [ -53.51910717, -14.96920975 ], [ -53.51990138, -14.96526286 ], [ -53.52069559, -14.96131597 ], [ -53.5214898, -14.95736909 ], [ -53.52228401, -14.9534222 ], [ -53.52307822, -14.94947531 ], [ -53.52387243, -14.94552843 ], [ -53.52460576, -14.9419887 ], [ -53.52533909, -14.93844898 ], [ -53.52607242, -14.93490925 ], [ -53.52680575, -14.93136953 ], [ -53.52753908, -14.9278298 ], [ -53.52840268, -14.92359274 ], [ -53.52926627, -14.91935568 ], [ -53.53012986, -14.91511862 ], [ -53.53099345, -14.91088156 ], [ -53.53185704, -14.9066445 ], [ -53.53272063, -14.90240744 ], [ -53.53358422, -14.89817037 ], [ -53.53444782, -14.89393331 ], [ -53.5350778, -14.89069533 ], [ -53.53599217, -14.88631607 ], [ -53.53690653, -14.88193682 ], [ -53.5378209, -14.87755756 ], [ -53.53855824, -14.87414387 ], [ -53.53929559, -14.87073018 ], [ -53.54003293, -14.86731649 ], [ -53.54077028, -14.8639028 ], [ -53.54143723, -14.86084517 ], [ -53.54210418, -14.85778754 ], [ -53.54259733, -14.85555192 ], [ -53.54309048, -14.85331631 ], [ -53.5387827, -14.85264643 ], [ -53.53447491, -14.85197655 ], [ -53.53016713, -14.85130667 ], [ -53.52585934, -14.85063679 ], [ -53.52155156, -14.84996692 ], [ -53.51724377, -14.84929704 ], [ -53.51293598, -14.84862716 ], [ -53.5086282, -14.84795728 ], [ -53.50432041, -14.8472874 ], [ -53.50001263, -14.84661752 ], [ -53.49570484, -14.84594764 ], [ -53.49139706, -14.84527776 ], [ -53.48708927, -14.84460788 ], [ -53.48278149, -14.843938 ], [ -53.4784737, -14.84326812 ], [ -53.47423731, -14.84257595 ], [ -53.47000091, -14.84188378 ], [ -53.46576451, -14.84119161 ], [ -53.46517446, -14.84496895 ], [ -53.46458441, -14.8487463 ], [ -53.46399436, -14.85252365 ], [ -53.46332085, -14.8567209 ], [ -53.46264735, -14.86091816 ], [ -53.46197384, -14.86511542 ], [ -53.46130033, -14.86931267 ], [ -53.46062683, -14.87350993 ], [ -53.45995332, -14.87770718 ], [ -53.45927981, -14.88190444 ], [ -53.4586063, -14.88610169 ] ], [ [ -53.49945859, -14.8596192 ], [ -53.49833911, -14.86344896 ], [ -53.49512416, -14.8633581 ], [ -53.49190921, -14.86326723 ], [ -53.48869426, -14.86317636 ], [ -53.48911043, -14.8593005 ], [ -53.48952661, -14.85542464 ], [ -53.49339726, -14.85573445 ], [ -53.49726791, -14.85604425 ], [ -53.50113856, -14.85635405 ], [ -53.49945859, -14.8596192 ] ] ] } },
{ "type": "Feature", "properties": { }, "geometry": { "type": "Polygon", "coordinates": [ [ [ -54.17664083, -15.51505389 ], [ -54.17641472, -15.51486611 ], [ -54.1749725, -15.51367028 ], [ -54.17303583, -15.51398528 ], [ -54.17250667, -15.51407139 ], [ -54.17256083, -15.51436556 ], [ -54.1727975, -15.51550972 ], [ -54.17326, -15.51614056 ], [ -54.17314806, -15.51682222 ], [ -54.17291917, -15.51736972 ], [ -54.17320139, -15.51758361 ], [ -54.17458222, -15.51862972 ], [ -54.17481639, -15.51881 ], [ -54.17753949, -15.520865 ], [ -54.18109827, -15.52355064 ], [ -54.18465705, -15.52623629 ], [ -54.18821583, -15.52892194 ], [ -54.19096597, -15.52915431 ], [ -54.19371611, -15.52938667 ], [ -54.19373167, -15.52936694 ], [ -54.19406167, -15.52940083 ], [ -54.1944175, -15.52909833 ], [ -54.19449389, -15.52884556 ], [ -54.19489361, -15.5286075 ], [ -54.19512444, -15.52854639 ], [ -54.19512611, -15.52839306 ], [ -54.19268597, -15.52736347 ], [ -54.19024583, -15.52633389 ], [ -54.18684458, -15.52351389 ], [ -54.18344333, -15.52069389 ], [ -54.18004208, -15.51787389 ], [ -54.17664083, -15.51505389 ] ] ] } },
{ "type": "Feature", "properties": { }, "geometry": { "type": "Polygon", "coordinates": [ [ [ -53.88768751, -15.10273392 ], [ -53.88741439, -15.10714135 ], [ -53.88714128, -15.11154877 ], [ -53.88686817, -15.11595619 ], [ -53.88659506, -15.12036362 ], [ -53.88632195, -15.12477104 ], [ -53.88604884, -15.12917846 ], [ -53.88577573, -15.13358588 ], [ -53.88550262, -15.13799331 ], [ -53.88522951, -15.14240073 ], [ -53.88857582, -15.14458122 ], [ -53.89192214, -15.1467617 ], [ -53.89526846, -15.14894219 ], [ -53.89861478, -15.15112268 ], [ -53.90196109, -15.15330317 ], [ -53.90530741, -15.15548365 ], [ -53.90865373, -15.15766414 ], [ -53.90941621, -15.15423651 ], [ -53.9101787, -15.15080887 ], [ -53.91094119, -15.14738124 ], [ -53.91170367, -15.1439536 ], [ -53.90929606, -15.14348959 ], [ -53.90958231, -15.13923622 ], [ -53.90986855, -15.13498286 ], [ -53.9101548, -15.1307295 ], [ -53.91044105, -15.12647614 ], [ -53.91072729, -15.12222277 ], [ -53.91101354, -15.11796941 ], [ -53.91129978, -15.11371605 ], [ -53.90682261, -15.11357993 ], [ -53.90234544, -15.11344382 ], [ -53.89786827, -15.1133077 ], [ -53.898121, -15.10909024 ], [ -53.89837374, -15.10487279 ], [ -53.89519657, -15.1042369 ], [ -53.8920194, -15.10360101 ], [ -53.88768751, -15.10273392 ] ] ] } },
{ "type": "Feature", "properties": { }, "geometry": { "type": "Polygon", "coordinates": [ [ [ -54.10839408, -15.28325991 ], [ -54.10798589, -15.28758419 ], [ -54.1075777, -15.29190847 ], [ -54.10721563, -15.29571509 ], [ -54.10685356, -15.29952172 ], [ -54.10649149, -15.30332834 ], [ -54.10612942, -15.30713496 ], [ -54.10600515, -15.30826196 ], [ -54.10574849, -15.31095953 ], [ -54.10549184, -15.3136571 ], [ -54.10561872, -15.31349104 ], [ -54.10644928, -15.31235505 ], [ -54.11079163, -15.31351061 ], [ -54.11382315, -15.31321177 ], [ -54.11752569, -15.31357775 ], [ -54.11962939, -15.31527095 ], [ -54.12085709, -15.31521245 ], [ -54.12250109, -15.31425783 ], [ -54.12492283, -15.31399166 ], [ -54.12734458, -15.31372549 ], [ -54.13039629, -15.31457592 ], [ -54.133448, -15.31542636 ], [ -54.13531017, -15.31361051 ], [ -54.13756684, -15.31331399 ], [ -54.1398235, -15.31301747 ], [ -54.14259107, -15.31386156 ], [ -54.13976849, -15.31263529 ], [ -54.13694175, -15.3117084 ], [ -54.13411501, -15.31078151 ], [ -54.1309031, -15.31024537 ], [ -54.13058689, -15.31110677 ], [ -54.12797634, -15.3114537 ], [ -54.12589609, -15.31024016 ], [ -54.12285445, -15.31069214 ], [ -54.11981281, -15.31114412 ], [ -54.11874641, -15.31043317 ], [ -54.11661769, -15.31045429 ], [ -54.11479625, -15.31067 ], [ -54.11499017, -15.30824631 ], [ -54.11561885, -15.30554159 ], [ -54.11840499, -15.30279552 ], [ -54.12018732, -15.30162476 ], [ -54.12295575, -15.29980615 ], [ -54.1249698, -15.2985062 ], [ -54.12883983, -15.29696647 ], [ -54.13270987, -15.29542674 ], [ -54.1365799, -15.293887 ], [ -54.14044994, -15.29234727 ], [ -54.14431997, -15.29080754 ], [ -54.14742936, -15.28823952 ], [ -54.14832634, -15.28779651 ], [ -54.14980361, -15.28740161 ], [ -54.15216236, -15.28838499 ], [ -54.15452111, -15.28936837 ], [ -54.15618623, -15.29029196 ], [ -54.15686526, -15.29220241 ], [ -54.15847273, -15.29238712 ], [ -54.16065905, -15.29283386 ], [ -54.16127081, -15.29253781 ], [ -54.16147786, -15.29243766 ], [ -54.16169167, -15.29233417 ], [ -54.16229924, -15.29204023 ], [ -54.16302418, -15.29140332 ], [ -54.16412076, -15.29038341 ], [ -54.1653229, -15.28894477 ], [ -54.16797673, -15.28786583 ], [ -54.17063056, -15.2867869 ], [ -54.17105996, -15.28934443 ], [ -54.17335024, -15.28896499 ], [ -54.17370206, -15.28494694 ], [ -54.17405389, -15.28092889 ], [ -54.1744121, -15.27665901 ], [ -54.17477032, -15.27238913 ], [ -54.17512853, -15.26811925 ], [ -54.17548675, -15.26384936 ], [ -54.17584496, -15.25957948 ], [ -54.17620318, -15.2553096 ], [ -54.17656139, -15.25103972 ], [ -54.17695708, -15.24665417 ], [ -54.17735278, -15.24226861 ], [ -54.17774847, -15.23788306 ], [ -54.17814417, -15.2334975 ], [ -54.17853986, -15.22911195 ], [ -54.17893556, -15.22472639 ], [ -54.17927741, -15.22090704 ], [ -54.17961926, -15.21708768 ], [ -54.17996111, -15.21326833 ], [ -54.18023852, -15.21011657 ], [ -54.18051592, -15.20696482 ], [ -54.18079333, -15.20381306 ], [ -54.17687898, -15.2025951 ], [ -54.17296463, -15.20137713 ], [ -54.16905028, -15.20015917 ], [ -54.16565963, -15.19911509 ], [ -54.16226898, -15.19807102 ], [ -54.15887833, -15.19702694 ], [ -54.15493004, -15.1958467 ], [ -54.15098174, -15.19466647 ], [ -54.14703345, -15.19348623 ], [ -54.14308516, -15.19230599 ], [ -54.13913687, -15.19112575 ], [ -54.13518857, -15.18994552 ], [ -54.13124028, -15.18876528 ], [ -54.12957167, -15.18826639 ], [ -54.12703528, -15.18740028 ], [ -54.12698278, -15.18738222 ], [ -54.12431598, -15.18647431 ], [ -54.12164917, -15.18556639 ], [ -54.11786139, -15.18442194 ], [ -54.11782056, -15.18507417 ], [ -54.11754194, -15.18509139 ], [ -54.11720881, -15.18870757 ], [ -54.11687569, -15.19232375 ], [ -54.11654256, -15.19593993 ], [ -54.11620944, -15.19955611 ], [ -54.1161468, -15.20024122 ], [ -54.11608833, -15.20088638 ], [ -54.11573364, -15.20416153 ], [ -54.11537895, -15.20743667 ], [ -54.11498417, -15.21167677 ], [ -54.11486494, -15.212988 ], [ -54.11483802, -15.21328424 ], [ -54.11450547, -15.21694091 ], [ -54.11417275, -15.22053973 ], [ -54.11384004, -15.22413855 ], [ -54.11350733, -15.22773737 ], [ -54.11317462, -15.23133619 ], [ -54.1128419, -15.23493502 ], [ -54.11252416, -15.23843469 ], [ -54.11220641, -15.24193436 ], [ -54.11188866, -15.24543403 ], [ -54.11157092, -15.24893371 ], [ -54.11126095, -15.2523465 ], [ -54.11095098, -15.25575929 ], [ -54.11064101, -15.25917208 ], [ -54.11033104, -15.26258488 ], [ -54.10994365, -15.26671988 ], [ -54.10955626, -15.27085489 ], [ -54.10916887, -15.27498989 ], [ -54.10878148, -15.2791249 ], [ -54.10839408, -15.28325991 ] ] ] } },
{ "type": "Feature", "properties": { }, "geometry": { "type": "Polygon", "coordinates": [ [ [ -53.49570484, -14.84594764 ], [ -53.50001263, -14.84661752 ], [ -53.50432041, -14.8472874 ], [ -53.5086282, -14.84795728 ], [ -53.51293598, -14.84862716 ], [ -53.51724377, -14.84929704 ], [ -53.52155156, -14.84996692 ], [ -53.52585934, -14.85063679 ], [ -53.53016713, -14.85130667 ], [ -53.53447491, -14.85197655 ], [ -53.5387827, -14.85264643 ], [ -53.54309048, -14.85331631 ], [ -53.54385664, -14.8498037 ], [ -53.5446228, -14.8462911 ], [ -53.54538896, -14.84277849 ], [ -53.54615512, -14.83926588 ], [ -53.54689571, -14.83593143 ], [ -53.5476363, -14.83259698 ], [ -53.5483769, -14.82926252 ], [ -53.54930574, -14.82501603 ], [ -53.55023459, -14.82076955 ], [ -53.55103248, -14.81712696 ], [ -53.55183036, -14.81348437 ], [ -53.54786304, -14.81278149 ], [ -53.54389571, -14.81207862 ], [ -53.53992838, -14.81137574 ], [ -53.53596105, -14.81067286 ], [ -53.53199372, -14.80996999 ], [ -53.52802639, -14.80926711 ], [ -53.52878213, -14.80522001 ], [ -53.52953787, -14.80117291 ], [ -53.53029361, -14.7971258 ], [ -53.53104935, -14.7930787 ], [ -53.53176946, -14.78922 ], [ -53.53248958, -14.78536131 ], [ -53.533292, -14.78112529 ], [ -53.53409443, -14.77688927 ], [ -53.53489686, -14.77265325 ], [ -53.53569929, -14.76841723 ], [ -53.53650172, -14.76418121 ], [ -53.53730415, -14.7599452 ], [ -53.53810658, -14.75570918 ], [ -53.53889446, -14.7517027 ], [ -53.53968233, -14.74769622 ], [ -53.54047021, -14.74368975 ], [ -53.54125809, -14.73968327 ], [ -53.54204596, -14.73567679 ], [ -53.54283384, -14.73167031 ], [ -53.54362171, -14.72766384 ], [ -53.54000133, -14.72702062 ], [ -53.53638095, -14.72637741 ], [ -53.53349384, -14.72590525 ], [ -53.53060674, -14.72543309 ], [ -53.52660705, -14.72475985 ], [ -53.52260736, -14.72408662 ], [ -53.51860766, -14.72341338 ], [ -53.51813402, -14.72334184 ], [ -53.51469038, -14.72275909 ], [ -53.51124675, -14.72217633 ], [ -53.50780312, -14.72159358 ], [ -53.50435949, -14.72101083 ], [ -53.50013272, -14.72032354 ], [ -53.49590594, -14.71963625 ], [ -53.49167917, -14.71894895 ], [ -53.4874524, -14.71826166 ], [ -53.48322562, -14.71757437 ], [ -53.47899885, -14.71688708 ], [ -53.47655767, -14.71652738 ], [ -53.47411649, -14.71616769 ], [ -53.47383136, -14.72035499 ], [ -53.47354623, -14.72454228 ], [ -53.4732611, -14.72872958 ], [ -53.47297597, -14.73291688 ], [ -53.47269084, -14.73710418 ], [ -53.47240571, -14.74129147 ], [ -53.47212058, -14.74547877 ], [ -53.47183545, -14.74966607 ], [ -53.47155032, -14.75385337 ], [ -53.47126519, -14.75804066 ], [ -53.47098005, -14.76222796 ], [ -53.47069492, -14.76641526 ], [ -53.47040979, -14.77060255 ], [ -53.47012289, -14.77487723 ], [ -53.46983598, -14.7791519 ], [ -53.46954907, -14.78342657 ], [ -53.46926216, -14.78770124 ], [ -53.46899253, -14.79181618 ], [ -53.46872289, -14.79593111 ], [ -53.46845325, -14.80004605 ], [ -53.46818361, -14.80416099 ], [ -53.46791398, -14.80827593 ], [ -53.46763499, -14.81243868 ], [ -53.46735601, -14.81660142 ], [ -53.46707703, -14.82076416 ], [ -53.46679804, -14.82492691 ], [ -53.46652744, -14.82895615 ], [ -53.46625684, -14.83298539 ], [ -53.46605821, -14.83617026 ], [ -53.46585959, -14.83935514 ], [ -53.4657645, -14.8411916 ], [ -53.46927401, -14.84176427 ], [ -53.47278352, -14.84233693 ], [ -53.47629303, -14.84290959 ], [ -53.47809351, -14.84320565 ], [ -53.47813194, -14.84321201 ], [ -53.478461535289419, -14.843266132447454 ], [ -53.4784737, -14.84326812 ], [ -53.48278149, -14.843938 ], [ -53.48708927, -14.84460788 ], [ -53.49139706, -14.84527776 ], [ -53.49570484, -14.84594764 ] ] ] } },
{ "type": "Feature", "properties": { }, "geometry": { "type": "Polygon", "coordinates": [ [ [ -54.12001889, -15.50497528 ], [ -54.11954139, -15.50562194 ], [ -54.11959778, -15.50598806 ], [ -54.11916944, -15.50670889 ], [ -54.11899, -15.50714472 ], [ -54.11852722, -15.50751056 ], [ -54.11877778, -15.50784472 ], [ -54.11789861, -15.50846528 ], [ -54.11813917, -15.50867667 ], [ -54.11820056, -15.50904056 ], [ -54.11785167, -15.50996194 ], [ -54.11722583, -15.509985 ], [ -54.11679389, -15.51021306 ], [ -54.11676306, -15.51081417 ], [ -54.11699278, -15.51068889 ], [ -54.11726861, -15.51112306 ], [ -54.11689694, -15.51141333 ], [ -54.11711528, -15.51211083 ], [ -54.11714972, -15.51263139 ], [ -54.11691417, -15.51294111 ], [ -54.11713972, -15.51401167 ], [ -54.1167825, -15.51498917 ], [ -54.116505, -15.51557528 ], [ -54.11891417, -15.51762639 ], [ -54.12189631, -15.52015875 ], [ -54.12487846, -15.52269112 ], [ -54.1278606, -15.52522348 ], [ -54.13084274, -15.52775584 ], [ -54.13310701, -15.52451188 ], [ -54.13537128, -15.52126791 ], [ -54.13698564, -15.51900896 ], [ -54.1386, -15.51675 ], [ -54.13822932, -15.51638341 ], [ -54.13680167, -15.51501861 ], [ -54.13614167, -15.51426667 ], [ -54.13541278, -15.51355889 ], [ -54.13469722, -15.51306306 ], [ -54.13371861, -15.51248611 ], [ -54.13284972, -15.51189389 ], [ -54.13205611, -15.5118625 ], [ -54.13108056, -15.51158528 ], [ -54.13017833, -15.51078194 ], [ -54.12892583, -15.51030861 ], [ -54.12798556, -15.51027222 ], [ -54.12675417, -15.50927389 ], [ -54.125145, -15.50876472 ], [ -54.12395556, -15.50830833 ], [ -54.12339639, -15.50821222 ], [ -54.12246333, -15.50765139 ], [ -54.12161917, -15.50719667 ], [ -54.12120833, -15.50654028 ], [ -54.12065278, -15.50656083 ], [ -54.12028361, -15.50588111 ], [ -54.12001889, -15.50497528 ] ] ] } },
{ "type": "Feature", "properties": { }, "geometry": { "type": "Polygon", "coordinates": [ [ [ -54.37671332, -15.55969567 ], [ -54.37609238, -15.55965829 ], [ -54.37228822, -15.55942944 ], [ -54.36848406, -15.55920059 ], [ -54.36467194, -15.55897444 ], [ -54.36038403, -15.55871966 ], [ -54.36084549, -15.56191263 ], [ -54.36130695, -15.5651056 ], [ -54.36359912, -15.56524714 ], [ -54.3658913, -15.56538867 ], [ -54.36818349, -15.56553016 ], [ -54.37047569, -15.56567165 ], [ -54.37025278, -15.56894148 ], [ -54.37360347, -15.56915129 ], [ -54.37695417, -15.56936111 ], [ -54.3770475, -15.56936611 ], [ -54.37923139, -15.56949861 ], [ -54.37846917, -15.56629528 ], [ -54.37775167, -15.56288444 ], [ -54.37718806, -15.56104389 ], [ -54.37689434, -15.56020976 ], [ -54.37671332, -15.55969567 ] ] ] } },
{ "type": "Feature", "properties": { }, "geometry": { "type": "Polygon", "coordinates": [ [ [ -54.13537128, -15.52126791 ], [ -54.13635388, -15.5219167 ], [ -54.13925303, -15.52383098 ], [ -54.14215218, -15.52574525 ], [ -54.14505133, -15.52765952 ], [ -54.14795049, -15.5295738 ], [ -54.14781361, -15.52911472 ], [ -54.14805194, -15.52861222 ], [ -54.14809255, -15.52862039 ], [ -54.1515488, -15.5307812 ], [ -54.15500506, -15.53294201 ], [ -54.15846132, -15.53510283 ], [ -54.16191758, -15.53726364 ], [ -54.16253331, -15.53764859 ], [ -54.16278266, -15.5372567 ], [ -54.16355147, -15.53612403 ], [ -54.1635237, -15.53610699 ], [ -54.1654295, -15.53316002 ], [ -54.1673353, -15.53021306 ], [ -54.1678767, -15.52937396 ], [ -54.16653253, -15.52835784 ], [ -54.16860506, -15.52518619 ], [ -54.1706776, -15.52201454 ], [ -54.16707821, -15.5198057 ], [ -54.16347881, -15.51759686 ], [ -54.15987942, -15.51538803 ], [ -54.15628002, -15.51317919 ], [ -54.15268063, -15.51097035 ], [ -54.15208257, -15.51060329 ], [ -54.15194261, -15.51178899 ], [ -54.15195108, -15.51313971 ], [ -54.15232005, -15.51441363 ], [ -54.15267242, -15.51644332 ], [ -54.15250951, -15.5178276 ], [ -54.15271849, -15.51880819 ], [ -54.15291275, -15.51913013 ], [ -54.15248287, -15.5197891 ], [ -54.15199668, -15.52097359 ], [ -54.15148065, -15.52180764 ], [ -54.15142308, -15.5225134 ], [ -54.15027748, -15.52396924 ], [ -54.15026841, -15.52420204 ], [ -54.15003537, -15.52486526 ], [ -54.14996583, -15.52484417 ], [ -54.14693133, -15.52269739 ], [ -54.14389683, -15.52055062 ], [ -54.14086232, -15.51840384 ], [ -54.13865156, -15.51680098 ], [ -54.1386, -15.51675 ], [ -54.13698564, -15.51900895 ], [ -54.13537128, -15.52126791 ] ] ] } },
{ "type": "Feature", "properties": { }, "geometry": { "type": "Polygon", "coordinates": [ [ [ -54.3578675, -15.45591972 ], [ -54.3549975, -15.45903111 ], [ -54.35672528, -15.46055333 ], [ -54.35424056, -15.46324722 ], [ -54.35299111, -15.464595 ], [ -54.3512525, -15.46306889 ], [ -54.34856829, -15.46595079 ], [ -54.34588407, -15.46883269 ], [ -54.34319986, -15.47171459 ], [ -54.34051565, -15.47459648 ], [ -54.33783143, -15.47747838 ], [ -54.33514722, -15.48036028 ], [ -54.33253167, -15.48317144 ], [ -54.32991611, -15.48598259 ], [ -54.32730056, -15.48879375 ], [ -54.324685, -15.49160491 ], [ -54.32206945, -15.49441606 ], [ -54.31945389, -15.49722722 ], [ -54.31678246, -15.50010837 ], [ -54.31411103, -15.50298952 ], [ -54.3114396, -15.50587067 ], [ -54.30876818, -15.50875183 ], [ -54.30609675, -15.51163298 ], [ -54.30342532, -15.51451413 ], [ -54.30075389, -15.51739528 ], [ -54.29899111, -15.51929 ], [ -54.30012222, -15.5202875 ], [ -54.30129639, -15.51960361 ], [ -54.30229889, -15.51945667 ], [ -54.30409389, -15.51990167 ], [ -54.30485333, -15.52038917 ], [ -54.30653778, -15.52172944 ], [ -54.30675806, -15.52233083 ], [ -54.30804111, -15.52189444 ], [ -54.30874472, -15.522115 ], [ -54.30911333, -15.52247056 ], [ -54.3095425, -15.52255611 ], [ -54.31097306, -15.52304222 ], [ -54.31173528, -15.52371556 ], [ -54.31229056, -15.52407667 ], [ -54.31383028, -15.5246625 ], [ -54.31441722, -15.52465222 ], [ -54.31499556, -15.52484667 ], [ -54.31528028, -15.52517917 ], [ -54.31575833, -15.52542833 ], [ -54.31637389, -15.52545472 ], [ -54.31683583, -15.52569167 ], [ -54.31737361, -15.52568472 ], [ -54.31781556, -15.52607833 ], [ -54.31806306, -15.52629917 ], [ -54.31858444, -15.52573389 ], [ -54.31868667, -15.52564778 ], [ -54.31957083, -15.52490222 ], [ -54.32005167, -15.52434444 ], [ -54.31982778, -15.52416306 ], [ -54.32016667, -15.52376972 ], [ -54.31888472, -15.52284444 ], [ -54.31899389, -15.52297306 ], [ -54.31900167, -15.52301806 ], [ -54.31899833, -15.52308 ], [ -54.31895944, -15.52312639 ], [ -54.31882528, -15.52321361 ], [ -54.31876167, -15.52321222 ], [ -54.31870639, -15.52316917 ], [ -54.31857222, -15.52304111 ], [ -54.31848583, -15.52301 ], [ -54.318455, -15.52305722 ], [ -54.31838667, -15.52312222 ], [ -54.31831361, -15.52318194 ], [ -54.31820833, -15.52323667 ], [ -54.31809972, -15.52328528 ], [ -54.31798861, -15.52332694 ], [ -54.317875, -15.52336222 ], [ -54.31775917, -15.52339083 ], [ -54.31764194, -15.5234125 ], [ -54.31752361, -15.5234275 ], [ -54.31740444, -15.52343528 ], [ -54.31729639, -15.52343667 ], [ -54.31718833, -15.52343444 ], [ -54.31716, -15.52345222 ], [ -54.31710833, -15.52347778 ], [ -54.31708861, -15.52349111 ], [ -54.31706583, -15.52351278 ], [ -54.31704778, -15.52353806 ], [ -54.31696111, -15.52371889 ], [ -54.31658833, -15.52329722 ], [ -54.31424611, -15.52307 ], [ -54.31416222, -15.52306556 ], [ -54.31407944, -15.52305444 ], [ -54.31399778, -15.52303694 ], [ -54.31391806, -15.52301278 ], [ -54.31179639, -15.5221575 ], [ -54.31179333, -15.52216111 ], [ -54.31154806, -15.52206694 ], [ -54.30868194, -15.52137944 ], [ -54.31102935, -15.51884926 ], [ -54.31337676, -15.51631907 ], [ -54.31572417, -15.51378889 ], [ -54.318095, -15.515855 ], [ -54.31753306, -15.51646028 ], [ -54.31806139, -15.51692111 ], [ -54.31997528, -15.51485764 ], [ -54.32188917, -15.51279417 ], [ -54.32485333, -15.51537972 ], [ -54.32417194, -15.51611194 ], [ -54.32378028, -15.51657361 ], [ -54.32333556, -15.51702167 ], [ -54.32267139, -15.51805556 ], [ -54.32333611, -15.51863444 ], [ -54.32318389, -15.51884361 ], [ -54.32279833, -15.51977556 ], [ -54.32238667, -15.52022306 ], [ -54.32227361, -15.52046444 ], [ -54.32219972, -15.52053028 ], [ -54.32236, -15.52067056 ], [ -54.32309139, -15.51985222 ], [ -54.32372389, -15.51897472 ], [ -54.32432861, -15.51800389 ], [ -54.32512556, -15.51668194 ], [ -54.32577278, -15.51606222 ], [ -54.32721361, -15.51451944 ], [ -54.32872917, -15.51397111 ], [ -54.32974667, -15.51240667 ], [ -54.33005778, -15.51098083 ], [ -54.33064389, -15.50948861 ], [ -54.33174111, -15.50803444 ], [ -54.33234556, -15.50668444 ], [ -54.33348833, -15.50564194 ], [ -54.33460778, -15.5044525 ], [ -54.33554278, -15.50319028 ], [ -54.33689, -15.50259 ], [ -54.33805722, -15.50221639 ], [ -54.33956806, -15.50191194 ], [ -54.34045778, -15.50109861 ], [ -54.34230528, -15.50106944 ], [ -54.34273778, -15.50145417 ], [ -54.34348722, -15.49884333 ], [ -54.34414417, -15.49461194 ], [ -54.34648653, -15.49369931 ], [ -54.34882889, -15.49278667 ], [ -54.35124556, -15.49125639 ], [ -54.35523833, -15.48920583 ], [ -54.35716111, -15.48716944 ], [ -54.35917389, -15.48609028 ], [ -54.36010417, -15.48377806 ], [ -54.36112306, -15.48189694 ], [ -54.3613225, -15.47996444 ], [ -54.36196889, -15.47824194 ], [ -54.36279056, -15.47578694 ], [ -54.36359472, -15.47165333 ], [ -54.36321056, -15.47114583 ], [ -54.36336417, -15.46902333 ], [ -54.36341917, -15.4672825 ], [ -54.36414889, -15.46553194 ], [ -54.36208667, -15.46451417 ], [ -54.36110222, -15.46265472 ], [ -54.35928944, -15.46008389 ], [ -54.3588, -15.45856361 ], [ -54.35866444, -15.45759944 ], [ -54.3578675, -15.45591972 ] ] ] } },
{ "type": "Feature", "properties": { }, "geometry": { "type": "Polygon", "coordinates": [ [ [ -53.89326537, -15.22288885 ], [ -53.89278169, -15.22512051 ], [ -53.8927805, -15.22612182 ], [ -53.89264513, -15.2267668 ], [ -53.892361, -15.22751247 ], [ -53.89080388, -15.23061338 ], [ -53.89064368, -15.231104 ], [ -53.89059874, -15.23155923 ], [ -53.89077091, -15.23236949 ], [ -53.89104047, -15.23278637 ], [ -53.89112776, -15.23288441 ], [ -53.89218893, -15.2340763 ], [ -53.89223198, -15.23417409 ], [ -53.89228111, -15.23428571 ], [ -53.89237727, -15.23450416 ], [ -53.89237649, -15.23458696 ], [ -53.8923672, -15.23557645 ], [ -53.89249758, -15.23575019 ], [ -53.89324454, -15.23674558 ], [ -53.89419871, -15.23755139 ], [ -53.89666512, -15.23919741 ], [ -53.89783648, -15.23986917 ], [ -53.89975377, -15.24132564 ], [ -53.90049823, -15.24200811 ], [ -53.90077408, -15.24226099 ], [ -53.9011244, -15.24275658 ], [ -53.90223667, -15.24481952 ], [ -53.90285721, -15.24577377 ], [ -53.90298949, -15.24591375 ], [ -53.90409283, -15.24708138 ], [ -53.90579523, -15.24846286 ], [ -53.90669106, -15.2487729 ], [ -53.90686252, -15.24880336 ], [ -53.90709211, -15.24917754 ], [ -53.90717516, -15.24821059 ], [ -53.90787146, -15.24701747 ], [ -53.90933904, -15.24472834 ], [ -53.91192, -15.24468911 ], [ -53.9136599, -15.24535353 ], [ -53.91633405, -15.24620232 ], [ -53.91826906, -15.24632513 ], [ -53.92067315, -15.24461496 ], [ -53.91978011, -15.24139671 ], [ -53.91991757, -15.23879721 ], [ -53.92046224, -15.23839658 ], [ -53.92179448, -15.23853013 ], [ -53.92269575, -15.23899081 ], [ -53.92338029, -15.23915892 ], [ -53.92464636, -15.23933373 ], [ -53.92557668, -15.239365 ], [ -53.92678094, -15.23929806 ], [ -53.92790113, -15.23891291 ], [ -53.92862637, -15.2388017 ], [ -53.93005973, -15.23886185 ], [ -53.9324154, -15.23900397 ], [ -53.93289983, -15.23896958 ], [ -53.93378001, -15.23874827 ], [ -53.93409568, -15.23872832 ], [ -53.93454541, -15.2387917 ], [ -53.93489583, -15.23889447 ], [ -53.93595411, -15.23942299 ], [ -53.93632015, -15.23945654 ], [ -53.93859114, -15.23897857 ], [ -53.93958102, -15.23908148 ], [ -53.94020092, -15.23898786 ], [ -53.94161192, -15.23846885 ], [ -53.9421426, -15.23821099 ], [ -53.94293964, -15.23759628 ], [ -53.9433367, -15.23711283 ], [ -53.94570272, -15.23755463 ], [ -53.94614602, -15.23708418 ], [ -53.94756861, -15.23597882 ], [ -53.94768378, -15.23557138 ], [ -53.94696276, -15.23446683 ], [ -53.94645161, -15.23423935 ], [ -53.94626711, -15.2345522 ], [ -53.94609825, -15.2348385 ], [ -53.9448011, -15.23493432 ], [ -53.94416392, -15.23468754 ], [ -53.94397239, -15.2341024 ], [ -53.94388238, -15.2332193 ], [ -53.94484414, -15.23179851 ], [ -53.94510365, -15.23123561 ], [ -53.94397653, -15.23047414 ], [ -53.94294671, -15.22995391 ], [ -53.94268629, -15.22861573 ], [ -53.94301703, -15.22741234 ], [ -53.94278739, -15.22621521 ], [ -53.94177335, -15.22586922 ], [ -53.94244598, -15.22445112 ], [ -53.94279808, -15.22436015 ], [ -53.9431516, -15.22452595 ], [ -53.94373136, -15.22611768 ], [ -53.94393741, -15.22618118 ], [ -53.94502992, -15.22621694 ], [ -53.94550144, -15.22606284 ], [ -53.94553006, -15.22558073 ], [ -53.94506818, -15.22470602 ], [ -53.94502352, -15.22448039 ], [ -53.94454966, -15.22410478 ], [ -53.94387767, -15.22371846 ], [ -53.94372479, -15.22357799 ], [ -53.94284012, -15.22326304 ], [ -53.94212803, -15.22356569 ], [ -53.93966899, -15.22310003 ], [ -53.93621762, -15.22253372 ], [ -53.93276625, -15.2219674 ], [ -53.92931488, -15.22140109 ], [ -53.92586351, -15.22083478 ], [ -53.92439902, -15.22059443 ], [ -53.92031131, -15.21992305 ], [ -53.9162236, -15.21925167 ], [ -53.9121359, -15.21858029 ], [ -53.90804819, -15.21790891 ], [ -53.90396048, -15.21723753 ], [ -53.89987278, -15.21656616 ], [ -53.89578507, -15.21589478 ], [ -53.89169736, -15.2152234 ], [ -53.88760966, -15.21455202 ], [ -53.88352195, -15.21388064 ], [ -53.87943424, -15.21320926 ], [ -53.87534654, -15.21253789 ], [ -53.87096801, -15.21209006 ], [ -53.86658948, -15.21164224 ], [ -53.86638746, -15.21160319 ], [ -53.86660442, -15.21182922 ], [ -53.86787602, -15.21235011 ], [ -53.86811722, -15.21239246 ], [ -53.86939429, -15.21261666 ], [ -53.86941415, -15.2126365 ], [ -53.86948992, -15.21271219 ], [ -53.86994234, -15.21280704 ], [ -53.87199578, -15.21379569 ], [ -53.8730451, -15.21442722 ], [ -53.87311841, -15.21447134 ], [ -53.87331838, -15.21463702 ], [ -53.8751093, -15.21612081 ], [ -53.87563251, -15.21641358 ], [ -53.8759335, -15.21658201 ], [ -53.87621241, -15.21673808 ], [ -53.87757514, -15.2169897 ], [ -53.87952555, -15.2171862 ], [ -53.88106371, -15.21749446 ], [ -53.88421544, -15.2184217 ], [ -53.88773263, -15.22007999 ], [ -53.89153107, -15.22144395 ], [ -53.89252432, -15.22211909 ], [ -53.89326537, -15.22288885 ] ] ] } },
{ "type": "Feature", "properties": { }, "geometry": { "type": "Polygon", "coordinates": [ [ [ -54.12436971, -15.45728577 ], [ -54.1243515, -15.45717727 ], [ -54.12422543, -15.45702017 ], [ -54.1239274, -15.45684873 ], [ -54.12365461, -15.45664005 ], [ -54.1237626, -15.45644045 ], [ -54.12389097, -15.45638593 ], [ -54.12377485, -15.45581365 ], [ -54.12394362, -15.455637 ], [ -54.12375833, -15.45565431 ], [ -54.12372114, -15.4553782 ], [ -54.12358686, -15.45520561 ], [ -54.1202624, -15.45507671 ], [ -54.11693795, -15.45494782 ], [ -54.11296715, -15.45481348 ], [ -54.10899636, -15.45467915 ], [ -54.10502556, -15.45454481 ], [ -54.10105477, -15.45441048 ], [ -54.09692236, -15.4542376 ], [ -54.09278995, -15.45406472 ], [ -54.08911133, -15.45390221 ], [ -54.08543271, -15.45373969 ], [ -54.08175409, -15.45357718 ], [ -54.07807547, -15.45341467 ], [ -54.07439684, -15.45325215 ], [ -54.06999663, -15.45304894 ], [ -54.06559642, -15.45284572 ], [ -54.0611962, -15.4526425 ], [ -54.05679599, -15.45243928 ], [ -54.05239578, -15.45223606 ], [ -54.04799556, -15.45203284 ], [ -54.04466208, -15.4518556 ], [ -54.0413286, -15.45167836 ], [ -54.04027768, -15.45162251 ], [ -54.04025048, -15.4516934 ], [ -54.04056394, -15.45166422 ], [ -54.04079, -15.45262985 ], [ -54.04049787, -15.45272923 ], [ -54.04069989, -15.45331163 ], [ -54.04077587, -15.45325426 ], [ -54.04100308, -15.45351166 ], [ -54.04097842, -15.4540854 ], [ -54.04043331, -15.4543875 ], [ -54.04054087, -15.45396785 ], [ -54.04019092, -15.45436882 ], [ -54.04005008, -15.45416378 ], [ -54.03906293, -15.45487986 ], [ -54.03899019, -15.45465352 ], [ -54.03872279, -15.454801 ], [ -54.03877077, -15.45492785 ], [ -54.03865632, -15.45517597 ], [ -54.03845907, -15.45503495 ], [ -54.03844725, -15.45514352 ], [ -54.03827898, -15.45531519 ], [ -54.03844042, -15.45565215 ], [ -54.0385903, -15.45562006 ], [ -54.03898318, -15.45616025 ], [ -54.03917655, -15.4558132 ], [ -54.03931581, -15.45628981 ], [ -54.03911534, -15.45653576 ], [ -54.03915443, -15.45713195 ], [ -54.03866134, -15.45719003 ], [ -54.03819288, -15.45760536 ], [ -54.03838087, -15.45799064 ], [ -54.03813067, -15.45831031 ], [ -54.0384926, -15.45844662 ], [ -54.03859608, -15.45866227 ], [ -54.03842058, -15.45891614 ], [ -54.03826059, -15.45882127 ], [ -54.03839144, -15.45915644 ], [ -54.03807844, -15.45922052 ], [ -54.03789594, -15.4595007 ], [ -54.03718146, -15.45971553 ], [ -54.03710076, -15.45999775 ], [ -54.03689718, -15.45995525 ], [ -54.03671325, -15.45984416 ], [ -54.036587, -15.46005603 ], [ -54.03631466, -15.46056652 ], [ -54.03652655, -15.46073471 ], [ -54.03658294, -15.46096001 ], [ -54.03692464, -15.46112311 ], [ -54.03700017, -15.46133758 ], [ -54.03617176, -15.46206087 ], [ -54.03594627, -15.4620121 ], [ -54.0359047, -15.46273844 ], [ -54.0355272, -15.46306172 ], [ -54.03499286, -15.46329619 ], [ -54.03550449, -15.46373593 ], [ -54.03542915, -15.46395098 ], [ -54.03503045, -15.46413942 ], [ -54.03476191, -15.46438943 ], [ -54.03512346, -15.46455696 ], [ -54.03476778, -15.46489758 ], [ -54.03501912, -15.46533863 ], [ -54.03454832, -15.46567099 ], [ -54.03475157, -15.46583163 ], [ -54.03443889, -15.46617602 ], [ -54.03381441, -15.46630844 ], [ -54.03369599, -15.46688204 ], [ -54.03346548, -15.46695372 ], [ -54.03299933, -15.46732111 ], [ -54.03312948, -15.4675676 ], [ -54.03294265, -15.46774267 ], [ -54.03307096, -15.46795407 ], [ -54.03299661, -15.47026293 ], [ -54.03312301, -15.47124718 ], [ -54.03741813, -15.47147368 ], [ -54.04171324, -15.47170019 ], [ -54.04600836, -15.47192669 ], [ -54.05030348, -15.4721532 ], [ -54.0545986, -15.47237971 ], [ -54.05889372, -15.47260621 ], [ -54.06318884, -15.47283272 ], [ -54.06748396, -15.47305922 ], [ -54.07177908, -15.47328573 ], [ -54.07607419, -15.47351223 ], [ -54.08036931, -15.47373874 ], [ -54.08056776, -15.473749 ], [ -54.08492345, -15.47397776 ], [ -54.08927914, -15.47420653 ], [ -54.09363483, -15.47443529 ], [ -54.09799052, -15.47466405 ], [ -54.10234621, -15.47489281 ], [ -54.1067019, -15.47512158 ], [ -54.11105759, -15.47535034 ], [ -54.11541327, -15.4755791 ], [ -54.11976896, -15.47580787 ], [ -54.12412465, -15.47603663 ], [ -54.12421106, -15.47534864 ], [ -54.12381673, -15.47531493 ], [ -54.12360101, -15.47510184 ], [ -54.12381124, -15.47454306 ], [ -54.12402279, -15.47391367 ], [ -54.12429431, -15.47419753 ], [ -54.12423269, -15.47395427 ], [ -54.12440145, -15.47354542 ], [ -54.12435693, -15.47326615 ], [ -54.12409771, -15.47311986 ], [ -54.12407999, -15.47292772 ], [ -54.12427764, -15.47288694 ], [ -54.12408312, -15.47268443 ], [ -54.12420893, -15.47212501 ], [ -54.1243847, -15.4723182 ], [ -54.12457735, -15.47237886 ], [ -54.12450607, -15.47224243 ], [ -54.12453391, -15.47210343 ], [ -54.1247189, -15.47193238 ], [ -54.12437518, -15.47203559 ], [ -54.1243605, -15.47176986 ], [ -54.12427055, -15.47171194 ], [ -54.12436617, -15.47122823 ], [ -54.12454393, -15.47094686 ], [ -54.12425962, -15.47072296 ], [ -54.12420201, -15.4704246 ], [ -54.12455124, -15.47047178 ], [ -54.12424006, -15.4700902 ], [ -54.12376034, -15.46958501 ], [ -54.1237463, -15.46936344 ], [ -54.12409479, -15.46932049 ], [ -54.12390002, -15.46919714 ], [ -54.12370775, -15.46879779 ], [ -54.12392052, -15.46851471 ], [ -54.12377809, -15.46825156 ], [ -54.12396877, -15.46799732 ], [ -54.12389253, -15.46797302 ], [ -54.12388925, -15.46788671 ], [ -54.12355672, -15.46776053 ], [ -54.12380786, -15.46735834 ], [ -54.12367302, -15.46703355 ], [ -54.12379971, -15.46693428 ], [ -54.12393709, -15.46702552 ], [ -54.12398414, -15.46695885 ], [ -54.12395993, -15.46658555 ], [ -54.12379697, -15.46643662 ], [ -54.12384414, -15.46623404 ], [ -54.1236745, -15.46643652 ], [ -54.12342237, -15.46603049 ], [ -54.12356454, -15.46570473 ], [ -54.12371409, -15.46558631 ], [ -54.12345611, -15.46541813 ], [ -54.1235064, -15.4653197 ], [ -54.12369052, -15.465311 ], [ -54.12362678, -15.4650465 ], [ -54.12413108, -15.46475076 ], [ -54.12427585, -15.46480891 ], [ -54.1242235, -15.46457332 ], [ -54.12447397, -15.464653 ], [ -54.12451041, -15.46443631 ], [ -54.12436115, -15.46423259 ], [ -54.12436584, -15.46402017 ], [ -54.12412568, -15.46364257 ], [ -54.12374618, -15.46357148 ], [ -54.12353292, -15.46333184 ], [ -54.12382602, -15.46298168 ], [ -54.12400793, -15.46308288 ], [ -54.1241295, -15.46302474 ], [ -54.124128, -15.46287192 ], [ -54.12439565, -15.46267372 ], [ -54.12462855, -15.46262031 ], [ -54.12474611, -15.46273941 ], [ -54.12483053, -15.46232879 ], [ -54.12489966, -15.46193169 ], [ -54.12496504, -15.46180221 ], [ -54.12511554, -15.46177736 ], [ -54.12497882, -15.46152281 ], [ -54.12482847, -15.4607707 ], [ -54.12509804, -15.46072325 ], [ -54.12517662, -15.46045541 ], [ -54.12530536, -15.46028187 ], [ -54.12563492, -15.45977006 ], [ -54.12536812, -15.45940897 ], [ -54.12531792, -15.45946639 ], [ -54.12501197, -15.4592517 ], [ -54.12503234, -15.45912418 ], [ -54.12482769, -15.45879247 ], [ -54.12516076, -15.45830106 ], [ -54.12500808, -15.45794557 ], [ -54.12470155, -15.45763405 ], [ -54.124375, -15.45773652 ], [ -54.12436971, -15.45728577 ] ] ] } },
{ "type": "Feature", "properties": { }, "geometry": { "type": "Polygon", "coordinates": [ [ [ -54.18473234, -15.53053981 ], [ -54.18069224, -15.53598455 ], [ -54.18773289, -15.53907664 ], [ -54.18839498, -15.53824749 ], [ -54.18872976, -15.53788653 ], [ -54.18932679, -15.53708642 ], [ -54.18925669, -15.53610616 ], [ -54.1896699, -15.53526712 ], [ -54.18986156, -15.5343851 ], [ -54.18998042, -15.53405487 ], [ -54.19024338, -15.53381907 ], [ -54.18473234, -15.53053981 ] ] ] } },
{ "type": "Feature", "properties": { }, "geometry": { "type": "Polygon", "coordinates": [ [ [ -54.1820075, -15.50623306 ], [ -54.17880569, -15.50433208 ], [ -54.17560389, -15.50243111 ], [ -54.17494972, -15.502575 ], [ -54.17256333, -15.50318917 ], [ -54.17180389, -15.50256889 ], [ -54.17197528, -15.50345472 ], [ -54.17172333, -15.50499472 ], [ -54.17201389, -15.50669667 ], [ -54.17202278, -15.50676139 ], [ -54.1728525, -15.50714056 ], [ -54.1761893, -15.50866597 ], [ -54.17952611, -15.51019139 ], [ -54.17979611, -15.5103125 ], [ -54.183541, -15.51202656 ], [ -54.18728589, -15.51374061 ], [ -54.19103078, -15.51545467 ], [ -54.19477567, -15.51716872 ], [ -54.19852056, -15.51888278 ], [ -54.20131334, -15.52016097 ], [ -54.20410611, -15.52143917 ], [ -54.20462056, -15.52119333 ], [ -54.20486667, -15.52123278 ], [ -54.20541056, -15.52092722 ], [ -54.20607889, -15.52049889 ], [ -54.20667139, -15.52036333 ], [ -54.20677556, -15.52016361 ], [ -54.20720528, -15.52019167 ], [ -54.20717667, -15.52000389 ], [ -54.20802639, -15.519535 ], [ -54.20872806, -15.51875472 ], [ -54.20892111, -15.51876444 ], [ -54.20865889, -15.51831417 ], [ -54.20883583, -15.51817528 ], [ -54.20837472, -15.51525444 ], [ -54.20791361, -15.51233361 ], [ -54.20401338, -15.5107462 ], [ -54.20011315, -15.5091588 ], [ -54.19621291, -15.50757139 ], [ -54.19231268, -15.50598398 ], [ -54.18841245, -15.50439658 ], [ -54.18451222, -15.50280917 ], [ -54.18226083, -15.506385 ], [ -54.1820075, -15.50623306 ] ] ] } },
{ "type": "Feature", "properties": { }, "geometry": { "type": "Polygon", "coordinates": [ [ [ -54.2345326, -15.48414138 ], [ -54.23015652, -15.48340932 ], [ -54.22578044, -15.48267726 ], [ -54.22140436, -15.4819452 ], [ -54.21702828, -15.48121314 ], [ -54.2126522, -15.48048108 ], [ -54.20827612, -15.47974902 ], [ -54.20390004, -15.47901696 ], [ -54.19952396, -15.4782849 ], [ -54.19552969, -15.47759861 ], [ -54.19153542, -15.47691231 ], [ -54.18754115, -15.47622602 ], [ -54.18354687, -15.47553973 ], [ -54.17994481, -15.47491648 ], [ -54.17909464, -15.47828642 ], [ -54.17824447, -15.48165636 ], [ -54.17739429, -15.48502629 ], [ -54.18117581, -15.48622812 ], [ -54.18495732, -15.48742995 ], [ -54.18873884, -15.48863178 ], [ -54.19252035, -15.48983361 ], [ -54.19663133, -15.49113646 ], [ -54.2007423, -15.49243932 ], [ -54.20485328, -15.49374217 ], [ -54.20896425, -15.49504502 ], [ -54.21307523, -15.49634788 ], [ -54.2171862, -15.49765073 ], [ -54.22129718, -15.49895359 ], [ -54.22540815, -15.50025644 ], [ -54.22951913, -15.5015593 ], [ -54.2295904, -15.50151898 ], [ -54.22970734, -15.50154148 ], [ -54.229805, -15.50105677 ], [ -54.22979887, -15.5001486 ], [ -54.23001022, -15.49988008 ], [ -54.22992528, -15.49967004 ], [ -54.22989493, -15.49922364 ], [ -54.22996636, -15.49876037 ], [ -54.23067473, -15.49766163 ], [ -54.23071892, -15.49720501 ], [ -54.23110523, -15.49640397 ], [ -54.23157296, -15.49570931 ], [ -54.23188245, -15.49577715 ], [ -54.23173666, -15.49548298 ], [ -54.23204594, -15.4948306 ], [ -54.23241372, -15.49445252 ], [ -54.23224563, -15.49421395 ], [ -54.2327024, -15.4938795 ], [ -54.23259064, -15.49352036 ], [ -54.2330934, -15.4930114 ], [ -54.23283517, -15.49295958 ], [ -54.23314872, -15.4921894 ], [ -54.23329578, -15.49149634 ], [ -54.23359739, -15.49144298 ], [ -54.23362234, -15.49101581 ], [ -54.23377781, -15.49082488 ], [ -54.2337044, -15.49037507 ], [ -54.23365501, -15.48994529 ], [ -54.23404106, -15.48855368 ], [ -54.23402413, -15.48763752 ], [ -54.23420338, -15.48633197 ], [ -54.23443689, -15.4862565 ], [ -54.23413511, -15.48585084 ], [ -54.23433211, -15.48459447 ], [ -54.23437438, -15.48421746 ], [ -54.23451103, -15.48420581 ], [ -54.2345326, -15.48414138 ] ] ] } },
{ "type": "Feature", "properties": { }, "geometry": { "type": "Polygon", "coordinates": [ [ [ -54.19252028, -15.48983361 ], [ -54.19257806, -15.4900275 ], [ -54.19091112, -15.49266959 ], [ -54.18924417, -15.49531167 ], [ -54.19308191, -15.49686976 ], [ -54.19691964, -15.49842786 ], [ -54.20075738, -15.49998595 ], [ -54.20459512, -15.50154405 ], [ -54.20843286, -15.50310214 ], [ -54.21227059, -15.50466024 ], [ -54.21610833, -15.50621833 ], [ -54.21809, -15.50859806 ], [ -54.22007167, -15.51097778 ], [ -54.22052306, -15.51055389 ], [ -54.22067667, -15.51058083 ], [ -54.22087, -15.51047389 ], [ -54.22100111, -15.51054528 ], [ -54.22121611, -15.51018472 ], [ -54.2213825, -15.51025111 ], [ -54.22165556, -15.50994111 ], [ -54.22205306, -15.50916417 ], [ -54.2222375, -15.50915472 ], [ -54.22237972, -15.50931056 ], [ -54.22278056, -15.5088975 ], [ -54.223455, -15.50852528 ], [ -54.22426528, -15.50808528 ], [ -54.22476222, -15.50827083 ], [ -54.2252475, -15.50802222 ], [ -54.22562444, -15.50792222 ], [ -54.22571028, -15.50730306 ], [ -54.22587944, -15.50667917 ], [ -54.22614722, -15.50660528 ], [ -54.22629583, -15.50646972 ], [ -54.22643694, -15.50588111 ], [ -54.22661333, -15.50595389 ], [ -54.22678722, -15.50557889 ], [ -54.22712167, -15.50507639 ], [ -54.22747194, -15.50488111 ], [ -54.22766944, -15.50443722 ], [ -54.22784833, -15.50435333 ], [ -54.227695, -15.50410306 ], [ -54.22775667, -15.50397389 ], [ -54.22794722, -15.50397722 ], [ -54.22803833, -15.50363833 ], [ -54.22841056, -15.50314583 ], [ -54.22864444, -15.502795 ], [ -54.22886722, -15.50267528 ], [ -54.22919139, -15.50242861 ], [ -54.22951917, -15.50155944 ], [ -54.22540818, -15.50025657 ], [ -54.22129719, -15.4989537 ], [ -54.21718621, -15.49765083 ], [ -54.21307522, -15.49634796 ], [ -54.20896423, -15.49504509 ], [ -54.20485324, -15.49374222 ], [ -54.20074226, -15.49243935 ], [ -54.19663127, -15.49113648 ], [ -54.19252028, -15.48983361 ] ] ] } },
{ "type": "Feature", "properties": { }, "geometry": { "type": "Polygon", "coordinates": [ [ [ -54.53576861, -15.36091389 ], [ -54.5363625, -15.36145806 ], [ -54.53741194, -15.36323083 ], [ -54.53894861, -15.36492389 ], [ -54.53961722, -15.36602639 ], [ -54.53979278, -15.36790444 ], [ -54.54046306, -15.36932861 ], [ -54.54203, -15.3709925 ], [ -54.54234583, -15.37056556 ], [ -54.54272694, -15.37029028 ], [ -54.54397778, -15.36977194 ], [ -54.54446056, -15.36979806 ], [ -54.54478139, -15.36997028 ], [ -54.54587139, -15.37089444 ], [ -54.54697194, -15.37198889 ], [ -54.54805667, -15.37316528 ], [ -54.54978028, -15.37479639 ], [ -54.55017639, -15.37498417 ], [ -54.55060222, -15.37485028 ], [ -54.55186639, -15.3739275 ], [ -54.55258167, -15.37352583 ], [ -54.55300722, -15.37303889 ], [ -54.55307028, -15.37277722 ], [ -54.55263361, -15.3722925 ], [ -54.55241306, -15.37178639 ], [ -54.55239917, -15.37148694 ], [ -54.55254861, -15.37081667 ], [ -54.55284056, -15.37005917 ], [ -54.55343361, -15.36956528 ], [ -54.55336583, -15.36903583 ], [ -54.55310389, -15.36817417 ], [ -54.55300111, -15.36766556 ], [ -54.55258611, -15.3672425 ], [ -54.55236583, -15.36696944 ], [ -54.55118667, -15.36627556 ], [ -54.5510725, -15.36586028 ], [ -54.55108917, -15.365715 ], [ -54.55128444, -15.36552917 ], [ -54.55182, -15.36528389 ], [ -54.55238472, -15.36545139 ], [ -54.55260356, -15.3654157 ], [ -54.5526387, -15.36540997 ], [ -54.55266825, -15.36540515 ], [ -54.55267944, -15.36540333 ], [ -54.55269273, -15.36540116 ], [ -54.55271474, -15.36539757 ], [ -54.55298909, -15.36535283 ], [ -54.55349958, -15.36526957 ], [ -54.55395, -15.36519611 ], [ -54.55433083, -15.3652425 ], [ -54.55475417, -15.36538639 ], [ -54.55556833, -15.36610083 ], [ -54.55610083, -15.36639 ], [ -54.55671222, -15.3663375 ], [ -54.55683528, -15.36626389 ], [ -54.55688528, -15.36577778 ], [ -54.55667361, -15.36544833 ], [ -54.55596361, -15.36486278 ], [ -54.55584889, -15.36449833 ], [ -54.55602278, -15.36411 ], [ -54.55662167, -15.36370833 ], [ -54.55697361, -15.36359556 ], [ -54.55737306, -15.36319472 ], [ -54.55841778, -15.36170583 ], [ -54.55880028, -15.36161333 ], [ -54.55930056, -15.36130111 ], [ -54.55953194, -15.36134056 ], [ -54.55979639, -15.36153111 ], [ -54.56020556, -15.36195472 ], [ -54.56066778, -15.36269083 ], [ -54.56105306, -15.36284083 ], [ -54.56275167, -15.36324778 ], [ -54.56399028, -15.36331444 ], [ -54.56475292, -15.35965306 ], [ -54.56551556, -15.35599167 ], [ -54.56160119, -15.35527207 ], [ -54.55768683, -15.35455246 ], [ -54.55377246, -15.35383286 ], [ -54.5498581, -15.35311325 ], [ -54.54594373, -15.35239365 ], [ -54.54202937, -15.35167404 ], [ -54.538115, -15.35095444 ], [ -54.53733287, -15.35427426 ], [ -54.53655074, -15.35759407 ], [ -54.53576861, -15.36091389 ] ] ] } },
{ "type": "Feature", "properties": { }, "geometry": { "type": "Polygon", "coordinates": [ [ [ -54.48776848, -15.34790396 ], [ -54.49144864, -15.34913096 ], [ -54.49512881, -15.35035796 ], [ -54.49880898, -15.35158496 ], [ -54.50039444, -15.34911389 ], [ -54.49989444, -15.34922778 ], [ -54.4993863, -15.34925371 ], [ -54.49840168, -15.34922048 ], [ -54.4966128, -15.34887785 ], [ -54.4951117, -15.34846601 ], [ -54.49376769, -15.34790617 ], [ -54.49177022, -15.34690166 ], [ -54.49014273, -15.3459117 ], [ -54.48843169, -15.34468713 ], [ -54.48776412, -15.34790251 ], [ -54.48776848, -15.34790396 ] ] ] } },
{ "type": "Feature", "properties": { }, "geometry": { "type": "Polygon", "coordinates": [ [ [ -54.50389166, -15.33184235 ], [ -54.50715965, -15.33226047 ], [ -54.51042764, -15.33267859 ], [ -54.51369563, -15.33309671 ], [ -54.51411218, -15.33123863 ], [ -54.51485209, -15.32793831 ], [ -54.51154926, -15.32751574 ], [ -54.50824643, -15.32709318 ], [ -54.50494359, -15.32667061 ], [ -54.50413147, -15.33066336 ], [ -54.50389166, -15.33184235 ] ] ] } },
{ "type": "Feature", "properties": { }, "geometry": { "type": "Polygon", "coordinates": [ [ [ -54.46427583, -15.30745944 ], [ -54.46218083, -15.30907972 ], [ -54.45966069, -15.31139972 ], [ -54.45714056, -15.31371972 ], [ -54.45462042, -15.31603972 ], [ -54.45210028, -15.31835972 ], [ -54.45243722, -15.31898694 ], [ -54.44871333, -15.3212175 ], [ -54.45065, -15.32489875 ], [ -54.45258667, -15.32858 ], [ -54.45302722, -15.32940167 ], [ -54.45665572, -15.33001345 ], [ -54.46028422, -15.33062523 ], [ -54.46391272, -15.331237 ], [ -54.46754122, -15.33184878 ], [ -54.47116972, -15.33246056 ], [ -54.47234342, -15.33626491 ], [ -54.47351713, -15.34006926 ], [ -54.47469083, -15.34387361 ], [ -54.47688556, -15.34481972 ], [ -54.47876861, -15.34614194 ], [ -54.480305, -15.34767694 ], [ -54.48169195, -15.34962569 ], [ -54.48307889, -15.35157444 ], [ -54.48513333, -15.35336833 ], [ -54.48641111, -15.35399056 ], [ -54.48726424, -15.34982619 ], [ -54.48811736, -15.34566181 ], [ -54.48897049, -15.34149744 ], [ -54.48982361, -15.33733306 ], [ -54.48722296, -15.33472306 ], [ -54.48462232, -15.33211306 ], [ -54.48202167, -15.32950306 ], [ -54.47967222, -15.32670333 ], [ -54.47836111, -15.32464694 ], [ -54.47705, -15.32259056 ], [ -54.47458722, -15.31917528 ], [ -54.47255778, -15.31804111 ], [ -54.47052833, -15.31690694 ], [ -54.46714944, -15.316155 ], [ -54.46595944, -15.3125643 ], [ -54.46476944, -15.30897361 ], [ -54.46427583, -15.30745944 ] ] ] } },
{ "type": "Feature", "properties": { }, "geometry": { "type": "Polygon", "coordinates": [ [ [ -54.50304007, -15.33644485 ], [ -54.50627712, -15.33685903 ], [ -54.50951417, -15.3372732 ], [ -54.51275122, -15.33768738 ], [ -54.51309459, -15.33615598 ], [ -54.50984365, -15.33574005 ], [ -54.50659271, -15.33532411 ], [ -54.50334177, -15.33490817 ], [ -54.50304007, -15.33644485 ] ] ] } },
{ "type": "Feature", "properties": { }, "geometry": { "type": "Polygon", "coordinates": [ [ [ -54.49097056, -15.29859426 ], [ -54.49018694, -15.30242879 ], [ -54.48940333, -15.30626333 ], [ -54.48936111, -15.30651861 ], [ -54.4910525, -15.30718806 ], [ -54.492075, -15.30723528 ], [ -54.49368694, -15.30717778 ], [ -54.49524222, -15.30781167 ], [ -54.49583917, -15.30769389 ], [ -54.49669102, -15.30352148 ], [ -54.49754287, -15.29934908 ], [ -54.49839472, -15.29517667 ], [ -54.49648389, -15.29502861 ], [ -54.49411903, -15.29489416 ], [ -54.49175417, -15.29475972 ], [ -54.49097056, -15.29859426 ] ] ] } },
{ "type": "Feature", "properties": { }, "geometry": { "type": "Polygon", "coordinates": [ [ [ -54.47597084, -15.29694556 ], [ -54.47503861, -15.30017389 ], [ -54.47295083, -15.30274306 ], [ -54.4702237, -15.30481991 ], [ -54.46749657, -15.30689676 ], [ -54.46476944, -15.30897361 ], [ -54.46595944, -15.31256431 ], [ -54.46714944, -15.316155 ], [ -54.47052833, -15.31690694 ], [ -54.47255778, -15.31804111 ], [ -54.47458722, -15.31917528 ], [ -54.47705, -15.32259056 ], [ -54.47836111, -15.32464695 ], [ -54.47967222, -15.32670333 ], [ -54.48202167, -15.32950306 ], [ -54.48462232, -15.33211306 ], [ -54.48722296, -15.33472306 ], [ -54.48982361, -15.33733306 ], [ -54.49067682, -15.33311814 ], [ -54.49153004, -15.32890322 ], [ -54.49238325, -15.3246883 ], [ -54.49323647, -15.32047337 ], [ -54.49408968, -15.31625845 ], [ -54.4949429, -15.31204353 ], [ -54.49579611, -15.30782861 ], [ -54.49523861, -15.30782972 ], [ -54.49368333, -15.30719583 ], [ -54.49207472, -15.30725333 ], [ -54.49104861, -15.30720583 ], [ -54.48935806, -15.30653667 ], [ -54.48940333, -15.30626333 ], [ -54.49018694, -15.30242879 ], [ -54.49097056, -15.29859426 ], [ -54.49175417, -15.29475972 ], [ -54.48809565, -15.29450602 ], [ -54.487147696640577, -15.294440281601188 ], [ -54.48443721, -15.29425236 ], [ -54.48077869, -15.2939987 ], [ -54.478187555996072, -15.29381048271841 ], [ -54.47690306, -15.29371722 ], [ -54.47597084, -15.29694556 ] ] ] } },
{ "type": "Feature", "properties": { }, "geometry": { "type": "Polygon", "coordinates": [ [ [ -54.47183786, -15.36508112 ], [ -54.47341589, -15.36807376 ], [ -54.47499393, -15.3710664 ], [ -54.47657196, -15.37405903 ], [ -54.47815, -15.37705167 ], [ -54.48185917, -15.37699917 ], [ -54.48232945, -15.37466862 ], [ -54.48279972, -15.37233806 ], [ -54.48341375, -15.36931598 ], [ -54.48402778, -15.36629389 ], [ -54.48397528, -15.36599917 ], [ -54.48478722, -15.3619963 ], [ -54.48559917, -15.35799343 ], [ -54.48641111, -15.35399056 ], [ -54.48513333, -15.35336833 ], [ -54.48307889, -15.35157444 ], [ -54.48169195, -15.34962569 ], [ -54.480305, -15.34767694 ], [ -54.47876861, -15.34614194 ], [ -54.47688556, -15.34481972 ], [ -54.47469083, -15.34387361 ], [ -54.47351713, -15.34006926 ], [ -54.47234342, -15.33626491 ], [ -54.47116972, -15.33246056 ], [ -54.46754122, -15.33184878 ], [ -54.46391272, -15.331237 ], [ -54.46028422, -15.33062523 ], [ -54.45665572, -15.33001345 ], [ -54.45302722, -15.32940167 ], [ -54.45511729, -15.33336605 ], [ -54.45720736, -15.33733044 ], [ -54.45929743, -15.34129482 ], [ -54.4613875, -15.3452592 ], [ -54.46347758, -15.34922359 ], [ -54.46556765, -15.35318797 ], [ -54.46765772, -15.35715236 ], [ -54.46974779, -15.36111674 ], [ -54.47183786, -15.36508112 ] ] ] } },
{ "type": "Feature", "properties": { }, "geometry": { "type": "Polygon", "coordinates": [ [ [ -54.43453614, -15.29431878 ], [ -54.43656146, -15.29816146 ], [ -54.43858677, -15.30200413 ], [ -54.44061208, -15.30584681 ], [ -54.44263739, -15.30968948 ], [ -54.44466271, -15.31353215 ], [ -54.44668802, -15.31737483 ], [ -54.44871333, -15.3212175 ], [ -54.45243722, -15.31898694 ], [ -54.45210028, -15.31835972 ], [ -54.45462042, -15.31603972 ], [ -54.45714056, -15.31371972 ], [ -54.45966069, -15.31139972 ], [ -54.46218083, -15.30907972 ], [ -54.46427583, -15.30745944 ], [ -54.46476944, -15.30897361 ], [ -54.46749657, -15.30689676 ], [ -54.4702237, -15.30481991 ], [ -54.47295083, -15.30274306 ], [ -54.47503861, -15.30017389 ], [ -54.47597084, -15.29694556 ], [ -54.47690306, -15.29371722 ], [ -54.47330871, -15.29345611 ], [ -54.46971435, -15.293195 ], [ -54.467674807948995, -15.293046838350485 ], [ -54.46611988, -15.29293389 ], [ -54.466119882538734, -15.292933861175388 ], [ -54.46599889, -15.29290417 ], [ -54.46186417, -15.29260278 ], [ -54.457729517865424, -15.292301395675791 ], [ -54.45773035, -15.29230474 ], [ -54.45417495, -15.29204708 ], [ -54.45061954, -15.29178941 ], [ -54.44706414, -15.29153175 ], [ -54.443889668932968, -15.291299691754247 ], [ -54.44091703, -15.29108454 ], [ -54.43671393, -15.29078032 ], [ -54.43251083, -15.29047611 ], [ -54.43453614, -15.29431878 ] ] ] } },
{ "type": "Feature", "properties": { }, "geometry": { "type": "Polygon", "coordinates": [ [ [ -54.17291917, -15.51736972 ], [ -54.17270722, -15.51787639 ], [ -54.17247722, -15.5192225 ], [ -54.17206556, -15.52054056 ], [ -54.17164908, -15.52227165 ], [ -54.17244111, -15.52279278 ], [ -54.17269583, -15.52295639 ], [ -54.17609222, -15.52504076 ], [ -54.17948861, -15.52712514 ], [ -54.182885, -15.52920951 ], [ -54.18628139, -15.53129389 ], [ -54.18718167, -15.53172361 ], [ -54.18894694, -15.53275083 ], [ -54.18994389, -15.53341333 ], [ -54.19036917, -15.53371028 ], [ -54.19060056, -15.53353833 ], [ -54.19053111, -15.53322972 ], [ -54.19026083, -15.53310972 ], [ -54.19089556, -15.53274917 ], [ -54.1907025, -15.53260389 ], [ -54.1908225, -15.53237833 ], [ -54.19077083, -15.53232 ], [ -54.19064389, -15.53204167 ], [ -54.19049444, -15.53206944 ], [ -54.190395, -15.53189833 ], [ -54.19050056, -15.53143028 ], [ -54.19082722, -15.53114583 ], [ -54.19104194, -15.5311575 ], [ -54.19124583, -15.53091778 ], [ -54.19240556, -15.53062278 ], [ -54.19228333, -15.53039806 ], [ -54.1926775, -15.53024778 ], [ -54.19298583, -15.53020972 ], [ -54.19318639, -15.53012194 ], [ -54.19314528, -15.52992083 ], [ -54.19337389, -15.52982444 ], [ -54.19371611, -15.52938667 ], [ -54.19096597, -15.5291543 ], [ -54.18821583, -15.52892194 ], [ -54.18486597, -15.52639395 ], [ -54.18151611, -15.52386597 ], [ -54.17816625, -15.52133798 ], [ -54.17481639, -15.51881 ], [ -54.17458222, -15.51862972 ], [ -54.17291917, -15.51736972 ] ] ] } },
{ "type": "Feature", "properties": { }, "geometry": { "type": "Polygon", "coordinates": [ [ [ -53.79390965, -14.88169318 ], [ -53.7948577, -14.88528252 ], [ -53.79580575, -14.88887185 ], [ -53.79489556, -14.89145199 ], [ -53.79428973, -14.89408667 ], [ -53.79358075, -14.8965961 ], [ -53.79320439, -14.89897532 ], [ -53.79248934, -14.90147409 ], [ -53.79126098, -14.90389761 ], [ -53.78972319, -14.90598684 ], [ -53.78873866, -14.90808685 ], [ -53.78745446, -14.91022981 ], [ -53.78614484, -14.91207338 ], [ -53.78484307, -14.9144772 ], [ -53.78846533, -14.91526209 ], [ -53.7899713, -14.91535409 ], [ -53.79168309, -14.91506422 ], [ -53.79333106, -14.91447083 ], [ -53.79612395, -14.91279567 ], [ -53.79891684, -14.9111205 ], [ -53.79989549, -14.91072157 ], [ -53.80124781, -14.91037936 ], [ -53.80512865, -14.91016336 ], [ -53.80900949, -14.90994736 ], [ -53.81289033, -14.90973136 ], [ -53.81386598, -14.90999004 ], [ -53.81481066, -14.91063205 ], [ -53.81699263, -14.91348574 ], [ -53.81917459, -14.91633942 ], [ -53.82135656, -14.91919311 ], [ -53.82353852, -14.9220468 ], [ -53.82582355, -14.92098447 ], [ -53.82671348, -14.9200548 ], [ -53.82720908, -14.91933743 ], [ -53.82746777, -14.91854449 ], [ -53.82865112, -14.91778771 ], [ -53.82967957, -14.91715029 ], [ -53.8303978, -14.91725491 ], [ -53.83194367, -14.91718503 ], [ -53.83397842, -14.91565225 ], [ -53.83666229, -14.9149157 ], [ -53.83868491, -14.91363667 ], [ -53.84081589, -14.91189829 ], [ -53.84328375, -14.91055316 ], [ -53.84464208, -14.90811425 ], [ -53.8458198, -14.90593404 ], [ -53.84710253, -14.9034459 ], [ -53.84859676, -14.90129925 ], [ -53.84929411, -14.89882994 ], [ -53.8502751, -14.89629869 ], [ -53.85135823, -14.89465408 ], [ -53.85209345, -14.8930915 ], [ -53.85371739, -14.89040538 ], [ -53.85576256, -14.8888787 ], [ -53.85805267, -14.88750708 ], [ -53.86011558, -14.88672356 ], [ -53.86271161, -14.88614757 ], [ -53.86568922, -14.88644305 ], [ -53.86867883, -14.88747892 ], [ -53.87125412, -14.88748597 ], [ -53.87332071, -14.88809405 ], [ -53.87552878, -14.88845784 ], [ -53.87529829, -14.88476872 ], [ -53.87506779, -14.8810796 ], [ -53.87483729, -14.87739048 ], [ -53.87460679, -14.87370136 ], [ -53.87039214, -14.87306741 ], [ -53.8661775, -14.87243347 ], [ -53.86196285, -14.87179953 ], [ -53.8577482, -14.87116559 ], [ -53.85353355, -14.87053164 ], [ -53.84931891, -14.8698977 ], [ -53.84510426, -14.86926376 ], [ -53.84224321, -14.86882843 ], [ -53.83811854, -14.86780019 ], [ -53.83399387, -14.86677195 ], [ -53.8298692, -14.86574371 ], [ -53.82557149, -14.86467151 ], [ -53.82127378, -14.8635993 ], [ -53.81697607, -14.8625271 ], [ -53.81267836, -14.8614549 ], [ -53.80838064, -14.86038269 ], [ -53.80408293, -14.85931049 ], [ -53.79978522, -14.85823829 ], [ -53.79548751, -14.85716609 ], [ -53.7911898, -14.85609388 ], [ -53.7924169, -14.85868768 ], [ -53.793644, -14.86128148 ], [ -53.79371034, -14.86553701 ], [ -53.79377668, -14.86979254 ], [ -53.79384302, -14.87404808 ], [ -53.79390935, -14.87830361 ], [ -53.79393216, -14.87976587 ], [ -53.79390965, -14.88169318 ] ] ] } },
{ "type": "Feature", "properties": { }, "geometry": { "type": "Polygon", "coordinates": [ [ [ -53.71768569, -15.43499504 ], [ -53.71395057, -15.43747372 ], [ -53.71021546, -15.4399524 ], [ -53.70648034, -15.44243108 ], [ -53.70274523, -15.44490977 ], [ -53.69901011, -15.44738845 ], [ -53.695275, -15.44986713 ], [ -53.69153988, -15.45234581 ], [ -53.69220558, -15.45664731 ], [ -53.69287128, -15.4609488 ], [ -53.69353697, -15.4652503 ], [ -53.69420267, -15.46955179 ], [ -53.69486837, -15.47385329 ], [ -53.69866502, -15.47191242 ], [ -53.70246166, -15.46997155 ], [ -53.70625831, -15.46803069 ], [ -53.71005495, -15.46608982 ], [ -53.7138516, -15.46414895 ], [ -53.71764824, -15.46220808 ], [ -53.71754056, -15.46001907 ], [ -53.71743525, -15.45813366 ], [ -53.71761044, -15.45643234 ], [ -53.71824257, -15.45483693 ], [ -53.71831351, -15.45369367 ], [ -53.71834213, -15.45367405 ], [ -53.71804051, -15.45225654 ], [ -53.71780989, -15.4517897 ], [ -53.7182227, -15.44925415 ], [ -53.71793983, -15.44723029 ], [ -53.71727151, -15.44596096 ], [ -53.71790097, -15.44410103 ], [ -53.71758766, -15.44154216 ], [ -53.71717314, -15.4404994 ], [ -53.71769626, -15.43897368 ], [ -53.71791636, -15.43661683 ], [ -53.71791983, -15.43537012 ], [ -53.71768569, -15.43499504 ] ] ] } },
{ "type": "Feature", "properties": { }, "geometry": { "type": "Polygon", "coordinates": [ [ [ -54.98661484, -13.10892412 ], [ -54.98239868, -13.10962781 ], [ -54.97818251, -13.11033151 ], [ -54.97396635, -13.11103521 ], [ -54.96975019, -13.11173891 ], [ -54.96553403, -13.1124426 ], [ -54.96131786, -13.1131463 ], [ -54.9571017, -13.11385 ], [ -54.95288554, -13.1145537 ], [ -54.94866938, -13.11525739 ], [ -54.94445321, -13.11596109 ], [ -54.94023705, -13.11666479 ], [ -54.93602089, -13.11736849 ], [ -54.93180473, -13.11807218 ], [ -54.93132623, -13.11815199 ], [ -54.93132216, -13.11817845 ], [ -54.93089739, -13.12093957 ], [ -54.93112491, -13.12521569 ], [ -54.93135243, -13.1294918 ], [ -54.93123565, -13.13072616 ], [ -54.93044165, -13.13077441 ], [ -54.93088278, -13.13213909 ], [ -54.93105262, -13.13358598 ], [ -54.93109927, -13.13398232 ], [ -54.9319533, -13.13556903 ], [ -54.92948163, -13.13791021 ], [ -54.93282445, -13.14052929 ], [ -54.93616727, -13.14314837 ], [ -54.93661733, -13.14396983 ], [ -54.93779915, -13.14436015 ], [ -54.93801765, -13.14514038 ], [ -54.93856177, -13.14564184 ], [ -54.93834494, -13.14801673 ], [ -54.93820842, -13.14855637 ], [ -54.9387711, -13.1485902 ], [ -54.94050807, -13.15022052 ], [ -54.94224504, -13.15185085 ], [ -54.9454299, -13.15228058 ], [ -54.94520129, -13.15516972 ], [ -54.94494514, -13.15630623 ], [ -54.94485644, -13.15737221 ], [ -54.94586797, -13.15957664 ], [ -54.9458825, -13.15981292 ], [ -54.94558989, -13.16097608 ], [ -54.94521004, -13.1611654 ], [ -54.94654576, -13.16427167 ], [ -54.94788148, -13.16737795 ], [ -54.9492172, -13.17048423 ], [ -54.9496621, -13.17035522 ], [ -54.95393706, -13.16911513 ], [ -54.95821202, -13.16787504 ], [ -54.96248698, -13.16663494 ], [ -54.96676194, -13.16539485 ], [ -54.97103689, -13.16415476 ], [ -54.97531185, -13.16291467 ], [ -54.97958681, -13.16167457 ], [ -54.98386177, -13.16043448 ], [ -54.98813673, -13.15919439 ], [ -54.99241169, -13.1579543 ], [ -54.99668664, -13.1567142 ], [ -55.00094145, -13.15554926 ], [ -55.00519626, -13.15438432 ], [ -55.00945108, -13.15321937 ], [ -55.01370589, -13.15205443 ], [ -55.0179607, -13.15088949 ], [ -55.02221551, -13.14972454 ], [ -55.02647032, -13.1485596 ], [ -55.03072513, -13.14739466 ], [ -55.03497994, -13.14622971 ], [ -55.03923475, -13.14506477 ], [ -55.04348956, -13.14389983 ], [ -55.04774437, -13.14273488 ], [ -55.05199918, -13.14156994 ], [ -55.05625399, -13.140405 ], [ -55.0605088, -13.13924005 ], [ -55.06476361, -13.13807511 ], [ -55.06901842, -13.13691017 ], [ -55.07327323, -13.13574522 ], [ -55.07752804, -13.13458028 ], [ -55.08178428, -13.13368813 ], [ -55.08604052, -13.13279599 ], [ -55.09029676, -13.13190384 ], [ -55.09455301, -13.13101169 ], [ -55.09880925, -13.13011954 ], [ -55.10306549, -13.1292274 ], [ -55.10732173, -13.12833525 ], [ -55.11157797, -13.1274431 ], [ -55.11583421, -13.12655096 ], [ -55.1163112, -13.12645093 ], [ -55.11630505, -13.12514772 ], [ -55.11683814, -13.12449317 ], [ -55.11707961, -13.1243068 ], [ -55.11704486, -13.12256638 ], [ -55.11695995, -13.12110778 ], [ -55.1169714, -13.11960285 ], [ -55.11698537, -13.11776872 ], [ -55.11694738, -13.11645156 ], [ -55.11681804, -13.11452232 ], [ -55.11720674, -13.11391374 ], [ -55.11754885, -13.11311669 ], [ -55.1175055, -13.11250496 ], [ -55.11702724, -13.11226632 ], [ -55.11611873, -13.11178939 ], [ -55.11511493, -13.11121769 ], [ -55.11439952, -13.11060107 ], [ -55.113879, -13.10960961 ], [ -55.11345269, -13.10885399 ], [ -55.11287808, -13.10866167 ], [ -55.11211001, -13.10865607 ], [ -55.11139247, -13.10832161 ], [ -55.11077236, -13.10779973 ], [ -55.11024648, -13.1075137 ], [ -55.10952642, -13.10750844 ], [ -55.10847034, -13.10750072 ], [ -55.10703131, -13.1073491 ], [ -55.10612032, -13.10720133 ], [ -55.10458601, -13.10695494 ], [ -55.10405725, -13.10704513 ], [ -55.10362198, -13.10746522 ], [ -55.10294921, -13.10755435 ], [ -55.10271387, -13.10694121 ], [ -55.10257527, -13.10623473 ], [ -55.1020992, -13.10571389 ], [ -55.10128387, -13.10561384 ], [ -55.0998445, -13.10550921 ], [ -55.0987906, -13.10521928 ], [ -55.09740394, -13.10450362 ], [ -55.09553545, -13.10401955 ], [ -55.09505795, -13.10368682 ], [ -55.09360654, -13.10300282 ], [ -55.09264975, -13.10257249 ], [ -55.09178644, -13.10247206 ], [ -55.0915544, -13.10143566 ], [ -55.09194566, -13.10049793 ], [ -55.09243401, -13.09941982 ], [ -55.09176554, -13.09847699 ], [ -55.08834898, -13.09828039 ], [ -55.08756162, -13.09779627 ], [ -55.08560716, -13.09669161 ], [ -55.08467929, -13.09529448 ], [ -55.08397009, -13.09475575 ], [ -55.08341606, -13.09396632 ], [ -55.08308254, -13.09359098 ], [ -55.0830615, -13.0935673 ], [ -55.08256266, -13.09369393 ], [ -55.08241175, -13.09373224 ], [ -55.07924348, -13.09453643 ], [ -55.07607521, -13.09534062 ], [ -55.07290695, -13.09614481 ], [ -55.06864246, -13.09666868 ], [ -55.06437797, -13.09719254 ], [ -55.06011347, -13.09771641 ], [ -55.05584898, -13.09824027 ], [ -55.05158449, -13.09876414 ], [ -55.04732, -13.099288 ], [ -55.04304186, -13.09994032 ], [ -55.03876371, -13.10059265 ], [ -55.03448557, -13.10124497 ], [ -55.03020743, -13.1018973 ], [ -55.02683922, -13.10245239 ], [ -55.02347102, -13.10300748 ], [ -55.02010282, -13.10356257 ], [ -55.01673461, -13.10411766 ], [ -55.01286108, -13.10472238 ], [ -55.00898756, -13.10532709 ], [ -55.00511403, -13.1059318 ], [ -55.0012405, -13.10653652 ], [ -54.99736697, -13.10714123 ], [ -54.99378293, -13.10773553 ], [ -54.99019888, -13.10832982 ], [ -54.98661484, -13.10892412 ] ] ] } },
{ "type": "Feature", "properties": { }, "geometry": { "type": "Polygon", "coordinates": [ [ [ -55.07796831, -13.13445027 ], [ -55.07892805, -13.13822507 ], [ -55.0798878, -13.14199988 ], [ -55.08084754, -13.14577468 ], [ -55.08180729, -13.14954948 ], [ -55.08276703, -13.15332428 ], [ -55.08648015, -13.15163991 ], [ -55.09019326, -13.14995554 ], [ -55.09390638, -13.14827117 ], [ -55.09761949, -13.14658679 ], [ -55.10133261, -13.14490242 ], [ -55.10504572, -13.14321805 ], [ -55.10875883, -13.14153368 ], [ -55.11247195, -13.1398493 ], [ -55.11618506, -13.13816493 ], [ -55.11989818, -13.13648056 ], [ -55.11960813, -13.13545605 ], [ -55.11925691, -13.13474134 ], [ -55.11876321, -13.13384054 ], [ -55.11804508, -13.13317492 ], [ -55.1171714, -13.13290281 ], [ -55.11635069, -13.13257577 ], [ -55.11600122, -13.13213149 ], [ -55.11623086, -13.13202744 ], [ -55.11714837, -13.13187557 ], [ -55.11773556, -13.13123167 ], [ -55.11819922, -13.13053644 ], [ -55.11800013, -13.12986476 ], [ -55.1175142, -13.12909804 ], [ -55.11730098, -13.12858548 ], [ -55.11703589, -13.12778862 ], [ -55.11683402, -13.12723553 ], [ -55.1166138, -13.12673273 ], [ -55.11637194, -13.1264425 ], [ -55.11210487, -13.12733225 ], [ -55.1078378, -13.128222 ], [ -55.10357073, -13.12911176 ], [ -55.09930366, -13.13000151 ], [ -55.09503659, -13.13089126 ], [ -55.09076952, -13.13178101 ], [ -55.08650245, -13.13267077 ], [ -55.08223538, -13.13356052 ], [ -55.07796831, -13.13445027 ] ] ] } },
{ "type": "Feature", "properties": { }, "geometry": { "type": "Polygon", "coordinates": [ [ [ -55.11989818, -13.13648056 ], [ -55.11618506, -13.13816493 ], [ -55.11247195, -13.1398493 ], [ -55.10875883, -13.14153368 ], [ -55.10504572, -13.14321805 ], [ -55.10133261, -13.14490242 ], [ -55.09761949, -13.14658679 ], [ -55.09390638, -13.14827117 ], [ -55.09019326, -13.14995554 ], [ -55.08648015, -13.15163991 ], [ -55.08276703, -13.15332428 ], [ -55.0838893, -13.15760014 ], [ -55.08501156, -13.161876 ], [ -55.08613382, -13.16615186 ], [ -55.08725609, -13.17042772 ], [ -55.09058508, -13.16866608 ], [ -55.09391408, -13.16690443 ], [ -55.09724307, -13.16514279 ], [ -55.10057207, -13.16338114 ], [ -55.10390106, -13.1616195 ], [ -55.10723006, -13.15985785 ], [ -55.1108293, -13.15847593 ], [ -55.11442855, -13.15709401 ], [ -55.11802779, -13.15571209 ], [ -55.12162704, -13.15433017 ], [ -55.12522628, -13.15294825 ], [ -55.12882552, -13.15156633 ], [ -55.12883443, -13.15080958 ], [ -55.12876689, -13.14997705 ], [ -55.12879697, -13.14927635 ], [ -55.12863181, -13.14834372 ], [ -55.12863543, -13.14758194 ], [ -55.12862523, -13.14720781 ], [ -55.12886138, -13.14633258 ], [ -55.12889247, -13.14525873 ], [ -55.12874215, -13.1444526 ], [ -55.12844921, -13.14375232 ], [ -55.12821358, -13.14393989 ], [ -55.12763968, -13.14426771 ], [ -55.12742598, -13.14393103 ], [ -55.12704437, -13.14376931 ], [ -55.12636656, -13.14321948 ], [ -55.12565234, -13.14289509 ], [ -55.12483438, -13.14252941 ], [ -55.12479089, -13.14204429 ], [ -55.12470275, -13.14159505 ], [ -55.12410149, -13.14099393 ], [ -55.12350342, -13.14057242 ], [ -55.12312386, -13.14047937 ], [ -55.1224343, -13.14064368 ], [ -55.12200675, -13.14057727 ], [ -55.12166008, -13.14031148 ], [ -55.12152, -13.13939742 ], [ -55.12113352, -13.13871988 ], [ -55.1204812, -13.13787464 ], [ -55.1204836, -13.1374943 ], [ -55.11989818, -13.13648056 ] ] ] } },
{ "type": "Feature", "properties": { }, "geometry": { "type": "Polygon", "coordinates": [ [ [ -55.7921706, -12.3584079 ], [ -55.7879142, -12.35776715 ], [ -55.78365781, -12.3571264 ], [ -55.77940141, -12.35648565 ], [ -55.77514501, -12.3558449 ], [ -55.77088862, -12.35520415 ], [ -55.76663222, -12.3545634 ], [ -55.76237582, -12.35392264 ], [ -55.75811943, -12.35328189 ], [ -55.75386303, -12.35264114 ], [ -55.74960663, -12.35200039 ], [ -55.74535023, -12.35135964 ], [ -55.74109384, -12.35071889 ], [ -55.73683744, -12.35007814 ], [ -55.73258104, -12.34943738 ], [ -55.72832465, -12.34879663 ], [ -55.72406825, -12.34815588 ], [ -55.71981185, -12.34751513 ], [ -55.71555546, -12.34687438 ], [ -55.71129906, -12.34623363 ], [ -55.71017729, -12.34857918 ], [ -55.70905551, -12.35092473 ], [ -55.70884882, -12.35232475 ], [ -55.70907093, -12.35322042 ], [ -55.70972908, -12.35380569 ], [ -55.71178425, -12.3540702 ], [ -55.7130594, -12.35324255 ], [ -55.71476922, -12.35338154 ], [ -55.71728229, -12.35481392 ], [ -55.71846077, -12.35687731 ], [ -55.71920519, -12.36000117 ], [ -55.7183983, -12.36169845 ], [ -55.71919351, -12.36353238 ], [ -55.72043086, -12.3655286 ], [ -55.72097256, -12.36776773 ], [ -55.72151425, -12.37000687 ], [ -55.72258474, -12.37182916 ], [ -55.72234343, -12.37481466 ], [ -55.7217857, -12.37638854 ], [ -55.72226234, -12.37796763 ], [ -55.72520357, -12.38033945 ], [ -55.72658415, -12.38049402 ], [ -55.72760319, -12.38104596 ], [ -55.73174807, -12.38035271 ], [ -55.736036, -12.38081465 ], [ -55.74032394, -12.38127659 ], [ -55.74461188, -12.38173853 ], [ -55.74889982, -12.38220047 ], [ -55.75318775, -12.38266241 ], [ -55.75747569, -12.38312435 ], [ -55.76176363, -12.38358629 ], [ -55.76605157, -12.38404823 ], [ -55.77033951, -12.38451017 ], [ -55.77444554, -12.38497381 ], [ -55.77855157, -12.38543745 ], [ -55.78265761, -12.38590109 ], [ -55.78676364, -12.38636473 ], [ -55.79086967, -12.38682837 ], [ -55.79497571, -12.38729201 ], [ -55.79908174, -12.38775566 ], [ -55.80318777, -12.3882193 ], [ -55.80181062, -12.38449287 ], [ -55.80043348, -12.38076645 ], [ -55.79905633, -12.37704003 ], [ -55.79767919, -12.3733136 ], [ -55.79630204, -12.36958718 ], [ -55.79492489, -12.36586075 ], [ -55.79354775, -12.36213433 ], [ -55.7921706, -12.3584079 ] ] ] } },
{ "type": "Feature", "properties": { }, "geometry": { "type": "Polygon", "coordinates": [ [ [ -55.76733735, -12.29181051 ], [ -55.76879435, -12.29569276 ], [ -55.77025136, -12.29957501 ], [ -55.77170836, -12.30345726 ], [ -55.77316536, -12.30733951 ], [ -55.77462236, -12.31122176 ], [ -55.77607937, -12.31510401 ], [ -55.77753637, -12.31898625 ], [ -55.77899337, -12.3228685 ], [ -55.78045037, -12.32675075 ], [ -55.78190738, -12.330633 ], [ -55.77744463, -12.33041988 ], [ -55.77298189, -12.33020676 ], [ -55.76851914, -12.32999364 ], [ -55.7640564, -12.32978053 ], [ -55.75959365, -12.32956741 ], [ -55.75513091, -12.32935429 ], [ -55.75066816, -12.32914117 ], [ -55.74620542, -12.32892805 ], [ -55.74174268, -12.32871493 ], [ -55.73727993, -12.32850182 ], [ -55.73281719, -12.3282887 ], [ -55.72835444, -12.32807558 ], [ -55.7238917, -12.32786246 ], [ -55.72499888, -12.33052451 ], [ -55.72610607, -12.33318655 ], [ -55.72541019, -12.33559385 ], [ -55.72317463, -12.33672374 ], [ -55.72093906, -12.33785363 ], [ -55.71879799, -12.33855108 ], [ -55.71665691, -12.33924853 ], [ -55.71322909, -12.34124881 ], [ -55.71207775, -12.34356757 ], [ -55.71129906, -12.34623363 ], [ -55.71555546, -12.34687438 ], [ -55.71981185, -12.34751513 ], [ -55.72406825, -12.34815588 ], [ -55.72832465, -12.34879663 ], [ -55.73258104, -12.34943738 ], [ -55.73683744, -12.35007814 ], [ -55.74109384, -12.35071889 ], [ -55.74535024, -12.35135964 ], [ -55.74960663, -12.35200039 ], [ -55.75386303, -12.35264114 ], [ -55.75811943, -12.35328189 ], [ -55.76237582, -12.35392264 ], [ -55.76663222, -12.3545634 ], [ -55.77088862, -12.35520415 ], [ -55.77514501, -12.3558449 ], [ -55.77940141, -12.35648565 ], [ -55.78365781, -12.3571264 ], [ -55.7879142, -12.35776715 ], [ -55.7921706, -12.3584079 ], [ -55.79354775, -12.36213433 ], [ -55.79492489, -12.36586075 ], [ -55.79630204, -12.36958718 ], [ -55.79767919, -12.3733136 ], [ -55.79905633, -12.37704003 ], [ -55.80043348, -12.38076645 ], [ -55.80181063, -12.38449287 ], [ -55.80318777, -12.3882193 ], [ -55.80648987, -12.3885927 ], [ -55.80979198, -12.38896611 ], [ -55.81256666, -12.38927408 ], [ -55.81484194, -12.38951533 ], [ -55.81711722, -12.38975658 ], [ -55.8215891, -12.39024485 ], [ -55.82606098, -12.39073311 ], [ -55.83053286, -12.39122137 ], [ -55.83500474, -12.39170963 ], [ -55.83824883, -12.39205205 ], [ -55.84149292, -12.39239448 ], [ -55.84473701, -12.3927369 ], [ -55.84829328, -12.39310338 ], [ -55.85184956, -12.39346986 ], [ -55.85178534, -12.39298885 ], [ -55.85039954, -12.38917132 ], [ -55.84901373, -12.38535379 ], [ -55.84762792, -12.38153626 ], [ -55.84624212, -12.37771872 ], [ -55.84485631, -12.37390119 ], [ -55.8434705, -12.37008366 ], [ -55.8420847, -12.36626613 ], [ -55.840619, -12.36223029 ], [ -55.83918802, -12.35828997 ], [ -55.83775704, -12.35434966 ], [ -55.83620587, -12.35017756 ], [ -55.83465469, -12.34600546 ], [ -55.83310351, -12.34183335 ], [ -55.83155233, -12.33766125 ], [ -55.83030777, -12.33430895 ], [ -55.82906322, -12.33095665 ], [ -55.82814506, -12.32848339 ], [ -55.82722691, -12.32601014 ], [ -55.82627802, -12.32344697 ], [ -55.82532913, -12.32088379 ], [ -55.824205, -12.31793108 ], [ -55.82308087, -12.31497837 ], [ -55.82158252, -12.31089801 ], [ -55.82008417, -12.30681766 ], [ -55.81858995, -12.3027784 ], [ -55.81709573, -12.29873915 ], [ -55.81268312, -12.29814356 ], [ -55.8082705, -12.29754798 ], [ -55.80385788, -12.29695239 ], [ -55.79944526, -12.29635681 ], [ -55.79503264, -12.29576122 ], [ -55.79062002, -12.29516564 ], [ -55.7862074, -12.29457006 ], [ -55.78179478, -12.29397447 ], [ -55.77818042, -12.29343348 ], [ -55.77456606, -12.29289249 ], [ -55.77095171, -12.2923515 ], [ -55.76733735, -12.29181051 ] ] ] } },
{ "type": "Feature", "properties": { }, "geometry": { "type": "Polygon", "coordinates": [ [ [ -55.71450583, -12.16312306 ], [ -55.71186056, -12.16384806 ], [ -55.70921528, -12.16457306 ], [ -55.71012741, -12.16780695 ], [ -55.71103954, -12.17104083 ], [ -55.71195167, -12.17427472 ], [ -55.71293403, -12.17772847 ], [ -55.71391639, -12.18118222 ], [ -55.71485407, -12.18449444 ], [ -55.71579176, -12.18780667 ], [ -55.71672944, -12.19111889 ], [ -55.71934986, -12.19030389 ], [ -55.72197028, -12.18948889 ], [ -55.72090393, -12.18572234 ], [ -55.71983758, -12.1819558 ], [ -55.71877123, -12.17818925 ], [ -55.71770488, -12.1744227 ], [ -55.71663853, -12.17065615 ], [ -55.71557218, -12.16688961 ], [ -55.71450583, -12.16312306 ] ] ] } },
{ "type": "Feature", "properties": { }, "geometry": { "type": "Polygon", "coordinates": [ [ [ -55.70427615, -12.1759855 ], [ -55.70206787, -12.1764809 ], [ -55.69948892, -12.17705871 ], [ -55.69690997, -12.17763653 ], [ -55.69824865, -12.18189578 ], [ -55.69958732, -12.18615502 ], [ -55.7031696, -12.18491184 ], [ -55.70675187, -12.18366866 ], [ -55.71033414, -12.18242548 ], [ -55.71391641, -12.1811823 ], [ -55.71293404, -12.17772849 ], [ -55.71195166, -12.17427468 ], [ -55.7081139, -12.17513009 ], [ -55.70427615, -12.1759855 ] ] ] } },
{ "type": "Feature", "properties": { }, "geometry": { "type": "Polygon", "coordinates": [ [ [ -55.76733735, -12.29181051 ], [ -55.76300035, -12.29119691 ], [ -55.75866335, -12.2905833 ], [ -55.75432635, -12.28996969 ], [ -55.74998935, -12.28935608 ], [ -55.74565236, -12.28874248 ], [ -55.74131536, -12.28812887 ], [ -55.73697836, -12.28751526 ], [ -55.73264136, -12.28690166 ], [ -55.72830436, -12.28628805 ], [ -55.72422197, -12.28571014 ], [ -55.72419994, -12.28570702 ], [ -55.72168421, -12.28535084 ], [ -55.71916849, -12.28499466 ], [ -55.71519929, -12.28443246 ], [ -55.71123008, -12.28387025 ], [ -55.70726088, -12.28330805 ], [ -55.70329167, -12.28274585 ], [ -55.69932247, -12.28218364 ], [ -55.69535326, -12.28162144 ], [ -55.69138406, -12.28105923 ], [ -55.691354, -12.28105498 ], [ -55.68745431, -12.28050239 ], [ -55.68741053, -12.28049618 ], [ -55.68388007, -12.27999579 ], [ -55.6803496, -12.2794954 ], [ -55.6777775, -12.27913017 ], [ -55.67681914, -12.27899501 ], [ -55.67328868, -12.27849462 ], [ -55.67279612, -12.27979215 ], [ -55.67381857, -12.28062996 ], [ -55.67698187, -12.28061488 ], [ -55.6796156, -12.28077288 ], [ -55.682501, -12.28162551 ], [ -55.68528606, -12.28342881 ], [ -55.68807112, -12.28523212 ], [ -55.69085619, -12.28703542 ], [ -55.69498994, -12.2882118 ], [ -55.69912369, -12.28938817 ], [ -55.70107359, -12.29173292 ], [ -55.7030235, -12.29407767 ], [ -55.70560088, -12.29535078 ], [ -55.70817826, -12.29662389 ], [ -55.71101662, -12.29696267 ], [ -55.7124697, -12.2983368 ], [ -55.71341233, -12.30226795 ], [ -55.71435497, -12.30619909 ], [ -55.7152976, -12.31013024 ], [ -55.71624023, -12.31406139 ], [ -55.71785303, -12.31747023 ], [ -55.71946583, -12.32087907 ], [ -55.72115758, -12.32286583 ], [ -55.7227356, -12.3250826 ], [ -55.7238917, -12.32786246 ], [ -55.72835444, -12.32807558 ], [ -55.73281719, -12.3282887 ], [ -55.73727993, -12.32850181 ], [ -55.74174268, -12.32871493 ], [ -55.74620542, -12.32892805 ], [ -55.75066816, -12.32914117 ], [ -55.75513091, -12.32935429 ], [ -55.75959365, -12.32956741 ], [ -55.7640564, -12.32978053 ], [ -55.76851914, -12.32999364 ], [ -55.77298189, -12.33020676 ], [ -55.77744463, -12.33041988 ], [ -55.78190738, -12.330633 ], [ -55.78045037, -12.32675075 ], [ -55.77899337, -12.3228685 ], [ -55.77753637, -12.31898625 ], [ -55.77607937, -12.31510401 ], [ -55.77462236, -12.31122176 ], [ -55.77316536, -12.30733951 ], [ -55.77170836, -12.30345726 ], [ -55.77025136, -12.29957501 ], [ -55.76879435, -12.29569276 ], [ -55.76733735, -12.29181051 ] ] ] } },
{ "type": "Feature", "properties": { }, "geometry": { "type": "Polygon", "coordinates": [ [ [ -55.85797941, -12.21784956 ], [ -55.8623127, -12.21810744 ], [ -55.866646, -12.21836532 ], [ -55.87097929, -12.2186232 ], [ -55.87313113, -12.2187512 ], [ -55.87725769, -12.21899643 ], [ -55.88138424, -12.21924166 ], [ -55.8855108, -12.21948688 ], [ -55.88963736, -12.21973211 ], [ -55.89376391, -12.21997734 ], [ -55.89789047, -12.22022257 ], [ -55.90201703, -12.2204678 ], [ -55.90202349, -12.21709592 ], [ -55.90202995, -12.21372404 ], [ -55.90203641, -12.21035216 ], [ -55.8977705, -12.21011099 ], [ -55.89350459, -12.20986982 ], [ -55.88923868, -12.20962865 ], [ -55.88497277, -12.20938748 ], [ -55.88070685, -12.20914631 ], [ -55.87644094, -12.20890514 ], [ -55.87217503, -12.20866397 ], [ -55.86790912, -12.2084228 ], [ -55.86364321, -12.20818163 ], [ -55.8593773, -12.20794045 ], [ -55.85511139, -12.20769928 ], [ -55.85624, -12.21169381 ], [ -55.85736861, -12.21568833 ], [ -55.85797941, -12.21784956 ] ] ] } },
{ "type": "Feature", "properties": { }, "geometry": { "type": "Polygon", "coordinates": [ [ [ -55.70925417, -12.16474528 ], [ -55.70552778, -12.16576945 ], [ -55.70180139, -12.16679361 ], [ -55.698075, -12.16781778 ], [ -55.69434861, -12.16884194 ], [ -55.69527324, -12.17175759 ], [ -55.69619787, -12.17467324 ], [ -55.6971225, -12.17758889 ], [ -55.70082979, -12.17676035 ], [ -55.70453709, -12.17593181 ], [ -55.70824438, -12.17510326 ], [ -55.71195167, -12.17427472 ], [ -55.7110525, -12.17109824 ], [ -55.71015334, -12.16792176 ], [ -55.70925417, -12.16474528 ] ] ] } },
{ "type": "Feature", "properties": { }, "geometry": { "type": "Polygon", "coordinates": [ [ [ -55.90201701, -12.22046783 ], [ -55.89761325, -12.22020601 ], [ -55.89320949, -12.21994418 ], [ -55.88880574, -12.21968236 ], [ -55.88440198, -12.21942054 ], [ -55.87999822, -12.21915871 ], [ -55.87559446, -12.21889689 ], [ -55.87119071, -12.21863506 ], [ -55.86678695, -12.21837324 ], [ -55.86238319, -12.21811141 ], [ -55.85797944, -12.21784959 ], [ -55.8590944, -12.22176897 ], [ -55.86020937, -12.22568834 ], [ -55.86438873, -12.22589954 ], [ -55.86856808, -12.22611074 ], [ -55.87274744, -12.22632194 ], [ -55.8769268, -12.22653314 ], [ -55.88110616, -12.22674434 ], [ -55.88528552, -12.22695554 ], [ -55.88946487, -12.22716674 ], [ -55.89364423, -12.22737794 ], [ -55.89782359, -12.22758914 ], [ -55.90200295, -12.22780034 ], [ -55.90200998, -12.22413409 ], [ -55.90201701, -12.22046783 ] ] ] } },
{ "type": "Feature", "properties": { }, "geometry": { "type": "Polygon", "coordinates": [ [ [ -55.70741506, -12.18344337 ], [ -55.70489094, -12.18431869 ], [ -55.70223917, -12.18523689 ], [ -55.69958739, -12.18615508 ], [ -55.70014881, -12.1878913 ], [ -55.70087764, -12.19014502 ], [ -55.70162594, -12.19245898 ], [ -55.70261812, -12.19552709 ], [ -55.70614595, -12.19442504 ], [ -55.70967378, -12.19332299 ], [ -55.71320161, -12.19222094 ], [ -55.71672944, -12.19111889 ], [ -55.71579176, -12.18780669 ], [ -55.71485409, -12.1844945 ], [ -55.71391642, -12.1811823 ], [ -55.71066574, -12.18231284 ], [ -55.70741506, -12.18344337 ] ] ] } },
{ "type": "Feature", "properties": { }, "geometry": { "type": "Polygon", "coordinates": [ [ [ -55.67227103, -12.58361488 ], [ -55.67236519, -12.58364544 ], [ -55.67262339, -12.58274812 ], [ -55.67600148, -12.58351346 ], [ -55.67937958, -12.5842788 ], [ -55.67928351, -12.58410995 ], [ -55.67926831, -12.583996 ], [ -55.67911638, -12.58384407 ], [ -55.67893406, -12.58367694 ], [ -55.67884885, -12.5835206 ], [ -55.67860805, -12.58265849 ], [ -55.6788735, -12.58113847 ], [ -55.67896047, -12.58046433 ], [ -55.67888453, -12.58011731 ], [ -55.677562, -12.57973072 ], [ -55.67720347, -12.57856282 ], [ -55.67680292, -12.5781964 ], [ -55.67699449, -12.57735943 ], [ -55.67819867, -12.57593606 ], [ -55.67663984, -12.57513904 ], [ -55.67658683, -12.57446949 ], [ -55.67696078, -12.57427463 ], [ -55.67711393, -12.57237773 ], [ -55.67693354, -12.57156223 ], [ -55.67711934, -12.5713601 ], [ -55.6787718, -12.57165104 ], [ -55.679877, -12.57090191 ], [ -55.67984641, -12.57078729 ], [ -55.67620222, -12.57006858 ], [ -55.67255803, -12.56934987 ], [ -55.66891384, -12.56863116 ], [ -55.66526965, -12.56791245 ], [ -55.66162546, -12.56719374 ], [ -55.66236725, -12.56423717 ], [ -55.65930606, -12.56360662 ], [ -55.65624488, -12.56297608 ], [ -55.65318369, -12.56234553 ], [ -55.65241207, -12.56560583 ], [ -55.65164044, -12.56886614 ], [ -55.65086882, -12.57212644 ], [ -55.65127935, -12.57224652 ], [ -55.65057079, -12.57513209 ], [ -55.64986223, -12.57801766 ], [ -55.65359703, -12.57895053 ], [ -55.65733183, -12.5798834 ], [ -55.66106663, -12.58081627 ], [ -55.66480143, -12.58174914 ], [ -55.66853623, -12.58268201 ], [ -55.67227103, -12.58361488 ] ] ] } },
{ "type": "Feature", "properties": { }, "geometry": { "type": "Polygon", "coordinates": [ [ [ -55.79338347, -12.2312926 ], [ -55.79444265, -12.23430077 ], [ -55.79550183, -12.23730894 ], [ -55.796561, -12.2403171 ], [ -55.80104413, -12.24054509 ], [ -55.80552725, -12.24077308 ], [ -55.81001037, -12.24100107 ], [ -55.8144935, -12.24122905 ], [ -55.81897662, -12.24145704 ], [ -55.82345974, -12.24168503 ], [ -55.82794287, -12.24191301 ], [ -55.83242599, -12.242141 ], [ -55.83690911, -12.24236899 ], [ -55.84139224, -12.24259697 ], [ -55.84587536, -12.24282496 ], [ -55.85035848, -12.24305295 ], [ -55.85484161, -12.24328094 ], [ -55.85932473, -12.24350892 ], [ -55.86380785, -12.24373691 ], [ -55.86563667, -12.24382602 ], [ -55.87002113, -12.24403218 ], [ -55.87440558, -12.24423834 ], [ -55.87879004, -12.2444445 ], [ -55.88317449, -12.24465066 ], [ -55.88755895, -12.24485682 ], [ -55.8919434, -12.24506298 ], [ -55.89632786, -12.24526914 ], [ -55.90071231, -12.2454753 ], [ -55.90509677, -12.24568145 ], [ -55.90909818, -12.24586935 ], [ -55.91309959, -12.24605725 ], [ -55.917101, -12.24624515 ], [ -55.92110242, -12.24643304 ], [ -55.92510383, -12.24662094 ], [ -55.92910524, -12.24680884 ], [ -55.93310665, -12.24699673 ], [ -55.9323914, -12.24526363 ], [ -55.93179028, -12.24237868 ], [ -55.93062672, -12.23991252 ], [ -55.92885338, -12.23724842 ], [ -55.92711493, -12.23581095 ], [ -55.92586794, -12.23567272 ], [ -55.92371438, -12.23693782 ], [ -55.92074118, -12.23653554 ], [ -55.91776798, -12.23613326 ], [ -55.91562481, -12.23506548 ], [ -55.91509197, -12.2342178 ], [ -55.91496678, -12.23344767 ], [ -55.91053298, -12.23306176 ], [ -55.90609919, -12.23267585 ], [ -55.90166539, -12.23228994 ], [ -55.89968246, -12.23211266 ], [ -55.89993469, -12.22771479 ], [ -55.8954986, -12.22749266 ], [ -55.8910625, -12.22727054 ], [ -55.88662641, -12.22704841 ], [ -55.88219032, -12.22682629 ], [ -55.87775423, -12.22660416 ], [ -55.87331813, -12.22638204 ], [ -55.86888204, -12.22615991 ], [ -55.86444595, -12.22593779 ], [ -55.86000986, -12.22571566 ], [ -55.85570249, -12.22549945 ], [ -55.85139513, -12.22528325 ], [ -55.84708777, -12.22506704 ], [ -55.84278041, -12.22485083 ], [ -55.83847304, -12.22463462 ], [ -55.83416568, -12.22441841 ], [ -55.82985832, -12.2242022 ], [ -55.82555096, -12.22398599 ], [ -55.82124359, -12.22376978 ], [ -55.81693623, -12.22355357 ], [ -55.81262887, -12.22333736 ], [ -55.80814965, -12.22311196 ], [ -55.80367043, -12.22288655 ], [ -55.79919121, -12.22266114 ], [ -55.79471198, -12.22243574 ], [ -55.79023276, -12.22221033 ], [ -55.791283, -12.22523775 ], [ -55.79233323, -12.22826518 ], [ -55.79338347, -12.2312926 ] ] ] } },
{ "type": "Feature", "properties": { }, "geometry": { "type": "Polygon", "coordinates": [ [ [ -55.73702306, -12.16072972 ], [ -55.73690667, -12.16090667 ], [ -55.73674806, -12.1611925 ], [ -55.73643861, -12.16146167 ], [ -55.73579278, -12.16139944 ], [ -55.73515361, -12.16148389 ], [ -55.73443722, -12.16181194 ], [ -55.73372556, -12.16262694 ], [ -55.73355194, -12.16283639 ], [ -55.73308722, -12.16304556 ], [ -55.73273389, -12.16276389 ], [ -55.73247167, -12.16261444 ], [ -55.73216139, -12.16244472 ], [ -55.7317775, -12.16243667 ], [ -55.73149361, -12.16260222 ], [ -55.73101667, -12.1625275 ], [ -55.73035528, -12.16269028 ], [ -55.72999083, -12.16301972 ], [ -55.729025, -12.16306139 ], [ -55.72884833, -12.16342139 ], [ -55.72842667, -12.16356333 ], [ -55.72800111, -12.16352028 ], [ -55.727515, -12.16348639 ], [ -55.72719806, -12.16331528 ], [ -55.72664861, -12.16342083 ], [ -55.72626306, -12.16338417 ], [ -55.72585083, -12.16352806 ], [ -55.72451861, -12.16338139 ], [ -55.7237825, -12.16378944 ], [ -55.72312556, -12.16076444 ], [ -55.71998014, -12.16162472 ], [ -55.71683472, -12.162485 ], [ -55.71450583, -12.16312306 ], [ -55.71557218, -12.16688961 ], [ -55.71663853, -12.17065615 ], [ -55.71770488, -12.1744227 ], [ -55.71877123, -12.17818925 ], [ -55.71983758, -12.1819558 ], [ -55.72090393, -12.18572234 ], [ -55.72197028, -12.18948889 ], [ -55.72532343, -12.18841991 ], [ -55.72867657, -12.18735092 ], [ -55.73202972, -12.18628194 ], [ -55.73204389, -12.18623222 ], [ -55.73257556, -12.18587306 ], [ -55.73349056, -12.18498111 ], [ -55.73381, -12.18452667 ], [ -55.73432278, -12.18411861 ], [ -55.73461083, -12.18387028 ], [ -55.73564833, -12.18303167 ], [ -55.73744917, -12.18149944 ], [ -55.73800833, -12.18123139 ], [ -55.73968111, -12.18050806 ], [ -55.74014556, -12.18017306 ], [ -55.74073194, -12.17967389 ], [ -55.7417125, -12.17930417 ], [ -55.74258806, -12.17872222 ], [ -55.74293472, -12.17874611 ], [ -55.74320139, -12.17844444 ], [ -55.74322361, -12.17824417 ], [ -55.74315056, -12.17754556 ], [ -55.743275, -12.17722583 ], [ -55.74329306, -12.17707556 ], [ -55.74367444, -12.17630139 ], [ -55.74366583, -12.17573167 ], [ -55.74348139, -12.17534583 ], [ -55.74376222, -12.17494778 ], [ -55.74394194, -12.17434806 ], [ -55.7443, -12.17379861 ], [ -55.74429889, -12.17342944 ], [ -55.74437472, -12.17296694 ], [ -55.74431806, -12.17264028 ], [ -55.74464028, -12.17228278 ], [ -55.74467667, -12.17136361 ], [ -55.74441778, -12.1711675 ], [ -55.74450917, -12.17079222 ], [ -55.74458889, -12.17037528 ], [ -55.74460194, -12.16993806 ], [ -55.74474889, -12.16952861 ], [ -55.74473139, -12.16890528 ], [ -55.74511194, -12.16825778 ], [ -55.74476667, -12.16774139 ], [ -55.74488639, -12.16740278 ], [ -55.74444583, -12.16645111 ], [ -55.74406778, -12.16595417 ], [ -55.74390528, -12.16565917 ], [ -55.74387861, -12.16539528 ], [ -55.7435, -12.16485056 ], [ -55.74346167, -12.16462361 ], [ -55.74027972, -12.16550667 ], [ -55.73865139, -12.1631182 ], [ -55.73702306, -12.16072972 ] ] ] } },
{ "type": "Feature", "properties": { }, "geometry": { "type": "Polygon", "coordinates": [ [ [ -55.69085502, -12.18564318 ], [ -55.6870958, -12.18541918 ], [ -55.68333658, -12.18519518 ], [ -55.67957737, -12.18497118 ], [ -55.67581815, -12.18474717 ], [ -55.67205894, -12.18452317 ], [ -55.66829972, -12.18429917 ], [ -55.66491611, -12.18409722 ], [ -55.6649614, -12.18555597 ], [ -55.66507266, -12.18633594 ], [ -55.66671666, -12.18860866 ], [ -55.6695114, -12.18871988 ], [ -55.67230614, -12.18883109 ], [ -55.67627854, -12.18893658 ], [ -55.68025094, -12.18904206 ], [ -55.68422335, -12.18914755 ], [ -55.68819575, -12.18925303 ], [ -55.69216816, -12.18935852 ], [ -55.69591926, -12.18809061 ], [ -55.69967037, -12.1868227 ], [ -55.69945833, -12.18615583 ], [ -55.69664311, -12.18598808 ], [ -55.69374907, -12.18581563 ], [ -55.69085502, -12.18564318 ] ] ] } },
{ "type": "Feature", "properties": { }, "geometry": { "type": "Polygon", "coordinates": [ [ [ -55.69958732, -12.18615502 ], [ -55.69523748, -12.18589666 ], [ -55.69088763, -12.1856383 ], [ -55.68653779, -12.18537994 ], [ -55.68218794, -12.18512158 ], [ -55.6778381, -12.18486322 ], [ -55.67348825, -12.18460486 ], [ -55.66913841, -12.1843465 ], [ -55.66478857, -12.18408814 ], [ -55.6647805, -12.18532533 ], [ -55.66476904, -12.18619106 ], [ -55.66513842, -12.18673523 ], [ -55.66523714, -12.18703163 ], [ -55.66549714, -12.18745687 ], [ -55.66584778, -12.1878678 ], [ -55.66577483, -12.18813991 ], [ -55.66628862, -12.18854208 ], [ -55.66679307, -12.18882761 ], [ -55.66739269, -12.18923688 ], [ -55.66777341, -12.18960808 ], [ -55.66813509, -12.18992216 ], [ -55.668354, -12.19000782 ], [ -55.66889651, -12.18997927 ], [ -55.66910591, -12.18999831 ], [ -55.66961288, -12.19008133 ], [ -55.6707716, -12.19108808 ], [ -55.67158699, -12.19159145 ], [ -55.67212343, -12.19196897 ], [ -55.67261696, -12.19230455 ], [ -55.67454815, -12.1938566 ], [ -55.67695141, -12.19501014 ], [ -55.67935467, -12.19616368 ], [ -55.68038455, -12.19631816 ], [ -55.68145055, -12.19635623 ], [ -55.68196451, -12.19642285 ], [ -55.68199489, -12.1964701 ], [ -55.67967514, -12.1999983 ], [ -55.67735539, -12.20352649 ], [ -55.68156585, -12.20219325 ], [ -55.6857763, -12.20086002 ], [ -55.68998676, -12.19952679 ], [ -55.69419721, -12.19819356 ], [ -55.69840766, -12.19686032 ], [ -55.70261812, -12.19552709 ], [ -55.70160785, -12.19240307 ], [ -55.70059759, -12.18927904 ], [ -55.69958732, -12.18615502 ] ] ] } },
{ "type": "Feature", "properties": { }, "geometry": { "type": "Polygon", "coordinates": [ [ [ -55.95771916, -11.61450199 ], [ -55.96200095, -11.61532002 ], [ -55.96628274, -11.61613804 ], [ -55.97056453, -11.61695606 ], [ -55.97484632, -11.61777409 ], [ -55.97912811, -11.61859211 ], [ -55.9834099, -11.61941013 ], [ -55.98769169, -11.62022816 ], [ -55.99197348, -11.62104618 ], [ -55.99625527, -11.6218642 ], [ -56.00053706, -11.62268223 ], [ -55.99868001, -11.61895731 ], [ -55.99682296, -11.6152324 ], [ -55.99496591, -11.61150749 ], [ -55.99310887, -11.60778258 ], [ -55.99125182, -11.60405766 ], [ -55.98939477, -11.60033275 ], [ -55.98753772, -11.59660784 ], [ -55.98568067, -11.59288293 ], [ -55.98382362, -11.58915801 ], [ -55.9818659, -11.58522988 ], [ -55.97990817, -11.58130175 ], [ -55.97795044, -11.57737362 ], [ -55.97599271, -11.57344549 ], [ -55.97403498, -11.56951736 ], [ -55.97207725, -11.56558923 ], [ -55.97011952, -11.5616611 ], [ -55.96816179, -11.55773297 ], [ -55.96620406, -11.55380484 ], [ -55.96424633, -11.54987671 ], [ -55.9622886, -11.54594857 ], [ -55.96033087, -11.54202044 ], [ -55.95837315, -11.53809231 ], [ -55.95641542, -11.53416418 ], [ -55.95219046, -11.53376031 ], [ -55.9479655, -11.53335645 ], [ -55.94374053, -11.53295258 ], [ -55.93951557, -11.53254872 ], [ -55.93529061, -11.53214485 ], [ -55.93106565, -11.53174098 ], [ -55.92684069, -11.53133712 ], [ -55.92261573, -11.53093325 ], [ -55.91854598, -11.53054112 ], [ -55.91447623, -11.53014898 ], [ -55.91040648, -11.52975685 ], [ -55.90633673, -11.52936471 ], [ -55.90226698, -11.52897258 ], [ -55.89819723, -11.52858044 ], [ -55.89412748, -11.52818831 ], [ -55.89005773, -11.52779618 ], [ -55.88598798, -11.52740404 ], [ -55.88738618, -11.53153362 ], [ -55.88878438, -11.53566319 ], [ -55.89018258, -11.53979277 ], [ -55.89158079, -11.54392235 ], [ -55.89297899, -11.54805192 ], [ -55.89437719, -11.5521815 ], [ -55.89577539, -11.55631108 ], [ -55.89717359, -11.56044065 ], [ -55.89857179, -11.56457023 ], [ -55.89997, -11.5686998 ], [ -55.9013682, -11.57282938 ], [ -55.9027664, -11.57695896 ], [ -55.9041646, -11.58108853 ], [ -55.9055628, -11.58521811 ], [ -55.906961, -11.58934769 ], [ -55.9083592, -11.59347726 ], [ -55.90975741, -11.59760684 ], [ -55.91115561, -11.60173641 ], [ -55.91255381, -11.60586599 ], [ -55.91665975, -11.60665108 ], [ -55.92076569, -11.60743617 ], [ -55.92487163, -11.60822126 ], [ -55.92897757, -11.60900635 ], [ -55.93308351, -11.60979145 ], [ -55.93718945, -11.61057654 ], [ -55.94129539, -11.61136163 ], [ -55.94540133, -11.61214672 ], [ -55.94950727, -11.61293181 ], [ -55.95361321, -11.6137169 ], [ -55.95771916, -11.61450199 ] ] ] } },
{ "type": "Feature", "properties": { }, "geometry": { "type": "Polygon", "coordinates": [ [ [ -55.946437, -11.514137 ], [ -55.942724, -11.5142475 ], [ -55.939011, -11.514358 ], [ -55.935298, -11.5144685 ], [ -55.931585, -11.514579 ], [ -55.92732007, -11.51480371 ], [ -55.92305514, -11.51502843 ], [ -55.91879021, -11.51525314 ], [ -55.91452529, -11.51547786 ], [ -55.91026036, -11.51570257 ], [ -55.90599543, -11.51592729 ], [ -55.9017305, -11.516152 ], [ -55.89746557, -11.51637671 ], [ -55.89320064, -11.51660143 ], [ -55.88893571, -11.51682614 ], [ -55.88467079, -11.51705086 ], [ -55.88040586, -11.51727557 ], [ -55.87614093, -11.51750029 ], [ -55.871876, -11.517725 ], [ -55.87372495, -11.52173141 ], [ -55.87557391, -11.52573782 ], [ -55.87742286, -11.52974423 ], [ -55.87927182, -11.53375064 ], [ -55.88112077, -11.53775705 ], [ -55.88296973, -11.54176345 ], [ -55.88481868, -11.54576986 ], [ -55.88666764, -11.54977627 ], [ -55.88851659, -11.55378268 ], [ -55.89036555, -11.55778909 ], [ -55.8922145, -11.5617955 ], [ -55.89406345, -11.56580191 ], [ -55.89591241, -11.56980832 ], [ -55.89776136, -11.57381473 ], [ -55.89961032, -11.57782114 ], [ -55.90145927, -11.58182755 ], [ -55.90330823, -11.58583396 ], [ -55.90515718, -11.58984036 ], [ -55.90700614, -11.59384677 ], [ -55.90885509, -11.59785318 ], [ -55.91070405, -11.60185959 ], [ -55.912553, -11.605866 ], [ -55.91115484, -11.60173642 ], [ -55.90975668, -11.59760684 ], [ -55.90835853, -11.59347726 ], [ -55.90696037, -11.58934768 ], [ -55.90556221, -11.58521811 ], [ -55.90416405, -11.58108853 ], [ -55.9027659, -11.57695895 ], [ -55.90136774, -11.57282937 ], [ -55.89996958, -11.56869979 ], [ -55.89857142, -11.56457021 ], [ -55.89717326, -11.56044063 ], [ -55.89577511, -11.55631105 ], [ -55.89437695, -11.55218147 ], [ -55.89297879, -11.5480519 ], [ -55.89158063, -11.54392232 ], [ -55.89018247, -11.53979274 ], [ -55.88878432, -11.53566316 ], [ -55.88738616, -11.53153358 ], [ -55.885988, -11.527404 ], [ -55.89038969, -11.5278265 ], [ -55.89479138, -11.528249 ], [ -55.89919306, -11.5286715 ], [ -55.90359475, -11.529094 ], [ -55.90799644, -11.5295165 ], [ -55.91239813, -11.529939 ], [ -55.91679981, -11.5303615 ], [ -55.9212015, -11.530784 ], [ -55.92560319, -11.5312065 ], [ -55.93000488, -11.531629 ], [ -55.93440656, -11.5320515 ], [ -55.93880825, -11.532474 ], [ -55.94320994, -11.5328965 ], [ -55.94761163, -11.533319 ], [ -55.95201331, -11.5337415 ], [ -55.956415, -11.534164 ], [ -55.9544194, -11.5301586 ], [ -55.9524238, -11.5261532 ], [ -55.9504282, -11.5221478 ], [ -55.9484326, -11.5181424 ], [ -55.946437, -11.514137 ] ] ] } }
]
}
