{
"type": "FeatureCollection",
"name": "CAR_2025",
"crs": { "type": "name", "properties": { "name": "urn:ogc:def:crs:OGC:1.3:CRS84" } },
"features": [
{ "type": "Feature", "properties": { }, "geometry": { "type": "Polygon", "coordinates": [ [ [ -53.941913500563544, -15.193460425389464 ], [ -53.938770005444546, -15.195744340501854 ], [ -53.935176307956382, -15.198233314059063 ], [ -53.936711151024639, -15.199313262027799 ], [ -53.936756902094977, -15.200877333872009 ], [ -53.935433711643086, -15.200889186491517 ], [ -53.93477148244596, -15.202160342947481 ], [ -53.935022486698095, -15.202970422392317 ], [ -53.936497826717257, -15.203296166261692 ], [ -53.936558193716195, -15.20458039141967 ], [ -53.937256353306502, -15.207133736364021 ], [ -53.94012160177256, -15.204374981023367 ], [ -53.942986850772563, -15.201616226023367 ], [ -53.94532428316645, -15.200050309825357 ], [ -53.947661716166451, -15.198484392825357 ], [ -53.951248160266459, -15.198984889166093 ], [ -53.954834605266463, -15.199485386166092 ], [ -53.958421049266462, -15.199985883166093 ], [ -53.960164858483878, -15.198317729982955 ], [ -53.961908667483875, -15.196649575982956 ], [ -53.957909634563542, -15.196011745389464 ], [ -53.953910600563546, -15.195373915389464 ], [ -53.949911567563547, -15.194736085389463 ], [ -53.945912533563543, -15.194098255389465 ], [ -53.941913500563544, -15.193460425389464 ] ] ] } },
{ "type": "Feature", "properties": { }, "geometry": { "type": "Polygon", "coordinates": [ [ [ -55.699587319999921, -12.186155019999944 ], [ -55.695237475440514, -12.185896660896235 ], [ -55.690887631440518, -12.185638300896237 ], [ -55.686537787440514, -12.185379941896237 ], [ -55.682187942440514, -12.185121582896237 ], [ -55.677838098440517, -12.184863222896237 ], [ -55.673488254440514, -12.184604863896237 ], [ -55.669138409440514, -12.184346503896236 ], [ -55.664788565440517, -12.184088144896236 ], [ -55.6647805, -12.185325329999955 ], [ -55.66476904000001, -12.18619106 ], [ -55.665138419999948, -12.186735230000011 ], [ -55.665237139999931, -12.187031629999979 ], [ -55.665497139999957, -12.18745687 ], [ -55.665847779999922, -12.1878678 ], [ -55.665774829999918, -12.188139910000018 ], [ -55.66628862464745, -12.188542076808062 ], [ -55.666793070380663, -12.188827612128819 ], [ -55.667392694554167, -12.189236879421742 ], [ -55.667773408315043, -12.189608075338754 ], [ -55.668135086387963, -12.189922164191387 ], [ -55.668353996800533, -12.190007824787699 ], [ -55.668896513909885, -12.189979271255595 ], [ -55.669105906478308, -12.189998306943664 ], [ -55.669612884521428, -12.190081333652984 ], [ -55.670771598815918, -12.191088076756273 ], [ -55.671586990356388, -12.191591446874668 ], [ -55.672123432159367, -12.191968973836538 ], [ -55.672616958618107, -12.192304552907103 ], [ -55.67454814910883, -12.193856600583615 ], [ -55.676951408663577, -12.19501014069102 ], [ -55.679354667663574, -12.196163681691019 ], [ -55.680384551646, -12.196318155375195 ], [ -55.681450550176578, -12.196356226751277 ], [ -55.681964513753883, -12.196422851659463 ], [ -55.681994890880674, -12.196470104967887 ], [ -55.679675141090989, -12.199998296880821 ], [ -55.677355392090988, -12.203526487880822 ], [ -55.681565846999952, -12.202193254999928 ], [ -55.685776300999954, -12.200860021999928 ], [ -55.689986755999954, -12.199526788999927 ], [ -55.694197210999953, -12.198193555999929 ], [ -55.698407664999955, -12.196860322999928 ], [ -55.702618119999954, -12.195527089999928 ], [ -55.701607852999921, -12.192403066999944 ], [ -55.700597586999919, -12.189279042999944 ], [ -55.699587319999921, -12.186155019999944 ] ] ] } },
{ "type": "Feature", "properties": { }, "geometry": { "type": "Polygon", "coordinates": [ [ [ -56.10379389, -12.84234417 ], [ -56.10011591, -12.844338084 ], [ -56.09643793, -12.846331997 ], [ -56.09275995, -12.848325911 ], [ -56.08908197, -12.850319825 ], [ -56.08540399, -12.852313738 ], [ -56.08172601, -12.854307652 ], [ -56.07804803, -12.85630156500001 ], [ -56.07437005, -12.858295479 ], [ -56.07069207, -12.860289393 ], [ -56.06701409, -12.862283306 ], [ -56.06333611, -12.86427722 ], [ -56.067319277, -12.862445442 ], [ -56.071302444, -12.860613664 ], [ -56.075285611, -12.858781886 ], [ -56.079268778, -12.856950108 ], [ -56.083251945, -12.85511833 ], [ -56.087235112, -12.853286552 ], [ -56.091218279, -12.851454774 ], [ -56.095201446, -12.849622996 ], [ -56.099184613, -12.847791218 ], [ -56.10316778, -12.84595944 ], [ -56.10320306, -12.84578 ], [ -56.10317222, -12.84505361 ], [ -56.103345, -12.84455222 ], [ -56.10340417, -12.84431278 ], [ -56.10347611, -12.84427556 ], [ -56.10378472, -12.844055 ], [ -56.10407611, -12.84367278 ], [ -56.10414167, -12.843234170000013 ], [ -56.104125, -12.84296139 ], [ -56.1040925, -12.84286028 ], [ -56.10402361, -12.84267361 ], [ -56.10379389, -12.84234417 ] ] ] } },
{ "type": "Feature", "properties": { }, "geometry": { "type": "Polygon", "coordinates": [ [ [ -55.707415062966533, -12.183443373508149 ], [ -55.70489094284703, -12.184318690181245 ], [ -55.702239168006088, -12.185236885345377 ], [ -55.699587393006091, -12.186155080345378 ], [ -55.700148812589035, -12.18789130328515 ], [ -55.700877637844584, -12.190145024829972 ], [ -55.701625935851752, -12.192458977570979 ], [ -55.702618117724654, -12.195527089413277 ], [ -55.706145947729048, -12.194425039162805 ], [ -55.709673778729048, -12.193322989162805 ], [ -55.713201608729051, -12.192220939162805 ], [ -55.71672943972905, -12.191118889162805 ], [ -55.715791764694551, -12.187806694413824 ], [ -55.714854090694551, -12.184494499413825 ], [ -55.713916415694548, -12.181182304413825 ], [ -55.710665738966533, -12.18231283850815 ], [ -55.707415062966533, -12.183443373508149 ] ] ] } },
{ "type": "Feature", "properties": { }, "geometry": { "type": "Polygon", "coordinates": [ [ [ -56.15194156, -13.15086837 ], [ -56.15162024, -13.15115429 ], [ -56.15159632, -13.15125284 ], [ -56.15177043, -13.1514737 ], [ -56.15193893, -13.15151791 ], [ -56.15199789, -13.15161299 ], [ -56.15194286, -13.15177107 ], [ -56.15185598, -13.15181131 ], [ -56.151587, -13.15176794 ], [ -56.15140324, -13.15164041 ], [ -56.15125598, -13.1517838 ], [ -56.1511202, -13.15209984 ], [ -56.1508403, -13.15223703 ], [ -56.15057654, -13.15241275 ], [ -56.15036691, -13.15292428 ], [ -56.15030888, -13.15307514 ], [ -56.15003567, -13.15340882 ], [ -56.14996535, -13.15354847 ], [ -56.1499987, -13.15363812 ], [ -56.14973549, -13.15399633 ], [ -56.14964857, -13.15433579 ], [ -56.14981498, -13.1544815 ], [ -56.14960298, -13.15500368 ], [ -56.14933434, -13.15520982 ], [ -56.14848196, -13.15587986 ], [ -56.14807339, -13.15590838 ], [ -56.14742777, -13.15554069 ], [ -56.14693263, -13.15553893 ], [ -56.1467447, -13.1557324 ], [ -56.14641708, -13.15585742 ], [ -56.14637864, -13.15605459 ], [ -56.14578131, -13.15660864 ], [ -56.14588728, -13.15675235 ], [ -56.14615671, -13.1569258 ], [ -56.14580656, -13.15738413 ], [ -56.14534655, -13.15750605 ], [ -56.14480501, -13.157623 ], [ -56.14443969, -13.15766628 ], [ -56.14427226, -13.15782565 ], [ -56.1442278, -13.15795588 ], [ -56.14419684, -13.15816787 ], [ -56.14399568, -13.15823781 ], [ -56.14387188, -13.15819365 ], [ -56.14372295, -13.15804012 ], [ -56.14365324, -13.15812334 ], [ -56.14377584, -13.15850411 ], [ -56.14359919, -13.15855761 ], [ -56.14321202, -13.15843997 ], [ -56.14303962, -13.15864068 ], [ -56.14312401, -13.1588824 ], [ -56.14307431, -13.15905219 ], [ -56.14287133, -13.15903102 ], [ -56.1460407, -13.160825608 ], [ -56.14921007, -13.162620196 ], [ -56.15237944, -13.164414784 ], [ -56.15554881, -13.166209372 ], [ -56.15871818, -13.16800396 ], [ -56.15948984, -13.163920983 ], [ -56.1602615, -13.159838005 ], [ -56.16103316, -13.155755028 ], [ -56.16180482, -13.15167205 ], [ -56.158517067, -13.151404157 ], [ -56.155229313, -13.151136263 ], [ -56.15194156, -13.15086837 ] ] ] } },
{ "type": "Feature", "properties": { }, "geometry": { "type": "Polygon", "coordinates": [ [ [ -55.71450583, -12.16312306 ], [ -55.711860555, -12.16384806 ], [ -55.70921528, -12.16457306 ], [ -55.71012741, -12.167806947 ], [ -55.71103954, -12.171040833 ], [ -55.71195167, -12.17427472 ], [ -55.71293403, -12.17772847 ], [ -55.71391639, -12.18118222 ], [ -55.714854073, -12.184494443 ], [ -55.715791757, -12.187806667 ], [ -55.71672944, -12.19111889 ], [ -55.71934986, -12.19030389 ], [ -55.72197028, -12.18948889 ], [ -55.72090393, -12.185722343 ], [ -55.71983758, -12.181955796 ], [ -55.71877123, -12.178189249 ], [ -55.71770488, -12.174422701 ], [ -55.71663853, -12.170656154 ], [ -55.71557218, -12.166889607 ], [ -55.71450583, -12.16312306 ] ] ] } },
{ "type": "Feature", "properties": { }, "geometry": { "type": "Polygon", "coordinates": [ [ [ -56.054773790727062, -13.182979652503192 ], [ -56.054382092541886, -13.181750184537055 ], [ -56.053325005083202, -13.178432041054506 ], [ -56.052267917083199, -13.175113897054507 ], [ -56.051210829083203, -13.171795753054507 ], [ -56.051179773910988, -13.171698268753499 ], [ -56.049869348043224, -13.167584686861606 ], [ -56.049860561569886, -13.167557104647889 ], [ -56.049748092174049, -13.16720404383716 ], [ -56.049668157346197, -13.167164507853776 ], [ -56.049488385425065, -13.16724584833193 ], [ -56.049417512236481, -13.167129493276493 ], [ -56.04927082870956, -13.167148208299963 ], [ -56.049151471163, -13.167330403956054 ], [ -56.048920427682198, -13.167332531558426 ], [ -56.048664800720061, -13.167321276860438 ], [ -56.048652652625734, -13.167217616524104 ], [ -56.048409711372237, -13.167242484086836 ], [ -56.048122915521382, -13.167274602779084 ], [ -56.048068488252326, -13.167295919619024 ], [ -56.048057873814066, -13.167296766334497 ], [ -56.047851872153394, -13.167313199032588 ], [ -56.047838607826655, -13.167206145872939 ], [ -56.047833295658201, -13.167163272632793 ], [ -56.047825029219204, -13.167096556160276 ], [ -56.047749567324736, -13.167141212310844 ], [ -56.047547619653869, -13.167039650531839 ], [ -56.047210492387542, -13.167059917927428 ], [ -56.04694181002489, -13.166845903280215 ], [ -56.046721220677469, -13.166697798501504 ], [ -56.046612709290059, -13.166651736023159 ], [ -56.046522880585343, -13.166474822410754 ], [ -56.046560716000037, -13.166401636632855 ], [ -56.046547763894644, -13.166315242472455 ], [ -56.046226402159618, -13.166291173580476 ], [ -56.046211397816371, -13.166162909777297 ], [ -56.046151464149602, -13.166105092892391 ], [ -56.045934220545121, -13.166022550590705 ], [ -56.045693059867034, -13.166064420221755 ], [ -56.045443218901696, -13.165965210430805 ], [ -56.045352116569688, -13.165760082351687 ], [ -56.045402382338636, -13.165645894719386 ], [ -56.045146614638057, -13.165504800632494 ], [ -56.045168469176488, -13.165365100830945 ], [ -56.045022052779132, -13.165315099311938 ], [ -56.045049206071781, -13.165117553839123 ], [ -56.044844677990206, -13.165039759556482 ], [ -56.044608196862647, -13.164969531440795 ], [ -56.044784375479892, -13.164624893451492 ], [ -56.044689640528432, -13.164595517799278 ], [ -56.044874143627233, -13.164459768609916 ], [ -56.044609028202224, -13.164302726310106 ], [ -56.044369416032815, -13.164302557737971 ], [ -56.044363947759599, -13.164307135087 ], [ -56.044221125846548, -13.164426687483083 ], [ -56.044211167650509, -13.164425022941579 ], [ -56.044136650028129, -13.164412540996231 ], [ -56.043952808193602, -13.164381746791113 ], [ -56.043832321149743, -13.164236092087787 ], [ -56.043781850847694, -13.164046123725109 ], [ -56.043557594028279, -13.163916989896581 ], [ -56.043468250814584, -13.163805989475572 ], [ -56.04319178574832, -13.163720963991915 ], [ -56.042921529440079, -13.163533973653712 ], [ -56.042733290675187, -13.163301087015425 ], [ -56.042492864790468, -13.163178130647223 ], [ -56.042384940610994, -13.163052775077764 ], [ -56.042385280412496, -13.162917787298214 ], [ -56.042135767188825, -13.162616679912263 ], [ -56.041917558298415, -13.162688739880656 ], [ -56.041836104521686, -13.162589703129635 ], [ -56.04172038660866, -13.162570645820129 ], [ -56.041708391091134, -13.162760833404423 ], [ -56.041527364103423, -13.162690628791697 ], [ -56.041297973018494, -13.162791036656762 ], [ -56.041082673203988, -13.16266066845442 ], [ -56.041051574799027, -13.162448530051321 ], [ -56.040912917049845, -13.162444485940096 ], [ -56.04092312439353, -13.162216046370277 ], [ -56.040825401727304, -13.162077527790961 ], [ -56.040814293731621, -13.1617311079484 ], [ -56.040999273707683, -13.161733607233696 ], [ -56.040941863787488, -13.161549399066185 ], [ -56.040900690667897, -13.161484237165302 ], [ -56.040795610074653, -13.16148212674185 ], [ -56.040599390417917, -13.161380581335616 ], [ -56.040502520065672, -13.161236550552111 ], [ -56.040193093933716, -13.16134805063874 ], [ -56.039890945273228, -13.161343937293118 ], [ -56.039726747631406, -13.161288260767121 ], [ -56.039701551449603, -13.161171893381436 ], [ -56.039596346043574, -13.161036058846518 ], [ -56.039611036928413, -13.160817491339554 ], [ -56.039394866795654, -13.160674370161313 ], [ -56.039449363326156, -13.160540308383052 ], [ -56.039288785750784, -13.160431843044226 ], [ -56.039284195026596, -13.160260309415463 ], [ -56.03921527477199, -13.160260141960126 ], [ -56.039172326627494, -13.160082407030812 ], [ -56.039176300109695, -13.159938753136313 ], [ -56.039156917387658, -13.159893292492258 ], [ -56.039244785371856, -13.159647964850587 ], [ -56.039025398439733, -13.159383585445939 ], [ -56.038929427779628, -13.159364239224667 ], [ -56.038778092386302, -13.159417650294353 ], [ -56.038581137863112, -13.159315919910494 ], [ -56.038620279782457, -13.159120861397568 ], [ -56.038565109072749, -13.159096514158163 ], [ -56.038501971456306, -13.158985791166433 ], [ -56.038564806558412, -13.158913785181532 ], [ -56.038559629941069, -13.158750657916356 ], [ -56.03849237567416, -13.158772919344747 ], [ -56.038417976957113, -13.158663510392747 ], [ -56.038259343474223, -13.158553785979185 ], [ -56.038145671911892, -13.15855471647518 ], [ -56.038088812851264, -13.158466530139945 ], [ -56.037961788660525, -13.15848458930895 ], [ -56.03785865607091, -13.158432847473739 ], [ -56.037709312671865, -13.158354169740916 ], [ -56.037636105910508, -13.158365016409718 ], [ -56.037579830987205, -13.158316343322683 ], [ -56.03746159639703, -13.158328106168137 ], [ -56.037355714587967, -13.158177078666327 ], [ -56.037432417411651, -13.158074203168191 ], [ -56.03724788821296, -13.158004253932669 ], [ -56.037193501943101, -13.158039040473394 ], [ -56.037081269248972, -13.157955076654074 ], [ -56.037074001783758, -13.157949624532858 ], [ -56.036911592785543, -13.157932831337742 ], [ -56.036676433162491, -13.157833759185818 ], [ -56.036642511561212, -13.157778569495747 ], [ -56.036553996016501, -13.157811329170363 ], [ -56.036453256397941, -13.157737625052455 ], [ -56.036387609850166, -13.157726257765026 ], [ -56.036303260960395, -13.157637154207611 ], [ -56.036230173543217, -13.157499449872494 ], [ -56.036082763030223, -13.157375028764555 ], [ -56.036099406694021, -13.157318491739604 ], [ -56.036033873742042, -13.15730169992489 ], [ -56.036021398900274, -13.157188634952339 ], [ -56.036059075293061, -13.156944024249597 ], [ -56.035968582278372, -13.156751011256869 ], [ -56.035923637679829, -13.156636287358024 ], [ -56.035743158915139, -13.156592662959717 ], [ -56.035732331866228, -13.156553744069287 ], [ -56.035625918791034, -13.156491862671173 ], [ -56.035612618754023, -13.156401126973961 ], [ -56.035440620417596, -13.156383121525399 ], [ -56.035189665204967, -13.156242217314452 ], [ -56.035205861575889, -13.156111357945136 ], [ -56.034882944761854, -13.155922715533837 ], [ -56.03488054793646, -13.155733559388619 ], [ -56.034834610020354, -13.155731397658869 ], [ -56.034767590560826, -13.155575904121758 ], [ -56.034816986723094, -13.155425187931355 ], [ -56.034723135804178, -13.155289032682324 ], [ -56.034698346299592, -13.15511660948343 ], [ -56.034619263910571, -13.155073094153236 ], [ -56.034627684879162, -13.155019510001472 ], [ -56.034551172279919, -13.155003038246132 ], [ -56.034533685641954, -13.155086334691008 ], [ -56.034310728621072, -13.154911358278794 ], [ -56.034350833194189, -13.154824530298832 ], [ -56.034179314064161, -13.154731572267952 ], [ -56.03400136781196, -13.15460712571862 ], [ -56.034019417699866, -13.154521390243325 ], [ -56.033908755057439, -13.154437702337674 ], [ -56.033788118507992, -13.154356508479873 ], [ -56.033718241567108, -13.154177044134014 ], [ -56.03364861975156, -13.154168012037058 ], [ -56.033610419390627, -13.153910006224146 ], [ -56.033491433916105, -13.1539255619544 ], [ -56.033375744867307, -13.153876845337347 ], [ -56.033220049034739, -13.153795790560991 ], [ -56.033132518129207, -13.153813001545604 ], [ -56.032950807925175, -13.15370761762474 ], [ -56.032783151371412, -13.153735828664468 ], [ -56.032591189126506, -13.153703912860772 ], [ -56.032510175937659, -13.153588329334324 ], [ -56.032328111101421, -13.15352643301763 ], [ -56.032141897126785, -13.153440380286943 ], [ -56.031909051104947, -13.153364639784639 ], [ -56.031780691870182, -13.153229800186956 ], [ -56.031760855345127, -13.153112367475947 ], [ -56.031690796416292, -13.153120783212193 ], [ -56.03160104545934, -13.153021983586958 ], [ -56.031273594259325, -13.153097058854454 ], [ -56.031198820649571, -13.153037374609911 ], [ -56.031128742458939, -13.153097688003871 ], [ -56.031057593927905, -13.15305465364669 ], [ -56.031007975407924, -13.152932678267032 ], [ -56.030910785755253, -13.15287218608224 ], [ -56.030819415108901, -13.152950954029874 ], [ -56.030616676461797, -13.1526798500086 ], [ -56.030573815576503, -13.152622636783821 ], [ -56.030460474415598, -13.152563710956523 ], [ -56.030378249265887, -13.152475156174848 ], [ -56.030259994294326, -13.152492792730065 ], [ -56.030032649189891, -13.152473218728799 ], [ -56.029769774779879, -13.15226825124539 ], [ -56.029735323768882, -13.152371736048954 ], [ -56.029468639314302, -13.152384923829475 ], [ -56.029276454440918, -13.152503816004925 ], [ -56.029290539043984, -13.152558660341727 ], [ -56.029185086550243, -13.152628694695931 ], [ -56.029158027829894, -13.152752640984598 ], [ -56.028956969188599, -13.152688138991394 ], [ -56.028780699869671, -13.152724723419299 ], [ -56.028730540949461, -13.152552836896138 ], [ -56.028499119647186, -13.152443826318038 ], [ -56.028346793079926, -13.152562145165181 ], [ -56.028212449503322, -13.152471584337675 ], [ -56.027964290154763, -13.152466215255721 ], [ -56.02794725246622, -13.152294544340332 ], [ -56.027823632220183, -13.15231577604292 ], [ -56.027758167139133, -13.152399342424497 ], [ -56.027637986871476, -13.15232022712029 ], [ -56.027357220951536, -13.152231100785382 ], [ -56.027366765075101, -13.151986566108352 ], [ -56.027270794011422, -13.151898139205219 ], [ -56.027023389950934, -13.151841778424792 ], [ -56.026749312038348, -13.151741375007743 ], [ -56.026675957053293, -13.151673286380035 ], [ -56.026599454364884, -13.151514409819066 ], [ -56.026495001202626, -13.151448011615349 ], [ -56.026310330441611, -13.151392701597837 ], [ -56.026325955587637, -13.151220611931285 ], [ -56.026303926918025, -13.151145032489367 ], [ -56.026115050957586, -13.150939709048425 ], [ -56.026022969690892, -13.150824353003326 ], [ -56.025799097949587, -13.150720070325244 ], [ -56.025567645786303, -13.15054957543898 ], [ -56.025352287841159, -13.150415487962452 ], [ -56.025266809853498, -13.150403681107379 ], [ -56.025254978278909, -13.150199119060199 ], [ -56.025282941243965, -13.150033495702615 ], [ -56.025198611677553, -13.149964551346489 ], [ -56.025007610898406, -13.149993934668871 ], [ -56.024725740854691, -13.149998380288014 ], [ -56.024671720604871, -13.150010652427028 ], [ -56.024533296599728, -13.149949458995984 ], [ -56.02442819642576, -13.149907017355327 ], [ -56.024438277013473, -13.149807509491552 ], [ -56.024239839102549, -13.149781168809664 ], [ -56.024072225466057, -13.149869047870714 ], [ -56.023932824062832, -13.149961735521199 ], [ -56.023751000360917, -13.150003449099264 ], [ -56.023606566713923, -13.149875597034773 ], [ -56.02362484430207, -13.149756410059094 ], [ -56.023558173715315, -13.149724782975936 ], [ -56.023462638325412, -13.149643408751578 ], [ -56.023385851022276, -13.149720330715869 ], [ -56.022980036113402, -13.149548718863173 ], [ -56.022869459202596, -13.149514845143827 ], [ -56.022682596966035, -13.14947769759082 ], [ -56.022499490782508, -13.149587035272869 ], [ -56.022289447149589, -13.149556037835087 ], [ -56.021931076696696, -13.149658198368076 ], [ -56.021847236300928, -13.149768727087979 ], [ -56.021770746193113, -13.149700715657822 ], [ -56.021523560738757, -13.149729792070856 ], [ -56.021300347910412, -13.149832375889885 ], [ -56.021085482229722, -13.149923870353065 ], [ -56.021003502674866, -13.150030337213925 ], [ -56.020872556190028, -13.149968266215881 ], [ -56.020765496364795, -13.150071111272108 ], [ -56.020473538410954, -13.15033925197028 ], [ -56.020312194613048, -13.150427694845762 ], [ -56.020236725382219, -13.150474422470275 ], [ -56.020035124615596, -13.150501139599108 ], [ -56.019773463293156, -13.150620663638117 ], [ -56.019740533861771, -13.150479491906468 ], [ -56.019482135245305, -13.150335109135254 ], [ -56.019258969415482, -13.150193392195433 ], [ -56.019102460038447, -13.150040356520895 ], [ -56.019041360532434, -13.149883887611351 ], [ -56.018923641565841, -13.149766894344475 ], [ -56.018941771146118, -13.149685500404127 ], [ -56.018881196132824, -13.14955959345288 ], [ -56.018644613870194, -13.149404714764273 ], [ -56.018415895513094, -13.149383588439756 ], [ -56.018380789803565, -13.149186713155045 ], [ -56.018294742146153, -13.149248770210495 ], [ -56.018167736942019, -13.149193494019983 ], [ -56.018177546629559, -13.149069935364825 ], [ -56.018052623707511, -13.149047849070074 ], [ -56.01805665251814, -13.148916402302024 ], [ -56.01797135256507, -13.148860109998441 ], [ -56.018028143834165, -13.148661506312855 ], [ -56.017877578996547, -13.148637965753334 ], [ -56.017893422607244, -13.148458735060398 ], [ -56.017799999172688, -13.148403677464456 ], [ -56.017635022288168, -13.148269233961202 ], [ -56.017715562731382, -13.148084102417041 ], [ -56.017616722984151, -13.148091861888654 ], [ -56.017467109910406, -13.148061091620759 ], [ -56.01740308779366, -13.148129290346271 ], [ -56.017179804134578, -13.147994804468537 ], [ -56.017129979832347, -13.147972824119936 ], [ -56.017108705537403, -13.147963430102386 ], [ -56.017101650717393, -13.147858432320833 ], [ -56.016884233595128, -13.147803081003541 ], [ -56.016772972592747, -13.147455013078861 ], [ -56.016712050910584, -13.14741653483315 ], [ -56.016688145321098, -13.147303425722248 ], [ -56.016589322276438, -13.147214441775382 ], [ -56.0164299862546, -13.147239148008563 ], [ -56.01642751274634, -13.147099594518671 ], [ -56.016426747300805, -13.14705640868732 ], [ -56.016314408541788, -13.147025328369052 ], [ -56.016315904677704, -13.146858248813585 ], [ -56.016112366775857, -13.146816150488466 ], [ -56.016065191222928, -13.14684725317464 ], [ -56.015909420668784, -13.146810762398889 ], [ -56.015790920070472, -13.146728574302626 ], [ -56.015685301864245, -13.146701136022564 ], [ -56.01556493576318, -13.146600948280227 ], [ -56.015465174487908, -13.146423535362757 ], [ -56.015347172000361, -13.146309071158139 ], [ -56.015204609005053, -13.146269014016122 ], [ -56.015177998458107, -13.146163489228279 ], [ -56.014952107013961, -13.146174648694634 ], [ -56.014836729971684, -13.146188401508397 ], [ -56.014753187965844, -13.146108155243118 ], [ -56.014871072415616, -13.145951557821437 ], [ -56.014774700713239, -13.145803451832005 ], [ -56.014844314367267, -13.14567496899323 ], [ -56.014946871435676, -13.145683318481732 ], [ -56.014871049071743, -13.14554125860858 ], [ -56.014910924019098, -13.145258867398118 ], [ -56.014875383972438, -13.145148516419228 ], [ -56.014670194758416, -13.145173859635992 ], [ -56.01458108439013, -13.145263751294708 ], [ -56.014387125685666, -13.145249083893457 ], [ -56.014261392087349, -13.145130249731716 ], [ -56.014049599968637, -13.145076364403012 ], [ -56.014024179230191, -13.144927174095171 ], [ -56.013908946709392, -13.144789393104348 ], [ -56.013694913060192, -13.144857919550455 ], [ -56.013673637496147, -13.14475657416564 ], [ -56.013536250211615, -13.144691400921563 ], [ -56.013529388340181, -13.144838659092768 ], [ -56.013494032800608, -13.145051719759433 ], [ -56.013617189095612, -13.145076604171976 ], [ -56.013552248911125, -13.145259081779777 ], [ -56.013594011833518, -13.145428135505648 ], [ -56.013616756328517, -13.145600551979109 ], [ -56.01352564904176, -13.14568211747682 ], [ -56.013453936927547, -13.145989250021698 ], [ -56.013489823641059, -13.146081971746584 ], [ -56.013491244358633, -13.146280526452017 ], [ -56.01330421278341, -13.146402229150366 ], [ -56.013116217743146, -13.14637257489936 ], [ -56.012917946583165, -13.146374887618023 ], [ -56.012873758535129, -13.146581675635572 ], [ -56.012750698911418, -13.146717004853476 ], [ -56.012740641078459, -13.146855842165335 ], [ -56.012915246864395, -13.146865463789606 ], [ -56.012967732060943, -13.146960148017536 ], [ -56.012964304378606, -13.147055973726834 ], [ -56.013042964748365, -13.147086619870159 ], [ -56.013109384760696, -13.147112497136266 ], [ -56.013115998200682, -13.147189012803102 ], [ -56.013283338313734, -13.147262257776926 ], [ -56.013421773200541, -13.14725031208005 ], [ -56.013574644584693, -13.14750432941778 ], [ -56.013637294308289, -13.14759507432527 ], [ -56.013558896362674, -13.147751280134425 ], [ -56.013480913845477, -13.147872768515443 ], [ -56.013555364567615, -13.147896290698412 ], [ -56.013592289012422, -13.148029521889626 ], [ -56.013720651339824, -13.148021786859543 ], [ -56.013759964136007, -13.148226906362137 ], [ -56.013703602583412, -13.148340250097712 ], [ -56.013639958805008, -13.148452028827784 ], [ -56.013539804392856, -13.148511679322262 ], [ -56.013357630792918, -13.148663960517004 ], [ -56.013231551109115, -13.148792949315487 ], [ -56.012871675412008, -13.148925018297716 ], [ -56.013004719520055, -13.148946324542502 ], [ -56.012972614145291, -13.149015367955876 ], [ -56.012985055727995, -13.149110983358561 ], [ -56.012836594111747, -13.149115295453111 ], [ -56.01283262073887, -13.149232185508327 ], [ -56.013033616836644, -13.149287296376462 ], [ -56.01330810538154, -13.149259598801757 ], [ -56.013493098665698, -13.14920985801408 ], [ -56.013730024748718, -13.149277764240574 ], [ -56.013790647205035, -13.149391104860536 ], [ -56.013839353222302, -13.149554398699758 ], [ -56.013955946823025, -13.149606020463883 ], [ -56.014060660917899, -13.149652171756575 ], [ -56.01408768134317, -13.149839794146022 ], [ -56.013960244896488, -13.14989264945263 ], [ -56.013952466800852, -13.150153735337813 ], [ -56.013772989660488, -13.150508283271277 ], [ -56.013710175625036, -13.150550808006916 ], [ -56.01378572558432, -13.150645761474209 ], [ -56.013746317084376, -13.150741539495828 ], [ -56.013787367549327, -13.150812039169647 ], [ -56.013886443905179, -13.150930048073924 ], [ -56.013982576765301, -13.15104587571301 ], [ -56.014008968826765, -13.15118295424427 ], [ -56.013976660121358, -13.151325955664316 ], [ -56.013793118802958, -13.151265939643334 ], [ -56.013760334713211, -13.15136626378375 ], [ -56.01378754364454, -13.15143743364297 ], [ -56.013868886523554, -13.151652750398098 ], [ -56.013726781842685, -13.151635840009323 ], [ -56.013623436574839, -13.151800991343631 ], [ -56.013732362923143, -13.151947608964218 ], [ -56.013775333353543, -13.152114859014405 ], [ -56.013572958133246, -13.152242560408064 ], [ -56.013683772181189, -13.152401662436787 ], [ -56.013535907438659, -13.152533099189052 ], [ -56.013338415780439, -13.152569953041949 ], [ -56.013310820144021, -13.152780059613592 ], [ -56.01328185853135, -13.152939529090526 ], [ -56.013111633095463, -13.152940864351098 ], [ -56.013125870089084, -13.153048963763602 ], [ -56.013200781106342, -13.153096176377376 ], [ -56.013224723095554, -13.153222938347227 ], [ -56.01329974040604, -13.153358937888857 ], [ -56.013113582964074, -13.153445201091053 ], [ -56.013057212097976, -13.153514332064249 ], [ -56.013166356077548, -13.153583556394084 ], [ -56.013185343124661, -13.153657407146307 ], [ -56.013030232214241, -13.15373185488021 ], [ -56.013118870662204, -13.153899280458051 ], [ -56.013000644428146, -13.154347550848541 ], [ -56.013134016091563, -13.154449146091045 ], [ -56.0130692555257, -13.154516707777807 ], [ -56.012958239334765, -13.154615555779877 ], [ -56.012848658283872, -13.154517125946214 ], [ -56.012841180602528, -13.154702717103392 ], [ -56.012804752952974, -13.154814147956062 ], [ -56.012695323444746, -13.154793112998622 ], [ -56.012508022455187, -13.154911196986587 ], [ -56.012243207195482, -13.154940829157471 ], [ -56.012286037803278, -13.155050665984668 ], [ -56.012390622336198, -13.155152693403185 ], [ -56.012584915273351, -13.155154886971756 ], [ -56.012697155359653, -13.155257486188086 ], [ -56.012692484720191, -13.15545628854999 ], [ -56.012843677735923, -13.155853967799905 ], [ -56.012749364260841, -13.155859572635785 ], [ -56.012784337917175, -13.156019287707482 ], [ -56.012792004099772, -13.156178536164292 ], [ -56.012674699327221, -13.156165608147456 ], [ -56.012611620277347, -13.156158675032488 ], [ -56.012487060372074, -13.156298699455023 ], [ -56.012461244357674, -13.156409628534428 ], [ -56.012278753390923, -13.156478183900784 ], [ -56.012359467055241, -13.156551096683538 ], [ -56.012511104253576, -13.15660737472626 ], [ -56.012368048786492, -13.156665955400349 ], [ -56.012577861449032, -13.156893972376619 ], [ -56.012498492383479, -13.157222593179762 ], [ -56.01259280792609, -13.157377925313837 ], [ -56.012538275951385, -13.157517495618842 ], [ -56.012310291794932, -13.157449622215658 ], [ -56.012040460294465, -13.157556176956405 ], [ -56.011941282922187, -13.15769331501237 ], [ -56.01161966612144, -13.157852381360703 ], [ -56.0114524448962, -13.158047122228023 ], [ -56.011259445444963, -13.158135979441724 ], [ -56.011294966794878, -13.158250941867559 ], [ -56.011185661979432, -13.158451601565918 ], [ -56.010967219652521, -13.158604011950317 ], [ -56.010992352482553, -13.15887073934136 ], [ -56.010929078384926, -13.159326362524897 ], [ -56.01103770459747, -13.159226059805359 ], [ -56.01115548481458, -13.159396853163711 ], [ -56.011043269396737, -13.159793970932967 ], [ -56.010880024493623, -13.159824987036298 ], [ -56.010968818126798, -13.160275861479043 ], [ -56.010874653953579, -13.160496831965295 ], [ -56.010789950933372, -13.160682215781367 ], [ -56.010339834617803, -13.16081140058332 ], [ -56.010032021783736, -13.160955056997501 ], [ -56.009731865040663, -13.1612139297961 ], [ -56.00975117019221, -13.161415175077751 ], [ -56.00952069731747, -13.161920241973913 ], [ -56.009574239911728, -13.162119539813387 ], [ -56.009428406822401, -13.162501066083067 ], [ -56.009300895266186, -13.162524804976387 ], [ -56.009198248551108, -13.162697822588168 ], [ -56.009234075663308, -13.162782497785724 ], [ -56.009160181593735, -13.162963853988135 ], [ -56.008931683061327, -13.163000041661492 ], [ -56.008785289279118, -13.163291151457177 ], [ -56.008856966372946, -13.163294140611255 ], [ -56.008878821716031, -13.163549372785084 ], [ -56.008634524522421, -13.163613708266563 ], [ -56.008456750930932, -13.163884172694658 ], [ -56.008439727453016, -13.164171080353647 ], [ -56.008446156079373, -13.164545508737243 ], [ -56.008497973896823, -13.1648982322974 ], [ -56.008736937253417, -13.164898703140944 ], [ -56.008746392769282, -13.165185893897373 ], [ -56.008664317504994, -13.165405282467278 ], [ -56.008702742860649, -13.165440421008071 ], [ -56.008620238401157, -13.165674726170286 ], [ -56.008359091258036, -13.165844599458213 ], [ -56.008098667320198, -13.1660180918 ], [ -56.007935489355468, -13.16607722465749 ], [ -56.007797016481867, -13.166187627104581 ], [ -56.007831643725602, -13.166272388252862 ], [ -56.007846185724524, -13.166464664147306 ], [ -56.008031706343878, -13.166906329208466 ], [ -56.00810304953476, -13.16722178735697 ], [ -56.008010560525207, -13.167437790042749 ], [ -56.00815322161985, -13.16752486739864 ], [ -56.008225898832414, -13.167692323330195 ], [ -56.008277451569747, -13.168087992391735 ], [ -56.008255213485185, -13.168386543138736 ], [ -56.008068336009593, -13.168510863116472 ], [ -56.007778905791056, -13.168531805182623 ], [ -56.007569677644334, -13.16840957046713 ], [ -56.007401827365889, -13.168711988183659 ], [ -56.007249678694443, -13.168620895482196 ], [ -56.007162150807176, -13.16872733549353 ], [ -56.006989749754837, -13.168670611922831 ], [ -56.006961450395927, -13.168755672154836 ], [ -56.006656748858049, -13.168788307618014 ], [ -56.006234840416276, -13.168988296713064 ], [ -56.006145684772122, -13.169132161309598 ], [ -56.005969833810411, -13.169130123983942 ], [ -56.006099285145723, -13.169335502864669 ], [ -56.00590553811616, -13.169606988038272 ], [ -56.005704140343532, -13.169647888458375 ], [ -56.005615962737622, -13.169892206230809 ], [ -56.005412363476786, -13.169929842977949 ], [ -56.005418948218228, -13.17017290049376 ], [ -56.005163800262153, -13.170569098693695 ], [ -56.005277624657069, -13.171011391635083 ], [ -56.005095745690895, -13.170993779099074 ], [ -56.004719450016736, -13.170773247411836 ], [ -56.0046928906688, -13.170906956611915 ], [ -56.004330041376711, -13.171126429390009 ], [ -56.004037732481052, -13.171356573007206 ], [ -56.003713614395807, -13.17169499868278 ], [ -56.003760781066283, -13.171873025452607 ], [ -56.003630671155591, -13.17215009005036 ], [ -56.003410899583045, -13.172375993825973 ], [ -56.003257974803986, -13.17245378835363 ], [ -56.003118711335397, -13.172598541941078 ], [ -56.002974098367964, -13.172697163709904 ], [ -56.002854988547178, -13.172877708827709 ], [ -56.00265222654555, -13.173026916816418 ], [ -56.002739308609783, -13.173145425920151 ], [ -56.002781253019521, -13.173382563015494 ], [ -56.00271974116913, -13.173397784623665 ], [ -56.002685173051738, -13.173617716933776 ], [ -56.002677272789818, -13.173882598053261 ], [ -56.002783373414481, -13.174043946725856 ], [ -56.002943810379115, -13.17423046071567 ], [ -56.002832831978452, -13.174407872880501 ], [ -56.002602428538751, -13.174455981295967 ], [ -56.002482703199874, -13.174264200603368 ], [ -56.00230181320368, -13.174389172005666 ], [ -56.002240098409779, -13.174568312508166 ], [ -56.002126092214951, -13.174695804247648 ], [ -56.001844973399379, -13.174690370653922 ], [ -56.001630310902549, -13.174542613224364 ], [ -56.001565677228449, -13.174690549487844 ], [ -56.001420623963561, -13.174829040904664 ], [ -56.001191747398316, -13.174955542497596 ], [ -56.001055015854178, -13.174953111365465 ], [ -56.000951162634145, -13.175079557102464 ], [ -56.000847184923302, -13.175191174483531 ], [ -56.000906502570572, -13.175353064944428 ], [ -56.001006942801716, -13.175340165355232 ], [ -56.00105548984714, -13.1754504781213 ], [ -56.000904732724763, -13.175766609576364 ], [ -56.00076044123778, -13.17569434956142 ], [ -56.000327134882568, -13.175834158315103 ], [ -56.000141506512591, -13.176012091879487 ], [ -55.999889142418915, -13.176218968640974 ], [ -55.999566936149066, -13.176560740887432 ], [ -55.999453196715685, -13.176803690336152 ], [ -55.999421639219022, -13.176985750412037 ], [ -55.999417105688032, -13.177011500570469 ], [ -55.999132781490744, -13.177158488458014 ], [ -55.998938397117627, -13.17717472753778 ], [ -55.998899897915265, -13.17761163600761 ], [ -55.99871724472009, -13.177783431854118 ], [ -55.998859518624826, -13.178170504880134 ], [ -55.99904102387567, -13.178258462382511 ], [ -55.999094325557664, -13.17851553510137 ], [ -55.998869056069481, -13.178752262367015 ], [ -55.998791763719652, -13.178790086656955 ], [ -55.998532895021917, -13.178916768073602 ], [ -55.998311763039176, -13.179179550012757 ], [ -55.998161112120201, -13.179227721461791 ], [ -55.998068110421393, -13.179226322119217 ], [ -55.995199637339915, -13.179183145313992 ], [ -55.994630611348072, -13.179174576413786 ], [ -55.99352438188486, -13.179157914213462 ], [ -55.992996522922411, -13.179149961838545 ], [ -55.988705748102433, -13.179085243517457 ], [ -55.984414973102432, -13.179020525517458 ], [ -55.985741945342163, -13.181978777560175 ], [ -55.98706891634216, -13.184937029560174 ], [ -55.988395888342161, -13.187895281560175 ], [ -55.988591874259214, -13.188332181343712 ], [ -55.989836488969537, -13.191106627465881 ], [ -55.991081102969538, -13.193881073465882 ], [ -55.992325717969536, -13.196655519465882 ], [ -55.993324245791435, -13.198881302477385 ], [ -55.996040198878511, -13.196187529679165 ], [ -55.998756152878514, -13.193493756679164 ], [ -55.998828601499945, -13.19342189722496 ], [ -55.99892133848607, -13.193329914299069 ], [ -55.999629980227368, -13.19262703107661 ], [ -55.999544947215902, -13.192568499928596 ], [ -55.999514860823076, -13.192671770145182 ], [ -55.999379200977224, -13.192698373380482 ], [ -55.999310036746834, -13.19267901696562 ], [ -55.999272841383387, -13.192347750745778 ], [ -55.999314912838763, -13.192251642905592 ], [ -55.999218512064836, -13.192038831068531 ], [ -55.999336847880222, -13.191967785340038 ], [ -55.999298257933056, -13.191709404938171 ], [ -55.99946920534483, -13.19165272335734 ], [ -55.999319679532803, -13.191560812828669 ], [ -55.999235657276806, -13.191657660957796 ], [ -55.998953754676904, -13.191552177426564 ], [ -55.998799710671399, -13.191513945462605 ], [ -55.998639537119885, -13.191245144389272 ], [ -55.998477192232968, -13.191317093703956 ], [ -55.998424869885199, -13.191215816068333 ], [ -55.998274418128112, -13.191238156722482 ], [ -55.997983279378992, -13.191200744453335 ], [ -55.997834448124706, -13.191051812122897 ], [ -55.997611916253945, -13.190823995069076 ], [ -55.997393853012539, -13.190643192190134 ], [ -55.997357424978979, -13.190348455832426 ], [ -55.997172066667616, -13.190339068854064 ], [ -55.996943953256697, -13.190032099692317 ], [ -55.996909311376676, -13.18972942295896 ], [ -55.99678870718347, -13.18976174373044 ], [ -55.996727718242504, -13.189529992551227 ], [ -55.996291364154935, -13.189426424082068 ], [ -55.996262400071835, -13.18917750218888 ], [ -55.996180729995721, -13.188921683249113 ], [ -55.996044477718826, -13.189017041854949 ], [ -55.995827201122388, -13.188910949413465 ], [ -55.995998637317108, -13.188616575339264 ], [ -55.996209446592985, -13.188342409019185 ], [ -55.99635536081189, -13.187984301758901 ], [ -55.995922417790226, -13.187708074824553 ], [ -55.996024919198071, -13.187483021702572 ], [ -55.996210875223383, -13.187198315188338 ], [ -55.996165004989209, -13.186823218519553 ], [ -55.99577004557716, -13.18669117770644 ], [ -55.99550713241328, -13.18621907588853 ], [ -55.995468773145618, -13.185778703037396 ], [ -55.995593947829917, -13.185421889114251 ], [ -55.995642872880737, -13.184984914234668 ], [ -55.995592306676137, -13.184600866249513 ], [ -55.995735695928026, -13.184365901282433 ], [ -55.995693413379485, -13.184154064723927 ], [ -55.995626727324904, -13.183819965410231 ], [ -55.995963350008161, -13.183867865035211 ], [ -55.996046863557957, -13.183440627326785 ], [ -55.996163616964175, -13.183157168477285 ], [ -55.996397209388839, -13.182820244431056 ], [ -55.9964511126974, -13.182435836924247 ], [ -55.99698790561817, -13.182579479913226 ], [ -55.997552196572599, -13.182624217554467 ], [ -56.000156797009666, -13.182830461932353 ], [ -56.002761397009664, -13.183036706932352 ], [ -56.005106011993398, -13.183222329948975 ], [ -56.007435503561901, -13.183406723182051 ], [ -56.009764994561898, -13.183591117182051 ], [ -56.011586218738024, -13.183735255128296 ], [ -56.014692737960097, -13.183982995831094 ], [ -56.017799256960096, -13.184230735831093 ], [ -56.020905775960095, -13.184478475831094 ], [ -56.02212134558571, -13.184568785497188 ], [ -56.022258011228949, -13.184579595501692 ], [ -56.024390272826331, -13.184748263495996 ], [ -56.024107299764822, -13.184601981384507 ], [ -56.024319576323236, -13.184200618701464 ], [ -56.026047642181133, -13.185095937259176 ], [ -56.027452645956757, -13.185823866729894 ], [ -56.027578797001972, -13.185889224746914 ], [ -56.027939086950227, -13.186075888052905 ], [ -56.031083260592872, -13.187701092879827 ], [ -56.031549294740451, -13.187941987855972 ], [ -56.032004076350567, -13.18817706511167 ], [ -56.035490501190161, -13.18997006086544 ], [ -56.039019734197574, -13.191780966344014 ], [ -56.040016413281407, -13.192292387764166 ], [ -56.042975703440895, -13.193810840471658 ], [ -56.046052234178248, -13.195389236154538 ], [ -56.049128765178246, -13.196967631154539 ], [ -56.052151895475355, -13.19851882068799 ], [ -56.055175025475357, -13.200070009687991 ], [ -56.055591991550443, -13.199291157552979 ], [ -56.056964517908384, -13.196727335711763 ], [ -56.058337043908381, -13.194163514711764 ], [ -56.057333747503108, -13.191014522026432 ], [ -56.056330450503104, -13.187865529026432 ], [ -56.055327153503107, -13.184716536026432 ], [ -56.054773790727062, -13.182979652503192 ] ] ] } },
{ "type": "Feature", "properties": { }, "geometry": { "type": "Polygon", "coordinates": [ [ [ -55.70925417, -12.164745279999973 ], [ -55.70552778, -12.165769445 ], [ -55.70180139, -12.16679361 ], [ -55.698075, -12.167817775 ], [ -55.69434861, -12.16884194 ], [ -55.69527324, -12.17175759 ], [ -55.69619787, -12.17467324 ], [ -55.6971225, -12.17758889 ], [ -55.700829792, -12.176760348 ], [ -55.704537085, -12.175931805 ], [ -55.708244377, -12.175103263 ], [ -55.71195167, -12.17427472 ], [ -55.711052503, -12.171098239999973 ], [ -55.710153337, -12.167921759999974 ], [ -55.70925417, -12.164745279999973 ] ] ] } },
{ "type": "Feature", "properties": { }, "geometry": { "type": "Polygon", "coordinates": [ [ [ -56.160318771793861, -12.854936413184875 ], [ -56.160389105073065, -12.855235292974317 ], [ -56.160747838342047, -12.855158318201802 ], [ -56.160914497106312, -12.85522811278714 ], [ -56.161016499112108, -12.855426095837631 ], [ -56.161018125985663, -12.855602056289804 ], [ -56.160578944762449, -12.855816755039152 ], [ -56.160556709924208, -12.855907825785492 ], [ -56.160741561973445, -12.856187903448907 ], [ -56.160867272806342, -12.856239483165551 ], [ -56.161118175563324, -12.856027257551839 ], [ -56.161390144939219, -12.856103626181389 ], [ -56.161457395342488, -12.856332421803758 ], [ -56.161343119389407, -12.856444900012088 ], [ -56.161112720275746, -12.856587749225161 ], [ -56.16108703923544, -12.856662082688894 ], [ -56.161383971992691, -12.856769364614413 ], [ -56.16155773719975, -12.856891895444541 ], [ -56.161495969963035, -12.857176610012498 ], [ -56.161306588028594, -12.857233601849195 ], [ -56.16126263905948, -12.857453089488443 ], [ -56.161264316295103, -12.857697318376477 ], [ -56.161491517419563, -12.857601928186394 ], [ -56.161745997679581, -12.857783851143775 ], [ -56.161708940215348, -12.857953902150824 ], [ -56.161647710773195, -12.858132194545078 ], [ -56.16185734094347, -12.858805222882674 ], [ -56.161881445472325, -12.859150430348061 ], [ -56.161959297083847, -12.859795097665573 ], [ -56.161880232286876, -12.860293598170978 ], [ -56.161643711488054, -12.86078056487109 ], [ -56.161502365042033, -12.861690545682109 ], [ -56.161350511816629, -12.862017378199424 ], [ -56.161386302136059, -12.862367958214636 ], [ -56.161261248707611, -12.862644783929564 ], [ -56.165552547241958, -12.863577977527259 ], [ -56.16984384624196, -12.864511170527258 ], [ -56.174135145241955, -12.865444363527258 ], [ -56.178426444241957, -12.86637755752726 ], [ -56.182717743241959, -12.86731075052726 ], [ -56.187009042241961, -12.86824394352726 ], [ -56.191300341241956, -12.869177137527259 ], [ -56.195591640241958, -12.870110330527259 ], [ -56.196503146303144, -12.866014206390439 ], [ -56.197209240014381, -12.862833582204017 ], [ -56.193117311912957, -12.861873196583579 ], [ -56.189025383912956, -12.86091281158358 ], [ -56.184933455912955, -12.859952425583579 ], [ -56.180841528912957, -12.85899204058358 ], [ -56.176749600912956, -12.858031654583579 ], [ -56.172657672912955, -12.85707126958358 ], [ -56.168565744912961, -12.856110883583579 ], [ -56.16447381691296, -12.85515049858358 ], [ -56.160381888912958, -12.854190112583579 ], [ -56.160318771793861, -12.854936413184875 ] ] ] } },
{ "type": "Feature", "properties": { }, "geometry": { "type": "Polygon", "coordinates": [ [ [ -56.160140518816846, -12.852468404603176 ], [ -56.16028811860059, -12.852382753487664 ], [ -56.160342971230598, -12.852456643389111 ], [ -56.160608600623917, -12.852786677874729 ], [ -56.160489987558286, -12.852868597763226 ], [ -56.160375766867702, -12.852947484081207 ], [ -56.160296314484171, -12.853047424276388 ], [ -56.160346488911394, -12.853281440757325 ], [ -56.160346843545362, -12.853283094789388 ], [ -56.160340831707586, -12.853321341948858 ], [ -56.160307056904813, -12.85355956088422 ], [ -56.160229733147688, -12.853563189627982 ], [ -56.160193353110202, -12.853564897034932 ], [ -56.159916731630815, -12.853577878635635 ], [ -56.159841606343527, -12.853662441660228 ], [ -56.159834338204497, -12.853733881109456 ], [ -56.160168789302944, -12.853701786651824 ], [ -56.160438528316277, -12.854018682922447 ], [ -56.160381889149001, -12.85419011295787 ], [ -56.164473816782213, -12.855150498536862 ], [ -56.168565744782214, -12.856110883536862 ], [ -56.172657672782208, -12.857071269536862 ], [ -56.176749600782209, -12.858031654536862 ], [ -56.18084152878221, -12.858992040536862 ], [ -56.184933455782208, -12.859952425536862 ], [ -56.189025383782209, -12.860912811536862 ], [ -56.19311731178221, -12.861873196536862 ], [ -56.197209239782211, -12.862833582536862 ], [ -56.19771856528682, -12.86063357915674 ], [ -56.193659580075256, -12.859682836246625 ], [ -56.189600595075255, -12.858732093246624 ], [ -56.185541610075255, -12.857781350246626 ], [ -56.181482626075258, -12.856830607246625 ], [ -56.177423641075258, -12.855879864246624 ], [ -56.173364656075258, -12.854929121246625 ], [ -56.169305671075257, -12.853978378246625 ], [ -56.165246686075257, -12.853027635246624 ], [ -56.161187701075256, -12.852076892246625 ], [ -56.161098286203632, -12.852058781773888 ], [ -56.161088367936145, -12.852125226476755 ], [ -56.161113676193587, -12.852320173408895 ], [ -56.160925137596706, -12.852303148997214 ], [ -56.160676465347045, -12.852280694506099 ], [ -56.160640175418891, -12.852223453680285 ], [ -56.160548974583286, -12.852079599820071 ], [ -56.160397336357448, -12.852009523087286 ], [ -56.160209823136697, -12.85204712457312 ], [ -56.160164572167567, -12.852242239051836 ], [ -56.160135589995626, -12.852288289535766 ], [ -56.160005697964237, -12.85242398287672 ], [ -56.160140518816846, -12.852468404603176 ] ] ] } },
{ "type": "Feature", "properties": { }, "geometry": { "type": "Polygon", "coordinates": [ [ [ -56.138974178179012, -13.162024716290611 ], [ -56.138460982039227, -13.1661705601002 ], [ -56.137947785039231, -13.1703164031002 ], [ -56.137434589039231, -13.1744622471002 ], [ -56.136921393039231, -13.1786080901002 ], [ -56.136408196039227, -13.1827539341002 ], [ -56.135895000039227, -13.1868997771002 ], [ -56.13538180303923, -13.1910456211002 ], [ -56.13486860703923, -13.195191464100199 ], [ -56.136340871639334, -13.195440918647476 ], [ -56.137810746230983, -13.195688729355975 ], [ -56.141608247840153, -13.196331740451042 ], [ -56.145405748840155, -13.196974751451041 ], [ -56.149203250840152, -13.19761776345104 ], [ -56.153000751840153, -13.198260774451041 ], [ -56.153704279300484, -13.194535272917479 ], [ -56.154407806300483, -13.190809771917479 ], [ -56.155111334300486, -13.187084269917479 ], [ -56.155814861300485, -13.183358768917479 ], [ -56.153927290162791, -13.179801889159789 ], [ -56.15203971816279, -13.176245009159789 ], [ -56.150152147162792, -13.172688129159789 ], [ -56.147544380166785, -13.171375200553808 ], [ -56.144936614166788, -13.170062272553807 ], [ -56.144819728301393, -13.170003383309149 ], [ -56.144801761302332, -13.169889669397001 ], [ -56.144779188413381, -13.169747187561262 ], [ -56.144994500114983, -13.169733709599022 ], [ -56.145221772724135, -13.169676871183642 ], [ -56.145110360324331, -13.169449915288029 ], [ -56.145011759519427, -13.169386566211337 ], [ -56.145048905558305, -13.169291300139085 ], [ -56.144991951342298, -13.169165250057679 ], [ -56.14486072841148, -13.16898370776714 ], [ -56.144782327001465, -13.16881626565498 ], [ -56.144423419649101, -13.168704218226564 ], [ -56.144714710362258, -13.168572185935135 ], [ -56.144595410262298, -13.168544482409326 ], [ -56.144615539764416, -13.168487044356693 ], [ -56.144612742223309, -13.168309456242614 ], [ -56.144394093869082, -13.168247876809724 ], [ -56.144554820905086, -13.167983671925501 ], [ -56.144469461293454, -13.167827327821159 ], [ -56.144277428145656, -13.167594406597486 ], [ -56.144045855247981, -13.167508461668646 ], [ -56.144025636208809, -13.167299440795118 ], [ -56.143869240469172, -13.1672995520677 ], [ -56.143850422318629, -13.167059161198182 ], [ -56.143749258956476, -13.16683079232522 ], [ -56.14362729767435, -13.166772609031176 ], [ -56.143472585384124, -13.166845963375637 ], [ -56.143338609047547, -13.166713959674818 ], [ -56.14322601059321, -13.166829046191815 ], [ -56.143119927579342, -13.166662415412178 ], [ -56.14306020972171, -13.166694766113396 ], [ -56.142856722536258, -13.166704936667504 ], [ -56.142796356096738, -13.166578874778402 ], [ -56.142968110643743, -13.166486861454111 ], [ -56.142683793103402, -13.166285819410062 ], [ -56.142800067932001, -13.166148322019078 ], [ -56.142683406341369, -13.165999106212627 ], [ -56.142588582787134, -13.166123655180739 ], [ -56.142406952759423, -13.165977838902073 ], [ -56.142254554036064, -13.165969734658804 ], [ -56.142249833012201, -13.165762031341098 ], [ -56.14213567500024, -13.165821505800878 ], [ -56.142025193085225, -13.16585865952934 ], [ -56.141973509312557, -13.165809571245902 ], [ -56.141971610493563, -13.165665892506428 ], [ -56.14181517680332, -13.165650722011204 ], [ -56.141636707381799, -13.165577882197976 ], [ -56.141681995431064, -13.165317361839817 ], [ -56.141585795168325, -13.165254290851095 ], [ -56.141551816401815, -13.165102276901052 ], [ -56.141448216342418, -13.16504451571428 ], [ -56.141424028325723, -13.164942535018213 ], [ -56.141209972663667, -13.16486152881396 ], [ -56.141154748295669, -13.164716496260258 ], [ -56.140902892079332, -13.16460073369187 ], [ -56.140869445975021, -13.164454869801844 ], [ -56.140858942338042, -13.16421233666515 ], [ -56.140812932835743, -13.163991384738029 ], [ -56.140803757397507, -13.163791351959448 ], [ -56.140727144705671, -13.163773735502524 ], [ -56.140677397166037, -13.163884058372254 ], [ -56.140572083182668, -13.163921138400323 ], [ -56.140444358550781, -13.163796478034943 ], [ -56.140240902407228, -13.16361324513719 ], [ -56.140162812142144, -13.163437303685908 ], [ -56.140018777045078, -13.163253907976106 ], [ -56.139945785834549, -13.163256195132927 ], [ -56.139815503417594, -13.163362360090495 ], [ -56.139645012211169, -13.163092708305376 ], [ -56.13957015452317, -13.163153940874711 ], [ -56.139357259735064, -13.162978903633876 ], [ -56.13941749236696, -13.162772503096159 ], [ -56.139303385771299, -13.162500327608013 ], [ -56.13920429005892, -13.162447824874326 ], [ -56.139212539220487, -13.162331395660907 ], [ -56.139054342013459, -13.162240629235905 ], [ -56.139120566962703, -13.162062097236413 ], [ -56.139085672132346, -13.161908723713291 ], [ -56.138989748280991, -13.1618991795378 ], [ -56.138974178179012, -13.162024716290611 ] ] ] } },
{ "type": "Feature", "properties": { }, "geometry": { "type": "Polygon", "coordinates": [ [ [ -55.350480559829919, -13.645716669888357 ], [ -55.350035559993032, -13.645956939960746 ], [ -55.349925560316301, -13.646072219557247 ], [ -55.350016940429434, -13.646242779580579 ], [ -55.350146110054887, -13.64623805993846 ], [ -55.350247499622355, -13.646409170346864 ], [ -55.350261109962211, -13.646771939773151 ], [ -55.350181109870263, -13.64687000005039 ], [ -55.350101670056006, -13.647109170251944 ], [ -55.34987778023531, -13.64739833016875 ], [ -55.349779440268897, -13.647535560417737 ], [ -55.349436390277162, -13.647684999862802 ], [ -55.349012219638205, -13.647918060070371 ], [ -55.348883059905226, -13.648086940160088 ], [ -55.348798059582734, -13.648309999906514 ], [ -55.348760559652071, -13.648619440434798 ], [ -55.348841670406721, -13.648900560412464 ], [ -55.34889888977191, -13.64911139027838 ], [ -55.348723059721394, -13.649386670058737 ], [ -55.348341390142977, -13.649476940408423 ], [ -55.347889999723677, -13.649578060179296 ], [ -55.347702779759452, -13.649605279959649 ], [ -55.347524169904489, -13.649769720096458 ], [ -55.347366390146753, -13.649892779727956 ], [ -55.347176390378081, -13.650027499969102 ], [ -55.347133609628315, -13.650190559646546 ], [ -55.347044440048826, -13.650259169824775 ], [ -55.346853610205919, -13.650149170148032 ], [ -55.346593060421348, -13.64991667021809 ], [ -55.346486110345666, -13.649807499716294 ], [ -55.346213890058941, -13.649651110310455 ], [ -55.345847220272951, -13.649718890414421 ], [ -55.345729169865237, -13.649833609733269 ], [ -55.345664169565737, -13.650237220071627 ], [ -55.34569638957668, -13.650644719977773 ], [ -55.345660830382982, -13.650990000288234 ], [ -55.345619719674289, -13.65113472009118 ], [ -55.345560559572093, -13.651392779652994 ], [ -55.345497220320389, -13.651689719604798 ], [ -55.345391940285758, -13.652118609885898 ], [ -55.345270279999383, -13.65234943977476 ], [ -55.34517221972213, -13.652523329987602 ], [ -55.345098610212617, -13.652730829663994 ], [ -55.34511638980949, -13.653056670229075 ], [ -55.344931109682925, -13.653374719967282 ], [ -55.344852220253699, -13.653676109764609 ], [ -55.344678060244227, -13.65388832998239 ], [ -55.344534720001263, -13.654083609670787 ], [ -55.344311939944021, -13.654615000182034 ], [ -55.343968889952286, -13.654916389979343 ], [ -55.343878330020857, -13.655074440433051 ], [ -55.34382193983059, -13.655283059765342 ], [ -55.343925559716745, -13.655421110196009 ], [ -55.344179170332374, -13.655561669735212 ], [ -55.344526109892001, -13.655783890414165 ], [ -55.344804719861884, -13.655899720395698 ], [ -55.345040829670481, -13.6561372196569 ], [ -55.345335559988079, -13.656049999807571 ], [ -55.345511669727735, -13.655901670125953 ], [ -55.34580194030724, -13.655699999855081 ], [ -55.345961669795201, -13.655826109986926 ], [ -55.345985000007701, -13.65618611040065 ], [ -55.345864999869832, -13.656400280348636 ], [ -55.345627780297761, -13.656524439850953 ], [ -55.345366389647097, -13.656622500128215 ], [ -55.345012220437575, -13.657078329601154 ], [ -55.34487833027066, -13.657226939871352 ], [ -55.344625830317796, -13.657431389946625 ], [ -55.344295000313984, -13.657687220089068 ], [ -55.344164169640692, -13.65798806040061 ], [ -55.344163329673904, -13.658354169908979 ], [ -55.343988059900973, -13.658719999728117 ], [ -55.343836939623024, -13.65904694016411 ], [ -55.343720279567208, -13.659386109581249 ], [ -55.343547500017053, -13.659503060118084 ], [ -55.343306940362972, -13.65961444025417 ], [ -55.343241670266821, -13.660011390213471 ], [ -55.343134999880306, -13.660199440251896 ], [ -55.342804169876494, -13.660313610084971 ], [ -55.342874170406624, -13.660676669992238 ], [ -55.343058060181299, -13.660865559997527 ], [ -55.343425280352399, -13.660876670222086 ], [ -55.343733610217896, -13.661113889794143 ], [ -55.344033329974138, -13.661353610380761 ], [ -55.344038609893921, -13.661540830344997 ], [ -55.343861109802333, -13.661946670102662 ], [ -55.343608609849404, -13.662214439644632 ], [ -55.343376670197124, -13.662453060360411 ], [ -55.343128059812045, -13.66271805999043 ], [ -55.342833610083012, -13.662822220369156 ], [ -55.342679170407337, -13.663015560219881 ], [ -55.342476109784563, -13.662998330108771 ], [ -55.34208416994845, -13.662948610190135 ], [ -55.341819719804171, -13.663025000403429 ], [ -55.341657779782665, -13.663413059664938 ], [ -55.341442500071246, -13.663686110025932 ], [ -55.341237499610884, -13.663829720065506 ], [ -55.340434719786451, -13.664088609701533 ], [ -55.340441110368886, -13.664222779557571 ], [ -55.340574169562217, -13.664405279879695 ], [ -55.340949169768344, -13.664605829595306 ], [ -55.341199999680207, -13.664820280131787 ], [ -55.34126639033159, -13.664967500050066 ], [ -55.341040559774008, -13.665254440440043 ], [ -55.340848610275081, -13.665362779968287 ], [ -55.340795279578437, -13.665358330122778 ], [ -55.340633059867798, -13.665331940416642 ], [ -55.34042139003509, -13.665207219737333 ], [ -55.340127780272766, -13.665408329730601 ], [ -55.339987780111926, -13.665615559610341 ], [ -55.339828610002314, -13.665990280127296 ], [ -55.339721669819127, -13.666867780123878 ], [ -55.339768889622519, -13.667099719776212 ], [ -55.339866940007255, -13.667416940339479 ], [ -55.339844719558116, -13.667864440291615 ], [ -55.339687779767189, -13.668106390297623 ], [ -55.339454719559619, -13.668313059899729 ], [ -55.339354720344026, -13.66853833017972 ], [ -55.339133890016974, -13.668858610236615 ], [ -55.339045830200845, -13.669208059804065 ], [ -55.338863609567902, -13.669412499986821 ], [ -55.338874170306667, -13.669718329737064 ], [ -55.339221389555462, -13.669901109748348 ], [ -55.339688330152292, -13.669901939822612 ], [ -55.340031940421675, -13.669866389622152 ], [ -55.340192499983836, -13.670105000445345 ], [ -55.340044719787954, -13.670561669885101 ], [ -55.340016669933334, -13.670891939611289 ], [ -55.340006670371508, -13.671042219922477 ], [ -55.340132779604062, -13.67110860967454 ], [ -55.340562779648494, -13.671038330354634 ], [ -55.340824170299172, -13.671102780269045 ], [ -55.34096000030371, -13.671275000440845 ], [ -55.34119805984254, -13.671479720312787 ], [ -55.34139499967943, -13.671607780174886 ], [ -55.341287220428853, -13.671831669995516 ], [ -55.341052500072806, -13.671968060277722 ], [ -55.340809999681689, -13.672153610200892 ], [ -55.340661390310856, -13.672562780148148 ], [ -55.340441390058061, -13.672709439788784 ], [ -55.340120000237782, -13.672806669991736 ], [ -55.33989194026077, -13.672850000227275 ], [ -55.339774999616502, -13.672772219662134 ], [ -55.339432500009806, -13.672556670154165 ], [ -55.339223330292441, -13.672566940411887 ], [ -55.338906939803394, -13.672489440435301 ], [ -55.338646390018823, -13.672355279572452 ], [ -55.338609720162424, -13.672470829864837 ], [ -55.338498060337201, -13.672798610267568 ], [ -55.338451110330418, -13.672846109760073 ], [ -55.338323330157472, -13.672811389633845 ], [ -55.338095829558824, -13.672656940065661 ], [ -55.338051389559944, -13.673046670267583 ], [ -55.338098889951766, -13.673404440362557 ], [ -55.338056389790488, -13.673601110402885 ], [ -55.337982780281031, -13.673855280396822 ], [ -55.337750280351081, -13.674062219795594 ], [ -55.337605279959682, -13.674240829650504 ], [ -55.337522220374126, -13.674491110076627 ], [ -55.337454719959325, -13.674781109960236 ], [ -55.337343329930704, -13.675049720368229 ], [ -55.337276475229089, -13.675389700973875 ], [ -55.337258329608169, -13.675490559941352 ], [ -55.337178610104715, -13.675886390244671 ], [ -55.337276670381982, -13.67602472036452 ], [ -55.337405279729786, -13.676263889666751 ], [ -55.337321939555792, -13.676484719993768 ], [ -55.337415280191017, -13.676729439911703 ], [ -55.337473889908033, -13.676954999773367 ], [ -55.337466670150668, -13.677359719875144 ], [ -55.337503609803704, -13.677596669650541 ], [ -55.337621939900536, -13.677728610087222 ], [ -55.337797219565978, -13.677781109810324 ], [ -55.338051389559951, -13.677796939676959 ], [ -55.338065560177419, -13.678081110155045 ], [ -55.337914719588589, -13.678216389774557 ], [ -55.337711669757702, -13.678390559676524 ], [ -55.337464170035389, -13.67860611008388 ], [ -55.337289720444161, -13.678686389864923 ], [ -55.337177219752832, -13.678786110290719 ], [ -55.337130279638643, -13.679098610312558 ], [ -55.337008610359021, -13.679355280421802 ], [ -55.336997220445312, -13.679599440062081 ], [ -55.337037500180415, -13.679760559901844 ], [ -55.337210560319058, -13.680155560130963 ], [ -55.337195000249039, -13.680286940289982 ], [ -55.336961389656373, -13.680363610192391 ], [ -55.336865000319449, -13.680577219862748 ], [ -55.336826110036888, -13.680894720115193 ], [ -55.336702500020294, -13.681184440309584 ], [ -55.336597219985656, -13.681414170327614 ], [ -55.336507500021064, -13.681748059825045 ], [ -55.336578890003743, -13.682076389713584 ], [ -55.336651389749818, -13.682178610254589 ], [ -55.336956939810875, -13.682422500098262 ], [ -55.337045829701246, -13.682627780247804 ], [ -55.336904170291177, -13.682838889802897 ], [ -55.336577219962678, -13.683184719599078 ], [ -55.336405560068485, -13.683633889592278 ], [ -55.336204999561062, -13.683672219597218 ], [ -55.336149440344336, -13.683781939584762 ], [ -55.336241940113375, -13.683917499792734 ], [ -55.33630889014313, -13.684010280150297 ], [ -55.336410000021417, -13.684303329634934 ], [ -55.336591940065929, -13.684714720008268 ], [ -55.336767219731364, -13.684906670406463 ], [ -55.33692528007758, -13.685331109942735 ], [ -55.337026940340991, -13.685641390437743 ], [ -55.337286109666195, -13.686021389975108 ], [ -55.337692780397447, -13.686261669940025 ], [ -55.337820279981877, -13.686469720001512 ], [ -55.337850279566666, -13.686926109752111 ], [ -55.337891939761164, -13.68727139006255 ], [ -55.338136389882436, -13.687419440055065 ], [ -55.33852305969139, -13.687641669727208 ], [ -55.338764720115705, -13.687782499962337 ], [ -55.338941390133009, -13.688038330104801 ], [ -55.338979169752861, -13.688315000237017 ], [ -55.338956669614539, -13.688612219877989 ], [ -55.339010830385462, -13.688845280085552 ], [ -55.339218890339438, -13.689023610251347 ], [ -55.339551939870098, -13.689175280015091 ], [ -55.339790559686541, -13.689088609651531 ], [ -55.340060830243075, -13.68905694002569 ], [ -55.340251669978556, -13.689191389570908 ], [ -55.340128610347051, -13.689492780267528 ], [ -55.340069720041519, -13.689652220173805 ], [ -55.339956939661022, -13.690047779781128 ], [ -55.339833889922026, -13.69025999999894 ], [ -55.339549169958161, -13.690488610361051 ], [ -55.339418330291664, -13.690602780194123 ], [ -55.339253890154836, -13.690890000273264 ], [ -55.338950000242278, -13.691094439556696 ], [ -55.339075559989055, -13.69146610957324 ], [ -55.338642219862486, -13.691530560386964 ], [ -55.338457779702694, -13.691646939854364 ], [ -55.338295280302923, -13.691831110217484 ], [ -55.338339344385197, -13.692173133183536 ], [ -55.338448059830043, -13.692314170262698 ], [ -55.338493890180864, -13.692685559690808 ], [ -55.338453610445704, -13.692927220115035 ], [ -55.338443059599456, -13.693046390178699 ], [ -55.338507219932232, -13.693151940009958 ], [ -55.338665280278398, -13.69323722002161 ], [ -55.338935559828194, -13.693310559734472 ], [ -55.339408329830519, -13.693339720251853 ], [ -55.33966139006106, -13.693551110395385 ], [ -55.33977278008966, -13.693688060055882 ], [ -55.339787219604425, -13.694028330243189 ], [ -55.339787779882101, -13.694265000329422 ], [ -55.33956666986586, -13.694526390080778 ], [ -55.339384999618005, -13.694806109814063 ], [ -55.339118329946928, -13.694903890402204 ], [ -55.338996940356488, -13.694984170183268 ], [ -55.339114440379099, -13.695197500164452 ], [ -55.339385280206493, -13.695250560165157 ], [ -55.343400677156552, -13.695981551259855 ], [ -55.347416074156556, -13.696712543259855 ], [ -55.351431471156552, -13.697443534259856 ], [ -55.355446869156552, -13.698174526259855 ], [ -55.359462266156555, -13.698905517259854 ], [ -55.363477663156552, -13.699636509259856 ], [ -55.367493060156555, -13.700367500259855 ], [ -55.371270605142762, -13.701082917358667 ], [ -55.37504815014276, -13.701798333358665 ], [ -55.378825695142758, -13.702513750358666 ], [ -55.382603240142764, -13.703229167358666 ], [ -55.386380785142762, -13.703944583358666 ], [ -55.390158330142761, -13.704660000358666 ], [ -55.390522499813457, -13.704727499874192 ], [ -55.394409127176075, -13.705434642716799 ], [ -55.398295754176083, -13.706141785716801 ], [ -55.402182381176083, -13.7068489287168 ], [ -55.406069008176082, -13.7075560707168 ], [ -55.409955636176079, -13.708263213716799 ], [ -55.413842263176079, -13.708970356716801 ], [ -55.417728890176079, -13.7096774997168 ], [ -55.421925792728459, -13.710428958446339 ], [ -55.426122694728456, -13.711180416446339 ], [ -55.430319596728459, -13.711931875446339 ], [ -55.434516498728456, -13.712683334446339 ], [ -55.438713401728457, -13.713434792446339 ], [ -55.442910303728461, -13.714186251446341 ], [ -55.447107205728457, -13.714937709446341 ], [ -55.451304107728461, -13.715689168446341 ], [ -55.455501010728455, -13.716440626446341 ], [ -55.459697912728458, -13.71719208544634 ], [ -55.45979499993927, -13.717124170444034 ], [ -55.459990560216106, -13.716923059551497 ], [ -55.460039440167975, -13.716599440311866 ], [ -55.460078889828878, -13.716526390180725 ], [ -55.460236110208264, -13.716450830041705 ], [ -55.460097780088446, -13.716286389904928 ], [ -55.460018330381615, -13.716086389675068 ], [ -55.460271670301324, -13.715693330182999 ], [ -55.460102220041385, -13.715429999694663 ], [ -55.460144169817546, -13.715163609712755 ], [ -55.460006390082803, -13.715075829585826 ], [ -55.459806940238082, -13.714760830347968 ], [ -55.459949439614881, -13.714559720354757 ], [ -55.460197780203359, -13.714608889888314 ], [ -55.460067499915169, -13.714357499698792 ], [ -55.459989999938507, -13.713818890329501 ], [ -55.460159999684201, -13.71349528008305 ], [ -55.460416669793467, -13.713138609858898 ], [ -55.460582500282101, -13.713028889871344 ], [ -55.460350830426414, -13.71311222015277 ], [ -55.460181110369874, -13.713014439564688 ], [ -55.460070560308061, -13.712882779716431 ], [ -55.460130830173625, -13.712716110160335 ], [ -55.460430829619035, -13.712476939958773 ], [ -55.460246390358563, -13.712385829642304 ], [ -55.460206670001753, -13.712150829597071 ], [ -55.460313610184919, -13.712070559708515 ], [ -55.460248060399628, -13.711730279628686 ], [ -55.460267779834112, -13.711426110026911 ], [ -55.460277220017645, -13.7110416696373 ], [ -55.460362500029298, -13.710880830385969 ], [ -55.460662780063203, -13.710181389859201 ], [ -55.460718609975856, -13.710017500107487 ], [ -55.460702219831539, -13.70970500008565 ], [ -55.460557220339396, -13.709645830090954 ], [ -55.46069639042603, -13.709119720398752 ], [ -55.460784720038752, -13.708808330140295 ], [ -55.461004999980723, -13.708556939950773 ], [ -55.461035559843197, -13.708198060092334 ], [ -55.461496939931784, -13.707746110294698 ], [ -55.461587499863178, -13.707275559819204 ], [ -55.461711670157399, -13.707062780223037 ], [ -55.462043609924592, -13.70658082994129 ], [ -55.461806390352592, -13.706129169725322 ], [ -55.461782779551577, -13.705860279628155 ], [ -55.462084719733973, -13.706044440098772 ], [ -55.46211278038048, -13.705654719789434 ], [ -55.462065559677797, -13.705463889946525 ], [ -55.461948330351092, -13.70539139020048 ], [ -55.461717499562887, -13.705580829691467 ], [ -55.461540280059808, -13.705412499986819 ], [ -55.461611670042466, -13.7052850004024 ], [ -55.461790559586625, -13.704948889579537 ], [ -55.462053329797278, -13.704848060289699 ], [ -55.462008330420076, -13.704654170053866 ], [ -55.462253060230523, -13.704390559876382 ], [ -55.462481390004086, -13.703910830020725 ], [ -55.462359719825137, -13.703849999877544 ], [ -55.462303332332844, -13.703770932382549 ], [ -55.458441564390242, -13.701742851562207 ], [ -55.454579796390242, -13.699714771562206 ], [ -55.450718028390241, -13.697686690562207 ], [ -55.446856259390245, -13.695658610562207 ], [ -55.442994491390245, -13.693630529562206 ], [ -55.439132723390244, -13.691602449562208 ], [ -55.435270955390244, -13.689574368562207 ], [ -55.432539989705361, -13.688139856083923 ], [ -55.429809024705364, -13.686705343083924 ], [ -55.427078058705362, -13.685270831083923 ], [ -55.423377819856221, -13.68332603512707 ], [ -55.419677580856224, -13.68138123912707 ], [ -55.41597734185622, -13.67943644412707 ], [ -55.412277102856223, -13.67749164812707 ], [ -55.408576863856226, -13.67554685212707 ], [ -55.404876625856225, -13.67360205612707 ], [ -55.401176386856221, -13.67165726012707 ], [ -55.397476147856224, -13.66971246512707 ], [ -55.39377590885622, -13.66776766912707 ], [ -55.390075669856223, -13.66582287312707 ], [ -55.386252472941457, -13.663812806768599 ], [ -55.382429275941455, -13.661802740768598 ], [ -55.378606078941452, -13.6597926747686 ], [ -55.374782881941456, -13.657782608768599 ], [ -55.370959684941454, -13.655772542768599 ], [ -55.367117581689143, -13.653752090259934 ], [ -55.363275478689147, -13.651731637259934 ], [ -55.359433375689143, -13.649711184259933 ], [ -55.355591271689143, -13.647690732259933 ], [ -55.351749168689146, -13.645670279259933 ], [ -55.351472219767061, -13.645777500031558 ], [ -55.351183329646915, -13.645806389852963 ], [ -55.350943609959579, -13.645653610325814 ], [ -55.350823890410197, -13.645560279583213 ], [ -55.350589170054079, -13.645524720389439 ], [ -55.350480559829919, -13.645716669888357 ] ] ] } },
{ "type": "Feature", "properties": { }, "geometry": { "type": "Polygon", "coordinates": [ [ [ -56.02778222, -13.18651556 ], [ -56.024214118, -13.188163847 ], [ -56.020646017, -13.189812133 ], [ -56.017077915, -13.19146042 ], [ -56.013509813, -13.193108707 ], [ -56.009941712, -13.194756993 ], [ -56.00637361, -13.19640528 ], [ -56.005485, -13.19680972 ], [ -56.00549472, -13.19681944 ], [ -56.00573222, -13.19730778 ], [ -56.00564, -13.19740917 ], [ -56.00580972, -13.19747194 ], [ -56.00593, -13.19775611 ], [ -56.00622889, -13.19771611 ], [ -56.00650111, -13.19776278 ], [ -56.00679417, -13.19773972 ], [ -56.00677833, -13.19788111 ], [ -56.00719861, -13.19780611 ], [ -56.00732306, -13.19793222 ], [ -56.0074775, -13.19796417 ], [ -56.00773222, -13.19805111 ], [ -56.00799028, -13.19785111 ], [ -56.00824278, -13.19793278 ], [ -56.00817167, -13.19822806 ], [ -56.00809611, -13.19842861 ], [ -56.00816333, -13.19891111 ], [ -56.00830667, -13.19907778 ], [ -56.00800139, -13.19948 ], [ -56.00805778, -13.19978139 ], [ -56.0082025, -13.19965056 ], [ -56.00829139, -13.19978278 ], [ -56.00810639, -13.20008194 ], [ -56.00866722, -13.20066167 ], [ -56.00875389, -13.20088 ], [ -56.008915, -13.20108861 ], [ -56.00913083, -13.20120583 ], [ -56.00946972, -13.20087417 ], [ -56.00957, -13.2005475 ], [ -56.00972667, -13.20035056 ], [ -56.01009917, -13.20060556 ], [ -56.0105625, -13.20114111 ], [ -56.01073944, -13.20158083 ], [ -56.01058222, -13.20162778 ], [ -56.01030389, -13.20147639 ], [ -56.01042139, -13.20199389 ], [ -56.01057417, -13.20201167 ], [ -56.01057222, -13.20233528 ], [ -56.01065861, -13.20244528 ], [ -56.01054444, -13.20272944 ], [ -56.01052722, -13.20293722 ], [ -56.01047611, -13.20311361 ], [ -56.01035417, -13.20329806 ], [ -56.01060944, -13.20335639 ], [ -56.01099389, -13.2034775 ], [ -56.01117639, -13.20368556 ], [ -56.011655, -13.20400278 ], [ -56.01157167, -13.20419778 ], [ -56.011635, -13.2043625 ], [ -56.01188056, -13.20428389 ], [ -56.01182083, -13.20447361 ], [ -56.01175944, -13.20469389 ], [ -56.01161444, -13.20491444 ], [ -56.01184472, -13.20526583 ], [ -56.0119325, -13.2053075 ], [ -56.01204917, -13.20542639 ], [ -56.01282028, -13.20439306 ], [ -56.015667502, -13.201595143 ], [ -56.018514723, -13.198797227 ], [ -56.021361945, -13.19599931 ], [ -56.024209167, -13.193201393 ], [ -56.027056388, -13.190403477 ], [ -56.02990361, -13.18760556 ], [ -56.02778222, -13.18651556 ] ] ] } },
{ "type": "Feature", "properties": { }, "geometry": { "type": "Polygon", "coordinates": [ [ [ -55.704276150732014, -12.175985497643383 ], [ -55.702067867815231, -12.176480898019863 ], [ -55.699488920855501, -12.177058714635308 ], [ -55.696909973855497, -12.177636531635308 ], [ -55.698248648519986, -12.181895775803596 ], [ -55.699587322519989, -12.186155020803596 ], [ -55.7031695951163, -12.184911841852873 ], [ -55.706751868116299, -12.183668661852874 ], [ -55.710334141116299, -12.182425482852873 ], [ -55.713916414116298, -12.181182303852873 ], [ -55.712934036377845, -12.177728494604281 ], [ -55.711951659377846, -12.174274684604281 ], [ -55.708113904732016, -12.175130090643384 ], [ -55.704276150732014, -12.175985497643383 ] ] ] } },
{ "type": "Feature", "properties": { }, "geometry": { "type": "Polygon", "coordinates": [ [ [ -53.98755666, -15.19701808 ], [ -53.98568553, -15.19959421 ], [ -53.98393358, -15.20108749 ], [ -53.98331799, -15.20371994 ], [ -53.98290742, -15.20428712 ], [ -53.981913135, -15.2067998 ], [ -53.98091885, -15.20931248 ], [ -53.98152284, -15.21307674 ], [ -53.98166104, -15.2145317 ], [ -53.98582382, -15.21490974 ], [ -53.9899866, -15.21528778 ], [ -53.992905627, -15.21346195 ], [ -53.995824653, -15.21163612 ], [ -53.99874368, -15.20981029 ], [ -53.995946925, -15.206612238 ], [ -53.99315017, -15.203414185 ], [ -53.990353415, -15.200216133 ], [ -53.98755666, -15.19701808 ] ] ] } },
{ "type": "Feature", "properties": { }, "geometry": { "type": "Polygon", "coordinates": [ [ [ -54.029874547465944, -15.235387693725151 ], [ -54.029940162047367, -15.2348769606558 ], [ -54.030371892766155, -15.231516044528766 ], [ -54.030803624766158, -15.228155127528765 ], [ -54.031235355766157, -15.224794211528765 ], [ -54.031667086766156, -15.221433294528765 ], [ -54.032116000923693, -15.218065603560811 ], [ -54.027867720614843, -15.218001945373613 ], [ -54.023619439614841, -15.217938287373613 ], [ -54.023023444996532, -15.221425092114165 ], [ -54.022427450996531, -15.224911897114167 ], [ -54.021831455996534, -15.228398702114166 ], [ -54.021235461996532, -15.231885507114166 ], [ -54.022281976644258, -15.232395163873127 ], [ -54.023083731683201, -15.232704592209787 ], [ -54.024844149976289, -15.233215521763917 ], [ -54.025694261897463, -15.233618064117307 ], [ -54.026789562899538, -15.233417031533921 ], [ -54.027547377189066, -15.233187501759513 ], [ -54.028451396927807, -15.233329731169388 ], [ -54.029069549379585, -15.233793333520577 ], [ -54.029874547465944, -15.235387693725151 ] ] ] } },
{ "type": "Feature", "properties": { }, "geometry": { "type": "Polygon", "coordinates": [ [ [ -54.034321611326277, -15.201729532748434 ], [ -54.031705465969125, -15.201735292987273 ], [ -54.029089319969124, -15.201741052987272 ], [ -54.02637865105865, -15.201797802102796 ], [ -54.025648871374834, -15.206065740297705 ], [ -54.024919091374834, -15.210333679297705 ], [ -54.024269265614841, -15.214135983373613 ], [ -54.023619439614841, -15.217938287373613 ], [ -54.027867719923691, -15.218001945560811 ], [ -54.032116000923693, -15.218065603560811 ], [ -54.032667403326279, -15.213981585748433 ], [ -54.033218806326275, -15.209897567748435 ], [ -54.033770208326274, -15.205813550748434 ], [ -54.034321611326277, -15.201729532748434 ] ] ] } },
{ "type": "Feature", "properties": { }, "geometry": { "type": "Polygon", "coordinates": [ [ [ -53.991999004133618, -15.187650086031397 ], [ -53.990524730607433, -15.191557195616326 ], [ -53.9890632164322, -15.194281044843757 ], [ -53.987601701432197, -15.197004894843758 ], [ -53.987791016384449, -15.197221722939958 ], [ -53.987981033233439, -15.197439354413632 ], [ -53.991735306187543, -15.197489611273394 ], [ -53.995489578187545, -15.197539868273394 ], [ -53.999243851187543, -15.197590125273393 ], [ -54.000845071549051, -15.194100276226314 ], [ -54.002446292549052, -15.190610427226312 ], [ -54.00404751254905, -15.187120578226313 ], [ -54.000031343133621, -15.187297081031398 ], [ -53.996015173133621, -15.187473583031396 ], [ -53.991999004133618, -15.187650086031397 ] ] ] } },
{ "type": "Feature", "properties": { }, "geometry": { "type": "Polygon", "coordinates": [ [ [ -53.97584611000002, -15.18331917 ], [ -53.973230834999939, -15.18582042 ], [ -53.970615559999942, -15.18832167 ], [ -53.968384726999901, -15.190455280000013 ], [ -53.966153892999898, -15.192588890000012 ], [ -53.9639230599999, -15.194722500000012 ], [ -53.967257901367901, -15.19688979385254 ], [ -53.970592743367902, -15.199057086852539 ], [ -53.9739275843679, -15.201224380852539 ], [ -53.977262426367901, -15.20339167385254 ], [ -53.980597267367898, -15.205558967852539 ], [ -53.982686442013971, -15.202849485267222 ], [ -53.982607949862086, -15.202446053606195 ], [ -53.983933633865831, -15.201087532849954 ], [ -53.985685547445087, -15.199594212349155 ], [ -53.987556741182289, -15.197018087381139 ], [ -53.986834886553311, -15.196103395254113 ], [ -53.984567446873697, -15.193461456105876 ], [ -53.982300007873697, -15.190819516105876 ], [ -53.980032568873696, -15.188177577105876 ], [ -53.977939339000017, -15.185748374 ], [ -53.97584611000002, -15.18331917 ] ] ] } },
{ "type": "Feature", "properties": { }, "geometry": { "type": "Polygon", "coordinates": [ [ [ -53.976432792356036, -15.1442185106892 ], [ -53.975325602231891, -15.146842231648028 ], [ -53.974218412231892, -15.149465952648029 ], [ -53.977553910261115, -15.150393619748106 ], [ -53.980889407261117, -15.151321287748106 ], [ -53.984224905261115, -15.152248954748107 ], [ -53.987560403261114, -15.153176622748106 ], [ -53.985950725622459, -15.157240025617917 ], [ -53.984341047622458, -15.161303428617916 ], [ -53.982731369622456, -15.165366831617916 ], [ -53.986263867716758, -15.167023694205003 ], [ -53.989796365716757, -15.168680556205004 ], [ -53.991001017464782, -15.166121748769342 ], [ -53.992358232872192, -15.163197892156481 ], [ -53.993715447872191, -15.160274036156482 ], [ -53.99507266287219, -15.157350179156481 ], [ -53.991966017356035, -15.1551615676892 ], [ -53.988859372356039, -15.152972956689201 ], [ -53.985752727356036, -15.1507843446892 ], [ -53.982646082356034, -15.1485957336892 ], [ -53.979539437356038, -15.146407121689199 ], [ -53.976432792356036, -15.1442185106892 ] ] ] } },
{ "type": "Feature", "properties": { }, "geometry": { "type": "Polygon", "coordinates": [ [ [ -53.972438503169315, -15.153677151902741 ], [ -53.973580949127644, -15.157181829461924 ], [ -53.97472339512764, -15.160686506461923 ], [ -53.975865841127643, -15.164191183461924 ], [ -53.979298605622454, -15.164779007617916 ], [ -53.982731369622456, -15.165366831617916 ], [ -53.984341047261111, -15.161303428748163 ], [ -53.985950725261112, -15.157240025748163 ], [ -53.987560403261114, -15.153176622748163 ], [ -53.98422490527981, -15.152248955534683 ], [ -53.980889407279811, -15.151321287534683 ], [ -53.977553910279809, -15.150393620534683 ], [ -53.974218412279811, -15.149465952534683 ], [ -53.973328458169313, -15.151571551902741 ], [ -53.972438503169315, -15.153677151902741 ] ] ] } },
{ "type": "Feature", "properties": { }, "geometry": { "type": "Polygon", "coordinates": [ [ [ -54.002902288778273, -15.140837823430331 ], [ -53.999919392155363, -15.138017430084483 ], [ -53.99693649515536, -15.135197036084483 ], [ -53.993953598155358, -15.132376643084482 ], [ -53.990970702155359, -15.129556249084484 ], [ -53.987987805155363, -15.126735856084483 ], [ -53.985004908155361, -15.123915462084483 ], [ -53.983670727752951, -15.127075467604982 ], [ -53.983495337576926, -15.127490879069512 ], [ -53.982082828356035, -15.1308364056892 ], [ -53.980670319356037, -15.1341819316892 ], [ -53.979257810356039, -15.137527457689201 ], [ -53.977845301356034, -15.140872984689199 ], [ -53.976432792356036, -15.1442185106892 ], [ -53.979539437872191, -15.14640712215648 ], [ -53.982646082872193, -15.148595733156482 ], [ -53.985752727872189, -15.150784345156481 ], [ -53.988859372872191, -15.15297295615648 ], [ -53.991966017872187, -15.155161568156482 ], [ -53.99507266287219, -15.157350179156481 ], [ -53.996638587778271, -15.154047708430332 ], [ -53.998204512778273, -15.150745236430332 ], [ -53.99977043877827, -15.147442765430331 ], [ -54.001336363778272, -15.144140294430331 ], [ -54.002902288778273, -15.140837823430331 ] ] ] } },
{ "type": "Feature", "properties": { }, "geometry": { "type": "Polygon", "coordinates": [ [ [ -54.004047512549064, -15.187120578226351 ], [ -54.002446292187571, -15.190610427273457 ], [ -54.00084507118757, -15.194100276273456 ], [ -53.999243851187572, -15.197590125273457 ], [ -54.003354692730348, -15.197644902567031 ], [ -54.007465534730343, -15.197699679567032 ], [ -54.011576375730343, -15.197754456567033 ], [ -54.015687217730346, -15.197809233567032 ], [ -54.016125642455286, -15.194442913903472 ], [ -54.016564067455285, -15.191076594903471 ], [ -54.017002492455283, -15.187710275903472 ], [ -54.012684165549061, -15.187513710226352 ], [ -54.008365839549064, -15.18731714422635 ], [ -54.004047512549064, -15.187120578226351 ] ] ] } },
{ "type": "Feature", "properties": { }, "geometry": { "type": "Polygon", "coordinates": [ [ [ -53.980032568873746, -15.188177577105886 ], [ -53.982299833740086, -15.190819311613055 ], [ -53.984567098740087, -15.193461045613056 ], [ -53.986834363740087, -15.196102780613055 ], [ -53.98760170143219, -15.197004894843825 ], [ -53.989063140074023, -15.194281186905529 ], [ -53.990524578074023, -15.19155747990553 ], [ -53.991999004133639, -15.187650086031425 ], [ -53.988010192873745, -15.187825916105886 ], [ -53.984021380873749, -15.188001747105886 ], [ -53.980032568873746, -15.188177577105886 ] ] ] } },
{ "type": "Feature", "properties": { }, "geometry": { "type": "Polygon", "coordinates": [ [ [ -54.01770334262325, -15.201959596118069 ], [ -54.017680589766172, -15.201960020014781 ], [ -54.018274998205719, -15.202746007032481 ], [ -54.018160179508435, -15.204041157408849 ], [ -54.017734852086996, -15.205621184726942 ], [ -54.017106412049046, -15.206684834717471 ], [ -54.016221514769207, -15.207665428505546 ], [ -54.015604152056042, -15.208423244726403 ], [ -54.015624470315466, -15.208427412313197 ], [ -54.018722677374832, -15.209062834297704 ], [ -54.021820884374833, -15.209698257297704 ], [ -54.024919091374834, -15.210333679297705 ], [ -54.02564887105865, -15.206065741102796 ], [ -54.02637865105865, -15.201797802102796 ], [ -54.022040996623247, -15.201878699118069 ], [ -54.01770334262325, -15.201959596118069 ] ] ] } },
{ "type": "Feature", "properties": { }, "geometry": { "type": "Polygon", "coordinates": [ [ [ -56.139563315594501, -12.836237360265896 ], [ -56.139084050085621, -12.840220168553024 ], [ -56.138604784085622, -12.844202975553024 ], [ -56.138125518085623, -12.848185783553024 ], [ -56.137646252085624, -12.852168591553024 ], [ -56.137160627017735, -12.856183149413379 ], [ -56.136675002017739, -12.860197706413381 ], [ -56.13618937601774, -12.86421226441338 ], [ -56.135703751017736, -12.86822682141338 ], [ -56.135180104639304, -12.872558232654782 ], [ -56.135124632128409, -12.872959327841698 ], [ -56.135022247762805, -12.873334227593489 ], [ -56.134825634480599, -12.873667404477393 ], [ -56.134610844105197, -12.873899252225197 ], [ -56.132892749427747, -12.875532811768265 ], [ -56.131174654427745, -12.877166371768265 ], [ -56.128196936671323, -12.879998357677206 ], [ -56.12521921967133, -12.882830342677204 ], [ -56.122241501671326, -12.885662328677205 ], [ -56.119504476317388, -12.888266088788191 ], [ -56.116767451317386, -12.89086984878819 ], [ -56.114030425317388, -12.893473608788192 ], [ -56.111293400317386, -12.896077368788191 ], [ -56.108529397, -12.898696303 ], [ -56.105765393, -12.901315236 ], [ -56.10300139, -12.90393417 ], [ -56.106495835, -12.90534829 ], [ -56.10999028, -12.90676241 ], [ -56.113484725, -12.90817653 ], [ -56.11697917, -12.90959065 ], [ -56.120473615, -12.91100477 ], [ -56.12396806, -12.91241889 ], [ -56.124407236850097, -12.912596146759501 ], [ -56.124459999568096, -12.912002366307973 ], [ -56.123971767130598, -12.910967069444276 ], [ -56.123736461364501, -12.909534689254087 ], [ -56.123687644419782, -12.908175268589886 ], [ -56.124134646753092, -12.906410717538803 ], [ -56.124391300531599, -12.905628735935405 ], [ -56.124322587635582, -12.904449813470698 ], [ -56.124399127294296, -12.903379246259702 ], [ -56.124237810341732, -12.902881222412276 ], [ -56.12407422, -12.902375869999979 ], [ -56.12403977, -12.90157293 ], [ -56.12430291, -12.900674879999981 ], [ -56.1239132, -12.9002307 ], [ -56.1239164, -12.899310619999977 ], [ -56.124107799999976, -12.898631129999982 ], [ -56.12467286, -12.898267189999979 ], [ -56.12528043, -12.89837447 ], [ -56.1256031, -12.89782192 ], [ -56.12555191, -12.897247049999979 ], [ -56.126563189999985, -12.8968741 ], [ -56.1271407, -12.89709159 ], [ -56.127864359999975, -12.89691669 ], [ -56.128413489999986, -12.89691852 ], [ -56.12921772, -12.89674199 ], [ -56.12992744, -12.89670773 ], [ -56.13043997, -12.89692526 ], [ -56.13101814, -12.896927180000011 ], [ -56.131281657911863, -12.896656710569106 ], [ -56.131408559157641, -12.896526568446351 ], [ -56.131357316686781, -12.895884608088126 ], [ -56.130642680315425, -12.894726777718565 ], [ -56.131194089735402, -12.894334293792548 ], [ -56.131777487141264, -12.894233514864741 ], [ -56.132348204106279, -12.895004416420647 ], [ -56.133281979179955, -12.894702529298211 ], [ -56.133118242312989, -12.894100342356843 ], [ -56.132341947522818, -12.893583287938318 ], [ -56.132262368313604, -12.892738606001847 ], [ -56.132804469750432, -12.892075826338271 ], [ -56.133273676638836, -12.891811731426229 ], [ -56.133900079624929, -12.891237295764549 ], [ -56.134764805651223, -12.890908590858716 ], [ -56.135484529487435, -12.891096959257199 ], [ -56.137012392208057, -12.892462349557722 ], [ -56.138297303977367, -12.892538646241469 ], [ -56.138763086247373, -12.893140288193697 ], [ -56.139516538257567, -12.892874313698599 ], [ -56.139683435342235, -12.89242068936329 ], [ -56.139219714318301, -12.891997903680238 ], [ -56.139075027790284, -12.890995498643301 ], [ -56.139308309231062, -12.890750236434208 ], [ -56.139415785410115, -12.890018650540242 ], [ -56.139686685492109, -12.889957332964489 ], [ -56.139784109049344, -12.890307211508576 ], [ -56.139927456486873, -12.890379656395956 ], [ -56.140277328735678, -12.890052404794563 ], [ -56.141118155278605, -12.890215657826278 ], [ -56.141277412622458, -12.891190803512693 ], [ -56.141473587136318, -12.891745533229702 ], [ -56.141399956942394, -12.892093855946662 ], [ -56.141416162725697, -12.892747455330754 ], [ -56.141564510393763, -12.893354561563745 ], [ -56.141677815978369, -12.893399328016525 ], [ -56.141933316968952, -12.89328705215569 ], [ -56.142316568454817, -12.893389305971649 ], [ -56.143288775156783, -12.893299901669087 ], [ -56.143855562983774, -12.893094968657799 ], [ -56.144619955246689, -12.89242882103321 ], [ -56.144847713051483, -12.89223462232991 ], [ -56.144846212082989, -12.891455207791571 ], [ -56.144778795305093, -12.891114741552025 ], [ -56.143084993859681, -12.889374332555802 ], [ -56.141391192859679, -12.887633923555802 ], [ -56.143558443297202, -12.889860802578701 ], [ -56.145766323587601, -12.889874707430497 ], [ -56.148411981290693, -12.889017235498697 ], [ -56.151057639290691, -12.888159764498697 ], [ -56.152455110512498, -12.8859737969105 ], [ -56.153852581512503, -12.883787829910499 ], [ -56.153980421249798, -12.881725603714102 ], [ -56.15576386310299, -12.8787276354509 ], [ -56.157303110148987, -12.880257871244799 ], [ -56.157316750391701, -12.880175091199586 ], [ -56.157384489214685, -12.880092575582596 ], [ -56.15849034849888, -12.879429921835202 ], [ -56.158590038645087, -12.879521655800199 ], [ -56.158895222359682, -12.879456268115607 ], [ -56.158500788460408, -12.878759406863008 ], [ -56.158277043217701, -12.878558771362082 ], [ -56.158137153194396, -12.878720805128408 ], [ -56.157666892323199, -12.878432122424181 ], [ -56.157607395286099, -12.878254709604676 ], [ -56.157628741022386, -12.878099890230176 ], [ -56.157732868820993, -12.877745691483577 ], [ -56.157954969781883, -12.877472344873107 ], [ -56.157826574135299, -12.877449056174498 ], [ -56.157668093530098, -12.877520610813802 ], [ -56.157578577543902, -12.877445908062098 ], [ -56.157574818959787, -12.877301948684375 ], [ -56.157358746448999, -12.877039761721996 ], [ -56.157353456018093, -12.876912977057403 ], [ -56.15724025840629, -12.876809625596488 ], [ -56.157166909223101, -12.876640757963397 ], [ -56.156963769379296, -12.876480153019683 ], [ -56.156545032105477, -12.876219031330683 ], [ -56.155968636391279, -12.8759494443817 ], [ -56.155335959720112, -12.8755888940353 ], [ -56.155377296795891, -12.874913686846799 ], [ -56.155603658623505, -12.87463384573029 ], [ -56.155906721283792, -12.873878646746695 ], [ -56.155856354125476, -12.873617444463095 ], [ -56.155527908220208, -12.873283101466793 ], [ -56.155255906293291, -12.872551095820993 ], [ -56.155061878262032, -12.872340879436692 ], [ -56.15497686, -12.87213544 ], [ -56.15499994, -12.871737309999988 ], [ -56.15506058, -12.87165496 ], [ -56.15525105, -12.87163441 ], [ -56.15521959, -12.87153413 ], [ -56.15511886, -12.871505859999987 ], [ -56.15481895, -12.871567649999983 ], [ -56.15449932, -12.87132673 ], [ -56.15438549, -12.87078159 ], [ -56.15436838, -12.87066046 ], [ -56.15444839, -12.87043612 ], [ -56.15480804, -12.870284739999976 ], [ -56.15497888, -12.87031929 ], [ -56.15490728, -12.8701535 ], [ -56.154593779999978, -12.870201769999982 ], [ -56.15444731, -12.87001811 ], [ -56.154642, -12.86972524 ], [ -56.15478551, -12.869667199999984 ], [ -56.15501892, -12.86953766 ], [ -56.15515773, -12.86955754 ], [ -56.15542711, -12.86947468 ], [ -56.15544691, -12.86931389 ], [ -56.15558379, -12.86922382 ], [ -56.15567023, -12.86933803 ], [ -56.15591689, -12.86979291 ], [ -56.15609149, -12.86985884 ], [ -56.15630535, -12.86987065 ], [ -56.15734238, -12.869110489999985 ], [ -56.15750007, -12.86921615 ], [ -56.15743522, -12.86871267 ], [ -56.1574769, -12.868429159999978 ], [ -56.15764077, -12.86825988 ], [ -56.157821330000012, -12.868308739999982 ], [ -56.157778899999975, -12.86765514999998 ], [ -56.15790495, -12.86724812 ], [ -56.15801786, -12.867104 ], [ -56.15811488, -12.86700195 ], [ -56.15823327, -12.86695577 ], [ -56.158341179999987, -12.866986129999988 ], [ -56.15844766, -12.867112519999987 ], [ -56.15863256, -12.86649573 ], [ -56.158902269999977, -12.86587053 ], [ -56.15891613, -12.8656108 ], [ -56.15877504, -12.86538828 ], [ -56.15875259, -12.86518422 ], [ -56.15881847, -12.865102599999979 ], [ -56.15899531, -12.865105609999988 ], [ -56.15910963, -12.86520264 ], [ -56.15931355, -12.86515446 ], [ -56.159768919999983, -12.864705089999982 ], [ -56.15971257, -12.86438528 ], [ -56.15978757, -12.86417059 ], [ -56.159933270000018, -12.86414158 ], [ -56.160143949999977, -12.864443719999979 ], [ -56.16027834, -12.86449198 ], [ -56.1604555, -12.86428856 ], [ -56.160441339999984, -12.86391771 ], [ -56.160392369999983, -12.863872249999988 ], [ -56.16020485, -12.86395086 ], [ -56.15997132, -12.863895040000012 ], [ -56.15975178, -12.863653369999984 ], [ -56.15959102, -12.863332140000011 ], [ -56.15973376, -12.86308711 ], [ -56.16039609, -12.86269844 ], [ -56.16049497, -12.86256141 ], [ -56.16045091, -12.862313699999987 ], [ -56.160696749999985, -12.862241969999982 ], [ -56.16081559, -12.86236405 ], [ -56.16082824, -12.862468979999976 ], [ -56.16103664, -12.86259596 ], [ -56.161109449999984, -12.862538059999975 ], [ -56.1612451, -12.86234581 ], [ -56.16120922, -12.86199440999998 ], [ -56.161368590000016, -12.86165142 ], [ -56.16151013, -12.86074035 ], [ -56.161746739999984, -12.86025321 ], [ -56.16181978, -12.85979257 ], [ -56.16174382, -12.85916301 ], [ -56.161720499999987, -12.85883001 ], [ -56.161502569999989, -12.8581301 ], [ -56.16159209, -12.85784159 ], [ -56.16147368, -12.857756939999975 ], [ -56.16112752, -12.857902399999976 ], [ -56.16112436, -12.85744035 ], [ -56.161082518722075, -12.857329907875208 ], [ -56.161186862183897, -12.857127790315225 ], [ -56.161377719905836, -12.85707035061613 ], [ -56.161403737292567, -12.856950356773492 ], [ -56.160912965560897, -12.85674362691679 ], [ -56.160997455068468, -12.856498770301981 ], [ -56.161302060841415, -12.856293225751685 ], [ -56.16127855076445, -12.856213401027622 ], [ -56.161151956797305, -12.856177822948107 ], [ -56.160892737110089, -12.856396985032795 ], [ -56.16064876902545, -12.85629683383177 ], [ -56.160408535825241, -12.855932850320732 ], [ -56.160459454540153, -12.855723602362337 ], [ -56.160879067415017, -12.855518516466299 ], [ -56.160878527821751, -12.855458928286831 ], [ -56.160813883653766, -12.855333490847887 ], [ -56.160734190230627, -12.855300052255579 ], [ -56.160285173122169, -12.855396359754144 ], [ -56.160179310326882, -12.85494636508264 ], [ -56.160245406899953, -12.85416327411575 ], [ -56.160283479698762, -12.854048110531814 ], [ -56.160109529231363, -12.853843748590068 ], [ -56.159680050793654, -12.853884961821498 ], [ -56.159708439692672, -12.853605928270932 ], [ -56.159851259228155, -12.853445167260563 ], [ -56.160186747720218, -12.853429423728862 ], [ -56.160208615635035, -12.853282652572316 ], [ -56.160147118194892, -12.85301472385037 ], [ -56.160278804123486, -12.852848592088833 ], [ -56.160410423502178, -12.852757689515707 ], [ -56.160253775091626, -12.85256025505168 ], [ -56.160156458553665, -12.852616727080264 ], [ -56.159757413174027, -12.852485246197087 ], [ -56.160034834240157, -12.852195436070451 ], [ -56.160094227266711, -12.851931872657756 ], [ -56.16041467100024, -12.85186761519822 ], [ -56.160644790424669, -12.851973960929502 ], [ -56.160757547422854, -12.852151814454579 ], [ -56.160954786733953, -12.852169624628402 ], [ -56.160948856604413, -12.852123944464413 ], [ -56.161010683196416, -12.851709750004886 ], [ -56.161161557959481, -12.851564566151747 ], [ -56.161286722004583, -12.85153042608823 ], [ -56.161548495766446, -12.851706313695384 ], [ -56.161634626536738, -12.851604867470581 ], [ -56.161285998949658, -12.851220646515566 ], [ -56.161151189675643, -12.850718206979643 ], [ -56.161168987258918, -12.850520064749166 ], [ -56.161286666246617, -12.849492190911858 ], [ -56.16137459026509, -12.849294363444065 ], [ -56.161247642864389, -12.84886645432332 ], [ -56.161342986289746, -12.848376595403517 ], [ -56.161253151211874, -12.847706119341868 ], [ -56.160414804999213, -12.847166168184055 ], [ -56.159687285839546, -12.847329308800514 ], [ -56.159128496582809, -12.847186918241611 ], [ -56.157759764401582, -12.846998798955369 ], [ -56.156010015549704, -12.847217963737981 ], [ -56.155620879799685, -12.847020050834658 ], [ -56.155081371108324, -12.846348489291282 ], [ -56.155071081964806, -12.846090670747783 ], [ -56.155538068427056, -12.845713586812495 ], [ -56.155690199543017, -12.845716156175611 ], [ -56.156019435948167, -12.846024730656699 ], [ -56.156223601837723, -12.8461191513777 ], [ -56.156401115419101, -12.845971343302784 ], [ -56.156982479457831, -12.846140666758334 ], [ -56.156896846911941, -12.845595254017731 ], [ -56.157227821706556, -12.845299740390649 ], [ -56.15762542187565, -12.844699093987959 ], [ -56.157377684732289, -12.844047189825893 ], [ -56.15718718224263, -12.843779388807709 ], [ -56.157146165962729, -12.843450583177782 ], [ -56.157661678943271, -12.843524572201197 ], [ -56.157816123115545, -12.843496223771636 ], [ -56.157934964027326, -12.843367395888544 ], [ -56.157981109140842, -12.843041942931258 ], [ -56.158322225590211, -12.842964642604098 ], [ -56.158689237118551, -12.843302540379918 ], [ -56.158781244958455, -12.843206719414532 ], [ -56.158629255036026, -12.842885153327122 ], [ -56.158958440179838, -12.842266744414689 ], [ -56.159310845818823, -12.841759353211533 ], [ -56.159230048028235, -12.841477076705708 ], [ -56.159424027296993, -12.841170180359466 ], [ -56.159600502161425, -12.841167038128274 ], [ -56.159832851904525, -12.841292469271977 ], [ -56.159901174299691, -12.841530220343374 ], [ -56.160147286368165, -12.841618352105236 ], [ -56.160533341040832, -12.841494083784886 ], [ -56.160865518229059, -12.841638640810578 ], [ -56.160980024408559, -12.84178810813461 ], [ -56.160899647500685, -12.842017245499443 ], [ -56.160913740776486, -12.84207434525478 ], [ -56.161149503446772, -12.841727254609033 ], [ -56.161385983776071, -12.841274555676133 ], [ -56.161572345787071, -12.841124150359159 ], [ -56.15726652313149, -12.840128780718588 ], [ -56.153730713981965, -12.839306153307977 ], [ -56.150194903981962, -12.838483525307977 ], [ -56.146659093981967, -12.837660897307977 ], [ -56.143123284981968, -12.836838270307977 ], [ -56.139587474981965, -12.836015642307977 ], [ -56.139563315594501, -12.836237360265896 ] ] ] } },
{ "type": "Feature", "properties": { }, "geometry": { "type": "Polygon", "coordinates": [ [ [ -56.14133292, -13.15870066 ], [ -56.1412273, -13.15874796 ], [ -56.14110421, -13.15917368 ], [ -56.14102766, -13.1592699 ], [ -56.14087578, -13.15940728 ], [ -56.14075738, -13.15970553 ], [ -56.1408304, -13.15990641 ], [ -56.14074859, -13.16002865 ], [ -56.14047436, -13.15995558 ], [ -56.14026678, -13.15976374 ], [ -56.14019478, -13.15982661 ], [ -56.14016114, -13.15989549 ], [ -56.14032343, -13.16000218 ], [ -56.14033128, -13.16013286 ], [ -56.1400524, -13.1602813 ], [ -56.13973201, -13.16058448 ], [ -56.13942819, -13.16071321 ], [ -56.13921487, -13.16110843 ], [ -56.13906526, -13.16109508 ], [ -56.13865118, -13.16140889 ], [ -56.13896075, -13.1618282 ], [ -56.13912115, -13.16181725 ], [ -56.13915858, -13.16190282 ], [ -56.13919263, -13.1620891 ], [ -56.1391381, -13.16219236 ], [ -56.13932986, -13.1622638 ], [ -56.13933805, -13.16232476 ], [ -56.13923038, -13.16240198 ], [ -56.13934485, -13.16243564 ], [ -56.13947252, -13.16284041 ], [ -56.13939617, -13.1629322 ], [ -56.13957657, -13.16308678 ], [ -56.1397337, -13.16303505 ], [ -56.13985707, -13.16326919 ], [ -56.13989841, -13.16313687 ], [ -56.14006093, -13.16320378 ], [ -56.14020113, -13.16342957 ], [ -56.14029537, -13.16349995 ], [ -56.14028481, -13.16361638 ], [ -56.14053073, -13.16374125 ], [ -56.1405405, -13.16385042 ], [ -56.14061378, -13.16386938 ], [ -56.14069913, -13.16371162 ], [ -56.14083166, -13.16375392 ], [ -56.14098115, -13.16395985 ], [ -56.14088711, -13.16401876 ], [ -56.14092586, -13.1644443 ], [ -56.14100965, -13.16457406 ], [ -56.14120208, -13.16466295 ], [ -56.14126684, -13.16482492 ], [ -56.14146782, -13.16487207 ], [ -56.14160365, -13.16481782 ], [ -56.14163439, -13.16491865 ], [ -56.14160678, -13.16495029 ], [ -56.14152638, -13.16496232 ], [ -56.14150372, -13.16500383 ], [ -56.14157021, -13.16503859 ], [ -56.14161651, -13.16512519 ], [ -56.14162179, -13.16519899 ], [ -56.14171373, -13.16523935 ], [ -56.14172895, -13.16555947 ], [ -56.14183668, -13.16554365 ], [ -56.14204955, -13.16564771 ], [ -56.14202988, -13.16575858 ], [ -56.14212967, -13.16574526 ], [ -56.14223333, -13.16568006 ], [ -56.14231375, -13.16576794 ], [ -56.14229764, -13.16591671 ], [ -56.14237993, -13.16592033 ], [ -56.14233532, -13.16569459 ], [ -56.14259724, -13.16567639 ], [ -56.14267255, -13.16583053 ], [ -56.14249833, -13.16594288 ], [ -56.14250914, -13.16601625 ], [ -56.14258319, -13.16602969 ], [ -56.14266757, -13.16590972 ], [ -56.14282103, -13.16611593 ], [ -56.14279907, -13.1662768 ], [ -56.14304057, -13.16639877 ], [ -56.14299945, -13.166548 ], [ -56.14286524, -13.16661816 ], [ -56.14289142, -13.16665098 ], [ -56.1431473, -13.16656504 ], [ -56.14325423, -13.16675337 ], [ -56.14338533, -13.16662596 ], [ -56.14347855, -13.16677564 ], [ -56.14358062, -13.16671766 ], [ -56.14383134, -13.1667609 ], [ -56.14392034, -13.1668272 ], [ -56.14387108, -13.16700878 ], [ -56.14389877, -13.16724423 ], [ -56.1440612, -13.16723356 ], [ -56.14415105, -13.16734679 ], [ -56.14412707, -13.16747627 ], [ -56.14431962, -13.16750865 ], [ -56.14464191, -13.16790657 ], [ -56.14458029, -13.16811531 ], [ -56.14450168, -13.16819389 ], [ -56.14472074, -13.16824408 ], [ -56.14469043, -13.16844272 ], [ -56.14481545, -13.16855118 ], [ -56.14477747, -13.16861932 ], [ -56.14465717, -13.16861422 ], [ -56.14468231, -13.16873564 ], [ -56.1447886, -13.16873563 ], [ -56.14494057, -13.16863044 ], [ -56.1449812, -13.16867262 ], [ -56.14485995, -13.16888859 ], [ -56.14489259, -13.16894882 ], [ -56.1449984, -13.16914203 ], [ -56.14513776, -13.16926429 ], [ -56.14509801, -13.16936533 ], [ -56.14519227, -13.16940353 ], [ -56.14527812, -13.16968655 ], [ -56.14507534, -13.16978244 ], [ -56.14485152, -13.1698034 ], [ -56.14493661, -13.17006227 ], [ -56.14754438, -13.1713752 ], [ -56.15015215, -13.17268813 ], [ -56.15203972, -13.17624501 ], [ -56.15392729, -13.17980189 ], [ -56.15581486, -13.18335877 ], [ -56.15654059, -13.17952001 ], [ -56.15726632, -13.17568125 ], [ -56.15799205, -13.17184249 ], [ -56.15871778, -13.16800373 ], [ -56.15554848, -13.16620919 ], [ -56.15237919, -13.16441465 ], [ -56.1492099, -13.16262011 ], [ -56.14604061, -13.16082557 ], [ -56.14287131, -13.15903103 ], [ -56.14273091, -13.15899738 ], [ -56.14268151, -13.15906042 ], [ -56.14270313, -13.15937125 ], [ -56.14266913, -13.1594375 ], [ -56.14227239, -13.15930372 ], [ -56.14228508, -13.15902555 ], [ -56.14211783, -13.15904461 ], [ -56.14205667, -13.15885335 ], [ -56.14185946, -13.15886689 ], [ -56.14192885, -13.15894316 ], [ -56.14190786, -13.15911724 ], [ -56.14161252, -13.15914256 ], [ -56.14135673, -13.15907046 ], [ -56.14133292, -13.15870066 ] ] ] } },
{ "type": "Feature", "properties": { }, "geometry": { "type": "Polygon", "coordinates": [ [ [ -53.98798103, -15.19743935 ], [ -53.990673412, -15.2005313 ], [ -53.993365795, -15.20362325 ], [ -53.996058177, -15.2067152 ], [ -53.99875056, -15.20980715 ], [ -54.00128545, -15.21262738 ], [ -54.00382034, -15.21544761 ], [ -54.00635523, -15.21826784 ], [ -54.00676805, -15.21845244 ], [ -54.00741445, -15.21921088 ], [ -54.00746611, -15.21952744 ], [ -54.00756313, -15.22011546 ], [ -54.00788856, -15.22034978 ], [ -54.00929791, -15.22062914 ], [ -54.01017372, -15.22078147 ], [ -54.01074739, -15.2206369 ], [ -54.01147785, -15.22125301 ], [ -54.01270028, -15.22123156 ], [ -54.01470222, -15.22249692 ], [ -54.01594847, -15.22353629 ], [ -54.01645623, -15.22493567 ], [ -54.01657041, -15.22597093 ], [ -54.01692281, -15.22643795 ], [ -54.01677122, -15.22721013 ], [ -54.01739457, -15.22825316 ], [ -54.01840439, -15.2299863 ], [ -54.01887724, -15.23097747 ], [ -54.0191265, -15.23124294 ], [ -54.01925511, -15.23127955 ], [ -54.01979551, -15.23122152 ], [ -54.02123546, -15.23188551 ], [ -54.021831455, -15.228398705 ], [ -54.02242745, -15.2249119 ], [ -54.023023445, -15.221425095 ], [ -54.02361944, -15.21793829 ], [ -54.024269265, -15.214135985 ], [ -54.02491909, -15.21033368 ], [ -54.021820883, -15.209698257 ], [ -54.018722677, -15.209062833 ], [ -54.01562447, -15.20842741 ], [ -54.01560415, -15.20842324 ], [ -54.01622151, -15.20766543 ], [ -54.01710641, -15.20668483 ], [ -54.01773485, -15.20562118 ], [ -54.01816018, -15.20404116 ], [ -54.018275, -15.20274601 ], [ -54.017682, -15.20196188 ], [ -54.01765291, -15.20196209 ], [ -54.01517455, -15.20197955 ], [ -54.01568722, -15.19780923 ], [ -54.011729193, -15.19775639 ], [ -54.007771166, -15.19770355 ], [ -54.003813139, -15.19765071 ], [ -53.999855111, -15.19759787 ], [ -53.995897084, -15.19754503 ], [ -53.991939057, -15.19749219 ], [ -53.98798103, -15.19743935 ] ] ] } },
{ "type": "Feature", "properties": { }, "geometry": { "type": "Polygon", "coordinates": [ [ [ -56.08723511, -12.85328655 ], [ -56.08325195, -12.85511833 ], [ -56.07926878, -12.85695011 ], [ -56.07528561, -12.85878189 ], [ -56.07130244, -12.86061366 ], [ -56.06731928, -12.86244544 ], [ -56.06636399, -12.86288476 ], [ -56.06339939, -12.8645023 ], [ -56.06225731, -12.86675807 ], [ -56.06574157, -12.86835903 ], [ -56.06922584, -12.86995998 ], [ -56.07271011, -12.87156094 ], [ -56.07619438, -12.8731619 ], [ -56.07679876, -12.87343958 ], [ -56.08005188, -12.87493413 ], [ -56.08330499, -12.87642869 ], [ -56.08414282, -12.88017852 ], [ -56.08498064, -12.88392834 ], [ -56.08581846, -12.88767816 ], [ -56.08665628, -12.89142799 ], [ -56.0867302, -12.8917588 ], [ -56.09025547, -12.88978822 ], [ -56.09385904, -12.88777388 ], [ -56.0974626, -12.88575954 ], [ -56.10122174, -12.88365824 ], [ -56.10126622, -12.88337088 ], [ -56.10140319, -12.88300326 ], [ -56.1014894, -12.88229431 ], [ -56.10155947, -12.88179418 ], [ -56.10169511, -12.88138777 ], [ -56.10175613, -12.8808933 ], [ -56.10172108, -12.88040899 ], [ -56.10183227, -12.88003631 ], [ -56.10189414, -12.87976843 ], [ -56.10181923, -12.87945243 ], [ -56.1016943, -12.87889811 ], [ -56.10174379, -12.87877097 ], [ -56.10179272, -12.87778965 ], [ -56.10175607, -12.8773142 ], [ -56.10162891, -12.87694721 ], [ -56.10163583, -12.87634839 ], [ -56.10205918, -12.87573609 ], [ -56.10160307, -12.87540242 ], [ -56.10127911, -12.87491594 ], [ -56.1012147, -12.87426752 ], [ -56.10096865, -12.8740296 ], [ -56.10113812, -12.87351525 ], [ -56.10018467, -12.87105432 ], [ -56.10000022, -12.8702138 ], [ -56.09959886, -12.86936322 ], [ -56.09976085, -12.86854305 ], [ -56.09969423, -12.86810086 ], [ -56.09965486, -12.8676678 ], [ -56.09938259, -12.86703403 ], [ -56.09964805, -12.86634867 ], [ -56.09927408, -12.86606483 ], [ -56.09902513, -12.86581614 ], [ -56.09878825, -12.86525971 ], [ -56.09831026, -12.86501927 ], [ -56.09835299, -12.86469364 ], [ -56.09807635, -12.86476602 ], [ -56.09803364, -12.86392688 ], [ -56.09832322, -12.86332597 ], [ -56.09810723, -12.86288136 ], [ -56.09872275, -12.8623614 ], [ -56.09858745, -12.86190089 ], [ -56.09838179, -12.86145343 ], [ -56.09835567, -12.86107666 ], [ -56.09856511, -12.86072394 ], [ -56.09865608, -12.86054034 ], [ -56.09911312, -12.85990536 ], [ -56.09905387, -12.85956817 ], [ -56.09921258, -12.85899321 ], [ -56.09906357, -12.85863193 ], [ -56.09931001, -12.85826387 ], [ -56.09941272, -12.85788772 ], [ -56.09931156, -12.85757236 ], [ -56.09949654, -12.85702036 ], [ -56.09978724, -12.85672261 ], [ -56.09976019, -12.85637459 ], [ -56.09982118, -12.85591177 ], [ -56.10008475, -12.85559838 ], [ -56.10016145, -12.85535732 ], [ -56.10047165, -12.85506904 ], [ -56.10043915, -12.85490537 ], [ -56.10063313, -12.854593 ], [ -56.10078994, -12.8543967 ], [ -56.10084023, -12.85396377 ], [ -56.10095403, -12.85339489 ], [ -56.10088887, -12.85306184 ], [ -56.10105332, -12.85270823 ], [ -56.10134608, -12.85250353 ], [ -56.101519, -12.85236036 ], [ -56.10167451, -12.85214118 ], [ -56.10182144, -12.85181645 ], [ -56.10189203, -12.85119533 ], [ -56.10168955, -12.8509157 ], [ -56.1015394, -12.85064122 ], [ -56.10182187, -12.85024344 ], [ -56.10217682, -12.84998832 ], [ -56.10253131, -12.84973365 ], [ -56.10289805, -12.84963409 ], [ -56.10321217, -12.84917159 ], [ -56.10285619, -12.84888709 ], [ -56.10302739, -12.84816361 ], [ -56.10287009, -12.84772373 ], [ -56.10295188, -12.84739769 ], [ -56.10306959, -12.84691996 ], [ -56.10301001, -12.84651703 ], [ -56.1032067, -12.84624555 ], [ -56.10321611, -12.84593721 ], [ -56.10316778, -12.84595944 ], [ -56.09918461, -12.84779122 ], [ -56.09520145, -12.849623 ], [ -56.09121828, -12.85145477 ], [ -56.08723511, -12.85328655 ] ] ] } },
{ "type": "Feature", "properties": { }, "geometry": { "type": "Polygon", "coordinates": [ [ [ -55.67227103, -12.58361488 ], [ -55.67236519, -12.58364544 ], [ -55.67262339, -12.58274812 ], [ -55.67600148, -12.58351346 ], [ -55.67937958, -12.5842788 ], [ -55.67928351, -12.58410995 ], [ -55.67926831, -12.583996 ], [ -55.67911638, -12.58384407 ], [ -55.67893406, -12.58367694 ], [ -55.67884885, -12.5835206 ], [ -55.67860805, -12.58265849 ], [ -55.6788735, -12.58113847 ], [ -55.67896047, -12.58046433 ], [ -55.67888453, -12.58011731 ], [ -55.677562, -12.57973072 ], [ -55.67720347, -12.57856282 ], [ -55.67680292, -12.5781964 ], [ -55.67699449, -12.57735943 ], [ -55.67819867, -12.57593606 ], [ -55.67663984, -12.57513904 ], [ -55.67658683, -12.57446949 ], [ -55.67696078, -12.57427463 ], [ -55.67711393, -12.57237773 ], [ -55.67693354, -12.57156223 ], [ -55.67711934, -12.5713601 ], [ -55.6787718, -12.57165104 ], [ -55.679877, -12.57090191 ], [ -55.67984641, -12.57078729 ], [ -55.67620222, -12.57006858 ], [ -55.67255803, -12.56934987 ], [ -55.66891384, -12.56863116 ], [ -55.66526965, -12.56791245 ], [ -55.66162546, -12.56719374 ], [ -55.66236725, -12.56423717 ], [ -55.65930606, -12.56360662 ], [ -55.65624488, -12.56297608 ], [ -55.65318369, -12.56234553 ], [ -55.65241207, -12.56560583 ], [ -55.65164044, -12.56886614 ], [ -55.65086882, -12.57212644 ], [ -55.65127935, -12.57224652 ], [ -55.65057079, -12.57513209 ], [ -55.64986223, -12.57801766 ], [ -55.65359703, -12.57895053 ], [ -55.65733183, -12.5798834 ], [ -55.66106663, -12.58081627 ], [ -55.66480143, -12.58174914 ], [ -55.66853623, -12.58268201 ], [ -55.67227103, -12.58361488 ] ] ] } },
{ "type": "Feature", "properties": { }, "geometry": { "type": "Polygon", "coordinates": [ [ [ -53.958421049266462, -15.199985883166093 ], [ -53.954834605166454, -15.199485386825357 ], [ -53.95124816016645, -15.198984889825358 ], [ -53.947661716166451, -15.198484392825357 ], [ -53.945324283772564, -15.200050309023368 ], [ -53.942986850772563, -15.201616226023367 ], [ -53.940121602306498, -15.204374981364021 ], [ -53.937256353306502, -15.207133736364021 ], [ -53.939985219023491, -15.207346969107837 ], [ -53.941165796396056, -15.207985436686473 ], [ -53.942095957259745, -15.209893877978814 ], [ -53.942480320788007, -15.212389928125569 ], [ -53.943478160645988, -15.213971083785161 ], [ -53.945591762760586, -15.212103433208698 ], [ -53.947705365760584, -15.210235783208699 ], [ -53.950384286266463, -15.207673308166093 ], [ -53.95306320726646, -15.205110833166094 ], [ -53.955742128266465, -15.202548358166093 ], [ -53.958421049266462, -15.199985883166093 ] ] ] } },
{ "type": "Feature", "properties": { }, "geometry": { "type": "Polygon", "coordinates": [ [ [ -53.954619518916495, -15.178465083317514 ], [ -53.953376685311149, -15.175231750539259 ], [ -53.952133851311153, -15.17199841653926 ], [ -53.95089101731115, -15.16876508353926 ], [ -53.950815705808452, -15.16808382940363 ], [ -53.948278002438592, -15.169137300568414 ], [ -53.94751885676822, -15.169213584285565 ], [ -53.947006699673253, -15.167366272596363 ], [ -53.945126959912294, -15.167111896431308 ], [ -53.944656747619518, -15.166716901202502 ], [ -53.943279950066135, -15.165560326014839 ], [ -53.941290914348365, -15.16404874472026 ], [ -53.940078438234515, -15.165108389098238 ], [ -53.940949933800603, -15.166516865639823 ], [ -53.940883579979761, -15.167666334867196 ], [ -53.938375848236106, -15.168540032136155 ], [ -53.935868117236105, -15.169413730136156 ], [ -53.936628591439579, -15.171134664796391 ], [ -53.936682466495867, -15.173299768307977 ], [ -53.936064823247129, -15.173560611511883 ], [ -53.933772601178632, -15.174130825637425 ], [ -53.933865707968998, -15.176184506678833 ], [ -53.933923631932785, -15.178331617627704 ], [ -53.930710962859038, -15.177975917536344 ], [ -53.92914909815299, -15.178511037175337 ], [ -53.926751232629456, -15.1788572823914 ], [ -53.926352312766198, -15.179460048327574 ], [ -53.928493820506112, -15.180022301243055 ], [ -53.927560497012585, -15.181771116082592 ], [ -53.927551417812118, -15.182775553288305 ], [ -53.928702191426119, -15.184229545003246 ], [ -53.928712377230489, -15.185178642469204 ], [ -53.928967539505763, -15.185458673183431 ], [ -53.93008873507361, -15.186689128002294 ], [ -53.929956642403617, -15.188135353938305 ], [ -53.927828663646693, -15.187819287295245 ], [ -53.927355912139845, -15.188918476233106 ], [ -53.928180646912772, -15.190211777109594 ], [ -53.929106753087559, -15.190354391936605 ], [ -53.930134152476818, -15.190002357270023 ], [ -53.931820139456839, -15.191563626573721 ], [ -53.932108262752962, -15.192594954082113 ], [ -53.930076431901149, -15.195597046054571 ], [ -53.929789984491421, -15.195838026291472 ], [ -53.930926450923693, -15.196849704376442 ], [ -53.932390833949988, -15.196457687347035 ], [ -53.934045218767764, -15.194943673002157 ], [ -53.935475319239437, -15.19522482440151 ], [ -53.934988886909743, -15.196283231063168 ], [ -53.934173282212058, -15.197666471193337 ], [ -53.935054944246232, -15.198147918979757 ], [ -53.935176307956382, -15.198233314059063 ], [ -53.938770005444546, -15.195744340501827 ], [ -53.941913500563544, -15.193460425389464 ], [ -53.945912533483877, -15.194098255982956 ], [ -53.949911567483873, -15.194736085982957 ], [ -53.953910600483873, -15.195373915982955 ], [ -53.957909634483876, -15.196011745982956 ], [ -53.961908667483875, -15.196649575982956 ], [ -53.961980066451069, -15.196581273203909 ], [ -53.963923055849868, -15.194722518127421 ], [ -53.961696757495559, -15.191579205189514 ], [ -53.959470458495559, -15.188435891189515 ], [ -53.957244160495556, -15.185292578189515 ], [ -53.955931839916495, -15.181878830317514 ], [ -53.954619518916495, -15.178465083317514 ] ], [ [ -53.94411616579066, -15.18340182994614 ], [ -53.942965427963571, -15.183897026069374 ], [ -53.941730348080831, -15.181046420959946 ], [ -53.943104117320793, -15.180492118965491 ], [ -53.94411616579066, -15.18340182994614 ] ] ] } },
{ "type": "Feature", "properties": { }, "geometry": { "type": "Polygon", "coordinates": [ [ [ -56.027050811661027, -12.850869491106774 ], [ -56.026640654586792, -12.850654678460801 ], [ -56.027851398399001, -12.846611850398029 ], [ -56.029062141399002, -12.842569022398028 ], [ -56.029637757781636, -12.840652692195398 ], [ -56.026074638776485, -12.839049451538235 ], [ -56.022511520776483, -12.837446210538236 ], [ -56.018948401776484, -12.835842970538234 ], [ -56.015385282776485, -12.834239729538234 ], [ -56.011822163776486, -12.832636488538235 ], [ -56.008259045776484, -12.831033248538235 ], [ -56.004695926776485, -12.829430007538235 ], [ -56.00459391, -12.829498669999982 ], [ -56.003462, -12.83026056 ], [ -56.00332007, -12.83104248 ], [ -56.00230361, -12.83056448 ], [ -56.00208267, -12.8310735 ], [ -56.002162830000017, -12.833086099999973 ], [ -56.00394724, -12.8339784 ], [ -56.00423931000001, -12.834944239999988 ], [ -56.00358411, -12.83561581 ], [ -56.00251361, -12.8356103 ], [ -56.001225580000018, -12.835906859999989 ], [ -56.001004860000023, -12.83650041 ], [ -56.00082195, -12.83796988 ], [ -56.0003707, -12.83877024 ], [ -56.00062178, -12.83952002 ], [ -56.00063105, -12.8408111 ], [ -56.00008189, -12.841109009999972 ], [ -55.997819940000014, -12.84010492 ], [ -55.99678857, -12.84128814 ], [ -55.99589873, -12.841589349999964 ], [ -55.99510916, -12.841236779999956 ], [ -55.995001299999984, -12.84266485 ], [ -55.995713500000015, -12.84349786 ], [ -55.9968778, -12.84383567 ], [ -55.99799309, -12.84510032 ], [ -55.99849923, -12.84613766 ], [ -55.99920578, -12.84758573 ], [ -55.99935466, -12.847890859999987 ], [ -55.99948364, -12.84896703 ], [ -56.00006192, -12.85014328 ], [ -56.00187851, -12.85096276 ], [ -56.00199594, -12.85170235 ], [ -56.000995020000012, -12.85275107 ], [ -55.998478649999988, -12.85290595 ], [ -55.99810223, -12.85339032 ], [ -55.99918968, -12.85585721 ], [ -55.997739228748202, -12.856759856561402 ], [ -55.997475043650532, -12.856666872702721 ], [ -55.99678844, -12.85585681 ], [ -55.996068840000014, -12.85522974 ], [ -55.99520015, -12.854231749999968 ], [ -55.9942496, -12.85530532 ], [ -55.993108889999988, -12.85442356 ], [ -55.99209095, -12.854067929999962 ], [ -55.99051237, -12.85256124 ], [ -55.98952347, -12.852367199999961 ], [ -55.9887555, -12.85211496999996 ], [ -55.98706543, -12.852041 ], [ -55.98673083, -12.85227217 ], [ -55.986633783283921, -12.852468918421781 ], [ -55.990266171629102, -12.853890221969289 ], [ -55.993898559629102, -12.85531152496929 ], [ -55.997530947629102, -12.856732828969289 ], [ -55.997685494522024, -12.856793296171215 ], [ -56.001236951926074, -12.858182649580831 ], [ -56.004788408926075, -12.859572002580832 ], [ -56.008339865926075, -12.860961355580832 ], [ -56.011891323926072, -12.862350709580832 ], [ -56.015442780926072, -12.863740062580831 ], [ -56.018994237926073, -12.865129415580832 ], [ -56.020806371313562, -12.861703268216235 ], [ -56.021068233815583, -12.862187881597357 ], [ -56.023148955928612, -12.865656832851782 ], [ -56.02522967692861, -12.86912578485178 ], [ -56.027310398928613, -12.872594736851781 ], [ -56.029391120928608, -12.876063687851781 ], [ -56.03147184292861, -12.879532639851782 ], [ -56.033552563928609, -12.883001590851782 ], [ -56.035633285928611, -12.886470542851781 ], [ -56.035710456755595, -12.88658285290842 ], [ -56.036109993613316, -12.885808189990255 ], [ -56.037443548656363, -12.885019329876476 ], [ -56.038089306607262, -12.883768531168627 ], [ -56.038777787385108, -12.883904061547213 ], [ -56.040464397700568, -12.882629858695314 ], [ -56.041676639331776, -12.881186457251827 ], [ -56.042501555129377, -12.880728530365621 ], [ -56.042933716053, -12.88004303423242 ], [ -56.043296500202715, -12.87954607365544 ], [ -56.043901569155395, -12.878223046621306 ], [ -56.043892954202718, -12.878088836955342 ], [ -56.043637797517263, -12.874091182362248 ], [ -56.043382640517265, -12.870093528362249 ], [ -56.043127483517267, -12.866095874362248 ], [ -56.042872326517262, -12.862098219362249 ], [ -56.042617169517264, -12.858100565362248 ], [ -56.038725579661026, -12.856292797106773 ], [ -56.034833990661028, -12.854485028106774 ], [ -56.030942400661026, -12.852677260106773 ], [ -56.027050811661027, -12.850869491106774 ] ] ] } },
{ "type": "Feature", "properties": { }, "geometry": { "type": "Polygon", "coordinates": [ [ [ -53.972438503169315, -15.153677151902741 ], [ -53.971302924808711, -15.156959045122596 ], [ -53.970167345808711, -15.160240937122596 ], [ -53.969031767808708, -15.163522830122597 ], [ -53.967896188808709, -15.166804723122596 ], [ -53.967902503025641, -15.167862606041467 ], [ -53.967355715406789, -15.168401662358342 ], [ -53.966394309215985, -15.168250885702799 ], [ -53.966179478994007, -15.168427290845916 ], [ -53.966364344248838, -15.168692427619753 ], [ -53.966723438767879, -15.168689838600393 ], [ -53.966884882779581, -15.168844297372162 ], [ -53.967576995348104, -15.169685374888326 ], [ -53.968181770401983, -15.16974084177158 ], [ -53.968167813910405, -15.169485387814074 ], [ -53.968523937921987, -15.169497382398959 ], [ -53.969459858167056, -15.169158157961078 ], [ -53.969653227617485, -15.169501227456633 ], [ -53.970065160611895, -15.169631879246271 ], [ -53.970276222657532, -15.169463661415064 ], [ -53.970484161693825, -15.168520777435342 ], [ -53.971091153397424, -15.167546016856477 ], [ -53.971433283263089, -15.167695607407978 ], [ -53.971937285850061, -15.168404358756433 ], [ -53.972486291393274, -15.168430494601983 ], [ -53.972660802400142, -15.168542534402929 ], [ -53.97307408233408, -15.169142090795335 ], [ -53.973559986837031, -15.169255271649309 ], [ -53.973864823543579, -15.169128137369626 ], [ -53.974716929825831, -15.168371462184552 ], [ -53.975509618160459, -15.168255733031003 ], [ -53.976193951407481, -15.167874247477016 ], [ -53.976868408974873, -15.168401685550513 ], [ -53.976805118283515, -15.168984763882326 ], [ -53.976907319111646, -15.169285730121729 ], [ -53.97713243010881, -15.169575734189097 ], [ -53.977412839797523, -15.169737463793469 ], [ -53.977628021849455, -15.169745350044309 ], [ -53.977852722253012, -15.169799891525432 ], [ -53.978101073241106, -15.169754638035615 ], [ -53.97820203092364, -15.169615718180934 ], [ -53.978244559238696, -15.16944970229352 ], [ -53.978219937613403, -15.169090700398012 ], [ -53.97854661675342, -15.168856588269135 ], [ -53.979226391883955, -15.168881238508591 ], [ -53.979675492477313, -15.168906620518454 ], [ -53.980470705115749, -15.168886484985592 ], [ -53.980535100142745, -15.169033027451857 ], [ -53.980626734834928, -15.169472367219367 ], [ -53.980608823242171, -15.169857657849303 ], [ -53.980827111962938, -15.169870922282712 ], [ -53.981187071656628, -15.169876386926358 ], [ -53.981417340509978, -15.169807784730638 ], [ -53.982216362509575, -15.16920105562906 ], [ -53.982705184231691, -15.168699208607279 ], [ -53.983187832463081, -15.168727524231157 ], [ -53.983591275343557, -15.169063863988526 ], [ -53.983764898173504, -15.169017142979984 ], [ -53.983820005450809, -15.168832890302021 ], [ -53.984100938298987, -15.168805112852228 ], [ -53.984384235150159, -15.168753185363395 ], [ -53.984622454888246, -15.168624400812291 ], [ -53.984695575521116, -15.16849076874797 ], [ -53.98499285343803, -15.168406976472966 ], [ -53.985193037406965, -15.168553055996366 ], [ -53.985310680799742, -15.16885542905645 ], [ -53.98557587972445, -15.168901561555549 ], [ -53.986052345127646, -15.169037628089168 ], [ -53.986319668326807, -15.169196749495434 ], [ -53.986878735942334, -15.169352838540771 ], [ -53.987652061055144, -15.16977232064211 ], [ -53.988368937199951, -15.169954879612371 ], [ -53.989133754613931, -15.170083112215252 ], [ -53.989796365716757, -15.168680556205004 ], [ -53.986263867622455, -15.167023693617915 ], [ -53.982731369622456, -15.165366831617916 ], [ -53.979298605127646, -15.164779007461924 ], [ -53.975865841127643, -15.164191183461924 ], [ -53.974723395169313, -15.16068650590274 ], [ -53.973580949169317, -15.157181828902742 ], [ -53.972438503169315, -15.153677151902741 ] ] ] } },
{ "type": "Feature", "properties": { }, "geometry": { "type": "Polygon", "coordinates": [ [ [ -55.405794035865981, -13.674085224453485 ], [ -55.409341373604754, -13.675949492184605 ], [ -55.412888710604754, -13.677813760184605 ], [ -55.416436047604755, -13.679678027184606 ], [ -55.419983384604755, -13.681542295184606 ], [ -55.423530722604752, -13.683406562184606 ], [ -55.427078059604753, -13.685270830184606 ], [ -55.429809022195613, -13.686705340468333 ], [ -55.432539985195618, -13.688139850468334 ], [ -55.435270948195615, -13.689574360468333 ], [ -55.439132716634887, -13.691602441684594 ], [ -55.442994485634884, -13.693630522684595 ], [ -55.446856254634888, -13.695658604684596 ], [ -55.450718023634884, -13.697686685684594 ], [ -55.454579791634885, -13.699714766684595 ], [ -55.458441560634888, -13.701742848684596 ], [ -55.462303329634885, -13.703770929684595 ], [ -55.462556940250558, -13.703305279614941 ], [ -55.462934720261096, -13.702888059836029 ], [ -55.463160000433618, -13.702779439719315 ], [ -55.463041940133358, -13.702618610360556 ], [ -55.463009440433268, -13.702457219824753 ], [ -55.463141669552385, -13.702282500436961 ], [ -55.463244439579171, -13.702049999607757 ], [ -55.4633999998101, -13.701593609857172 ], [ -55.463371389677832, -13.701156940440395 ], [ -55.46317805971966, -13.700833889572282 ], [ -55.463390000248296, -13.700552220108788 ], [ -55.464005829905084, -13.700425000213563 ], [ -55.464286389605149, -13.700321390219912 ], [ -55.464562780048183, -13.70017277994981 ], [ -55.465080279631117, -13.700031939822114 ], [ -55.46521749998761, -13.699901389737278 ], [ -55.464990000288253, -13.699820559571091 ], [ -55.464844999896791, -13.69975777969773 ], [ -55.465049719768729, -13.699591110141576 ], [ -55.465193890085899, -13.699285560080508 ], [ -55.465532220435584, -13.699119719699251 ], [ -55.466001109863257, -13.6988572201845 ], [ -55.466248329896452, -13.698723609706784 ], [ -55.465969999615773, -13.698719439550475 ], [ -55.465631670165394, -13.698412220347629 ], [ -55.465473890407679, -13.69823389018182 ], [ -55.465366389946887, -13.697807500016042 ], [ -55.465307219952201, -13.697485559810668 ], [ -55.465150280161247, -13.697183890324254 ], [ -55.465009440033597, -13.697004439603173 ], [ -55.465216939709919, -13.69694777961627 ], [ -55.465552779836848, -13.697203609758718 ], [ -55.465689719604811, -13.697270000410109 ], [ -55.465885000192543, -13.697553890299726 ], [ -55.46604805987004, -13.697496109757584 ], [ -55.465967780088917, -13.69724360980473 ], [ -55.466172779650016, -13.696962220030407 ], [ -55.466235279834279, -13.696539169946661 ], [ -55.466386939705437, -13.696375829680735 ], [ -55.466614999682442, -13.696240559953818 ], [ -55.466806110113843, -13.696220829727453 ], [ -55.467175830400222, -13.696103610293303 ], [ -55.46672027971708, -13.695883610040537 ], [ -55.466823889710717, -13.695659720219858 ], [ -55.467175830400201, -13.695539440392768 ], [ -55.467156940140619, -13.695335000210038 ], [ -55.467456110411135, -13.694994720130188 ], [ -55.467614439654639, -13.694629439796756 ], [ -55.467505559633807, -13.694240279765046 ], [ -55.46755332982228, -13.693999169725791 ], [ -55.467581939954513, -13.693726669749914 ], [ -55.467876389683568, -13.693418060195235 ], [ -55.468254720079237, -13.693042499711531 ], [ -55.468231110177548, -13.692836390387036 ], [ -55.46827777959583, -13.692618609661045 ], [ -55.468444719847923, -13.692480280440513 ], [ -55.468210000391139, -13.692188329927392 ], [ -55.467991670179394, -13.692238889812874 ], [ -55.467900280173737, -13.692082780096198 ], [ -55.468197499814721, -13.691811110194521 ], [ -55.468276109554772, -13.69159638986145 ], [ -55.468493330003113, -13.691384999717901 ], [ -55.468657780032459, -13.6909886100363 ], [ -55.468841939603799, -13.690831109967689 ], [ -55.468941669922053, -13.690933610197918 ], [ -55.468976669737458, -13.69110471970702 ], [ -55.469282780076192, -13.690986389610133 ], [ -55.469618889999701, -13.691079169967686 ], [ -55.469525829953049, -13.690836110198292 ], [ -55.469783060339914, -13.690634170130787 ], [ -55.469976109709627, -13.690438330164698 ], [ -55.470146110354676, -13.690391390050591 ], [ -55.470014999992188, -13.690325279987634 ], [ -55.469850829652046, -13.69016971975674 ], [ -55.469883330251427, -13.690053610086014 ], [ -55.469724720419485, -13.689958329613148 ], [ -55.469641669827183, -13.689882499677559 ], [ -55.469535559718253, -13.689484170158275 ], [ -55.469318059580765, -13.689544170227213 ], [ -55.468950280031379, -13.689065280338344 ], [ -55.468895559882128, -13.688885000442346 ], [ -55.468598330348634, -13.688686389665122 ], [ -55.468270280149284, -13.688575829710704 ], [ -55.468162220310198, -13.688344169747607 ], [ -55.468304439997887, -13.688033060077599 ], [ -55.468341670131899, -13.687756940330461 ], [ -55.468339439813235, -13.687519440169968 ], [ -55.46859417008482, -13.687198609727965 ], [ -55.468671390372307, -13.687045279815779 ], [ -55.468595279848273, -13.687003060243001 ], [ -55.468410559999292, -13.687040560173655 ], [ -55.468261390350847, -13.686776670307003 ], [ -55.468183609785726, -13.686512499851904 ], [ -55.468172499561142, -13.686125560246337 ], [ -55.468283060414869, -13.685968060177778 ], [ -55.46810527973485, -13.685763889791625 ], [ -55.46800777973521, -13.685543060363889 ], [ -55.4680044396531, -13.684873890117903 ], [ -55.467817779966516, -13.684701939742686 ], [ -55.467904440437508, -13.684374439928431 ], [ -55.4680269397914, -13.683958609602094 ], [ -55.467785829752188, -13.683769170111058 ], [ -55.467686110225763, -13.683637780059396 ], [ -55.46752471968999, -13.683343059634469 ], [ -55.467313059749863, -13.683301939932553 ], [ -55.467198610227626, -13.683385559795655 ], [ -55.466832499819979, -13.683289999633732 ], [ -55.466764719716025, -13.683159439656379 ], [ -55.466379719948065, -13.683300560372498 ], [ -55.466286390104756, -13.68328555968076 ], [ -55.466175279765302, -13.683108059589218 ], [ -55.465740829875365, -13.682539439843255 ], [ -55.46559221960517, -13.682587499613369 ], [ -55.465321940055453, -13.682751939750137 ], [ -55.465156939641005, -13.682677219577949 ], [ -55.465250280276159, -13.682442220432117 ], [ -55.46524500035644, -13.682348889689463 ], [ -55.464951940079906, -13.682225830057975 ], [ -55.464763610352286, -13.682179169632947 ], [ -55.464727499874193, -13.682014170117833 ], [ -55.464928330178275, -13.681947220088077 ], [ -55.464683059875249, -13.68185527969734 ], [ -55.464441109869249, -13.681835560262835 ], [ -55.464207219587479, -13.6817408301751 ], [ -55.464024439576157, -13.681622220389075 ], [ -55.463968609663532, -13.68133916956695 ], [ -55.464284719564077, -13.681366390246691 ], [ -55.46435194028976, -13.68130389006245 ], [ -55.46421722004861, -13.681200000379633 ], [ -55.464226390435563, -13.680891110236526 ], [ -55.464329440151495, -13.680543890088414 ], [ -55.464323609846709, -13.680311390158471 ], [ -55.464234440267148, -13.680039169871746 ], [ -55.463989720349282, -13.679858329698094 ], [ -55.463842500430978, -13.679521670288807 ], [ -55.463872779704936, -13.679230559742503 ], [ -55.463765280143527, -13.678677220377381 ], [ -55.463842219842547, -13.678426109877028 ], [ -55.463906390067791, -13.678186669878865 ], [ -55.463863610217402, -13.677770559863379 ], [ -55.463779719658305, -13.67761528022095 ], [ -55.463421939670745, -13.677633329614418 ], [ -55.463229720375232, -13.677674440323104 ], [ -55.463169439717824, -13.677551109995713 ], [ -55.463139170336376, -13.676976390148244 ], [ -55.462972220191766, -13.676847500211922 ], [ -55.462903059628445, -13.676682780385988 ], [ -55.462891110336443, -13.676417779856598 ], [ -55.462935830024499, -13.676039720156888 ], [ -55.462823330232496, -13.67591749959292 ], [ -55.462684720423454, -13.675913330335904 ], [ -55.462605830094937, -13.675625559871664 ], [ -55.462651670338268, -13.675179999757098 ], [ -55.462571109968735, -13.67481777981663 ], [ -55.462440829680538, -13.674865280208451 ], [ -55.462293060276451, -13.675151389624885 ], [ -55.462165559792687, -13.675147500057014 ], [ -55.462041109809306, -13.674793329948168 ], [ -55.461989440160508, -13.674436940312491 ], [ -55.461970559793478, -13.674168890182093 ], [ -55.461926109901981, -13.673955829997508 ], [ -55.461849439999646, -13.673935829974539 ], [ -55.461722780381983, -13.674122499553668 ], [ -55.461437779829609, -13.673875829905535 ], [ -55.461544440323621, -13.67350306001817 ], [ -55.461790559586632, -13.673282500387005 ], [ -55.461782779551569, -13.67300417010631 ], [ -55.461598330398594, -13.672823329932667 ], [ -55.46166722026593, -13.672620559790955 ], [ -55.461861390190968, -13.672545559929569 ], [ -55.461852780081699, -13.672278060184272 ], [ -55.461779440368829, -13.672008060323666 ], [ -55.462010559839413, -13.671966939722443 ], [ -55.462188610316048, -13.672220279642154 ], [ -55.462364169670643, -13.671987500023077 ], [ -55.46223277961905, -13.671858059701632 ], [ -55.462143059654466, -13.671481109765331 ], [ -55.461996110432082, -13.671068609628596 ], [ -55.461848609925362, -13.671111670067493 ], [ -55.461940560208639, -13.671415829776629 ], [ -55.461642780290042, -13.671557779667753 ], [ -55.461576940023747, -13.671014170067851 ], [ -55.461414439724592, -13.670818060305177 ], [ -55.461203890447152, -13.670879439934145 ], [ -55.460964720245613, -13.670620829987259 ], [ -55.460850560305047, -13.670304440397548 ], [ -55.460975000395933, -13.670038609793927 ], [ -55.461106939933288, -13.670109999776622 ], [ -55.461175280314862, -13.670280000421664 ], [ -55.461418609880916, -13.67009556026186 ], [ -55.461320830192093, -13.669919720318777 ], [ -55.461481670342756, -13.669540559848937 ], [ -55.46189611031717, -13.669242500241108 ], [ -55.462075279550426, -13.668912500311585 ], [ -55.462121939975532, -13.668658889695951 ], [ -55.462501110337939, -13.668731670030517 ], [ -55.462764170130292, -13.668697219700897 ], [ -55.462628889611558, -13.668423059576476 ], [ -55.462671670361253, -13.668156389905445 ], [ -55.462606390372564, -13.6678813898142 ], [ -55.462721669969028, -13.667638060248199 ], [ -55.462300000344726, -13.667840559694021 ], [ -55.462169169671419, -13.66767028025915 ], [ -55.462344999721893, -13.667329439901657 ], [ -55.462524999928746, -13.667169169921181 ], [ -55.462844440018834, -13.666976109759583 ], [ -55.46270527982476, -13.666845279985631 ], [ -55.462795829863623, -13.666646390418522 ], [ -55.463079170267456, -13.666696940411452 ], [ -55.463306109689142, -13.666568609853421 ], [ -55.463274440063337, -13.666355279872192 ], [ -55.463569999555766, -13.666082779896335 ], [ -55.463417780306251, -13.665825830097953 ], [ -55.463474719982287, -13.665564169650656 ], [ -55.463756109756602, -13.665573330145026 ], [ -55.464105560223395, -13.665605829845095 ], [ -55.464052219634176, -13.665470280429078 ], [ -55.463929999969466, -13.665080560119685 ], [ -55.464119440359866, -13.664828060166771 ], [ -55.464285000152564, -13.664845280385311 ], [ -55.46450555978371, -13.664880829686471 ], [ -55.464737219746837, -13.664541109884286 ], [ -55.464849439849694, -13.664213610070027 ], [ -55.464626110306703, -13.664085560100466 ], [ -55.464242220302189, -13.664069720341276 ], [ -55.464100829789395, -13.66402111018599 ], [ -55.464071939968008, -13.66381667000325 ], [ -55.464407500405784, -13.663668889807315 ], [ -55.464645559944564, -13.663520280436554 ], [ -55.464586389949886, -13.663403060103127 ], [ -55.464266670170673, -13.663409170097044 ], [ -55.464173889813132, -13.663250279676618 ], [ -55.464121390090035, -13.662835280323856 ], [ -55.464086939760399, -13.662519170423293 ], [ -55.464190000268275, -13.662426110376662 ], [ -55.464426389766054, -13.662366940381967 ], [ -55.464366670285578, -13.662135829904571 ], [ -55.464368610123259, -13.661866670010742 ], [ -55.464394999829331, -13.661368329584704 ], [ -55.464775559644274, -13.661376109619702 ], [ -55.464974719907318, -13.661256939556058 ], [ -55.464850560405004, -13.661051670198388 ], [ -55.464660559737013, -13.661072779984716 ], [ -55.464463610007542, -13.661124439741023 ], [ -55.464509169662385, -13.660951939880073 ], [ -55.464521670238867, -13.660694999974222 ], [ -55.464789439780759, -13.660528610107237 ], [ -55.465122220414109, -13.660282499837439 ], [ -55.46549917035037, -13.659732780243576 ], [ -55.465706390337616, -13.659349720313292 ], [ -55.465709439938671, -13.659257779922541 ], [ -55.46242384555574, -13.657142740082755 ], [ -55.459138251555743, -13.655027700082755 ], [ -55.455852656555741, -13.652912660082755 ], [ -55.452567062555737, -13.650797620082756 ], [ -55.449281468555739, -13.648682580082754 ], [ -55.445995873555738, -13.646567540082755 ], [ -55.44271027955574, -13.644452500082755 ], [ -55.44417877691501, -13.640545020365192 ], [ -55.445647273915007, -13.636637540365191 ], [ -55.447115771915009, -13.632730060365191 ], [ -55.448584268915006, -13.62882258136519 ], [ -55.450052766915007, -13.624915101365191 ], [ -55.451521263915012, -13.621007621365191 ], [ -55.45298976091501, -13.61710014136519 ], [ -55.454458258915011, -13.613192662365192 ], [ -55.455926755915009, -13.609285182365191 ], [ -55.452380384560577, -13.608548601179322 ], [ -55.448834013560578, -13.607812021179322 ], [ -55.445287642560579, -13.607075440179322 ], [ -55.444847610578684, -13.606984034885272 ], [ -55.441127085832875, -13.606211013539045 ], [ -55.437406561832873, -13.605437991539047 ], [ -55.433686036832874, -13.604664970539046 ], [ -55.429965512832872, -13.603891948539045 ], [ -55.426244987832874, -13.603118927539047 ], [ -55.422524463832872, -13.602345905539046 ], [ -55.418581700997471, -13.601526287325431 ], [ -55.41463893699747, -13.600706668325429 ], [ -55.410696173997472, -13.59988704932543 ], [ -55.406753410997467, -13.59906743132543 ], [ -55.40281064799747, -13.598247812325431 ], [ -55.398867883997468, -13.597428194325429 ], [ -55.39492512099747, -13.59660857532543 ], [ -55.394573010336096, -13.596557289687091 ], [ -55.394043100108945, -13.596612230170255 ], [ -55.393697780228308, -13.596503610053482 ], [ -55.393355560310788, -13.596937219976645 ], [ -55.393942219557736, -13.597282500287113 ], [ -55.394191390220442, -13.598445560214357 ], [ -55.39388471960411, -13.598785280016578 ], [ -55.393368329784536, -13.598991390240426 ], [ -55.393176390178212, -13.599676670042246 ], [ -55.393384440239679, -13.599826669764974 ], [ -55.394275279880212, -13.599818889729914 ], [ -55.394492219740108, -13.600277779595782 ], [ -55.394286669793928, -13.601072780284536 ], [ -55.394267780433651, -13.60116861024312 ], [ -55.393787500192957, -13.601640829860338 ], [ -55.393671670211347, -13.602087220049102 ], [ -55.393341389693312, -13.602544439873959 ], [ -55.392745560059488, -13.602359720024982 ], [ -55.392596670100204, -13.603772220411571 ], [ -55.392050000107353, -13.604420830357013 ], [ -55.391561670034989, -13.604648890333957 ], [ -55.391051109620925, -13.605268329869496 ], [ -55.390103330304385, -13.605842779920268 ], [ -55.39001389002896, -13.606423609761752 ], [ -55.389957220149519, -13.606834170060813 ], [ -55.390381389889164, -13.607918610355506 ], [ -55.390755280331845, -13.608784170053328 ], [ -55.390336109923496, -13.608669170146003 ], [ -55.389316390239166, -13.609063610097511 ], [ -55.389278609719995, -13.607912780050665 ], [ -55.389196939587059, -13.607297220190507 ], [ -55.388812779785887, -13.607372780329522 ], [ -55.388626389895933, -13.606937780054448 ], [ -55.387369439847696, -13.607092780007726 ], [ -55.386211669732745, -13.607207779915077 ], [ -55.385636389607669, -13.606732499904918 ], [ -55.385611939739185, -13.607013059604951 ], [ -55.384921940295271, -13.606636939742909 ], [ -55.384200280218678, -13.607150830346482 ], [ -55.383652499563134, -13.608090280142239 ], [ -55.383319440139978, -13.609370000125351 ], [ -55.381742780205094, -13.610241669817189 ], [ -55.381669439592933, -13.61029778031822 ], [ -55.380388330157231, -13.610737779924529 ], [ -55.379870559878384, -13.611000280338578 ], [ -55.379483890069416, -13.611026939841336 ], [ -55.379148329631661, -13.611354169858984 ], [ -55.379259719660297, -13.612064440021873 ], [ -55.377877780035483, -13.611635830329234 ], [ -55.377897780058447, -13.611026390355564 ], [ -55.377789999908529, -13.611019720083963 ], [ -55.377203329869744, -13.611876389983371 ], [ -55.376109440398302, -13.612728889726439 ], [ -55.37552332973786, -13.613112779730923 ], [ -55.375571109818843, -13.613508610034264 ], [ -55.374263330088567, -13.614187500152978 ], [ -55.373416389954386, -13.614595000059142 ], [ -55.373505560433202, -13.616229439636856 ], [ -55.372788889795409, -13.616987220084077 ], [ -55.372877499996591, -13.617241110388868 ], [ -55.373363060157018, -13.617480830076193 ], [ -55.373652499763011, -13.618760280262681 ], [ -55.373565000224509, -13.619616110195279 ], [ -55.373364999994692, -13.62032639025068 ], [ -55.373024170429048, -13.620139440083056 ], [ -55.372803060412878, -13.620374719817356 ], [ -55.373062219845501, -13.62082083031703 ], [ -55.373532780213623, -13.621075830385228 ], [ -55.372977779800635, -13.622046939914304 ], [ -55.371575000186056, -13.623565560302323 ], [ -55.370955280062105, -13.62389722038035 ], [ -55.370650560075255, -13.624705559813668 ], [ -55.370164439637158, -13.625048330116277 ], [ -55.369765280043616, -13.625191670359209 ], [ -55.369569719766723, -13.625712779820907 ], [ -55.369201670420694, -13.625965000084653 ], [ -55.369308060218764, -13.626206389812966 ], [ -55.369054169913966, -13.626461940266273 ], [ -55.369024170329169, -13.626806389603134 ], [ -55.369108610374042, -13.627228060126816 ], [ -55.369428890430932, -13.628078889828847 ], [ -55.36984305970941, -13.628072219557229 ], [ -55.37016527960396, -13.628560830218085 ], [ -55.370838889802876, -13.629359719575348 ], [ -55.369607500285888, -13.62993972024185 ], [ -55.369143329600938, -13.630193890235743 ], [ -55.368783330086558, -13.630091669694748 ], [ -55.368579999667169, -13.630606109784091 ], [ -55.368461389881197, -13.631117219683912 ], [ -55.368527220254954, -13.631480279591178 ], [ -55.368292779588032, -13.631639170011589 ], [ -55.368189719979561, -13.632478890388422 ], [ -55.367815000361922, -13.632361670054959 ], [ -55.367664720050755, -13.632419439805236 ], [ -55.367680829606563, -13.632780559874885 ], [ -55.36689888977191, -13.632569169731374 ], [ -55.366502779779402, -13.632953059735877 ], [ -55.366164720125717, -13.634118330196689 ], [ -55.365849999677714, -13.635039440118019 ], [ -55.365011389963627, -13.635525830352714 ], [ -55.363623610141474, -13.63605861031658 ], [ -55.363551939570286, -13.637062500134215 ], [ -55.36223861012369, -13.637665560317307 ], [ -55.362110829950787, -13.637918060270239 ], [ -55.362086389974856, -13.639208330200235 ], [ -55.361253060180559, -13.639695830198372 ], [ -55.360896110267205, -13.64010833033511 ], [ -55.359894439976351, -13.639443889623747 ], [ -55.359650829821867, -13.639402779814422 ], [ -55.359216670412984, -13.639668890107144 ], [ -55.359005829755176, -13.640074999661438 ], [ -55.358361110276974, -13.640925279877697 ], [ -55.358163329573991, -13.641300559772942 ], [ -55.357859720249849, -13.641622220289216 ], [ -55.357670000170337, -13.64199750018444 ], [ -55.357444169612663, -13.642290279872473 ], [ -55.357221670143922, -13.642526670269547 ], [ -55.356983609705743, -13.642835000135092 ], [ -55.356652220323646, -13.642709999766602 ], [ -55.356435829949525, -13.642446109899954 ], [ -55.356067220325933, -13.642402779664518 ], [ -55.355994439991377, -13.642568329564714 ], [ -55.355854170033865, -13.642719719639336 ], [ -55.355577220212524, -13.642850560205144 ], [ -55.355341390093024, -13.642879440133985 ], [ -55.354930559997278, -13.642739719662295 ], [ -55.354759720284846, -13.642862780193123 ], [ -55.354720560205628, -13.643032500249662 ], [ -55.354721669969081, -13.643523889815635 ], [ -55.354862779893324, -13.643815000361899 ], [ -55.354860560366546, -13.644032780188589 ], [ -55.354705000135581, -13.644161939921565 ], [ -55.35446833004935, -13.644146389744011 ], [ -55.354336939997722, -13.644029440106504 ], [ -55.354015280380843, -13.644046670217614 ], [ -55.353605280359375, -13.64409221997991 ], [ -55.353319720428715, -13.644297220440301 ], [ -55.35308833026221, -13.644310280395054 ], [ -55.352761110137067, -13.644586390249684 ], [ -55.352569169631394, -13.644944719722982 ], [ -55.352281939659726, -13.645037779769657 ], [ -55.352097500399275, -13.645191669959557 ], [ -55.351909169772341, -13.645491670304253 ], [ -55.351758040501117, -13.645633962837048 ], [ -55.351749169588444, -13.645670280159255 ], [ -55.355510372859406, -13.64764798026771 ], [ -55.35927157585941, -13.649625680267709 ], [ -55.363032778859406, -13.65160338026771 ], [ -55.366793981859409, -13.65358108026771 ], [ -55.370555184859406, -13.655558780267709 ], [ -55.374316387859409, -13.65753648026771 ], [ -55.378077590859405, -13.65951418026771 ], [ -55.381838793859409, -13.661491880267709 ], [ -55.385599996859405, -13.66346958026771 ], [ -55.389361199859408, -13.66544728026771 ], [ -55.392582572053598, -13.667140602362183 ], [ -55.3958039430536, -13.668833925362183 ], [ -55.399025315053599, -13.670527247362182 ], [ -55.402246687053598, -13.672220570362184 ], [ -55.405468059053597, -13.673913892362183 ], [ -55.405794035865981, -13.674085224453485 ] ] ] } },
{ "type": "Feature", "properties": { }, "geometry": { "type": "Polygon", "coordinates": [ [ [ -53.977043224005172, -15.208632453064297 ], [ -53.976307774764564, -15.208139722618796 ], [ -53.976179274379092, -15.208053630950417 ], [ -53.9730985432642, -15.205989627015033 ], [ -53.970017812264203, -15.203925624015032 ], [ -53.966937082264202, -15.201861620015032 ], [ -53.963856351264198, -15.199797617015031 ], [ -53.960775620264201, -15.197733613015032 ], [ -53.95869030851722, -15.199728416107169 ], [ -53.956604997517218, -15.201723220107169 ], [ -53.953743079739105, -15.204463833688934 ], [ -53.950881162739108, -15.207204446688934 ], [ -53.947705440667903, -15.210235818347087 ], [ -53.944429690806942, -15.213136351251762 ], [ -53.943478245354754, -15.213971154919193 ], [ -53.943620226206178, -15.214196145830897 ], [ -53.943409027850464, -15.21504698656679 ], [ -53.943856015441213, -15.216098263035178 ], [ -53.946077699445823, -15.215951103956911 ], [ -53.946426701206008, -15.216877228388171 ], [ -53.946156090536249, -15.217828819208364 ], [ -53.945203584173044, -15.218628155621957 ], [ -53.944477531179871, -15.218931986107521 ], [ -53.944269611041307, -15.219055271802063 ], [ -53.944239118245719, -15.219477585662389 ], [ -53.944225082267053, -15.220661964751343 ], [ -53.942546400220238, -15.221818856626612 ], [ -53.942226149017984, -15.222345479582884 ], [ -53.941996334397061, -15.223276125291193 ], [ -53.942110831295054, -15.223396900783484 ], [ -53.942834506950135, -15.223087958643987 ], [ -53.943814822591492, -15.223436967778071 ], [ -53.943979126704846, -15.223587883746063 ], [ -53.944645835605684, -15.223971162981798 ], [ -53.945176531079937, -15.224391805012374 ], [ -53.945228058640851, -15.224652567406849 ], [ -53.945699859766478, -15.225546014067788 ], [ -53.945662113165838, -15.226181908123692 ], [ -53.945054645965854, -15.226380425805189 ], [ -53.943908813553946, -15.226342896641256 ], [ -53.943601403392904, -15.226248132008891 ], [ -53.943016755740302, -15.224643275597771 ], [ -53.942781210644966, -15.224532756934479 ], [ -53.942565185063359, -15.224588598644232 ], [ -53.942002330142543, -15.22577511463669 ], [ -53.94293423390701, -15.226093062435893 ], [ -53.943188541463371, -15.227418776365482 ], [ -53.942857883963313, -15.228621937049979 ], [ -53.943096182912143, -15.2298461746974 ], [ -53.944063407143972, -15.230334782890964 ], [ -53.945313131348485, -15.231179099963754 ], [ -53.944991447096527, -15.2318768780097 ], [ -53.944054827733737, -15.233260567938373 ], [ -53.944137333284573, -15.234069447841421 ], [ -53.944299563021332, -15.234565090586386 ], [ -53.944827090508909, -15.234769395313322 ], [ -53.945997100512443, -15.234683055129608 ], [ -53.946298957675253, -15.234171206576832 ], [ -53.946745266844971, -15.233018811919862 ], [ -53.947560459708143, -15.233268640063727 ], [ -53.948163740505436, -15.233189101581104 ], [ -53.949124776958342, -15.233398898054247 ], [ -53.949436174165953, -15.233745375057879 ], [ -53.950246562538325, -15.234770717000174 ], [ -53.950400912949817, -15.235293909605844 ], [ -53.95120170908524, -15.235084432769327 ], [ -53.951765769941858, -15.234453808714932 ], [ -53.952030829432488, -15.233738978696408 ], [ -53.952372306643156, -15.233168175130459 ], [ -53.953059184133338, -15.232927591497344 ], [ -53.954630331067847, -15.233660424119762 ], [ -53.955233881842787, -15.233340919948546 ], [ -53.955473690988754, -15.230120516696218 ], [ -53.956204027131434, -15.229516503565321 ], [ -53.957491429241429, -15.229600685665559 ], [ -53.958831830003476, -15.230002941197711 ], [ -53.9593681730409, -15.229694067597791 ], [ -53.959470765330252, -15.229248771402865 ], [ -53.958287816269319, -15.22799376221127 ], [ -53.959586251085398, -15.226240696783407 ], [ -53.960309317591907, -15.22605633076239 ], [ -53.960599766650944, -15.225982242534201 ], [ -53.962032468992788, -15.225777403760958 ], [ -53.963695027385768, -15.226033692383737 ], [ -53.96412278642083, -15.225869016644481 ], [ -53.964285898063679, -15.224924434616867 ], [ -53.966364607306446, -15.22426158943972 ], [ -53.966907175200959, -15.222879250453332 ], [ -53.968959390275757, -15.223207564391942 ], [ -53.969165860295334, -15.223233912330159 ], [ -53.969749055266561, -15.22244858170518 ], [ -53.969648512384708, -15.222209609506479 ], [ -53.969797754340846, -15.221802978320227 ], [ -53.970091923667496, -15.221331939067397 ], [ -53.971376498173925, -15.220065845184138 ], [ -53.971537368336271, -15.218738580573984 ], [ -53.9730281933779, -15.217472009805647 ], [ -53.974522263221957, -15.217596444592402 ], [ -53.977659475493226, -15.21838025813986 ], [ -53.979167113612277, -15.218391328947348 ], [ -53.981054797439924, -15.21783041456672 ], [ -53.985152701354082, -15.216612778492163 ], [ -53.98603375651129, -15.216695615455592 ], [ -53.988277439336059, -15.216717068349908 ], [ -53.989177015911253, -15.21635291339777 ], [ -53.991283735696982, -15.216857568064313 ], [ -53.993008191834406, -15.216484578759832 ], [ -53.993920853529687, -15.216546915691708 ], [ -53.994849343927854, -15.216906497091827 ], [ -53.996231252568805, -15.216617879160424 ], [ -53.996562453715228, -15.215403758232242 ], [ -53.997058280780266, -15.214913930571527 ], [ -53.997986312627347, -15.214492473318842 ], [ -53.999887985164719, -15.214913904951231 ], [ -54.001808445493168, -15.215558206500191 ], [ -54.002670435431128, -15.21568105591183 ], [ -54.002755194823123, -15.216667474463748 ], [ -54.003088403817571, -15.217630704227531 ], [ -54.003490605697834, -15.218035390739715 ], [ -54.004137741882118, -15.218142864702713 ], [ -54.005333608002445, -15.218710761954526 ], [ -54.006101439517465, -15.218528459044478 ], [ -54.006355258979625, -15.218267879772839 ], [ -54.003878896865302, -15.215516330783791 ], [ -54.001402533865303, -15.21276478178379 ], [ -53.998743728279237, -15.209810350586565 ], [ -53.995824692386456, -15.211636180491887 ], [ -53.992905655386458, -15.213462011491886 ], [ -53.989986619386457, -15.215287841491886 ], [ -53.985823831681856, -15.214909804623897 ], [ -53.981661044681857, -15.214531767623896 ], [ -53.981522917982431, -15.213076811199869 ], [ -53.980918923969682, -15.209312540241797 ], [ -53.981913141165663, -15.20679985956953 ], [ -53.982907359165665, -15.20428717856953 ], [ -53.983318044217413, -15.203719945194734 ], [ -53.983933633865831, -15.201087532849954 ], [ -53.982607949862086, -15.202446053606195 ], [ -53.982686442013971, -15.202849485267222 ], [ -53.980597267367898, -15.205558967852539 ], [ -53.979945073195893, -15.205135237921581 ], [ -53.978494149005172, -15.206883845064297 ], [ -53.977043224005172, -15.208632453064297 ] ] ] } },
{ "type": "Feature", "properties": { }, "geometry": { "type": "Polygon", "coordinates": [ [ [ -55.98663378348008, -12.852468918399838 ], [ -55.986529409665835, -12.852680520450296 ], [ -55.986994420461002, -12.853524259739229 ], [ -55.987284240408641, -12.85480910001324 ], [ -55.987704770110305, -12.8550035802146 ], [ -55.988722060258304, -12.854897369923396 ], [ -55.989433940254884, -12.855194460367363 ], [ -55.989514519582009, -12.855228089628215 ], [ -55.990126569969519, -12.855483520163984 ], [ -55.990449579783636, -12.856769289561672 ], [ -55.99108634961447, -12.85784930983356 ], [ -55.991535430274453, -12.859273280183876 ], [ -55.991638530069956, -12.859900340437772 ], [ -55.991685564292652, -12.86002286053467 ], [ -55.991721617072159, -12.860037306439528 ], [ -55.995861540445787, -12.861656053029881 ], [ -56.000001463445784, -12.863274799029881 ], [ -56.004141387445785, -12.864893545029881 ], [ -56.008281310445788, -12.866512291029881 ], [ -56.012421234445789, -12.868131037029881 ], [ -56.016561157445786, -12.869749783029881 ], [ -56.017777697926078, -12.867439599580832 ], [ -56.01899423792608, -12.865129415580832 ], [ -56.016278207342999, -12.864066992987365 ], [ -56.013562177342997, -12.863004569987364 ], [ -56.009715263480082, -12.861499477399837 ], [ -56.005868350480078, -12.859994383399838 ], [ -56.002021437480082, -12.858489290399838 ], [ -55.998174523480081, -12.856984197399838 ], [ -55.994327610480077, -12.855479104399839 ], [ -55.990480696480077, -12.853974011399838 ], [ -55.98663378348008, -12.852468918399838 ] ] ] } },
{ "type": "Feature", "properties": { }, "geometry": { "type": "Polygon", "coordinates": [ [ [ -55.73702306, -12.16072972 ], [ -55.73690667, -12.16090667 ], [ -55.73674806, -12.1611925 ], [ -55.73643861, -12.16146167 ], [ -55.73579278, -12.16139944 ], [ -55.73515361, -12.16148389 ], [ -55.73443722, -12.16181194 ], [ -55.73372556, -12.16262694 ], [ -55.73355194, -12.16283639 ], [ -55.73308722, -12.16304556 ], [ -55.73273389, -12.16276389 ], [ -55.73247167, -12.16261444 ], [ -55.73216139, -12.16244472 ], [ -55.7317775, -12.16243667 ], [ -55.73149361, -12.16260222 ], [ -55.73101667, -12.1625275 ], [ -55.73035528, -12.16269028 ], [ -55.72999083, -12.16301972 ], [ -55.729025, -12.16306139 ], [ -55.72884833, -12.16342139 ], [ -55.72842667, -12.16356333 ], [ -55.72800111, -12.16352028 ], [ -55.727515, -12.16348639 ], [ -55.72719806, -12.16331528 ], [ -55.72664861, -12.16342083 ], [ -55.72626306, -12.16338417 ], [ -55.72585083, -12.16352806 ], [ -55.72451861, -12.16338139 ], [ -55.7237825, -12.16378944 ], [ -55.72312556, -12.16076444 ], [ -55.71998014, -12.16162472 ], [ -55.71683472, -12.162485 ], [ -55.71450583, -12.16312306 ], [ -55.71557218, -12.16688961 ], [ -55.71663853, -12.17065615 ], [ -55.71770488, -12.1744227 ], [ -55.71877123, -12.17818925 ], [ -55.71983758, -12.1819558 ], [ -55.72090393, -12.18572234 ], [ -55.72197028, -12.18948889 ], [ -55.72532343, -12.18841991 ], [ -55.72867657, -12.18735092 ], [ -55.73202972, -12.18628194 ], [ -55.73204389, -12.18623222 ], [ -55.73257556, -12.18587306 ], [ -55.73349056, -12.18498111 ], [ -55.73381, -12.18452667 ], [ -55.73432278, -12.18411861 ], [ -55.73461083, -12.18387028 ], [ -55.73564833, -12.18303167 ], [ -55.73744917, -12.18149944 ], [ -55.73800833, -12.18123139 ], [ -55.73968111, -12.18050806 ], [ -55.74014556, -12.18017306 ], [ -55.74073194, -12.17967389 ], [ -55.7417125, -12.17930417 ], [ -55.74258806, -12.17872222 ], [ -55.74293472, -12.17874611 ], [ -55.74320139, -12.17844444 ], [ -55.74322361, -12.17824417 ], [ -55.74315056, -12.17754556 ], [ -55.743275, -12.17722583 ], [ -55.74329306, -12.17707556 ], [ -55.74367444, -12.17630139 ], [ -55.74366583, -12.17573167 ], [ -55.74348139, -12.17534583 ], [ -55.74376222, -12.17494778 ], [ -55.74394194, -12.17434806 ], [ -55.7443, -12.17379861 ], [ -55.74429889, -12.17342944 ], [ -55.74437472, -12.17296694 ], [ -55.74431806, -12.17264028 ], [ -55.74464028, -12.17228278 ], [ -55.74467667, -12.17136361 ], [ -55.74441778, -12.1711675 ], [ -55.74450917, -12.17079222 ], [ -55.74458889, -12.17037528 ], [ -55.74460194, -12.16993806 ], [ -55.74474889, -12.16952861 ], [ -55.74473139, -12.16890528 ], [ -55.74511194, -12.16825778 ], [ -55.74476667, -12.16774139 ], [ -55.74488639, -12.16740278 ], [ -55.74444583, -12.16645111 ], [ -55.74406778, -12.16595417 ], [ -55.74390528, -12.16565917 ], [ -55.74387861, -12.16539528 ], [ -55.7435, -12.16485056 ], [ -55.74346167, -12.16462361 ], [ -55.74027972, -12.16550667 ], [ -55.73865139, -12.1631182 ], [ -55.73702306, -12.16072972 ] ] ] } },
{ "type": "Feature", "properties": { }, "geometry": { "type": "Polygon", "coordinates": [ [ [ -56.020646872314408, -12.798719770058604 ], [ -56.022972222222201, -12.801194444444432 ], [ -56.025861111111105, -12.804444444444455 ], [ -56.028147286141909, -12.80686611672798 ], [ -56.029295398708015, -12.808082251929786 ], [ -56.029611111111123, -12.808416666666652 ], [ -56.031792718642791, -12.810713827044314 ], [ -56.033974326642792, -12.813010987044313 ], [ -56.036155934642792, -12.815308147044313 ], [ -56.036964505788134, -12.816175154547858 ], [ -56.037402487600822, -12.814685095811805 ], [ -56.037830683859397, -12.813228308418701 ], [ -56.038092194431648, -12.812338600757652 ], [ -56.038216336183837, -12.811916250512473 ], [ -56.038379271559336, -12.811414842003577 ], [ -56.03853742802842, -12.811069141511302 ], [ -56.038597087034894, -12.81093874251604 ], [ -56.038884944268197, -12.810474281956559 ], [ -56.039302727419646, -12.809997898923163 ], [ -56.039713651656577, -12.80965488459122 ], [ -56.039745145581115, -12.809628595328061 ], [ -56.039771634687931, -12.809611731510243 ], [ -56.040189040123821, -12.80934599710357 ], [ -56.041192522467341, -12.808847086686862 ], [ -56.041607105451376, -12.808640962082775 ], [ -56.041808203312037, -12.808535330818591 ], [ -56.041899957229369, -12.808492063154494 ], [ -56.041907916440394, -12.80848830989043 ], [ -56.041965403663518, -12.808461201071264 ], [ -56.04202860298453, -12.808431398619042 ], [ -56.042241756264552, -12.808325420990343 ], [ -56.039754817260452, -12.804712716192318 ], [ -56.03791543431587, -12.802040587820811 ], [ -56.036076051315867, -12.79936845982081 ], [ -56.034246088968828, -12.796709920051685 ], [ -56.03335597165119, -12.795416748635301 ], [ -56.032997990048422, -12.79489666504592 ], [ -56.032009607780168, -12.793460708603893 ], [ -56.031688909094647, -12.792994782254596 ], [ -56.03111247860722, -12.792157311561178 ], [ -56.030880909741924, -12.791820873462301 ], [ -56.029947271684158, -12.790464413733961 ], [ -56.028044462592113, -12.787699817305862 ], [ -56.025987178496699, -12.784710664915266 ], [ -56.023929894496703, -12.781721511915267 ], [ -56.022517781099786, -12.779669691657253 ], [ -56.020268633515904, -12.776401569956407 ], [ -56.019908643525831, -12.77587847781945 ], [ -56.01965916637247, -12.775515967563079 ], [ -56.01927790325589, -12.774961959449985 ], [ -56.018582251990324, -12.773951111102994 ], [ -56.018211789247495, -12.773412789229418 ], [ -56.01715061342459, -12.771870772985336 ], [ -56.016751856015091, -12.77129132486056 ], [ -56.016380697100651, -12.7707519783131 ], [ -56.015488809575061, -12.769455928408766 ], [ -56.015428844385347, -12.769409583322274 ], [ -56.015133203205458, -12.769624073969023 ], [ -56.015046622567638, -12.769686888954656 ], [ -56.0145693671261, -12.770033140702248 ], [ -56.013968927424678, -12.770468760703649 ], [ -56.013445726983335, -12.770848341057112 ], [ -56.013351787880296, -12.77107314079133 ], [ -56.013188168583476, -12.771487464608679 ], [ -56.013242783824033, -12.772067528205206 ], [ -56.013255864195493, -12.772934391569247 ], [ -56.012020455893534, -12.773710291927259 ], [ -56.011944330481178, -12.773841667693542 ], [ -56.011632884717955, -12.774379152997806 ], [ -56.011741555341935, -12.774868366286981 ], [ -56.012002493765181, -12.776043052013996 ], [ -56.011784276677609, -12.776400694770151 ], [ -56.011406957189273, -12.77701909236445 ], [ -56.011541116195673, -12.777604080722497 ], [ -56.011739073826021, -12.778467253046919 ], [ -56.011590528227558, -12.779698892401941 ], [ -56.011744877666679, -12.780474814173409 ], [ -56.011900625660211, -12.781257762555668 ], [ -56.012034670317789, -12.781931604612378 ], [ -56.012317237851647, -12.783352060963901 ], [ -56.012545160910733, -12.783718796915444 ], [ -56.012860405513713, -12.784226034260305 ], [ -56.012988309625278, -12.785118118695609 ], [ -56.012866035192943, -12.785418576159467 ], [ -56.012152970983955, -12.785814245299118 ], [ -56.011637028104275, -12.787094035294889 ], [ -56.011457034092054, -12.787527768675851 ], [ -56.011532673006151, -12.787709083925728 ], [ -56.01160419700345, -12.788003903682716 ], [ -56.011634063174078, -12.788921843521269 ], [ -56.013850467847654, -12.791335630162827 ], [ -56.016066871847649, -12.793749417162827 ], [ -56.018283275847651, -12.796163204162827 ], [ -56.020646872314408, -12.798719770058604 ] ] ] } },
{ "type": "Feature", "properties": { }, "geometry": { "type": "Polygon", "coordinates": [ [ [ -55.807434138907155, -13.245985392023632 ], [ -55.805452862063419, -13.249459369216277 ], [ -55.803471584063416, -13.252933346216277 ], [ -55.801490307063418, -13.256407324216276 ], [ -55.799509030063419, -13.259881301216277 ], [ -55.803170793991043, -13.2607534791081 ], [ -55.806832557991044, -13.2616256581081 ], [ -55.810494321991044, -13.2624978361081 ], [ -55.814871026827781, -13.263540218320964 ], [ -55.81924773182778, -13.264582600320963 ], [ -55.823624436827778, -13.265624982320965 ], [ -55.828001141827777, -13.266667365320965 ], [ -55.832377847827779, -13.267709747320964 ], [ -55.836754552827777, -13.268752129320964 ], [ -55.841131257827776, -13.269794511320963 ], [ -55.845507962827782, -13.270836894320963 ], [ -55.84988466782778, -13.271879276320965 ], [ -55.854261372827779, -13.272921658320964 ], [ -55.854349514133879, -13.272942667974732 ], [ -55.854796007497754, -13.272482504828462 ], [ -55.855126650850863, -13.271768494135907 ], [ -55.855523796015852, -13.270038855371842 ], [ -55.855586384051549, -13.268676491546833 ], [ -55.855434703862578, -13.267618657429397 ], [ -55.855657423890108, -13.266612319999679 ], [ -55.856218877886015, -13.265960911563102 ], [ -55.856557011901117, -13.265635509538042 ], [ -55.857330391604023, -13.26444774751133 ], [ -55.857894718995368, -13.264068388520547 ], [ -55.858425741960403, -13.263902967858439 ], [ -55.858979057535393, -13.263430164237347 ], [ -55.858985822713763, -13.263246211857261 ], [ -55.859126036666495, -13.262412091479545 ], [ -55.860212487304295, -13.261872959010326 ], [ -55.861334202412479, -13.261965849256079 ], [ -55.86157402718586, -13.261878590454902 ], [ -55.862153268693561, -13.260611830149013 ], [ -55.86248539749262, -13.259927105631492 ], [ -55.86232305489488, -13.259885968378558 ], [ -55.858100830907155, -13.258816693023633 ], [ -55.853878605907155, -13.257747418023632 ], [ -55.849656381907153, -13.256678143023631 ], [ -55.845434157907157, -13.255608868023632 ], [ -55.841211932907157, -13.254539593023631 ], [ -55.836989708907154, -13.253470318023632 ], [ -55.832767484907158, -13.252401043023632 ], [ -55.828545260907156, -13.251331768023633 ], [ -55.824323035907156, -13.250262492023632 ], [ -55.820100811907153, -13.249193217023633 ], [ -55.815878587907157, -13.248123942023632 ], [ -55.811656362907158, -13.247054667023631 ], [ -55.807434138907155, -13.245985392023632 ] ] ] } },
{ "type": "Feature", "properties": { }, "geometry": { "type": "Polygon", "coordinates": [ [ [ -55.807434138907155, -13.245985392023632 ], [ -55.803086227065883, -13.244882104933421 ], [ -55.798738315065883, -13.243778817933419 ], [ -55.794390403065883, -13.24267553093342 ], [ -55.790042492065886, -13.241572243933421 ], [ -55.785694580065886, -13.24046895693342 ], [ -55.781346668065886, -13.23936566993342 ], [ -55.776998756065886, -13.238262382933421 ], [ -55.772650844065886, -13.23715909593342 ], [ -55.768302932065886, -13.23605580893342 ], [ -55.763955021065883, -13.234952521933421 ], [ -55.759607109065882, -13.23384923493342 ], [ -55.75525919706589, -13.23274594793342 ], [ -55.750911285065889, -13.231642660933421 ], [ -55.746563373065889, -13.23053937393342 ], [ -55.742215461065889, -13.22943608693342 ], [ -55.737867550065886, -13.228332799933421 ], [ -55.733519638065886, -13.22722951293342 ], [ -55.729171726065886, -13.22612622593342 ], [ -55.724848689540693, -13.225032418029569 ], [ -55.720525652540687, -13.223938609029569 ], [ -55.716202615540688, -13.222844801029568 ], [ -55.711879578540689, -13.221750992029568 ], [ -55.70755654154069, -13.220657184029568 ], [ -55.705371404330101, -13.224458234963807 ], [ -55.703186267330103, -13.228259284963807 ], [ -55.701001129330102, -13.232060335963807 ], [ -55.698815992330104, -13.235861385963807 ], [ -55.703094994713787, -13.236882832750851 ], [ -55.707373996713784, -13.23790427875085 ], [ -55.711652998713788, -13.238925725750851 ], [ -55.715932000713785, -13.239947171750851 ], [ -55.720110852063421, -13.240943878216276 ], [ -55.724289704063416, -13.241940584216277 ], [ -55.728468555063422, -13.242937291216277 ], [ -55.732647407063418, -13.243933997216278 ], [ -55.736826258063417, -13.244930704216276 ], [ -55.741005109063416, -13.245927410216277 ], [ -55.745183961063418, -13.246924117216277 ], [ -55.749362812063417, -13.247920823216276 ], [ -55.75354166406342, -13.248917530216277 ], [ -55.757720515063419, -13.249914236216277 ], [ -55.761899367063421, -13.250910943216278 ], [ -55.76607821806342, -13.251907649216276 ], [ -55.770257070063415, -13.252904356216277 ], [ -55.774435921063422, -13.253901062216277 ], [ -55.778614773063417, -13.254897769216276 ], [ -55.782793624063416, -13.255894475216277 ], [ -55.786972476063418, -13.256891182216277 ], [ -55.791151327063417, -13.257887888216278 ], [ -55.79533017906342, -13.258884595216276 ], [ -55.799509030063419, -13.259881301216277 ], [ -55.801490306907155, -13.256407324023632 ], [ -55.803471584907157, -13.252933347023632 ], [ -55.805452861907156, -13.249459369023633 ], [ -55.807434138907155, -13.245985392023632 ] ] ] } },
{ "type": "Feature", "properties": { }, "geometry": { "type": "Polygon", "coordinates": [ [ [ -56.034493628276778, -13.214307990916382 ], [ -56.034632244148327, -13.21439213813801 ], [ -56.034738340171771, -13.214343515987366 ], [ -56.034851808432677, -13.214377370224668 ], [ -56.03490654152273, -13.214497221710189 ], [ -56.035080258297057, -13.214466268287765 ], [ -56.035311922243636, -13.214502873714821 ], [ -56.035462174094789, -13.214616837693711 ], [ -56.035610983600293, -13.214785569026503 ], [ -56.035785955505446, -13.214961433123847 ], [ -56.035983726200129, -13.215166740506504 ], [ -56.036127271200087, -13.215285027777838 ], [ -56.036290209173615, -13.215437582667221 ], [ -56.036389405921682, -13.215456283335129 ], [ -56.036571673837557, -13.215548686028114 ], [ -56.036741146124143, -13.215642405665221 ], [ -56.036862099176858, -13.215855144503223 ], [ -56.037067911518534, -13.216029342789454 ], [ -56.037233056971843, -13.216115173052685 ], [ -56.037255254770287, -13.216126709796868 ], [ -56.037443803802944, -13.216156659381454 ], [ -56.037608391435356, -13.216270124639436 ], [ -56.037733456168667, -13.216531295375773 ], [ -56.037819281914494, -13.216662899622918 ], [ -56.038051575789552, -13.216807902630649 ], [ -56.038158593302455, -13.216901079092054 ], [ -56.038276167594461, -13.217015632953633 ], [ -56.0384626276429, -13.21706079068656 ], [ -56.038592957438823, -13.217151396449935 ], [ -56.038725878911691, -13.217221207592104 ], [ -56.038855648678179, -13.21736768708854 ], [ -56.038960423038986, -13.217371588897038 ], [ -56.039064921092177, -13.217486156582481 ], [ -56.039285282799426, -13.217614974791843 ], [ -56.039323053713588, -13.217785113428988 ], [ -56.039428668654637, -13.217994041424845 ], [ -56.039567835627849, -13.218156586337329 ], [ -56.039649746869543, -13.218296068511563 ], [ -56.039791975414573, -13.21838614880005 ], [ -56.039805432410901, -13.218406336967121 ], [ -56.040074173130279, -13.217850934486194 ], [ -56.042014101370313, -13.213841305623051 ], [ -56.043954030370315, -13.20983167662305 ], [ -56.045893958370314, -13.205822046623052 ], [ -56.047833887370317, -13.201812417623051 ], [ -56.049773815370315, -13.197802788623051 ], [ -56.049070107327111, -13.197443268467453 ], [ -56.048448648953297, -13.197125769167428 ], [ -56.04647902798439, -13.196119501804333 ], [ -56.045210955691516, -13.19546591311024 ], [ -56.044643470913172, -13.195173420610217 ], [ -56.043197910676213, -13.194428351237718 ], [ -56.041495474362534, -13.19831653941718 ], [ -56.039793038362539, -13.202204728417179 ], [ -56.038090602362537, -13.206092917417179 ], [ -56.036388165362538, -13.20998110541718 ], [ -56.034685729362536, -13.213869294417179 ], [ -56.034493628276778, -13.214307990916382 ] ] ] } },
{ "type": "Feature", "properties": { }, "geometry": { "type": "Polygon", "coordinates": [ [ [ -56.00639247018853, -13.061035762619724 ], [ -56.005264926037242, -13.065149943422066 ], [ -56.004137383037239, -13.069264123422064 ], [ -56.00300983903724, -13.073378304422064 ], [ -56.001882295037241, -13.077492484422065 ], [ -56.000754751037242, -13.081606665422065 ], [ -55.999627208037239, -13.085720845422065 ], [ -55.99849966403724, -13.089835026422065 ], [ -55.998859422813837, -13.089250105187659 ], [ -55.999057232057851, -13.089366711004061 ], [ -55.999254468508582, -13.089483594743172 ], [ -56.002796040872568, -13.088151600611468 ], [ -56.005954162894334, -13.08696382272511 ], [ -56.009112285894332, -13.08577604572511 ], [ -56.012270407894334, -13.08458826772511 ], [ -56.012840071285666, -13.084374015913738 ], [ -56.015031281625113, -13.083549807250449 ], [ -56.015053684849192, -13.083463280877027 ], [ -56.01523321474258, -13.083455059896835 ], [ -56.015463082772612, -13.083038628345037 ], [ -56.015518463223486, -13.082810072681298 ], [ -56.015522570355699, -13.082683869657444 ], [ -56.015290904244011, -13.082342711139461 ], [ -56.015368073754985, -13.082110956545932 ], [ -56.015477150304889, -13.081906203819244 ], [ -56.015397564263139, -13.081633635061337 ], [ -56.015574707541134, -13.081236278551785 ], [ -56.015928944992424, -13.081030272075452 ], [ -56.016020946209835, -13.080849269159785 ], [ -56.016076394702395, -13.08053348156443 ], [ -56.016044476520847, -13.080213862016876 ], [ -56.015954422555524, -13.079948079804467 ], [ -56.015860303094996, -13.079667888077324 ], [ -56.015944157766739, -13.079468744057806 ], [ -56.015795474052766, -13.079065163592247 ], [ -56.015628095136663, -13.078689513194604 ], [ -56.015544441152826, -13.078166091852495 ], [ -56.015582727505716, -13.077868267548354 ], [ -56.015627717985808, -13.077440470709973 ], [ -56.015763008485123, -13.077213738302646 ], [ -56.015932753528034, -13.076890067980685 ], [ -56.016289346688893, -13.076599947744967 ], [ -56.016404648800403, -13.076440886448722 ], [ -56.016367775685183, -13.076103101772958 ], [ -56.016359748108812, -13.075678014098628 ], [ -56.016303639187186, -13.075453382362753 ], [ -56.016291869063025, -13.075220981061989 ], [ -56.016318892335391, -13.075048862232222 ], [ -56.016312292574014, -13.074978024384791 ], [ -56.015902597213596, -13.075079156890752 ], [ -56.015705322745305, -13.074877042975174 ], [ -56.015755248335722, -13.074713980612103 ], [ -56.01587181023541, -13.074681351022036 ], [ -56.015906804491181, -13.074520356479809 ], [ -56.015934181350701, -13.074280012185397 ], [ -56.016036553900051, -13.074183233544716 ], [ -56.016311349312105, -13.074073169503492 ], [ -56.016405305169769, -13.073775113807869 ], [ -56.016453715179182, -13.073580029665095 ], [ -56.016453256335922, -13.073379217055958 ], [ -56.016419654691617, -13.073200456978213 ], [ -56.016250616901686, -13.072964744447575 ], [ -56.016089298510167, -13.072629098824336 ], [ -56.015964802798464, -13.072357615949045 ], [ -56.015962388218213, -13.072233802024812 ], [ -56.01611305634998, -13.072119522108778 ], [ -56.015986305683555, -13.071805011388392 ], [ -56.015930323109956, -13.071534774936424 ], [ -56.015931454317638, -13.071256302222707 ], [ -56.01609287545125, -13.07093494140139 ], [ -56.016192397004716, -13.070714663423132 ], [ -56.016076641049779, -13.070558329795915 ], [ -56.015742020688549, -13.070514687196066 ], [ -56.015467345427169, -13.070344158658941 ], [ -56.015376324066949, -13.07012783847955 ], [ -56.015375397062769, -13.070042953709162 ], [ -56.015378793451362, -13.069946982496276 ], [ -56.015178202114782, -13.069907891390017 ], [ -56.015293079378637, -13.069622673219897 ], [ -56.01506456985436, -13.06935351514619 ], [ -56.015293293244554, -13.069208168231171 ], [ -56.015126221309515, -13.069170705720637 ], [ -56.015081954259927, -13.068765289683029 ], [ -56.015134237342977, -13.068584234744037 ], [ -56.01520339836793, -13.068484553966186 ], [ -56.014973530989948, -13.068316193946771 ], [ -56.014978159675877, -13.068197885980567 ], [ -56.015087160646544, -13.067977951912553 ], [ -56.015068249895194, -13.067727729718399 ], [ -56.015107858478075, -13.067465777701671 ], [ -56.015185315728843, -13.067055373437427 ], [ -56.015083337562999, -13.066846371204122 ], [ -56.014826801535321, -13.066665830128784 ], [ -56.014656086149387, -13.06662427584115 ], [ -56.014605246333019, -13.066616242815144 ], [ -56.014546845908001, -13.066607015150225 ], [ -56.014268441548609, -13.066468749433852 ], [ -56.013985363960103, -13.066536683238098 ], [ -56.013614771987193, -13.0667367763225 ], [ -56.013343567910908, -13.066469271377457 ], [ -56.013304190652434, -13.066426966057861 ], [ -56.013196007811302, -13.066310738828236 ], [ -56.013169594381054, -13.06626161958917 ], [ -56.013129818017035, -13.066154111014498 ], [ -56.013143893636311, -13.066046896888224 ], [ -56.013003695071291, -13.065953108055965 ], [ -56.012947895543334, -13.065915779766897 ], [ -56.012557855851412, -13.065806534047397 ], [ -56.012353450254011, -13.065653748184502 ], [ -56.012282873273989, -13.065555098434004 ], [ -56.012295898268007, -13.065385132646497 ], [ -56.012493107541786, -13.065278627260227 ], [ -56.012564838817468, -13.065214480878865 ], [ -56.012471557930269, -13.064994552759515 ], [ -56.012480115427024, -13.064979443011737 ], [ -56.012546056335395, -13.064863012879186 ], [ -56.012415660744807, -13.064520756716661 ], [ -56.012503960791264, -13.064304523972169 ], [ -56.012458399557943, -13.064168873556014 ], [ -56.012419055952648, -13.064051735014289 ], [ -56.012372691616122, -13.06386192235874 ], [ -56.012245611054027, -13.063551287737084 ], [ -56.012019968763582, -13.06329150535197 ], [ -56.011957354646142, -13.063129487277081 ], [ -56.011858343568917, -13.06292450974712 ], [ -56.011666870796262, -13.062871445946485 ], [ -56.011520221519731, -13.062729956143755 ], [ -56.011314834914742, -13.062511579163072 ], [ -56.01125622598903, -13.062358346480892 ], [ -56.011095603180308, -13.062048116585856 ], [ -56.010849887664733, -13.061915298047836 ], [ -56.010819817986714, -13.061891902083403 ], [ -56.01071228342073, -13.061691927449033 ], [ -56.010709550309571, -13.061624874010931 ], [ -56.010555517539103, -13.061400400723755 ], [ -56.010540283011323, -13.061378199314788 ], [ -56.010471205920794, -13.061072397085127 ], [ -56.010307100421016, -13.060916907011176 ], [ -56.010399630700647, -13.060766332120807 ], [ -56.010415672730403, -13.060487383236364 ], [ -56.010313850722071, -13.060263940864218 ], [ -56.010310922729445, -13.060075135025329 ], [ -56.010376015610177, -13.059966244717202 ], [ -56.010274916465562, -13.059709550629861 ], [ -56.010152954432442, -13.05931201927848 ], [ -56.010031608426743, -13.058982201703884 ], [ -56.009941574117931, -13.058781796766823 ], [ -56.00996179305281, -13.058549436423391 ], [ -56.009970767064772, -13.058327005753711 ], [ -56.009834791401261, -13.058199488933212 ], [ -56.009449076895464, -13.058008051021829 ], [ -56.009158294629742, -13.057776081766292 ], [ -56.008978240138049, -13.057434773241653 ], [ -56.008676419014535, -13.057006389884407 ], [ -56.008553216568316, -13.056846806181625 ], [ -56.008413427089636, -13.056672357984951 ], [ -56.008018453909699, -13.056347584526691 ], [ -56.008002797016843, -13.056192029583883 ], [ -56.008099048465169, -13.055996235320492 ], [ -56.007956089291611, -13.055749623972986 ], [ -56.00788463282845, -13.055590265926128 ], [ -56.007138551188532, -13.058313014619724 ], [ -56.00639247018853, -13.061035762619724 ] ] ] } },
{ "type": "Feature", "properties": { }, "geometry": { "type": "Polygon", "coordinates": [ [ [ -55.97804483, -13.12394613 ], [ -55.97591442, -13.127406904 ], [ -55.97378401, -13.130867678 ], [ -55.9716536, -13.134328452 ], [ -55.96952319, -13.137789226 ], [ -55.96739278, -13.14125 ], [ -55.97074875, -13.141235415 ], [ -55.97410472, -13.14122083 ], [ -55.975781110000021, -13.14493943999998 ], [ -55.972425334004022, -13.144954024483742 ], [ -55.969069559004019, -13.144968609483742 ], [ -55.970456106, -13.148043203 ], [ -55.971842652999989, -13.151117796 ], [ -55.9732292, -13.15419239 ], [ -55.977408159, -13.153588201 ], [ -55.981587117, -13.152984013 ], [ -55.985766076, -13.152379824 ], [ -55.989945035, -13.151775635 ], [ -55.994123994, -13.151171446 ], [ -55.998302952, -13.150567258 ], [ -56.002481911, -13.149963069 ], [ -56.00666087, -13.14935888 ], [ -56.006001574999985, -13.144972055 ], [ -56.005342279999986, -13.14058523 ], [ -56.001930099, -13.138505343 ], [ -55.998517917, -13.136425455 ], [ -55.995105736, -13.134345568 ], [ -55.991693555, -13.13226568 ], [ -55.988281374, -13.130185793 ], [ -55.984869192, -13.128105905 ], [ -55.981457011, -13.126026018 ], [ -55.97804483, -13.12394613 ] ] ] } },
{ "type": "Feature", "properties": { }, "geometry": { "type": "Polygon", "coordinates": [ [ [ -55.966068609999923, -13.138313330000017 ], [ -55.96717388999997, -13.140743059999977 ], [ -55.96867278000002, -13.13830028000001 ], [ -55.969445279999945, -13.137026669999955 ], [ -55.969475279999983, -13.136991669999986 ], [ -55.969615279999914, -13.136763609999946 ], [ -55.971624724999963, -13.133499581999965 ], [ -55.973634169999968, -13.130235554999967 ], [ -55.975643614999967, -13.126971526999966 ], [ -55.977653059999966, -13.123707499999966 ], [ -55.979783139, -13.120247776999957 ], [ -55.981913217, -13.116788053999956 ], [ -55.984043295999989, -13.113328330999957 ], [ -55.986173373999989, -13.109868608999957 ], [ -55.988303453, -13.106408885999956 ], [ -55.990433531, -13.102949162999957 ], [ -55.99256361, -13.099489439999957 ], [ -55.992713060000028, -13.09923833 ], [ -55.990136947999929, -13.096423885999933 ], [ -55.987560835999929, -13.093609441999932 ], [ -55.984984723999929, -13.090794997999932 ], [ -55.982408611999929, -13.087980553999932 ], [ -55.979832499999929, -13.085166109999932 ], [ -55.979776389999984, -13.085104719999947 ], [ -55.979748889999939, -13.085115 ], [ -55.97985, -13.08528056 ], [ -55.979725280000025, -13.085395829999982 ], [ -55.979806389999965, -13.085631109999952 ], [ -55.980008059999989, -13.08580889000001 ], [ -55.979819169999985, -13.085978329999932 ], [ -55.979806670000016, -13.086081669999942 ], [ -55.979870279999943, -13.08617139 ], [ -55.979769439999927, -13.086328889999947 ], [ -55.979837219999979, -13.086439719999987 ], [ -55.979824439999959, -13.086528890000011 ], [ -55.979616109999938, -13.086925 ], [ -55.97963583, -13.087307499999952 ], [ -55.97975306, -13.087367500000028 ], [ -55.979773059999957, -13.08773610999998 ], [ -55.980024440000022, -13.088189169999964 ], [ -55.979970830000013, -13.088478609999925 ], [ -55.97989056, -13.08882 ], [ -55.97998694, -13.089126940000028 ], [ -55.97989972, -13.090123059999939 ], [ -55.97992222, -13.090460279999945 ], [ -55.97993083, -13.09074139 ], [ -55.97966722000001, -13.09097 ], [ -55.980026389999978, -13.091665829999954 ], [ -55.980216109999958, -13.091910829999961 ], [ -55.980398609999952, -13.09248556 ], [ -55.980843890000017, -13.09267667 ], [ -55.98085611, -13.093050829999981 ], [ -55.981099439999923, -13.093268329999944 ], [ -55.981095, -13.093807499999969 ], [ -55.981129719999956, -13.094112219999943 ], [ -55.981025, -13.094451110000023 ], [ -55.980965280000021, -13.094820560000016 ], [ -55.98112806, -13.095193609999967 ], [ -55.98116667, -13.095557779999922 ], [ -55.981251939999936, -13.09586278 ], [ -55.981178890000024, -13.096173329999942 ], [ -55.981348060000016, -13.09653556 ], [ -55.981227499999989, -13.097051940000028 ], [ -55.981026110000016, -13.097275 ], [ -55.980965, -13.097585560000027 ], [ -55.980898889999935, -13.097995829999945 ], [ -55.98078806, -13.098346390000017 ], [ -55.98102056, -13.098790279999946 ], [ -55.980962780000027, -13.099187779999966 ], [ -55.980776110000022, -13.09949472 ], [ -55.981041669999968, -13.099871109999924 ], [ -55.980772219999949, -13.100377219999984 ], [ -55.980837220000012, -13.100712499999929 ], [ -55.980705829999977, -13.100986669999941 ], [ -55.980731669999955, -13.101443059999951 ], [ -55.980644719999987, -13.102518609999947 ], [ -55.980427220000024, -13.102661109999929 ], [ -55.980296389999921, -13.10338 ], [ -55.980329719999929, -13.10370917 ], [ -55.980306389999953, -13.104011669999977 ], [ -55.980168329999913, -13.104292779999923 ], [ -55.97994917, -13.104558610000026 ], [ -55.979786669999953, -13.104585559999919 ], [ -55.979727779999962, -13.10489360999992 ], [ -55.979686669999921, -13.105146389999959 ], [ -55.979592779999962, -13.105487499999924 ], [ -55.979545, -13.10571167 ], [ -55.979235279999955, -13.105773059999933 ], [ -55.979243330000031, -13.105991669999923 ], [ -55.979218329999981, -13.10627917 ], [ -55.979300559999956, -13.106482500000027 ], [ -55.979027500000029, -13.10662944 ], [ -55.97509837999997, -13.107994857000014 ], [ -55.971169259999975, -13.109360273000012 ], [ -55.967240139999973, -13.110725690000013 ], [ -55.963311019999971, -13.112091107000014 ], [ -55.959381899999975, -13.113456523000012 ], [ -55.955452779999973, -13.114821940000013 ], [ -55.95710638999995, -13.118481895 ], [ -55.95876, -13.12214185 ], [ -55.960413609999947, -13.125801805 ], [ -55.962067219999945, -13.12946176 ], [ -55.96372082999995, -13.133121715 ], [ -55.965374439999948, -13.13678167 ], [ -55.965476669999987, -13.13700721999993 ], [ -55.965493889999948, -13.137044169999967 ], [ -55.966068609999923, -13.138313330000017 ] ] ] } },
{ "type": "Feature", "properties": { }, "geometry": { "type": "Polygon", "coordinates": [ [ [ -56.0263925, -13.25493083 ], [ -56.02519611, -13.25719111 ], [ -56.02399972, -13.25945139 ], [ -56.028249072, -13.260339631 ], [ -56.032498424, -13.261227872 ], [ -56.036747777, -13.262116113 ], [ -56.040997129, -13.263004354 ], [ -56.045246481, -13.263892596 ], [ -56.049495833, -13.264780837 ], [ -56.053745186, -13.265669078 ], [ -56.057994538, -13.266557319 ], [ -56.06224389, -13.26744556 ], [ -56.06316667, -13.26757667 ], [ -56.06317917, -13.26753389 ], [ -56.06319556, -13.26737194 ], [ -56.06339139, -13.26709278 ], [ -56.06341444, -13.26701694 ], [ -56.06344583, -13.26700639 ], [ -56.06356278, -13.26704278 ], [ -56.06360389, -13.26685778 ], [ -56.0638225, -13.26683556 ], [ -56.06387194, -13.26665639 ], [ -56.063975, -13.26645639 ], [ -56.06412583, -13.26638167 ], [ -56.06424333, -13.26625806 ], [ -56.06432722, -13.26603861 ], [ -56.06450167, -13.26590139 ], [ -56.06462111, -13.26556417 ], [ -56.06489194, -13.26543833 ], [ -56.06498917, -13.26521139 ], [ -56.06516333, -13.26498722 ], [ -56.06524056, -13.26469222 ], [ -56.06472111, -13.26450028 ], [ -56.060462376, -13.263437008 ], [ -56.056203641, -13.262373736 ], [ -56.051944907, -13.261310463 ], [ -56.047686172, -13.260247191 ], [ -56.043427438, -13.259183919 ], [ -56.039168703, -13.258120647 ], [ -56.034909969, -13.257057374 ], [ -56.030651234, -13.255994102 ], [ -56.0263925, -13.25493083 ] ] ] } },
{ "type": "Feature", "properties": { }, "geometry": { "type": "Polygon", "coordinates": [ [ [ -55.993032301452843, -13.099590279999973 ], [ -55.990890848691016, -13.103069687016779 ], [ -55.98874939669102, -13.106549093016779 ], [ -55.98660794369102, -13.11002850001678 ], [ -55.984466491691016, -13.113507907016778 ], [ -55.982325038691016, -13.116987314016779 ], [ -55.98018358669102, -13.120466720016779 ], [ -55.978042133691019, -13.123946127016779 ], [ -55.981580707805414, -13.126103377273083 ], [ -55.985119280805414, -13.128260626273082 ], [ -55.988657854805417, -13.130417876273082 ], [ -55.992196428805414, -13.132575126273082 ], [ -55.993080631452926, -13.133114169999885 ], [ -55.993081672490518, -13.13311364237569 ], [ -55.993644845327481, -13.133456234643063 ], [ -55.997395705324429, -13.135741188073448 ], [ -56.001146565324433, -13.138026142073446 ], [ -56.00489742532443, -13.140311096073447 ], [ -56.005241513604631, -13.140523182206721 ], [ -56.005405, -13.140439169999865 ], [ -56.00547, -13.140288610000027 ], [ -56.005899719999888, -13.140175559999989 ], [ -56.005967219999945, -13.140021110000021 ], [ -56.006130279999979, -13.139723059999938 ], [ -56.006409169999927, -13.139524439999946 ], [ -56.00678610999995, -13.139555829999949 ], [ -56.006908609999982, -13.13959221999994 ], [ -56.006988060000026, -13.139303330000018 ], [ -56.0070925, -13.139080279999973 ], [ -56.00725, -13.13908693999997 ], [ -56.007301389999952, -13.138756389999969 ], [ -56.007568330000026, -13.13851639 ], [ -56.007804720000024, -13.138652219999983 ], [ -56.008034169999917, -13.138572499999952 ], [ -56.00821778, -13.13869222 ], [ -56.00835971999993, -13.13885055999998 ], [ -56.008604170000012, -13.138782779999929 ], [ -56.008781939999949, -13.138778329999923 ], [ -56.008856669999943, -13.138638889999925 ], [ -56.009069439999962, -13.138690829999973 ], [ -56.00929083, -13.13867389 ], [ -56.009550830000023, -13.138828610000019 ], [ -56.009622779999916, -13.138997220000022 ], [ -56.009788329999935, -13.139024170000027 ], [ -56.010047499999985, -13.139304439999933 ], [ -56.010171389999982, -13.139361109999925 ], [ -56.010760279999886, -13.139014439999926 ], [ -56.010936669999978, -13.139145559999861 ], [ -56.011025279999956, -13.139053059999924 ], [ -56.010996939999927, -13.13861083 ], [ -56.01117639, -13.13860971999992 ], [ -56.01132444000001, -13.13848749999994 ], [ -56.011521389999984, -13.13852610999993 ], [ -56.011693889999947, -13.13831 ], [ -56.011857499999962, -13.138152779999871 ], [ -56.01204472, -13.137898889999917 ], [ -56.01221111000001, -13.138003060000017 ], [ -56.012328060000016, -13.137993889999962 ], [ -56.012466669999924, -13.138020829999959 ], [ -56.012703610000017, -13.138011389999974 ], [ -56.013099169999975, -13.138026109999942 ], [ -56.013153610000018, -13.138119719999963 ], [ -56.013257219999957, -13.138081390000025 ], [ -56.01335194, -13.13812083 ], [ -56.01352083, -13.138098059999948 ], [ -56.01361139, -13.13798555999989 ], [ -56.013638889999925, -13.13785944 ], [ -56.013823329999923, -13.137739719999956 ], [ -56.013602499999934, -13.13733972 ], [ -56.013298609999936, -13.137160829999971 ], [ -56.013215, -13.137030279999976 ], [ -56.013112219999982, -13.136703329999932 ], [ -56.012843059999909, -13.136532779999925 ], [ -56.012628329999984, -13.136245 ], [ -56.012785559999941, -13.136145829999975 ], [ -56.01271306000001, -13.13573778 ], [ -56.012535, -13.135503060000019 ], [ -56.01260806, -13.13538221999994 ], [ -56.012647220000019, -13.135231109999893 ], [ -56.012496939999949, -13.13520055999993 ], [ -56.01240278, -13.13531194 ], [ -56.01219083, -13.135238889999982 ], [ -56.01205861, -13.135068059999981 ], [ -56.012388330000022, -13.134671669999989 ], [ -56.012442780000015, -13.134278059999986 ], [ -56.012273610000022, -13.13416528 ], [ -56.012303059999965, -13.13387028 ], [ -56.01209917, -13.133485829999984 ], [ -56.012399439999967, -13.133096669999929 ], [ -56.012318610000023, -13.132481110000015 ], [ -56.01227056, -13.132093890000021 ], [ -56.012125559999959, -13.132039439999971 ], [ -56.01189, -13.131603889999894 ], [ -56.011886389999972, -13.131409719999965 ], [ -56.011742499999968, -13.131182219999971 ], [ -56.011186669999972, -13.131015 ], [ -56.01105028, -13.1306 ], [ -56.011104719999935, -13.130394169999988 ], [ -56.011255, -13.13034167 ], [ -56.011558889999947, -13.129767219999962 ], [ -56.011322220000011, -13.129549169999962 ], [ -56.011386109999989, -13.129322499999944 ], [ -56.01121472, -13.12856639 ], [ -56.011315, -13.12833444 ], [ -56.011277499999949, -13.128130559999988 ], [ -56.011143329999982, -13.128016389999971 ], [ -56.010914999999898, -13.127672779999955 ], [ -56.010858059999975, -13.12749416999992 ], [ -56.010577500000011, -13.12741889 ], [ -56.010347219999971, -13.127341670000021 ], [ -56.01026278, -13.127236939999989 ], [ -56.009830559999955, -13.12737693999992 ], [ -56.009483889999956, -13.127590559999987 ], [ -56.009185, -13.127872780000018 ], [ -56.00887472, -13.128142500000024 ], [ -56.008222219999936, -13.128089169999953 ], [ -56.007754439999871, -13.128138330000013 ], [ -56.007287220000023, -13.128141669999934 ], [ -56.00675694, -13.128187780000019 ], [ -56.006282779999935, -13.12836556000002 ], [ -56.00548583, -13.128541939999934 ], [ -56.005225, -13.128668329999982 ], [ -56.00484472, -13.128763059999926 ], [ -56.004296670000031, -13.128835279999976 ], [ -56.003867220000018, -13.128875279999988 ], [ -56.00344944, -13.128935279999894 ], [ -56.00293417, -13.128805279999881 ], [ -56.0024975, -13.12885861 ], [ -56.00202472, -13.128937219999955 ], [ -56.00136583, -13.128916389999915 ], [ -56.001363131452933, -13.128916389999915 ], [ -56.001359801452907, -13.12887444 ], [ -56.002018691452918, -13.128891940000017 ], [ -56.002488131452935, -13.128813889999947 ], [ -56.002934521452914, -13.12875944000001 ], [ -56.00344924145287, -13.128889169999979 ], [ -56.003858971452928, -13.128830279999988 ], [ -56.004288691452871, -13.128790279999976 ], [ -56.00483313145287, -13.128718609999908 ], [ -56.005206191452828, -13.128625559999932 ], [ -56.005467581452876, -13.128499169999941 ], [ -56.006266741452919, -13.128322219999973 ], [ -56.006743691452868, -13.12814333 ], [ -56.007282301452847, -13.128096389999939 ], [ -56.007749241452927, -13.128093060000026 ], [ -56.008218971452891, -13.128043890000015 ], [ -56.008856191452935, -13.128095829999893 ], [ -56.009150911452934, -13.12783944 ], [ -56.009452581452933, -13.127554719999978 ], [ -56.009808131452928, -13.12733583 ], [ -56.010229521452914, -13.127199169999926 ], [ -56.01005841145286, -13.126747780000017 ], [ -56.01027841145293, -13.126627219999989 ], [ -56.010560631452847, -13.126008609999928 ], [ -56.011044241452907, -13.125777780000021 ], [ -56.011443971452934, -13.125378329999933 ], [ -56.011388691452908, -13.125120560000028 ], [ -56.011197861452899, -13.124961389999896 ], [ -56.011048691452913, -13.124482499999885 ], [ -56.01086397145292, -13.124019719999978 ], [ -56.010424241452938, -13.12298861 ], [ -56.010495361452854, -13.122131389999936 ], [ -56.010459801452839, -13.121436389999985 ], [ -56.010746741452863, -13.121106389999966 ], [ -56.010882581452847, -13.12100583 ], [ -56.011529801452923, -13.120959439999979 ], [ -56.011877301452898, -13.120779719999916 ], [ -56.011766741452902, -13.120523609999964 ], [ -56.011830361452837, -13.120133329999987 ], [ -56.011919801452848, -13.11978417 ], [ -56.011858691452858, -13.119445279999923 ], [ -56.012177301452937, -13.118885279999972 ], [ -56.011996741452833, -13.118401109999922 ], [ -56.01239647145286, -13.118075 ], [ -56.012489241452897, -13.117597499999988 ], [ -56.012731471452867, -13.116537779999874 ], [ -56.013029521452836, -13.115853609999931 ], [ -56.013032581452933, -13.11567972 ], [ -56.012916471452911, -13.115460279999979 ], [ -56.013109521452918, -13.115295 ], [ -56.013152021452925, -13.11506556 ], [ -56.013330911452897, -13.114973609999936 ], [ -56.013188971452905, -13.114539719999925 ], [ -56.013528131452915, -13.114190279999889 ], [ -56.014238411452936, -13.11340056 ], [ -56.013906741452843, -13.113127220000024 ], [ -56.013385911452929, -13.112652219999973 ], [ -56.013436471452849, -13.111984439999958 ], [ -56.013420631452902, -13.11162 ], [ -56.013579521452868, -13.111324169999989 ], [ -56.01351230145292, -13.11085972 ], [ -56.013244241452924, -13.110385829999984 ], [ -56.013405631452883, -13.11004361 ], [ -56.013543971452862, -13.109670279999989 ], [ -56.013558131452896, -13.109243059999983 ], [ -56.0135670214529, -13.10913 ], [ -56.012998411452941, -13.108525829999962 ], [ -56.01314063145287, -13.108214719999978 ], [ -56.013514801452857, -13.10801666999987 ], [ -56.013546191452861, -13.10784528 ], [ -56.013227861452833, -13.107515 ], [ -56.013135911452935, -13.106855829999915 ], [ -56.012913971452861, -13.107137220000027 ], [ -56.012788691452897, -13.106747499999926 ], [ -56.013012861452808, -13.10644972 ], [ -56.012773131452946, -13.106274719999988 ], [ -56.01258702145293, -13.106131670000025 ], [ -56.012249241452935, -13.105984439999929 ], [ -56.012166191452934, -13.105468060000021 ], [ -56.012268411452851, -13.105188329999976 ], [ -56.012181741452935, -13.104712779999886 ], [ -56.012076741452802, -13.10435721999994 ], [ -56.01219897145279, -13.10362916999992 ], [ -56.012230081452856, -13.10294639 ], [ -56.012115081452862, -13.102042779999863 ], [ -56.011906741452833, -13.101328059999958 ], [ -56.011717861452837, -13.101051939999934 ], [ -56.011977021452878, -13.100753059999988 ], [ -56.012148131452932, -13.100525 ], [ -56.008468479452887, -13.098504581999981 ], [ -56.004788826452888, -13.09648416499998 ], [ -56.001109174452885, -13.094463746999981 ], [ -55.997429521452887, -13.092443329999981 ], [ -55.995230911452843, -13.096016804999973 ], [ -55.993032301452843, -13.099590279999973 ] ] ] } },
{ "type": "Feature", "properties": { }, "geometry": { "type": "Polygon", "coordinates": [ [ [ -55.998754644127757, -13.0696810467158 ], [ -55.998531782519152, -13.072853870210896 ], [ -55.99830892051915, -13.076026694210896 ], [ -55.998029058242231, -13.080011022622379 ], [ -55.997749195242235, -13.083995350622381 ], [ -55.997469333242236, -13.08797967962238 ], [ -55.997189470242233, -13.09196400762238 ], [ -55.99849966403724, -13.089835026422065 ], [ -55.999627208188528, -13.085720845619724 ], [ -56.000754751188531, -13.081606665619724 ], [ -56.00188229518853, -13.077492484619723 ], [ -56.003009839188529, -13.073378304619723 ], [ -56.004137383188528, -13.069264123619725 ], [ -56.005264926188531, -13.065149943619724 ], [ -56.00639247018853, -13.061035762619724 ], [ -56.007138551828447, -13.058313013926128 ], [ -56.00788463282845, -13.055590265926128 ], [ -56.00787890233488, -13.055577486103971 ], [ -56.007856167301838, -13.055494750990704 ], [ -56.007768066240601, -13.055314415846908 ], [ -56.007686607990877, -13.055135742663026 ], [ -56.007635785311209, -13.054927332102466 ], [ -56.007483545758078, -13.054776379678685 ], [ -56.007471358462283, -13.054491029894677 ], [ -56.00751630616395, -13.054292814780581 ], [ -56.0075705128462, -13.054041489508279 ], [ -56.007770507620876, -13.053801247624733 ], [ -56.007727656206896, -13.053631357113716 ], [ -56.007550158631147, -13.05374816094303 ], [ -56.00746304819728, -13.053816596063768 ], [ -56.007422922201499, -13.053932046137447 ], [ -56.007262296462898, -13.05398533497987 ], [ -56.007105602102058, -13.053994055406577 ], [ -56.007050852657187, -13.053856921539705 ], [ -56.007071798628772, -13.053662384676727 ], [ -56.007137935091407, -13.053585334072011 ], [ -56.006926427002043, -13.053586276356498 ], [ -56.006646885814064, -13.053621893434297 ], [ -56.006491495863656, -13.053694288406007 ], [ -56.00649346044321, -13.053763481129181 ], [ -56.006399299849022, -13.053899862420337 ], [ -56.006216034004808, -13.05409832357833 ], [ -56.006041858305878, -13.054055222947625 ], [ -56.005902192260578, -13.054053727932569 ], [ -56.0059539483496, -13.054228951164419 ], [ -56.005892345915072, -13.054302094859509 ], [ -56.005765902796952, -13.054321798518515 ], [ -56.005861944425192, -13.054483195790056 ], [ -56.005682808325844, -13.054541222521379 ], [ -56.005619418795845, -13.054369363159537 ], [ -56.005515128636944, -13.054515650731616 ], [ -56.005345203916079, -13.054403480264682 ], [ -56.005275803721531, -13.054427073811496 ], [ -56.005285781202474, -13.05450572755592 ], [ -56.005137892516927, -13.054491732340523 ], [ -56.005030738499954, -13.05452162718359 ], [ -56.00488063499995, -13.054720006867285 ], [ -56.004747216225496, -13.054717495467742 ], [ -56.004648672684993, -13.054879473574147 ], [ -56.004504236992318, -13.054703233500504 ], [ -56.004334360161863, -13.054620655225335 ], [ -56.004133550490053, -13.054747936270076 ], [ -56.003950436562718, -13.05479046749582 ], [ -56.003931528124554, -13.054938466411954 ], [ -56.003715060680122, -13.054862643128843 ], [ -56.003508265280857, -13.054941583131381 ], [ -56.003382739931681, -13.054877158506713 ], [ -56.003224837457026, -13.055016873326167 ], [ -56.002933092661237, -13.054820345431835 ], [ -56.002785093707189, -13.054955731122504 ], [ -56.002507390912911, -13.054994705037075 ], [ -56.002333777667957, -13.054891921540161 ], [ -56.002331779134465, -13.055029153840394 ], [ -56.002142764489747, -13.055096461660128 ], [ -56.002195918540394, -13.055154803135963 ], [ -56.002063508529545, -13.055238703256407 ], [ -56.001931247320329, -13.055147661089904 ], [ -56.00195967474707, -13.054999581589925 ], [ -56.001715882316091, -13.05485021669358 ], [ -56.001692790264826, -13.054686956754665 ], [ -56.001541016778447, -13.054779217554369 ], [ -56.00133979527476, -13.054712474536359 ], [ -56.001112788565536, -13.05473748376329 ], [ -56.000952145934889, -13.054918523980177 ], [ -56.001035290327991, -13.055185847703228 ], [ -56.000950822700474, -13.055298349587758 ], [ -56.000788902019224, -13.055159317919106 ], [ -56.00064453173178, -13.055093689038245 ], [ -56.000630396112342, -13.055244572146307 ], [ -56.00054334539567, -13.055315934418218 ], [ -56.000396742616317, -13.055560155764738 ], [ -56.000256266636256, -13.055539757918666 ], [ -56.000166926808902, -13.055407443868489 ], [ -55.999957068723575, -13.055405999783602 ], [ -55.999761973027887, -13.055337549699004 ], [ -55.999513651572933, -13.058873644464118 ], [ -55.999265329572935, -13.062409739464117 ], [ -55.999017008572935, -13.065945834464117 ], [ -55.998754644127757, -13.0696810467158 ] ] ] } },
{ "type": "Feature", "properties": { }, "geometry": { "type": "Polygon", "coordinates": [ [ [ -56.08000313, -13.23769942 ], [ -56.082072605, -13.238705955 ], [ -56.08414208, -13.23971249 ], [ -56.08414844, -13.23970664 ], [ -56.08417282, -13.23968886 ], [ -56.08420253, -13.23967189 ], [ -56.08430234, -13.23962714 ], [ -56.08433402, -13.23961136 ], [ -56.08435955, -13.23959591 ], [ -56.08438096, -13.23957961 ], [ -56.08441788, -13.23954417 ], [ -56.0844542, -13.23950199 ], [ -56.08449019, -13.23945279 ], [ -56.08452668, -13.23939543 ], [ -56.08455115, -13.23934876 ], [ -56.08457334, -13.23929394 ], [ -56.08459096, -13.23924049 ], [ -56.08462669, -13.2391199 ], [ -56.08464393, -13.23906906 ], [ -56.08465241, -13.23904141 ], [ -56.08466834, -13.2389759 ], [ -56.08467594, -13.2389519 ], [ -56.08468801, -13.23892757 ], [ -56.08469492, -13.23891912 ], [ -56.08470252, -13.23891299 ], [ -56.08471019, -13.23890956 ], [ -56.0847191, -13.23890814 ], [ -56.08474107, -13.23891125 ], [ -56.08476744, -13.23892132 ], [ -56.08482917, -13.23895206 ], [ -56.08485643, -13.23896366 ], [ -56.08488329, -13.2389707 ], [ -56.08490535, -13.23897055 ], [ -56.08492697, -13.23896452 ], [ -56.08495189, -13.23895396 ], [ -56.08497881, -13.23893942 ], [ -56.08500551, -13.23892209 ], [ -56.08502955, -13.23890354 ], [ -56.08504847, -13.23888564 ], [ -56.08506063, -13.23886997 ], [ -56.08506531, -13.23885746 ], [ -56.0850639, -13.23885132 ], [ -56.08505865, -13.23884574 ], [ -56.08504949, -13.23884062 ], [ -56.08503617, -13.23883584 ], [ -56.08500615, -13.23882864 ], [ -56.08491545, -13.23881154 ], [ -56.08487306, -13.23879961 ], [ -56.08485859, -13.2387934 ], [ -56.08484724, -13.23878666 ], [ -56.08483892, -13.23877933 ], [ -56.08483358, -13.23877138 ], [ -56.08482849, -13.23875441 ], [ -56.08482717, -13.23873349 ], [ -56.08482965, -13.23870889 ], [ -56.08483588, -13.23868109 ], [ -56.08484599, -13.23865001 ], [ -56.08485942, -13.23861777 ], [ -56.08487538, -13.23858629 ], [ -56.08489239, -13.23855847 ], [ -56.08490643, -13.2385408 ], [ -56.08492375, -13.23852439 ], [ -56.08494451, -13.23850907 ], [ -56.08496916, -13.23849451 ], [ -56.08501867, -13.2384716 ], [ -56.08513608, -13.23842597 ], [ -56.08518303, -13.23840322 ], [ -56.0852163, -13.23838217 ], [ -56.08529328, -13.23832544 ], [ -56.08532826, -13.23830257 ], [ -56.08534773, -13.23829219 ], [ -56.08536614, -13.23828442 ], [ -56.08538385, -13.23827908 ], [ -56.08540105, -13.23827613 ], [ -56.08542681, -13.23827661 ], [ -56.08545591, -13.23828318 ], [ -56.08548768, -13.23829511 ], [ -56.0855797, -13.23833618 ], [ -56.08560797, -13.23834466 ], [ -56.08563284, -13.238348 ], [ -56.0856572, -13.23834689 ], [ -56.08568198, -13.2383418 ], [ -56.08570739, -13.23833269 ], [ -56.08573382, -13.23831941 ], [ -56.08575994, -13.23830299 ], [ -56.08578846, -13.23828205 ], [ -56.0859004, -13.23818779 ], [ -56.08594991, -13.23815101 ], [ -56.08597744, -13.23813442 ], [ -56.08600372, -13.23812186 ], [ -56.08602927, -13.23811307 ], [ -56.08605432, -13.23810798 ], [ -56.08608143, -13.23810623 ], [ -56.08611245, -13.23810769 ], [ -56.08621246, -13.23812205 ], [ -56.08624583, -13.23812542 ], [ -56.08627496, -13.23812579 ], [ -56.08630082, -13.23812307 ], [ -56.0863348, -13.23811424 ], [ -56.08637121, -13.23809907 ], [ -56.08640723, -13.23807972 ], [ -56.08650434, -13.23802185 ], [ -56.08653454, -13.23800694 ], [ -56.08656235, -13.23799613 ], [ -56.0866188, -13.2379801 ], [ -56.08668308, -13.23796687 ], [ -56.08675112, -13.23795657 ], [ -56.08688163, -13.23794044 ], [ -56.0869368, -13.23793587 ], [ -56.08704964, -13.23793348 ], [ -56.08709665, -13.23793079 ], [ -56.0871448, -13.23792411 ], [ -56.0871863, -13.23791312 ], [ -56.08722205, -13.23789968 ], [ -56.08725748, -13.23788399 ], [ -56.08729193, -13.2378663 ], [ -56.08732489, -13.23784692 ], [ -56.08735579, -13.23782616 ], [ -56.08738436, -13.23780422 ], [ -56.08741032, -13.23778134 ], [ -56.08743343, -13.23775771 ], [ -56.08744938, -13.23773679 ], [ -56.08746421, -13.23771044 ], [ -56.0874704, -13.23769555 ], [ -56.08515704, -13.23650912 ], [ -56.08284368, -13.23532269 ], [ -56.079235091, -13.233471554 ], [ -56.075626502, -13.231620418 ], [ -56.072017913, -13.229769282 ], [ -56.068409324, -13.227918146 ], [ -56.064800735, -13.22606701 ], [ -56.061192146, -13.224215874 ], [ -56.057583557, -13.222364738 ], [ -56.053974968, -13.220513602 ], [ -56.050366379, -13.218662466 ], [ -56.04675779, -13.21681133 ], [ -56.04635109, -13.21756409 ], [ -56.04476107, -13.22055467 ], [ -56.04784214, -13.22205385 ], [ -56.051862264, -13.224009546 ], [ -56.055882387, -13.225965242 ], [ -56.059902511, -13.227920939 ], [ -56.063922635, -13.229876635 ], [ -56.067942759, -13.231832331 ], [ -56.071962882, -13.233788027 ], [ -56.075983006, -13.235743724 ], [ -56.08000313, -13.23769942 ] ] ] } },
{ "type": "Feature", "properties": { }, "geometry": { "type": "Polygon", "coordinates": [ [ [ -56.09469116, -13.22118581 ], [ -56.09830997, -13.2230339 ], [ -56.09831224, -13.22303178 ], [ -56.09833116, -13.22301775 ], [ -56.09835458, -13.22300586 ], [ -56.09838334, -13.22299727 ], [ -56.09841799, -13.22299158 ], [ -56.09849362, -13.22298462 ], [ -56.09852545, -13.22298026 ], [ -56.09855701, -13.22297262 ], [ -56.09858274, -13.22296181 ], [ -56.09861072, -13.22294268 ], [ -56.09863777, -13.22291586 ], [ -56.09866475, -13.2228809 ], [ -56.09871699, -13.22280153 ], [ -56.09874071, -13.22276894 ], [ -56.09876828, -13.22273851 ], [ -56.09879634, -13.22271629 ], [ -56.09882611, -13.22269868 ], [ -56.09885854, -13.22268245 ], [ -56.09889334, -13.22266773 ], [ -56.09893011, -13.2226547 ], [ -56.09896851, -13.22264348 ], [ -56.09900785, -13.2226343 ], [ -56.0990475, -13.22262729 ], [ -56.09908674, -13.22262259 ], [ -56.09912309, -13.22262088 ], [ -56.09916138, -13.22262218 ], [ -56.09920188, -13.22262649 ], [ -56.09924506, -13.22263385 ], [ -56.09928918, -13.22264379 ], [ -56.09933782, -13.22265691 ], [ -56.09947318, -13.22269973 ], [ -56.09950083, -13.22270979 ], [ -56.09953108, -13.22272292 ], [ -56.09963103, -13.22277309 ], [ -56.099669, -13.22279058 ], [ -56.09970771, -13.22280507 ], [ -56.09974347, -13.22281434 ], [ -56.09980391, -13.22282289 ], [ -56.09986973, -13.2228259 ], [ -56.09994025, -13.22282336 ], [ -56.10001418, -13.2228153 ], [ -56.10007963, -13.22280324 ], [ -56.10014587, -13.22278577 ], [ -56.10021179, -13.22276319 ], [ -56.10027623, -13.22273589 ], [ -56.10033803, -13.22270438 ], [ -56.10039624, -13.22266914 ], [ -56.10044994, -13.22263073 ], [ -56.10049841, -13.22258967 ], [ -56.1005728, -13.22251808 ], [ -56.10059993, -13.2224887 ], [ -56.10062255, -13.2224613 ], [ -56.10064146, -13.22243476 ], [ -56.10065617, -13.2224096 ], [ -56.10066677, -13.22238569 ], [ -56.10067327, -13.22236296 ], [ -56.10067574, -13.22234375 ], [ -56.10067578, -13.22232271 ], [ -56.10067339, -13.22229998 ], [ -56.10066859, -13.22227575 ], [ -56.1006614, -13.22225017 ], [ -56.10065192, -13.2222236 ], [ -56.10062665, -13.22216904 ], [ -56.10059367, -13.22211455 ], [ -56.10055628, -13.22206595 ], [ -56.10053699, -13.22204527 ], [ -56.10051782, -13.22202758 ], [ -56.10049913, -13.22201319 ], [ -56.10048123, -13.22200235 ], [ -56.10045824, -13.22199407 ], [ -56.10043229, -13.22199152 ], [ -56.10040307, -13.22199466 ], [ -56.10037001, -13.22200354 ], [ -56.10033862, -13.2220156 ], [ -56.1003025, -13.22203241 ], [ -56.10015795, -13.22211015 ], [ -56.10009543, -13.2221401 ], [ -56.10006267, -13.22215291 ], [ -56.10003245, -13.22216226 ], [ -56.10000427, -13.2221683 ], [ -56.09997787, -13.22217107 ], [ -56.09988279, -13.22217444 ], [ -56.09980872, -13.22217427 ], [ -56.09974386, -13.22217055 ], [ -56.0996884, -13.22216314 ], [ -56.09964098, -13.22215174 ], [ -56.0996026, -13.2221364 ], [ -56.09958678, -13.22212724 ], [ -56.0995732, -13.22211709 ], [ -56.09956185, -13.22210594 ], [ -56.09955275, -13.2220938 ], [ -56.09954253, -13.22207305 ], [ -56.09953529, -13.22204781 ], [ -56.09953102, -13.22201805 ], [ -56.09952968, -13.22198365 ], [ -56.09953122, -13.2219453 ], [ -56.09953559, -13.2219018 ], [ -56.09955386, -13.2217907 ], [ -56.09957065, -13.22171773 ], [ -56.09959296, -13.22164796 ], [ -56.09962011, -13.22158355 ], [ -56.09965151, -13.22152583 ], [ -56.09966117, -13.22151209 ], [ -56.0996733, -13.2214982 ], [ -56.09970548, -13.22146934 ], [ -56.09974268, -13.22144231 ], [ -56.09983611, -13.22138051 ], [ -56.09985842, -13.22136371 ], [ -56.09987576, -13.22134845 ], [ -56.09989148, -13.22133068 ], [ -56.09990128, -13.22131365 ], [ -56.09990537, -13.22129697 ], [ -56.09990379, -13.22128045 ], [ -56.09989767, -13.22126382 ], [ -56.09988772, -13.22124517 ], [ -56.0998744, -13.22122533 ], [ -56.09985847, -13.22120546 ], [ -56.09984095, -13.2211868 ], [ -56.09982281, -13.22117039 ], [ -56.09980501, -13.2211571 ], [ -56.09978826, -13.22114743 ], [ -56.09977673, -13.22114331 ], [ -56.09976376, -13.22114139 ], [ -56.09974926, -13.22114164 ], [ -56.09973305, -13.22114408 ], [ -56.09969313, -13.22115613 ], [ -56.09960768, -13.22119205 ], [ -56.09957369, -13.22120382 ], [ -56.09955633, -13.22120762 ], [ -56.09954134, -13.22120879 ], [ -56.0995284, -13.22120736 ], [ -56.09951734, -13.22120331 ], [ -56.09950802, -13.22119681 ], [ -56.09949984, -13.22118779 ], [ -56.09949273, -13.22117615 ], [ -56.09948656, -13.22116172 ], [ -56.09947693, -13.22112536 ], [ -56.0994623, -13.22103461 ], [ -56.09945357, -13.22099611 ], [ -56.0994472, -13.22097731 ], [ -56.09943984, -13.22096149 ], [ -56.09943134, -13.22094834 ], [ -56.09942164, -13.22093776 ], [ -56.0994112, -13.22092979 ], [ -56.09939874, -13.22092294 ], [ -56.09936709, -13.22091221 ], [ -56.09933301, -13.22090583 ], [ -56.09925097, -13.22089537 ], [ -56.09921573, -13.22088752 ], [ -56.09918915, -13.22087629 ], [ -56.0991789, -13.22086922 ], [ -56.09917055, -13.2208611 ], [ -56.0991591, -13.22084483 ], [ -56.09914973, -13.22082515 ], [ -56.09914239, -13.22080198 ], [ -56.09913701, -13.2207751 ], [ -56.09913366, -13.2207459 ], [ -56.09913193, -13.22071228 ], [ -56.09913278, -13.22061469 ], [ -56.09913591, -13.22057585 ], [ -56.09914424, -13.22053321 ], [ -56.09915665, -13.22048907 ], [ -56.09918264, -13.22040845 ], [ -56.09632358, -13.21884605 ], [ -56.092394337, -13.216705056 ], [ -56.088465094, -13.214564062 ], [ -56.084535851, -13.212423068 ], [ -56.080606608, -13.210282074 ], [ -56.076677365, -13.20814108 ], [ -56.072748122, -13.206000086 ], [ -56.068818879, -13.203859092 ], [ -56.064889636, -13.201718098 ], [ -56.060960393, -13.199577104 ], [ -56.05703115, -13.19743611 ], [ -56.05665622, -13.19815751 ], [ -56.0554922, -13.2003089 ], [ -56.05516208, -13.20099372 ], [ -56.059114988, -13.203012929 ], [ -56.063067896, -13.205032138 ], [ -56.067020804, -13.207051347 ], [ -56.070973712, -13.209070556 ], [ -56.07492662, -13.211089765 ], [ -56.078879528, -13.213108974 ], [ -56.082832436, -13.215128183 ], [ -56.086785344, -13.217147392 ], [ -56.090738252, -13.219166601 ], [ -56.09469116, -13.22118581 ] ] ] } },
{ "type": "Feature", "properties": { }, "geometry": { "type": "Polygon", "coordinates": [ [ [ -56.061395, -13.27049028 ], [ -56.062303059999977, -13.269673889999922 ], [ -56.062710279999976, -13.268920279999918 ], [ -56.06277917, -13.268699439999921 ], [ -56.062851939999973, -13.268285830000025 ], [ -56.063066670000012, -13.26801222 ], [ -56.063211109999941, -13.267716389999975 ], [ -56.063249468407605, -13.267603697318179 ], [ -56.063166669999987, -13.267576669999926 ], [ -56.062243889999934, -13.267445559999942 ], [ -56.058410497343921, -13.266644267067106 ], [ -56.05457710434392, -13.265842973067105 ], [ -56.05074371134392, -13.265041680067105 ], [ -56.046910318343919, -13.264240387067105 ], [ -56.044447702894388, -13.263725627129759 ], [ -56.040877303444177, -13.262979307474135 ], [ -56.037306903444176, -13.262232987474135 ], [ -56.035082127906776, -13.261767943158645 ], [ -56.031387992, -13.260995758999924 ], [ -56.027693856, -13.260223573999925 ], [ -56.02399972, -13.259451389999924 ], [ -56.024008699046931, -13.259434426333996 ], [ -56.02399972, -13.259432573613537 ], [ -56.021949380000024, -13.263286463613554 ], [ -56.026104509999954, -13.264216373613628 ], [ -56.030259639999954, -13.265146283613628 ], [ -56.034414769999955, -13.266076193613628 ], [ -56.038623313000016, -13.266969343613532 ], [ -56.042831857000017, -13.267862493613531 ], [ -56.047040400000014, -13.268755643613531 ], [ -56.050011548339086, -13.26922738064984 ], [ -56.052982696339086, -13.269699118649839 ], [ -56.0548529526896, -13.26994896205548 ], [ -56.055309809202754, -13.270006069119518 ], [ -56.058352404999951, -13.270248175 ], [ -56.061395, -13.27049028 ] ] ] } },
{ "type": "Feature", "properties": { }, "geometry": { "type": "Polygon", "coordinates": [ [ [ -56.101346584999931, -13.214606425111867 ], [ -56.10138256, -13.214579710111877 ], [ -56.101416210000025, -13.214551400111873 ], [ -56.101445879999915, -13.214523540111884 ], [ -56.101472049999927, -13.214495670111887 ], [ -56.101494969999976, -13.214467520111953 ], [ -56.101519129999929, -13.214433030111934 ], [ -56.101542029999962, -13.214395430111949 ], [ -56.10156364, -13.214354750111852 ], [ -56.101583919999939, -13.214311070111876 ], [ -56.10160285, -13.214264420111931 ], [ -56.101620369999978, -13.214214940111844 ], [ -56.101636429999871, -13.214162770111955 ], [ -56.10165096999998, -13.214108130111867 ], [ -56.101678040000024, -13.21399232011197 ], [ -56.10169596999998, -13.213898680111868 ], [ -56.10170689, -13.213815990111868 ], [ -56.10171068, -13.213744250111972 ], [ -56.10170989, -13.213711820111939 ], [ -56.10170727000002, -13.213682060111807 ], [ -56.10170281, -13.213654930111943 ], [ -56.101696520000019, -13.213630450111964 ], [ -56.10168839, -13.213608590111903 ], [ -56.10167843, -13.213589350111931 ], [ -56.101666619999946, -13.213572750111894 ], [ -56.101652979999983, -13.213558760111823 ], [ -56.101638359999924, -13.213548850111977 ], [ -56.10161985000002, -13.213541210111941 ], [ -56.10159726, -13.213535760111938 ], [ -56.101570139999978, -13.213532390111936 ], [ -56.101514679999923, -13.213531060111904 ], [ -56.101377070000012, -13.213535520111918 ], [ -56.10134482, -13.213534610111935 ], [ -56.10131779, -13.213531950111872 ], [ -56.1012943, -13.213527270111967 ], [ -56.101274849999982, -13.213520530111907 ], [ -56.10125917, -13.213511630111896 ], [ -56.10124714, -13.213500500111877 ], [ -56.101238429999967, -13.21348841011195 ], [ -56.101230839999971, -13.213474350111937 ], [ -56.101219109999988, -13.213440460111883 ], [ -56.101212060000023, -13.213399200111837 ], [ -56.10120982, -13.213351220111861 ], [ -56.101212549999957, -13.213296320111851 ], [ -56.10122026, -13.213237500111973 ], [ -56.101232589999938, -13.213177630111886 ], [ -56.101248530000021, -13.213121630111971 ], [ -56.101258069999915, -13.213096480111915 ], [ -56.101270240000019, -13.213070810111844 ], [ -56.101285169999926, -13.213044360111894 ], [ -56.101303149999978, -13.213016590111977 ], [ -56.101338399999975, -13.212968890111938 ], [ -56.101442920000011, -13.212838150111963 ], [ -56.10151212, -13.212745830111885 ], [ -56.101580230000025, -13.212658730111855 ], [ -56.10164771, -13.212576280111875 ], [ -56.101714869999967, -13.212498110111881 ], [ -56.101777490000018, -13.212429900111943 ], [ -56.102073599999983, -13.21212168011192 ], [ -56.102117529999987, -13.212074110111814 ], [ -56.10216308999992, -13.212020040111952 ], [ -56.102200189999962, -13.211969390111904 ], [ -56.102237230000014, -13.211910930111969 ], [ -56.102271799999926, -13.211849310111916 ], [ -56.102303669999912, -13.211784940111954 ], [ -56.102332610000019, -13.211718300111954 ], [ -56.102358400000014, -13.211649860111947 ], [ -56.10238082, -13.211580230111963 ], [ -56.102399679999962, -13.211509980111941 ], [ -56.102414819999979, -13.211439710111904 ], [ -56.102423169999952, -13.211383690111973 ], [ -56.102428359999919, -13.211320300111879 ], [ -56.102432759999942, -13.211122640111853 ], [ -56.102435539999988, -13.211060900111875 ], [ -56.102446199999974, -13.210929550111871 ], [ -56.102478420000011, -13.210602090111877 ], [ -56.102485300000012, -13.210509730111937 ], [ -56.102489419999927, -13.210426460111876 ], [ -56.102489486001332, -13.210252351316853 ], [ -56.098795488383047, -13.208278189087112 ], [ -56.095101490383044, -13.206304027087112 ], [ -56.091407493383045, -13.204329865087113 ], [ -56.087713495383042, -13.202355702087113 ], [ -56.084019497383046, -13.200381540087111 ], [ -56.080325499383044, -13.198407378087111 ], [ -56.076631502383044, -13.196433216087112 ], [ -56.072937504383042, -13.194459054087112 ], [ -56.069243506383046, -13.192484891087112 ], [ -56.065549509383047, -13.190510729087112 ], [ -56.061855511383044, -13.188536567087112 ], [ -56.061590429999967, -13.189027430111935 ], [ -56.060548128395055, -13.190966296825763 ], [ -56.064032118999933, -13.192970138111955 ], [ -56.067516108999932, -13.194973979111953 ], [ -56.071000099999935, -13.196977820111954 ], [ -56.074793410999931, -13.199181396111866 ], [ -56.07858672099993, -13.201384971111867 ], [ -56.082380031999932, -13.203588547111867 ], [ -56.086173342999928, -13.205792123111866 ], [ -56.089966652999934, -13.207995698111867 ], [ -56.093759963999929, -13.210199274111867 ], [ -56.097553273999928, -13.212402849111866 ], [ -56.101346584999931, -13.214606425111867 ] ] ] } },
{ "type": "Feature", "properties": { }, "geometry": { "type": "Polygon", "coordinates": [ [ [ -56.061902050000015, -13.18855729 ], [ -56.065573263000019, -13.190517225999926 ], [ -56.069244475000019, -13.192477162999927 ], [ -56.072915688000023, -13.194437098999927 ], [ -56.07658690100002, -13.196397034999928 ], [ -56.080258114000017, -13.198356971999926 ], [ -56.083929326000018, -13.200316907999927 ], [ -56.087600539000022, -13.202276844999927 ], [ -56.091271752000019, -13.204236780999928 ], [ -56.094942965000023, -13.206196716999926 ], [ -56.098614177000023, -13.208156653999927 ], [ -56.10228539000002, -13.210116589999927 ], [ -56.10237122, -13.209448109999926 ], [ -56.102242470000022, -13.208111149999979 ], [ -56.10207080999993, -13.206732400000021 ], [ -56.10207080999993, -13.205691288617857 ], [ -56.10211371999992, -13.20422557 ], [ -56.102199550000023, -13.203389959999981 ], [ -56.102199550000023, -13.202178310000022 ], [ -56.102242470000022, -13.201175559999967 ], [ -56.099312836497575, -13.199749441804101 ], [ -56.095782374118883, -13.197923120118039 ], [ -56.092251912118883, -13.196096798118038 ], [ -56.088721450118882, -13.194270477118039 ], [ -56.085190988118882, -13.192444155118039 ], [ -56.081262760000023, -13.190379835999982 ], [ -56.077334533000027, -13.188315516999982 ], [ -56.073406305000027, -13.186251197999981 ], [ -56.069478078000024, -13.184186878999983 ], [ -56.065549850000025, -13.182122559999982 ], [ -56.063672639446906, -13.185433964973413 ], [ -56.061902050000015, -13.18855729 ] ] ] } },
{ "type": "Feature", "properties": { }, "geometry": { "type": "Polygon", "coordinates": [ [ [ -56.011311231551531, -13.084949016321616 ], [ -56.009918986717821, -13.085472643049457 ], [ -56.006364147508584, -13.086809626743172 ], [ -56.002809307508585, -13.088146610743172 ], [ -55.999254468508582, -13.089483594743172 ], [ -55.997432254933074, -13.092443404017502 ], [ -56.001111909860732, -13.094463781078915 ], [ -56.004791563860728, -13.096484158078914 ], [ -56.008471218860727, -13.098504536078915 ], [ -56.01215087286073, -13.100524913078914 ], [ -56.012228761420772, -13.100430104067073 ], [ -56.012048001226219, -13.100017429665911 ], [ -56.01215632103299, -13.099908226300101 ], [ -56.012174279244334, -13.099230585409316 ], [ -56.011846599513319, -13.098915185446117 ], [ -56.011779107059397, -13.098545240716419 ], [ -56.011932528423529, -13.098281836774845 ], [ -56.011934809137813, -13.098116993050894 ], [ -56.012097198831327, -13.097836616393465 ], [ -56.0122151318904, -13.09740270852501 ], [ -56.012262441040946, -13.09729637255856 ], [ -56.012299251952072, -13.097037630108616 ], [ -56.01198696681297, -13.096611839237596 ], [ -56.011925667693674, -13.096159930499766 ], [ -56.011899425376214, -13.095725054480056 ], [ -56.012158060869069, -13.095283575273697 ], [ -56.012043382359082, -13.095042453062717 ], [ -56.012155128720565, -13.094586686284345 ], [ -56.012138767742783, -13.094107065821163 ], [ -56.012348965974809, -13.09361947024729 ], [ -56.012644917727471, -13.093353980074596 ], [ -56.012739063305446, -13.092953732270928 ], [ -56.012634200326772, -13.091950382196273 ], [ -56.012826020728824, -13.091727141607748 ], [ -56.013198426039366, -13.091588866817006 ], [ -56.013177943197604, -13.091335501542119 ], [ -56.013389340808146, -13.090948630976754 ], [ -56.013658831244243, -13.090526304705918 ], [ -56.013748785542646, -13.090056665248483 ], [ -56.014008506804998, -13.089761830718317 ], [ -56.013894710709337, -13.089217706721172 ], [ -56.013831220785733, -13.088942604197143 ], [ -56.014125279692792, -13.088617747426326 ], [ -56.01432104411731, -13.088192516478102 ], [ -56.014555473928453, -13.087980639321188 ], [ -56.014737402821254, -13.087587624055118 ], [ -56.014961764612394, -13.087376792997873 ], [ -56.015024323318869, -13.087171311658722 ], [ -56.015203758845985, -13.087062097533078 ], [ -56.015413558288174, -13.086701927073136 ], [ -56.015697654347832, -13.086469180602933 ], [ -56.015902440996172, -13.086423642089187 ], [ -56.015919256575216, -13.086200201515226 ], [ -56.015692828499198, -13.085888610622646 ], [ -56.015538867475129, -13.085426629198707 ], [ -56.015416620174221, -13.084908160138127 ], [ -56.015392833563737, -13.084471096067603 ], [ -56.01522403887725, -13.084095991485071 ], [ -56.015357650653016, -13.08389595267613 ], [ -56.015091296464448, -13.083695997618861 ], [ -56.014991534300577, -13.083703320328254 ], [ -56.015031281625113, -13.083549807250449 ], [ -56.012840071285666, -13.084374015913738 ], [ -56.011311231551531, -13.084949016321616 ] ] ] } },
{ "type": "Feature", "properties": { }, "geometry": { "type": "Polygon", "coordinates": [ [ [ -55.71445042, -13.24360236 ], [ -55.71297028, -13.24725694 ], [ -55.71698651, -13.24815654 ], [ -55.72100275, -13.24905614 ], [ -55.72501898, -13.24995574 ], [ -55.72903522, -13.25085534 ], [ -55.73305145, -13.25175493 ], [ -55.73706769, -13.25265453 ], [ -55.74108392, -13.25355413 ], [ -55.74510016, -13.25445373 ], [ -55.74911639, -13.25535333 ], [ -55.74909333, -13.25691889 ], [ -55.75207213, -13.25746759 ], [ -55.75505092, -13.2580163 ], [ -55.75802972, -13.258565 ], [ -55.7621494, -13.25932345 ], [ -55.76626909, -13.26008191 ], [ -55.77038877, -13.26084036 ], [ -55.77450845, -13.26159881 ], [ -55.77862813, -13.26235726 ], [ -55.78274782, -13.26311572 ], [ -55.7868675, -13.26387417 ], [ -55.79059588, -13.26465436 ], [ -55.79432426, -13.26543454 ], [ -55.79805264, -13.26621473 ], [ -55.80178102, -13.26699491 ], [ -55.8055094, -13.2677751 ], [ -55.80923778, -13.26855528 ], [ -55.81363271, -13.26947504 ], [ -55.81802764, -13.27039479 ], [ -55.82242257, -13.27131455 ], [ -55.8268175, -13.27223431 ], [ -55.83121243, -13.27315406 ], [ -55.83560736, -13.27407382 ], [ -55.84000229, -13.27499357 ], [ -55.84439722, -13.27591333 ], [ -55.84484333, -13.27578833 ], [ -55.84526972, -13.27567667 ], [ -55.84573139, -13.27570139 ], [ -55.84595, -13.27576278 ], [ -55.84619444, -13.27591389 ], [ -55.84630778, -13.27619889 ], [ -55.84626694, -13.27644167 ], [ -55.84636972, -13.27670667 ], [ -55.84655389, -13.27694167 ], [ -55.84707639, -13.27726583 ], [ -55.84736778, -13.27737944 ], [ -55.84758556, -13.2776275 ], [ -55.84810306, -13.27855528 ], [ -55.84834444, -13.27871639 ], [ -55.84859083, -13.27879472 ], [ -55.84938722, -13.27842556 ], [ -55.85030333, -13.27779861 ], [ -55.85102194, -13.2775075 ], [ -55.85127306, -13.27725556 ], [ -55.85204778, -13.27593806 ], [ -55.85253556, -13.27437222 ], [ -55.85270972, -13.27406306 ], [ -55.85301583, -13.27386389 ], [ -55.85333111, -13.2737725 ], [ -55.85365028, -13.27362167 ], [ -55.85393, -13.27339861 ], [ -55.854349326630611, -13.272942623280832 ], [ -55.854265620360316, -13.272922670776895 ], [ -55.85426139, -13.27292167 ], [ -55.851391171589732, -13.272238074184743 ], [ -55.84988466782778, -13.271879276320965 ], [ -55.845507962827782, -13.270836894320963 ], [ -55.841131257827776, -13.269794511320963 ], [ -55.836754552827777, -13.268752129320964 ], [ -55.832377847827779, -13.267709747320964 ], [ -55.828001141827777, -13.266667365320965 ], [ -55.823624436827778, -13.265624982320965 ], [ -55.81924773182778, -13.264582600320963 ], [ -55.814871026827781, -13.263540218320964 ], [ -55.810494321991044, -13.2624978361081 ], [ -55.806832557991044, -13.2616256581081 ], [ -55.806003494325189, -13.261428187184517 ], [ -55.80317074, -13.26075352 ], [ -55.79950889, -13.25988139 ], [ -55.79518142, -13.25884954 ], [ -55.79085395, -13.25781769 ], [ -55.78652648, -13.25678583 ], [ -55.78219901, -13.25575398 ], [ -55.77787155, -13.25472213 ], [ -55.77354408, -13.25369028 ], [ -55.76921661, -13.25265842 ], [ -55.76488914, -13.25162657 ], [ -55.76056167, -13.25059472 ], [ -55.7565043, -13.24962682 ], [ -55.75244692, -13.24865891 ], [ -55.74838955, -13.24769101 ], [ -55.74433218, -13.24672311 ], [ -55.7402748, -13.2457552 ], [ -55.73621743, -13.2447873 ], [ -55.73216006, -13.2438194 ], [ -55.72810268, -13.24285149 ], [ -55.72404531, -13.24188359 ], [ -55.71998793, -13.24091568 ], [ -55.71593056, -13.23994778 ], [ -55.71445042, -13.24360236 ] ] ] } },
{ "type": "Feature", "properties": { }, "geometry": { "type": "Polygon", "coordinates": [ [ [ -54.986614839625531, -13.108924117484666 ], [ -54.982398676850082, -13.109627814873589 ], [ -54.978182514850076, -13.110331511873587 ], [ -54.973966351850081, -13.111035209873588 ], [ -54.969750189850082, -13.111738906873589 ], [ -54.965534027850076, -13.112442604873587 ], [ -54.961317864850081, -13.113146301873588 ], [ -54.957101702850082, -13.113849999873588 ], [ -54.95288553985008, -13.114553696873587 ], [ -54.948669377850081, -13.115257393873588 ], [ -54.944453214850078, -13.115961091873588 ], [ -54.94023705285008, -13.116664788873589 ], [ -54.936020889850077, -13.117368486873588 ], [ -54.931804727850079, -13.118072183873588 ], [ -54.931326233497906, -13.118151991439856 ], [ -54.931322163364136, -13.118178448549365 ], [ -54.930897387507905, -13.120939573228709 ], [ -54.931124907474754, -13.12521568863221 ], [ -54.931352427474756, -13.12949180463221 ], [ -54.931235647900039, -13.130726163818249 ], [ -54.930441645248507, -13.130774407198334 ], [ -54.930882780109556, -13.132139094187735 ], [ -54.93105262094516, -13.133585976758784 ], [ -54.931099270433563, -13.133982318896726 ], [ -54.931953299819256, -13.135569028264882 ], [ -54.929481625352302, -13.137910214707663 ], [ -54.932824448021499, -13.140529294228861 ], [ -54.936167271021496, -13.14314837422886 ], [ -54.936617325691493, -13.143969834276684 ], [ -54.937799150255401, -13.144360152050526 ], [ -54.938017654527805, -13.145140382126018 ], [ -54.938561767412253, -13.145641840792399 ], [ -54.938344937534659, -13.148016734576471 ], [ -54.93820842129, -13.14855637069968 ], [ -54.93877110069635, -13.148590198891217 ], [ -54.940508069850729, -13.150220524023513 ], [ -54.942245039850732, -13.151850850023514 ], [ -54.945429900384973, -13.152280584512658 ], [ -54.945201292314842, -13.155169720596552 ], [ -54.944945135548267, -13.156306234959736 ], [ -54.944856435538291, -13.157372211418666 ], [ -54.945867973365289, -13.159576642674537 ], [ -54.945882503016101, -13.159812922028578 ], [ -54.945589894630345, -13.160976076814942 ], [ -54.945210043228393, -13.161165395512104 ], [ -54.946545762116394, -13.164271673837169 ], [ -54.947881480116394, -13.167377952837167 ], [ -54.94921719911639, -13.170484231837168 ], [ -54.949662103385108, -13.170355223077793 ], [ -54.953937061403636, -13.169115129937801 ], [ -54.958212020403636, -13.167875037937801 ], [ -54.962486978403639, -13.166634944937801 ], [ -54.966761936403636, -13.165394852937801 ], [ -54.971036894403639, -13.164154759937801 ], [ -54.975311853403639, -13.162914666937802 ], [ -54.979586811403635, -13.1616745749378 ], [ -54.983861769403639, -13.1604344819378 ], [ -54.988136727403635, -13.1591943889378 ], [ -54.992411686403635, -13.157954296937801 ], [ -54.996686644403638, -13.156714203937801 ], [ -55.000941454978303, -13.155549260680505 ], [ -55.005196264978302, -13.154384317680506 ], [ -55.009451075978298, -13.153219373680505 ], [ -55.013705885978297, -13.152054430680506 ], [ -55.017960696978299, -13.150889487680505 ], [ -55.022215506978299, -13.149724544680506 ], [ -55.026470317978301, -13.148559600680507 ], [ -55.0307251279783, -13.147394657680506 ], [ -55.034979938978303, -13.146229714680507 ], [ -55.039234748978302, -13.145064770680506 ], [ -55.043489559978298, -13.143899827680507 ], [ -55.047744369978297, -13.142734884680506 ], [ -55.051999180978299, -13.141569941680507 ], [ -55.056253990978298, -13.140404997680506 ], [ -55.060508801978301, -13.139240054680506 ], [ -55.0647636119783, -13.138075111680505 ], [ -55.069018422978303, -13.136910168680506 ], [ -55.073273232978302, -13.135745224680505 ], [ -55.077528043978297, -13.134580281680506 ], [ -55.081784284465158, -13.133688134552807 ], [ -55.086040524465162, -13.132795986552807 ], [ -55.090296764465158, -13.131903839552807 ], [ -55.094553005465158, -13.131011692552807 ], [ -55.098809245465162, -13.130119544552807 ], [ -55.103065485465159, -13.129227397552807 ], [ -55.107321725465162, -13.128335250552807 ], [ -55.111577966465155, -13.127443102552807 ], [ -55.115834206465159, -13.126550955552807 ], [ -55.116311204228936, -13.126450929496388 ], [ -55.11630504558039, -13.125147722286361 ], [ -55.116838141661709, -13.124493166782749 ], [ -55.117079611613448, -13.124306800096113 ], [ -55.1170448554888, -13.122566377450097 ], [ -55.116959945195028, -13.121107778927726 ], [ -55.116971403747854, -13.119602850637564 ], [ -55.116985366927167, -13.11776871866677 ], [ -55.116947383268204, -13.116451557578166 ], [ -55.116818044093755, -13.114522318365895 ], [ -55.117206736945334, -13.113913737724319 ], [ -55.117548854997203, -13.113116691062048 ], [ -55.117505503074376, -13.112504963465181 ], [ -55.117027243699297, -13.112266322913877 ], [ -55.116118730562206, -13.111789389245272 ], [ -55.115114929016762, -13.111217694371733 ], [ -55.114399520213496, -13.11060106735353 ], [ -55.113878996123056, -13.10960960785653 ], [ -55.113452693906247, -13.108853993603422 ], [ -55.112878078279159, -13.108661674718265 ], [ -55.112110014391064, -13.108656069108063 ], [ -55.111392467996382, -13.108321609090376 ], [ -55.110772362723651, -13.10779973452965 ], [ -55.110246477467321, -13.107513703552197 ], [ -55.109526420784981, -13.107508441443168 ], [ -55.108470340803997, -13.107500720067266 ], [ -55.107031309957172, -13.1073490975386 ], [ -55.106120319462967, -13.107201333328904 ], [ -55.104586008308317, -13.106954937381458 ], [ -55.104057249689838, -13.107045126214844 ], [ -55.103621977321275, -13.107465216421266 ], [ -55.10294920692715, -13.107554345011955 ], [ -55.102713873442035, -13.106941211180491 ], [ -55.10257526954895, -13.106234725399709 ], [ -55.102099202708935, -13.105713887590602 ], [ -55.101283870297316, -13.105613841715195 ], [ -55.09984450038074, -13.105509209080463 ], [ -55.098790598719638, -13.105219278539614 ], [ -55.097403935199893, -13.104503615829293 ], [ -55.095535445447034, -13.104019553726404 ], [ -55.095057951806922, -13.103686820553959 ], [ -55.093606540490143, -13.103002821373797 ], [ -55.092649753368953, -13.102572489287491 ], [ -55.09178643636195, -13.102472060426594 ], [ -55.091554396350688, -13.101435664875453 ], [ -55.091945659405603, -13.100497929932258 ], [ -55.092434007350214, -13.099419815423092 ], [ -55.091765538428639, -13.098476990341654 ], [ -55.088348983482966, -13.098280386637299 ], [ -55.087561620436027, -13.097796266748643 ], [ -55.085607163556539, -13.096691612083227 ], [ -55.084679287003631, -13.095294480290709 ], [ -55.083970091059598, -13.0947557526135 ], [ -55.083416060477859, -13.09396631842738 ], [ -55.083082543355893, -13.093590984875481 ], [ -55.083061500103732, -13.093567303169468 ], [ -55.082562656708575, -13.093693934455651 ], [ -55.082411746133587, -13.093732242848098 ], [ -55.079243480343884, -13.094536431726551 ], [ -55.076075214343888, -13.095340621726551 ], [ -55.072906948343885, -13.096144810726551 ], [ -55.068642456647645, -13.096668675594017 ], [ -55.064377965647651, -13.097192540594017 ], [ -55.060113473647647, -13.097716405594017 ], [ -55.055848982647646, -13.098240270594017 ], [ -55.051584490647649, -13.098764135594017 ], [ -55.047319999647648, -13.099288000594017 ], [ -55.043041857085818, -13.099940324674533 ], [ -55.038763714085817, -13.100592648674533 ], [ -55.034485572085821, -13.101244973674532 ], [ -55.03020742908582, -13.101897297674533 ], [ -55.026839224838483, -13.102452389109892 ], [ -55.023471020838478, -13.103007481109893 ], [ -55.020102815838477, -13.103562572109894 ], [ -55.01673461183848, -13.104117664109893 ], [ -55.012861083273002, -13.104722377560236 ], [ -55.008987555273002, -13.105327090560236 ], [ -55.005114027273002, -13.105931803560235 ], [ -55.001240499273003, -13.106536516560237 ], [ -54.997366971273003, -13.107141229560236 ], [ -54.993782927625531, -13.107735525484665 ], [ -54.990198883625531, -13.108329821484666 ], [ -54.986614839625531, -13.108924117484666 ] ] ] } },
{ "type": "Feature", "properties": { }, "geometry": { "type": "Polygon", "coordinates": [ [ [ -55.119898177697955, -13.136480557978986 ], [ -55.11618506301722, -13.13816493017964 ], [ -55.11247194901722, -13.13984930317964 ], [ -55.108758834017223, -13.141533675179639 ], [ -55.105045720017223, -13.143218048179639 ], [ -55.10133260501722, -13.144902420179639 ], [ -55.09761949101722, -13.146586793179639 ], [ -55.093906376017223, -13.148271165179638 ], [ -55.090193262017223, -13.14995553817964 ], [ -55.08648014701722, -13.15163991017964 ], [ -55.08276703301722, -13.153324283179639 ], [ -55.083889297248675, -13.157600143572795 ], [ -55.085011560248674, -13.161876003572795 ], [ -55.08613382424867, -13.166151863572795 ], [ -55.087256088248672, -13.170427723572795 ], [ -55.090585083538485, -13.168666078417845 ], [ -55.093914078538489, -13.166904433417844 ], [ -55.097243073538486, -13.165142788417844 ], [ -55.100572069538487, -13.163381143417844 ], [ -55.103901064538483, -13.161619498417844 ], [ -55.107230059538487, -13.159857853417844 ], [ -55.11082930362516, -13.158475933111255 ], [ -55.11442854762516, -13.157094013111255 ], [ -55.11802779162516, -13.155712092111255 ], [ -55.12162703562516, -13.154330172111255 ], [ -55.12522627962516, -13.152948251111255 ], [ -55.12882552362516, -13.151566331111255 ], [ -55.12883442687577, -13.15080957730237 ], [ -55.128766894829056, -13.149977050297943 ], [ -55.128796971912671, -13.149276352286188 ], [ -55.1286318116831, -13.148343720420412 ], [ -55.128635430707121, -13.14758193890308 ], [ -55.128625227119578, -13.147207807117994 ], [ -55.128861376801339, -13.146332580471444 ], [ -55.128892473053739, -13.145258726819007 ], [ -55.128742152079759, -13.144452603212628 ], [ -55.128449206180122, -13.143752318494284 ], [ -55.128213579211206, -13.14393989084029 ], [ -55.127639677225154, -13.144267712770977 ], [ -55.127425982590871, -13.143931026263914 ], [ -55.127044366432642, -13.143769307740305 ], [ -55.126366557231037, -13.14321947667414 ], [ -55.125652344374224, -13.14289509383331 ], [ -55.1248343818162, -13.1425294053229 ], [ -55.1247908940488, -13.142044294597047 ], [ -55.124702754804716, -13.141595054284839 ], [ -55.124101487263729, -13.140993928010818 ], [ -55.12350342157427, -13.140572420935216 ], [ -55.123123855502811, -13.140479366964989 ], [ -55.122434298073351, -13.140643680935725 ], [ -55.122006749002793, -13.140577272092768 ], [ -55.121660084287988, -13.140311482684954 ], [ -55.121519997725692, -13.139397416815932 ], [ -55.121133519888765, -13.138719879604377 ], [ -55.120481198765241, -13.137874637715358 ], [ -55.120483595361044, -13.137494299439147 ], [ -55.119898177697955, -13.136480557978986 ] ] ] } },
{ "type": "Feature", "properties": { }, "geometry": { "type": "Polygon", "coordinates": [ [ [ -55.077968306210607, -13.134450271883228 ], [ -55.078928052017218, -13.138225074179639 ], [ -55.079887797017221, -13.141999876179639 ], [ -55.080847542017217, -13.14577467817964 ], [ -55.081807288017217, -13.149549481179639 ], [ -55.08276703301722, -13.153324283179639 ], [ -55.086480147697955, -13.151639910978986 ], [ -55.090193261697955, -13.149955537978986 ], [ -55.093906376697952, -13.148271165978986 ], [ -55.097619490697952, -13.146586792978987 ], [ -55.101332605697955, -13.144902420978987 ], [ -55.105045719697955, -13.143218047978985 ], [ -55.108758834697952, -13.141533675978986 ], [ -55.112471948697952, -13.139849302978986 ], [ -55.116185063697955, -13.138164930978986 ], [ -55.119898177697955, -13.136480557978986 ], [ -55.119608133298705, -13.135456048538794 ], [ -55.11925691033494, -13.134741344191724 ], [ -55.118763206431616, -13.133840543490987 ], [ -55.118045077504746, -13.133174921088941 ], [ -55.117171400328715, -13.132902812284108 ], [ -55.116350691229734, -13.13257576575927 ], [ -55.116001217917152, -13.132131490719964 ], [ -55.116230863796019, -13.132027443651893 ], [ -55.117148372029078, -13.131875567862625 ], [ -55.117735561892701, -13.131231671350269 ], [ -55.118199215317674, -13.13053643613053 ], [ -55.118000129784463, -13.129864759386223 ], [ -55.117514203344157, -13.129098043884337 ], [ -55.117300979211528, -13.128585480752053 ], [ -55.117035885079886, -13.127788620430477 ], [ -55.116834023009687, -13.127235534911653 ], [ -55.116613798614637, -13.12673273253707 ], [ -55.116371944531522, -13.126442500141394 ], [ -55.112104873210605, -13.127332252883228 ], [ -55.107837802210604, -13.128222004883227 ], [ -55.103570732210606, -13.129111757883228 ], [ -55.099303661210605, -13.130001509883227 ], [ -55.095036590210604, -13.130891261883228 ], [ -55.09076951921061, -13.131781014883227 ], [ -55.086502448210609, -13.132670766883228 ], [ -55.082235377210608, -13.133560519883227 ], [ -55.077968306210607, -13.134450271883228 ] ] ] } },
{ "type": "Feature", "properties": { }, "geometry": { "type": "Polygon", "coordinates": [ [ [ -54.46982694, -15.25067139 ], [ -54.46944175, -15.255088 ], [ -54.46905656, -15.25950461 ], [ -54.46867137, -15.26392123 ], [ -54.46828618, -15.26833784 ], [ -54.46792513, -15.27243718 ], [ -54.46756408, -15.27653652 ], [ -54.46720303, -15.28063586 ], [ -54.46684198, -15.28473521 ], [ -54.46648093, -15.28883455 ], [ -54.46611988, -15.29293389 ], [ -54.46978458, -15.29320009 ], [ -54.47344928, -15.2934663 ], [ -54.47711399, -15.2937325 ], [ -54.48077869, -15.2939987 ], [ -54.48443721, -15.29425236 ], [ -54.48809573, -15.29450601 ], [ -54.49175426, -15.29475967 ], [ -54.49411922, -15.29489405 ], [ -54.49648418, -15.29502843 ], [ -54.49732185, -15.29098492 ], [ -54.49815951, -15.28694141 ], [ -54.49899718, -15.28289789 ], [ -54.49983485, -15.27885438 ], [ -54.50067251, -15.27481087 ], [ -54.49904194, -15.27413033 ], [ -54.4966647, -15.27284336 ], [ -54.49415939, -15.27180714 ], [ -54.49246186, -15.26941874 ], [ -54.49124504, -15.26805684 ], [ -54.49125637, -15.26799757 ], [ -54.49206056, -15.26378829 ], [ -54.49286475, -15.25957902 ], [ -54.49366894, -15.25536974 ], [ -54.49447313, -15.25116047 ], [ -54.49210254, -15.25113469 ], [ -54.49173106, -15.25113107 ], [ -54.48993701, -15.2510702 ], [ -54.485915, -15.25099043 ], [ -54.48189298, -15.25091067 ], [ -54.47787097, -15.25083091 ], [ -54.47384896, -15.25075115 ], [ -54.46982694, -15.25067139 ] ] ] } },
{ "type": "Feature", "properties": { }, "geometry": { "type": "Polygon", "coordinates": [ [ [ -54.530169729999947, -15.209355369999967 ], [ -54.529912650000021, -15.21250197 ], [ -54.529559164, -15.216884072 ], [ -54.529205678, -15.221266174 ], [ -54.528852192, -15.225648276 ], [ -54.528498706, -15.230030378 ], [ -54.52814522, -15.23441248 ], [ -54.528097779999946, -15.23501148999992 ], [ -54.528086850000022, -15.235149489999969 ], [ -54.52805900999995, -15.235501079999956 ], [ -54.528056489999976, -15.235532920000015 ], [ -54.527768329999958, -15.239173329999852 ], [ -54.527698759999957, -15.240050100000023 ], [ -54.527664359999946, -15.240484399999959 ], [ -54.527462259999901, -15.243036074999951 ], [ -54.527260159999898, -15.245587749999951 ], [ -54.527241959999905, -15.245812129999987 ], [ -54.527000159999965, -15.248826629999941 ], [ -54.526758359999967, -15.251841129999942 ], [ -54.52651118999993, -15.25498346 ], [ -54.526264019999928, -15.25812579 ], [ -54.529985795580089, -15.258321058260256 ], [ -54.533707571580088, -15.258516326260255 ], [ -54.537063371, -15.258692287999979 ], [ -54.54041917, -15.258868249999979 ], [ -54.543886519999987, -15.259049926999928 ], [ -54.547353869999988, -15.259231602999929 ], [ -54.550821219999989, -15.259413279999929 ], [ -54.551427262999979, -15.256354826999909 ], [ -54.552033306999981, -15.253296372999907 ], [ -54.552639349999978, -15.250237919999908 ], [ -54.552676224422257, -15.250062519601528 ], [ -54.552708225549331, -15.25006800168387 ], [ -54.552766859999949, -15.250077909999954 ], [ -54.55350875000002, -15.246339029999955 ], [ -54.554250640000021, -15.242600149999955 ], [ -54.554992530000021, -15.238861269999955 ], [ -54.555734420000022, -15.235122389999955 ], [ -54.556511259999937, -15.231209955 ], [ -54.557288099999937, -15.22729752 ], [ -54.558064939999937, -15.223385085 ], [ -54.558841779999938, -15.21947265 ], [ -54.559453332293359, -15.216391913005046 ], [ -54.560064884293354, -15.213311175005044 ], [ -54.560676436293356, -15.210230438005045 ], [ -54.560675060043401, -15.210230548049184 ], [ -54.560689439999898, -15.210158060000023 ], [ -54.556385893837493, -15.209352816142507 ], [ -54.552082347837498, -15.208547571142507 ], [ -54.547778802837492, -15.207742327142507 ], [ -54.543475256837496, -15.206937083142506 ], [ -54.539171710837493, -15.206131839142508 ], [ -54.534868164837498, -15.205326594142507 ], [ -54.530564618837495, -15.204521350142507 ], [ -54.530436420000015, -15.206090829999869 ], [ -54.530169729999947, -15.209355369999967 ] ] ] } },
{ "type": "Feature", "properties": { }, "geometry": { "type": "Polygon", "coordinates": [ [ [ -54.456012676934385, -15.205536039565464 ], [ -54.455839852421256, -15.205976265199258 ], [ -54.456227045805321, -15.205936202771802 ], [ -54.456748778373843, -15.206429273361868 ], [ -54.456967806708612, -15.206681613203889 ], [ -54.457316699163158, -15.207143549900671 ], [ -54.458397556207061, -15.20719253885947 ], [ -54.46001753568062, -15.207806056831146 ], [ -54.461062096416576, -15.208447030961405 ], [ -54.461334313941727, -15.208577656646199 ], [ -54.462701939363342, -15.208995987069418 ], [ -54.464848891744595, -15.209615060782829 ], [ -54.466738915207074, -15.210622998041663 ], [ -54.46791508423086, -15.211199484620288 ], [ -54.470368228385077, -15.21252114644459 ], [ -54.470467457239415, -15.212703292985132 ], [ -54.471273236476108, -15.214180924162823 ], [ -54.473696349205817, -15.214913058852927 ], [ -54.474450056962354, -15.215353149374534 ], [ -54.475336638165686, -15.215752544735418 ], [ -54.477897622445688, -15.217066316093002 ], [ -54.478577752851152, -15.2179992473936 ], [ -54.479747028944324, -15.218012368055861 ], [ -54.480771683340713, -15.218389355097845 ], [ -54.482343951036647, -15.21931331040766 ], [ -54.485320576380431, -15.220058672539796 ], [ -54.485706805132089, -15.220697780021169 ], [ -54.487173303863678, -15.22054228329046 ], [ -54.487162916941799, -15.220633586182622 ], [ -54.486719630819941, -15.224548814937309 ], [ -54.486276343819945, -15.22846404393731 ], [ -54.485833057819946, -15.232379272937308 ], [ -54.485389770819943, -15.236294501937309 ], [ -54.484946484819943, -15.240209730937309 ], [ -54.486774150799071, -15.239661101897445 ], [ -54.48971368547781, -15.238640591591274 ], [ -54.492653220477813, -15.237620080591274 ], [ -54.492735544763626, -15.237433283726102 ], [ -54.493181057480697, -15.233610508472273 ], [ -54.493626569480696, -15.229787732472273 ], [ -54.494072081480695, -15.225964956472273 ], [ -54.494536577128393, -15.221977934784602 ], [ -54.495001072128396, -15.217990913784602 ], [ -54.495465567128392, -15.214003892784604 ], [ -54.495930063128391, -15.210016870784603 ], [ -54.496394558128394, -15.206029849784603 ], [ -54.496859053128397, -15.202042828784602 ], [ -54.497323548128392, -15.198055807784604 ], [ -54.497788044128392, -15.194068785784603 ], [ -54.498252539128394, -15.190081764784603 ], [ -54.498695937592217, -15.186310579470179 ], [ -54.499139335592218, -15.182539394470179 ], [ -54.49958273359222, -15.17876820947018 ], [ -54.500026131592215, -15.17499702447018 ], [ -54.500469529592216, -15.17122583947018 ], [ -54.500912927592218, -15.16745465447018 ], [ -54.500982577859958, -15.167266172507906 ], [ -54.501287983096134, -15.167040827950469 ], [ -54.497385520624292, -15.166605655591857 ], [ -54.493483057624296, -15.166170483591857 ], [ -54.489580595624297, -15.165735311591858 ], [ -54.485678132624294, -15.165300139591857 ], [ -54.481775670624295, -15.164864967591857 ], [ -54.477836523126555, -15.164425398434812 ], [ -54.473897375126555, -15.163985828434811 ], [ -54.469958228126558, -15.163546259434812 ], [ -54.466019080126557, -15.163106689434811 ], [ -54.465122856230295, -15.166907393168866 ], [ -54.464226633230297, -15.170708096168866 ], [ -54.463330409230295, -15.174508799168866 ], [ -54.462434185230293, -15.178309502168865 ], [ -54.461537962230295, -15.182110206168867 ], [ -54.460641738230294, -15.185910909168866 ], [ -54.459715925934383, -15.189835935565464 ], [ -54.458790113934384, -15.193760961565465 ], [ -54.457864301934386, -15.197685987565464 ], [ -54.456938488934384, -15.201611013565463 ], [ -54.456012676934385, -15.205536039565464 ] ] ] } }
]
}
