{
"type": "FeatureCollection",
"name": "SAFRA_2025",
"crs": { "type": "name", "properties": { "name": "urn:ogc:def:crs:OGC:1.3:CRS84" } },
"features": [
{ "type": "Feature", "properties": { }, "geometry": { "type": "Polygon", "coordinates": [ [ [ -53.947213754043979, -15.223312388361165 ], [ -53.947091329211482, -15.223287386106641 ], [ -53.946863020060782, -15.223320527757551 ], [ -53.946667674551165, -15.223367884244729 ], [ -53.946555202894118, -15.223533631949858 ], [ -53.946519685528735, -15.223805931751141 ], [ -53.946455884191813, -15.224513546578805 ], [ -53.946342098701813, -15.224646509398578 ], [ -53.94629178243418, -15.224909929858514 ], [ -53.946309541116875, -15.225259183951465 ], [ -53.946330259580023, -15.22584818026076 ], [ -53.946356897604062, -15.22603464642903 ], [ -53.946427932334835, -15.226286227767172 ], [ -53.946469369261116, -15.226543728666211 ], [ -53.946538924101652, -15.22674647362695 ], [ -53.946972531937384, -15.227524895884967 ], [ -53.947272712383352, -15.227869570645161 ], [ -53.94727975647961, -15.227879656510257 ], [ -53.947821966646792, -15.228456353543184 ], [ -53.948151507808468, -15.228780146893902 ], [ -53.948775038230664, -15.229080260510779 ], [ -53.949455787733861, -15.229388077677447 ], [ -53.950183893724244, -15.229648538356935 ], [ -53.95103039093258, -15.229796527379371 ], [ -53.951687462192197, -15.229796527379371 ], [ -53.952653830508709, -15.229654457917832 ], [ -53.952937969431787, -15.229547905821677 ], [ -53.953417453864482, -15.229393997238343 ], [ -53.95421067502474, -15.228884915001164 ], [ -53.954536250874099, -15.228654052126162 ], [ -53.955258437303591, -15.228482384860136 ], [ -53.955555069598397, -15.228514080371539 ], [ -53.956703798496001, -15.228165207150786 ], [ -53.956967580687298, -15.227897170408012 ], [ -53.957069689922641, -15.227684442834382 ], [ -53.957107980885894, -15.227084551076745 ], [ -53.957461108658109, -15.226246404436642 ], [ -53.957780200018554, -15.225774149223184 ], [ -53.958043982209858, -15.225561421649555 ], [ -53.958652383070444, -15.22504662092137 ], [ -53.959171438350097, -15.224748802318288 ], [ -53.959426711438454, -15.224629674877056 ], [ -53.96026911263003, -15.224557347502021 ], [ -53.960495804525486, -15.224492792856294 ], [ -53.960438053088886, -15.224421566084485 ], [ -53.95939621037094, -15.222183972065251 ], [ -53.959147588813252, -15.221840637533198 ], [ -53.959046956277994, -15.221787361485122 ], [ -53.95888712813376, -15.221870235337686 ], [ -53.956525223335674, -15.222912078055639 ], [ -53.956424590800417, -15.222953514981922 ], [ -53.955779358662596, -15.22188799402038 ], [ -53.954855907162589, -15.220828392619735 ], [ -53.954459296582463, -15.220573851501154 ], [ -53.954382342290799, -15.220455460283205 ], [ -53.954311307560033, -15.220354827747947 ], [ -53.954435618338877, -15.220277873456281 ], [ -53.954642802970291, -15.220325229943461 ], [ -53.95543010456965, -15.220532414574871 ], [ -53.958416523042416, -15.220345948406601 ], [ -53.95941100927319, -15.220082527946664 ], [ -53.961124722153023, -15.219307065469097 ], [ -53.966295458596939, -15.217030994304027 ], [ -53.971238291946349, -15.21478304105322 ], [ -53.971512071637854, -15.214633572140558 ], [ -53.972192821141064, -15.213705680969879 ], [ -53.974578404182722, -15.21038184752596 ], [ -53.975265073246824, -15.209399200416982 ], [ -53.976171121104343, -15.208048170475591 ], [ -53.97309854, -15.20598963 ], [ -53.971021192556144, -15.204597860550033 ], [ -53.970017812264203, -15.203925624015032 ], [ -53.968093832520701, -15.202636610733602 ], [ -53.96693708, -15.20186162 ], [ -53.96385635, -15.19979762 ], [ -53.962086448575256, -15.198611831488938 ], [ -53.962066674554784, -15.198598583445746 ], [ -53.960828842547137, -15.197769270462848 ], [ -53.957120744540326, -15.201333878288835 ], [ -53.952264174034354, -15.20598197577265 ], [ -53.948413804951649, -15.209683435553812 ], [ -53.948645678006898, -15.209940835917902 ], [ -53.948883932889373, -15.21038543654679 ], [ -53.9491668605623, -15.211219328635419 ], [ -53.949211533352717, -15.211432056209057 ], [ -53.949288115279224, -15.211576710959125 ], [ -53.949326248784793, -15.21169111147583 ], [ -53.949306318821215, -15.211923153194599 ], [ -53.949258962334035, -15.212071142217034 ], [ -53.949247123212238, -15.212139217167355 ], [ -53.949256002553589, -15.212236889922162 ], [ -53.949244163431793, -15.212313844213828 ], [ -53.949146490676988, -15.212565425551967 ], [ -53.94909321462891, -15.212734133037541 ], [ -53.949066576604871, -15.212891001401321 ], [ -53.949119852652949, -15.213213617470229 ], [ -53.949078415726667, -15.213524394417341 ], [ -53.949129868026745, -15.213742042490912 ], [ -53.949194515146822, -15.214299623901589 ], [ -53.949220042455671, -15.214818679181246 ], [ -53.949390224514573, -15.215269661637342 ], [ -53.949424260926357, -15.215601516652203 ], [ -53.949654006705877, -15.216154608343642 ], [ -53.950300698529709, -15.217371410064805 ], [ -53.950904844838817, -15.218120211123983 ], [ -53.951721718721558, -15.218937085006722 ], [ -53.952516200717845, -15.219449134930615 ], [ -53.952634591935791, -15.219561606587666 ], [ -53.952658270179384, -15.219638560879334 ], [ -53.95254579852233, -15.219656319562025 ], [ -53.952450656510273, -15.219621434157604 ], [ -53.951414434670639, -15.219522768877985 ], [ -53.951173655479671, -15.219529606420933 ], [ -53.950988954006299, -15.219561606587666 ], [ -53.950906080153736, -15.219662239122924 ], [ -53.95085566743461, -15.219981154067895 ], [ -53.950630705493097, -15.220892637796462 ], [ -53.9498084308103, -15.221094327812997 ], [ -53.949339113656443, -15.22128438186704 ], [ -53.949170168920574, -15.221580916798679 ], [ -53.949069536385323, -15.221915371989381 ], [ -53.948791317023144, -15.222220229375598 ], [ -53.948578212830839, -15.222462931372391 ], [ -53.948494065507269, -15.222821046726182 ], [ -53.948072924330745, -15.223222133560967 ], [ -53.947927061132113, -15.223312388361165 ], [ -53.947731715622503, -15.223321267702511 ], [ -53.947213754043979, -15.223312388361165 ] ] ] } },
{ "type": "Feature", "properties": { }, "geometry": { "type": "MultiPolygon", "coordinates": [ [ [ [ -53.980411317801277, -15.16633613687728 ], [ -53.981027369541167, -15.16614051855229 ], [ -53.981206464290338, -15.166116409643747 ], [ -53.981383273823013, -15.166125966915784 ], [ -53.981470751772207, -15.166153067864895 ], [ -53.981919399157213, -15.166292060263123 ], [ -53.982261102853137, -15.166390190555285 ], [ -53.982375746354521, -15.16635491563178 ], [ -53.982389522873689, -15.166329084658344 ], [ -53.982405021457751, -15.166277422711469 ], [ -53.982413631782229, -15.166249869673136 ], [ -53.982454961339734, -15.166263646192302 ], [ -53.982622001634624, -15.166385912799905 ], [ -53.982807399664885, -15.166547075793533 ], [ -53.984605820394712, -15.167063545336458 ], [ -53.984850353609808, -15.167091959407193 ], [ -53.984895127297101, -15.167098847666777 ], [ -53.984929568595021, -15.167167730262609 ], [ -53.984707386143462, -15.167206814895318 ], [ -53.987983390833747, -15.168108779823029 ], [ -53.988288639586287, -15.168333870373031 ], [ -53.988590712746046, -15.16861041622351 ], [ -53.988867258596521, -15.1688231438008 ], [ -53.989037440658358, -15.168916743934808 ], [ -53.989335259266561, -15.168950780347174 ], [ -53.989599041462405, -15.168967798553357 ], [ -53.989656315319706, -15.168977002378764 ], [ -53.989761763931185, -15.168753798174702 ], [ -53.989763339475857, -15.168750463202445 ], [ -53.989795129173459, -15.168683173609431 ], [ -53.982731362222957, -15.165366852488763 ], [ -53.979642001792143, -15.164837908233562 ], [ -53.97877610466518, -15.164689579369485 ], [ -53.978947115146944, -15.164813667550023 ], [ -53.979401740279442, -15.164903214924605 ], [ -53.979755304181253, -15.16496352876668 ], [ -53.980042007792484, -15.165356912791385 ], [ -53.980100868085252, -15.165476051697233 ], [ -53.98013189579526, -15.166096605897406 ], [ -53.98019389013151, -15.166241259348656 ], [ -53.980411317801277, -15.16633613687728 ] ] ], [ [ [ -53.977851035559262, -15.165001334355567 ], [ -53.97769345190278, -15.164884272210752 ], [ -53.977514357153616, -15.164698289202004 ], [ -53.977473027596119, -15.164574300529505 ], [ -53.977480249045534, -15.16446778415057 ], [ -53.975865774943173, -15.164191362275966 ], [ -53.974722734774559, -15.160686157903392 ], [ -53.973580836406718, -15.157181761906013 ], [ -53.972437525394817, -15.153680265983809 ], [ -53.971337347260459, -15.15685956206188 ], [ -53.971302924808711, -15.156959045122596 ], [ -53.970876318696853, -15.158191962590839 ], [ -53.97016735, -15.16024094 ], [ -53.969934983674293, -15.160912491736271 ], [ -53.970412092949537, -15.161046224256975 ], [ -53.970613040945913, -15.161149653372759 ], [ -53.970657094738492, -15.161182693717189 ], [ -53.970967066419739, -15.161366954661041 ], [ -53.971022172063783, -15.161427480532371 ], [ -53.971121270387798, -15.161690306522152 ], [ -53.971129823610937, -15.161945192571752 ], [ -53.970867186655767, -15.16232614480802 ], [ -53.970288572850777, -15.162816933303331 ], [ -53.970167915099651, -15.162991838398233 ], [ -53.970086939769097, -15.163279750684671 ], [ -53.97012278344441, -15.163607464287555 ], [ -53.970344020124791, -15.164339247153436 ], [ -53.970258929093873, -15.164628556658551 ], [ -53.970156819856776, -15.164849793338934 ], [ -53.970284456403142, -15.165300775802791 ], [ -53.9705312203928, -15.165836849297564 ], [ -53.970480165774248, -15.166083613287221 ], [ -53.976172755742553, -15.166526086647984 ], [ -53.97687374901242, -15.166519372829374 ], [ -53.977300821106581, -15.166543481737914 ], [ -53.977764140364137, -15.166540433584904 ], [ -53.977734781460292, -15.166100050027202 ], [ -53.977796775796541, -15.16575908117783 ], [ -53.97783466122425, -15.165573098169082 ], [ -53.97791272281151, -15.165436704846286 ], [ -53.977913876209456, -15.165264848552731 ], [ -53.977894933495598, -15.165092642063149 ], [ -53.977851035559262, -15.165001334355567 ] ] ] ] } },
{ "type": "Feature", "properties": { }, "geometry": { "type": "MultiPolygon", "coordinates": [ [ [ [ -53.990068804073204, -15.19747262395577 ], [ -53.990014054005577, -15.197513244973683 ], [ -53.989734500664909, -15.197807936581903 ], [ -53.989443845928037, -15.198251992429906 ], [ -53.989197596775966, -15.198484112532272 ], [ -53.989080527506943, -15.198657698000128 ], [ -53.989944796431544, -15.19969164167348 ], [ -53.99229438170682, -15.202392119375277 ], [ -53.993995102989437, -15.20434445127974 ], [ -53.996336125682134, -15.20703400104464 ], [ -53.996882033686362, -15.207658013047991 ], [ -53.997658674118497, -15.208551312754402 ], [ -53.997966856130731, -15.208887169411998 ], [ -53.998277947528756, -15.20880655813732 ], [ -53.998810436089613, -15.208803719712156 ], [ -53.999079518795213, -15.208878086451467 ], [ -53.999371188845387, -15.208937872915792 ], [ -53.999194898174842, -15.208733249816049 ], [ -53.998454953062655, -15.207880833046815 ], [ -53.99801098599535, -15.207211922665403 ], [ -53.997862996972913, -15.206933703303223 ], [ -53.997416070125162, -15.205945136633344 ], [ -53.997256415828531, -15.205339463984226 ], [ -53.997161035709155, -15.204396431513576 ], [ -53.99712946471768, -15.204094533907808 ], [ -53.997060897575011, -15.204043743431754 ], [ -53.9970727355931, -15.203719381735901 ], [ -53.997149689884765, -15.202754493309616 ], [ -53.997339115833483, -15.20188431785769 ], [ -53.99773276663317, -15.200860233822427 ], [ -53.998404636795051, -15.199738477032364 ], [ -53.999112024322294, -15.198921577628514 ], [ -53.999828291190887, -15.198297063953829 ], [ -54.00053567871813, -15.197864936008315 ], [ -54.000889693139541, -15.19761663422663 ], [ -53.990068804073204, -15.19747262395577 ] ] ], [ [ [ -54.012041825212634, -15.218231185276052 ], [ -54.012109900162955, -15.218361415615796 ], [ -54.012550907449814, -15.218849779389837 ], [ -54.012719614935392, -15.218917854340157 ], [ -54.012879443079626, -15.218947452144644 ], [ -54.012980075614884, -15.219048084679901 ], [ -54.01309846683283, -15.219273027994005 ], [ -54.013586830606869, -15.219616362526057 ], [ -54.014604995081235, -15.220430302149458 ], [ -54.01484473729758, -15.220560532489202 ], [ -54.014995686100463, -15.220599009635036 ], [ -54.015466291191814, -15.220631567219975 ], [ -54.015578762848868, -15.220628607439528 ], [ -54.015963534307197, -15.220779556242412 ], [ -54.016206236304008, -15.221011899007634 ], [ -54.016269871583653, -15.221140649457153 ], [ -54.016620605566821, -15.221526900805712 ], [ -54.016715318541181, -15.221621613780071 ], [ -54.016798192393743, -15.221843597313725 ], [ -54.016750835906564, -15.222003425457958 ], [ -54.016602846884133, -15.222047822164688 ], [ -54.016558450177406, -15.222400036038087 ], [ -54.016647243590867, -15.222619059791294 ], [ -54.016727157662984, -15.223024549712768 ], [ -54.016691640297601, -15.223468516780077 ], [ -54.016789313052421, -15.224365330256045 ], [ -54.016869227124538, -15.225022401515663 ], [ -54.016978739001118, -15.225362776267268 ], [ -54.017103049779969, -15.225481167485217 ], [ -54.01719184319343, -15.225682432555731 ], [ -54.017203682315227, -15.225771225969194 ], [ -54.017594373334454, -15.226150077866629 ], [ -54.01847638790818, -15.226842666491633 ], [ -54.018571100882539, -15.226931459905094 ], [ -54.018760526831258, -15.226972896831377 ], [ -54.019257769946641, -15.227026172879453 ], [ -54.019625559956445, -15.227160633743253 ], [ -54.019665479703484, -15.22721189910261 ], [ -54.020139044575281, -15.227599630341393 ], [ -54.020523816033631, -15.228138310383063 ], [ -54.02108025475799, -15.228721387131463 ], [ -54.021687009749982, -15.229242308490438 ], [ -54.021828144390341, -15.228418073367678 ], [ -54.021831455, -15.228398705 ], [ -54.02242745, -15.2249119 ], [ -54.022727390277808, -15.223157131486243 ], [ -54.023023444996532, -15.221425092114165 ], [ -54.023539157452689, -15.218407969842179 ], [ -54.023619440446723, -15.217938287386078 ], [ -54.024269265, -15.214135985 ], [ -54.02491909, -15.21033368 ], [ -54.02182088, -15.20969826 ], [ -54.021820864702491, -15.209698256862534 ], [ -54.020498859395722, -15.209427118191021 ], [ -54.020271780490276, -15.209380545100553 ], [ -54.018722677, -15.209062833 ], [ -54.016370127319135, -15.208580339681813 ], [ -54.016229174602522, -15.208772466907041 ], [ -54.016113743165022, -15.208837582076914 ], [ -54.015971673703483, -15.20896189285576 ], [ -54.015909518314054, -15.209130600341338 ], [ -54.015723052145788, -15.209284508924672 ], [ -54.015580982684263, -15.209462095751595 ], [ -54.015492189270802, -15.209604165213133 ], [ -54.015379717613747, -15.209692958626595 ], [ -54.015344200248364, -15.209793591161851 ], [ -54.01523172859131, -15.210059971402238 ], [ -54.015083739568873, -15.210438823299675 ], [ -54.014600305504104, -15.211751768504383 ], [ -54.015698633957044, -15.210726661948311 ], [ -54.015794110429162, -15.210664394683887 ], [ -54.016056767391355, -15.210569793584529 ], [ -54.016858867892964, -15.210217579711131 ], [ -54.017515939152567, -15.210031113542858 ], [ -54.017951026878535, -15.209995596177473 ], [ -54.018661374186223, -15.210013354860166 ], [ -54.019072783668605, -15.210048872225546 ], [ -54.019424997542004, -15.21010806783452 ], [ -54.020040631875332, -15.210315252465929 ], [ -54.020452041357707, -15.21048987951241 ], [ -54.021162388665402, -15.211016720432283 ], [ -54.02177210343784, -15.211661952570106 ], [ -54.022168714017972, -15.212200632611776 ], [ -54.022369979088481, -15.212591323631006 ], [ -54.02269555493784, -15.213301670938701 ], [ -54.022837624399379, -15.213396383913061 ], [ -54.022849463521176, -15.213526614252805 ], [ -54.022719233181434, -15.213550292496395 ], [ -54.022725152742332, -15.2137693162496 ], [ -54.022760670107715, -15.214254720243192 ], [ -54.022713313620535, -15.215012424038067 ], [ -54.022577163719895, -15.215598460566914 ], [ -54.022298944357715, -15.216332486118192 ], [ -54.021854977290403, -15.216995476938708 ], [ -54.021387331979504, -15.217463122249606 ], [ -54.02084865193784, -15.218001802291276 ], [ -54.020144224191043, -15.218392493310507 ], [ -54.020006741428759, -15.218472971025014 ], [ -54.01926368950754, -15.218689951245601 ], [ -54.018121214254322, -15.218796503341759 ], [ -54.017357590898555, -15.218713629489194 ], [ -54.01636902422868, -15.218435410127015 ], [ -54.01552252702033, -15.217950006133425 ], [ -54.014859536199815, -15.217393567409065 ], [ -54.014267580110072, -15.216618104931499 ], [ -54.013859130408143, -15.215629538261624 ], [ -54.013672664239884, -15.214723845444313 ], [ -54.013725940287962, -15.214010538356169 ], [ -54.013666744678986, -15.214072693745592 ], [ -54.012163176211033, -15.217982563718358 ], [ -54.012041825212634, -15.218231185276052 ] ], [ [ -54.016736037004328, -15.219959697058091 ], [ -54.01633350686329, -15.219918260131813 ], [ -54.01610264398829, -15.219862024303287 ], [ -54.015848102869704, -15.219847225401043 ], [ -54.015691234505915, -15.21978211023117 ], [ -54.014841777517134, -15.219142797654246 ], [ -54.014596115739877, -15.218926733681487 ], [ -54.014474764741479, -15.218604117612575 ], [ -54.014504362545971, -15.218219346154241 ], [ -54.014619793983471, -15.218177909227958 ], [ -54.014708587396932, -15.218160150545266 ], [ -54.014815139493088, -15.21822230593469 ], [ -54.01487729488251, -15.218302220006805 ], [ -54.015324221730275, -15.218568600247192 ], [ -54.015655717140532, -15.218651474099756 ], [ -54.016283190595665, -15.218802422902641 ], [ -54.016647243590853, -15.218811302243989 ], [ -54.017108969340839, -15.219056964021233 ], [ -54.018029461060422, -15.21968443747636 ], [ -54.018221846789594, -15.219850185181489 ], [ -54.018680612759141, -15.219909380790464 ], [ -54.018787164855297, -15.219974495960335 ], [ -54.018766446392156, -15.220261594663862 ], [ -54.018526704175812, -15.220421422808093 ], [ -54.018446790103695, -15.220489497758413 ], [ -54.018272163057219, -15.220507256441106 ], [ -54.018168570741516, -15.220391825003606 ], [ -54.0180827371085, -15.220249755542067 ], [ -54.017795638404976, -15.220104726300079 ], [ -54.017425665848883, -15.219959697058091 ], [ -54.016990578122922, -15.219950817716745 ], [ -54.016736037004328, -15.219959697058091 ] ] ], [ [ [ -54.014153628562717, -15.206936663083685 ], [ -54.014035237344764, -15.207712125561253 ], [ -54.013970122174896, -15.207937068875355 ], [ -54.013526155107584, -15.208002184045228 ], [ -54.012827646921686, -15.208102816580483 ], [ -54.012691497021045, -15.208150173067663 ], [ -54.012655979655662, -15.208233046920228 ], [ -54.012579025363991, -15.208286322968306 ], [ -54.01221201258835, -15.20836919682087 ], [ -54.011466147915272, -15.208381035942665 ], [ -54.009879705594756, -15.208611898817665 ], [ -54.009565968867186, -15.208493507599716 ], [ -54.009441658088342, -15.208457990234331 ], [ -54.008604040221343, -15.209242332053227 ], [ -54.007926250498585, -15.209680379559639 ], [ -54.007384610676468, -15.209964518482716 ], [ -54.006938166539655, -15.210203523929694 ], [ -54.0065114754441, -15.210331531258362 ], [ -54.00545779360435, -15.210603831059643 ], [ -54.004676411565889, -15.210686704912208 ], [ -54.003759193650723, -15.210719698362393 ], [ -54.004114053280659, -15.21084061349555 ], [ -54.004223565157261, -15.210917567787218 ], [ -54.004398192203737, -15.211101074175039 ], [ -54.004463307373605, -15.211305299026002 ], [ -54.004466267154058, -15.211476966292027 ], [ -54.004451468251808, -15.211577598827285 ], [ -54.004415950886425, -15.212184353819273 ], [ -54.004424830227777, -15.212347141743953 ], [ -54.004463307373605, -15.212515849229531 ], [ -54.004634974639636, -15.212799988152609 ], [ -54.005034545000214, -15.213084127075684 ], [ -54.005164775339956, -15.213167000928248 ], [ -54.005312764362394, -15.213383064901006 ], [ -54.005330523045089, -15.21374415811575 ], [ -54.00550219031112, -15.214072693745559 ], [ -54.005664978235799, -15.214495942349727 ], [ -54.00573305318612, -15.214682408517996 ], [ -54.005724173844769, -15.214818558418639 ], [ -54.005768570551503, -15.214913271392998 ], [ -54.005839605282269, -15.215081978878574 ], [ -54.005892881330347, -15.215324680875371 ], [ -54.006058629035479, -15.2154904285805 ], [ -54.006336848397659, -15.2156176991398 ], [ -54.006638746003425, -15.215659136066082 ], [ -54.006982080535479, -15.215813044649416 ], [ -54.007230702093175, -15.215836722893005 ], [ -54.007467484529073, -15.215747929479544 ], [ -54.00761547355151, -15.215599940457107 ], [ -54.007982486327144, -15.215659136066085 ], [ -54.00810087754509, -15.21564729694429 ], [ -54.0083199012983, -15.215730170796855 ], [ -54.008686914073941, -15.215688733870573 ], [ -54.008941455192534, -15.215582181774419 ], [ -54.00905984641048, -15.215493388360956 ], [ -54.009267031041894, -15.214836317101339 ], [ -54.009462376551504, -15.21448706300839 ], [ -54.010450943221379, -15.213569531069284 ], [ -54.010924508093176, -15.213081167295242 ], [ -54.01197523015248, -15.212367860207102 ], [ -54.012132098516268, -15.212290905915436 ], [ -54.012268248416909, -15.212199152721526 ], [ -54.012333363586777, -15.212119238649409 ], [ -54.012463593926519, -15.212015646333704 ], [ -54.012650060094792, -15.211986048529218 ], [ -54.012883882750245, -15.211781823678255 ], [ -54.013570551814354, -15.210568313694274 ], [ -54.01379253534801, -15.210085869481132 ], [ -54.014014518881659, -15.209754374070874 ], [ -54.014459965839194, -15.209251211394598 ], [ -54.014619793983407, -15.209036627312061 ], [ -54.014844737297516, -15.20885016114379 ], [ -54.014936490491422, -15.208770247071675 ], [ -54.014974967637258, -15.208637056951483 ], [ -54.014995686100399, -15.208450590783212 ], [ -54.015060801270273, -15.208249325712698 ], [ -54.015273905462578, -15.207926709643788 ], [ -54.015467771082015, -15.20769288698834 ], [ -54.01569271439611, -15.207450184991545 ], [ -54.015865861552363, -15.207206003104524 ], [ -54.016031609257489, -15.206957381546831 ], [ -54.016130761902524, -15.206898185937856 ], [ -54.016465217093227, -15.206679162184651 ], [ -54.016774514150107, -15.20641722161494 ], [ -54.017040894390497, -15.206121243570067 ], [ -54.017251038802357, -15.20587854157327 ], [ -54.017262877924146, -15.205754230794424 ], [ -54.017381269142099, -15.20553224726077 ], [ -54.017455263653318, -15.205316183288012 ], [ -54.017475982116459, -15.205162274704678 ], [ -54.01748486145781, -15.204718307637373 ], [ -54.017555896188583, -15.20446968607968 ], [ -54.017653568943388, -15.204369053544422 ], [ -54.01765652872384, -15.204271380789613 ], [ -54.01771572433281, -15.204179627595703 ], [ -54.017801557965825, -15.204007960329678 ], [ -54.017845954672559, -15.203803735478715 ], [ -54.017825236209418, -15.203581751945061 ], [ -54.017695005869662, -15.203122985975504 ], [ -54.017348711557162, -15.202667179786401 ], [ -54.017132647584397, -15.202489592959479 ], [ -54.017040894390483, -15.20232384525435 ], [ -54.016792272832788, -15.202172896451463 ], [ -54.016662042493046, -15.202187695353707 ], [ -54.016443018739842, -15.202193614914606 ], [ -54.016318707960991, -15.202149218207875 ], [ -54.016179598279905, -15.202101861720696 ], [ -54.016052327720608, -15.202125539964285 ], [ -54.015794826821562, -15.202199534475502 ], [ -54.015436693387272, -15.202232092060438 ], [ -54.015164393585998, -15.202193614914606 ], [ -54.015042279318472, -15.202142017336776 ], [ -54.015142563864124, -15.201429827088878 ], [ -54.015532137718026, -15.198957629730641 ], [ -54.015686290814749, -15.197809863729677 ], [ -54.015598017452234, -15.197808041526711 ], [ -54.01443863228026, -15.197792594677438 ], [ -54.012647100314275, -15.205202231740703 ], [ -54.012585623230301, -15.205506689680377 ], [ -54.012774370873608, -15.20564619880804 ], [ -54.012886842530662, -15.20559884232086 ], [ -54.013384085646045, -15.205486370663809 ], [ -54.013987880857584, -15.20541533593304 ], [ -54.014147709001818, -15.20543901417663 ], [ -54.014224663293483, -15.205551485833681 ], [ -54.014242421976178, -15.205794187830477 ], [ -54.014319376267842, -15.206309189628556 ], [ -54.014283858902459, -15.206534132942659 ], [ -54.014153628562717, -15.206611087234325 ], [ -54.014153628562717, -15.206936663083685 ] ] ], [ [ [ -54.011279681746998, -15.20328133422951 ], [ -54.011267842625216, -15.204681310381755 ], [ -54.011081376456943, -15.205379818567653 ], [ -54.011927873665286, -15.205291025154198 ], [ -54.01234380940398, -15.205402513084156 ], [ -54.013700782154018, -15.199856868250301 ], [ -54.014183542626348, -15.197789196038633 ], [ -54.013566600045138, -15.19778097632072 ], [ -54.01157638, -15.19775446 ], [ -54.007574951378629, -15.197705575914361 ], [ -54.008068319960145, -15.197998126128526 ], [ -54.008485649003418, -15.198297063953847 ], [ -54.008932575851176, -15.198646318046796 ], [ -54.009764274157263, -15.199436579426607 ], [ -54.01030591397938, -15.200241639708661 ], [ -54.010634449609192, -15.200738882824048 ], [ -54.011152411187702, -15.202269089316045 ], [ -54.011279681746998, -15.20328133422951 ] ] ] ] } },
{ "type": "Feature", "properties": { }, "geometry": { "type": "Polygon", "coordinates": [ [ [ -56.169918173548268, -12.854228903290579 ], [ -56.169852546463524, -12.854232116493174 ], [ -56.169750567626103, -12.854217372983308 ], [ -56.169737810473791, -12.854284115028847 ], [ -56.169751963314958, -12.854362368253613 ], [ -56.169770362008471, -12.854464097409346 ], [ -56.169823697170528, -12.854575957896879 ], [ -56.169826992968389, -12.854639940219627 ], [ -56.169796302352189, -12.854653284786856 ], [ -56.16972311402197, -12.85470620947895 ], [ -56.169702330394578, -12.85477433120756 ], [ -56.169672570237623, -12.854884339070926 ], [ -56.169672085412749, -12.854973177034891 ], [ -56.169633833551089, -12.855036233013998 ], [ -56.169580478793769, -12.8550615422942 ], [ -56.169387378162249, -12.855046326159787 ], [ -56.169165952253124, -12.85501177355725 ], [ -56.169070584606686, -12.854987824979734 ], [ -56.168975216960227, -12.854963876399939 ], [ -56.168876068691034, -12.854964783538499 ], [ -56.168810441606283, -12.85496799673167 ], [ -56.168750010428383, -12.854954179507743 ], [ -56.168689114020857, -12.854892030646845 ], [ -56.168601772849492, -12.854866702245417 ], [ -56.168515846962229, -12.854849199147639 ], [ -56.168383177508602, -12.854847800230905 ], [ -56.168233505050345, -12.854889667279119 ], [ -56.16810886207179, -12.854886888550222 ], [ -56.167997441475187, -12.854865699585822 ], [ -56.167894047353663, -12.854843130807007 ], [ -56.167756181993191, -12.854858762314928 ], [ -56.167678747810626, -12.8548882110502 ], [ -56.167645691855824, -12.854934236632227 ], [ -56.167645207030944, -12.855023074578536 ], [ -56.167684854581459, -12.855105013437568 ], [ -56.167703253274972, -12.855206742292399 ], [ -56.167661220790585, -12.855294653900822 ], [ -56.16764846363828, -12.855361395659994 ], [ -56.167632391092866, -12.855501324601946 ], [ -56.167646543934033, -12.855579577447338 ], [ -56.167662577288922, -12.855713987036374 ], [ -56.167643208945648, -12.855789933768431 ], [ -56.167618341720782, -12.855872297441653 ], [ -56.168571735877734, -12.856105985100434 ], [ -56.197194607085009, -12.8628126037505 ], [ -56.197703995745599, -12.860641378375872 ], [ -56.169948398934849, -12.854167226925071 ], [ -56.169918173548268, -12.854228903290579 ] ] ] } },
{ "type": "Feature", "properties": { }, "geometry": { "type": "Polygon", "coordinates": [ [ [ -56.167642880679558, -12.855982108501719 ], [ -56.167633973859026, -12.856053577699344 ], [ -56.167631299597417, -12.856090526834787 ], [ -56.167624168233111, -12.85618905783606 ], [ -56.167612411820784, -12.8562792615301 ], [ -56.167612221720944, -12.856364436085236 ], [ -56.167621289102016, -12.856414570610239 ], [ -56.167655973269881, -12.856502872342272 ], [ -56.167653474338429, -12.856558035942344 ], [ -56.167634067956101, -12.856640432250781 ], [ -56.167632277730213, -12.856716759425952 ], [ -56.167648454321096, -12.856823446497703 ], [ -56.167653422644648, -12.856919897199376 ], [ -56.167621025153956, -12.857016689732729 ], [ -56.167552313829987, -12.857223111012166 ], [ -56.167576849096406, -12.857358768651515 ], [ -56.167609918368541, -12.857541611440718 ], [ -56.167624838108878, -12.857727574104631 ], [ -56.167633006684589, -12.857841718895409 ], [ -56.167605942947425, -12.857968001786668 ], [ -56.167585645144555, -12.858062713913423 ], [ -56.167584212963824, -12.858123775309444 ], [ -56.167597715293113, -12.858267410598232 ], [ -56.167617983556681, -12.858379475143689 ], [ -56.167629717814521, -12.858444354594505 ], [ -56.167577402720589, -12.858465510852758 ], [ -56.167511921188066, -12.858482848978023 ], [ -56.167439673721269, -12.858531757748045 ], [ -56.167447491636615, -12.858609473413299 ], [ -56.167459225894454, -12.858674352804664 ], [ -56.167441762913732, -12.858853718376229 ], [ -56.167469147771932, -12.858970640781253 ], [ -56.167505432065873, -12.859067788789003 ], [ -56.167473750665494, -12.85913404992456 ], [ -56.167405770201547, -12.859206551021673 ], [ -56.167369456368327, -12.859316178890918 ], [ -56.167350225316156, -12.859416788617294 ], [ -56.167327077921499, -12.859530234510055 ], [ -56.167318163716139, -12.859653396567863 ], [ -56.167317082195758, -12.859750886176361 ], [ -56.167328100363257, -12.859846295759306 ], [ -56.1673088693111, -12.859946905273176 ], [ -56.167256188787157, -12.860035020431084 ], [ -56.167277173141073, -12.860116553737278 ], [ -56.167316307026795, -12.860194967039806 ], [ -56.167302775158205, -12.860258107901375 ], [ -56.167260762141396, -12.860405203807455 ], [ -56.167250430524959, -12.86048603886621 ], [ -56.167258248440312, -12.860563753926325 ], [ -56.167260717832455, -12.860715365877116 ], [ -56.167236503687079, -12.860822913107713 ], [ -56.167252154287418, -12.860874955789615 ], [ -56.167416902714947, -12.860992589777894 ], [ -56.167530768229256, -12.861070319080264 ], [ -56.167684147828915, -12.861056115499384 ], [ -56.167848560365755, -12.861033933869706 ], [ -56.167991623118645, -12.860997177992306 ], [ -56.168152835403319, -12.860957302141822 ], [ -56.168214049932971, -12.860916371896463 ], [ -56.168321880373, -12.860891754012822 ], [ -56.168390562157654, -12.860892110275417 ], [ -56.168461728104091, -12.860940691111674 ], [ -56.168606208268066, -12.860946261719814 ], [ -56.16872363946451, -12.860974726489713 ], [ -56.168854237099524, -12.861007009349246 ], [ -56.16901365177349, -12.861095152933187 ], [ -56.169069868440275, -12.861164547897754 ], [ -56.169133917792067, -12.861208270603342 ], [ -56.169228216363514, -12.861246793361161 ], [ -56.169318949252819, -12.861334580598912 ], [ -56.169484048340692, -12.861488642718943 ], [ -56.169544882670685, -12.861618058133828 ], [ -56.169648416568556, -12.8617766218855 ], [ -56.169817051799264, -12.862088192904649 ], [ -56.170046536129632, -12.862425791915246 ], [ -56.170174634833224, -12.862513236879284 ], [ -56.170283517254319, -12.862597903726673 ], [ -56.170306985770019, -12.862727660430426 ], [ -56.170310887342865, -12.862818210834847 ], [ -56.170384186790741, -12.862878587352318 ], [ -56.170453219235753, -12.862915371752166 ], [ -56.170557469223979, -12.863043404590096 ], [ -56.170621869236129, -12.863123555078156 ], [ -56.170742851345061, -12.863206141759774 ], [ -56.170896216175095, -12.863295324550784 ], [ -56.171181230621215, -12.8635260740297 ], [ -56.171520678893053, -12.863850849519563 ], [ -56.171912427489161, -12.864257854666512 ], [ -56.171984660186304, -12.864312332844404 ], [ -56.172106358385619, -12.864364389201517 ], [ -56.172144776180978, -12.864473331100282 ], [ -56.172247959418485, -12.864595465156695 ], [ -56.172426941035297, -12.864722813420791 ], [ -56.172577456273523, -12.864830729589627 ], [ -56.172652538562467, -12.864866473730235 ], [ -56.172836868702504, -12.864919926202052 ], [ -56.1731806135165, -12.86506152085307 ], [ -56.173682706253693, -12.865285359563767 ], [ -56.173921835649466, -12.86536587999071 ], [ -56.195570253142066, -12.870086986277133 ], [ -56.197179610699102, -12.862855523400132 ], [ -56.167657479298867, -12.85592486475492 ], [ -56.167642880679558, -12.855982108501719 ] ] ] } },
{ "type": "Feature", "properties": { }, "geometry": { "type": "Polygon", "coordinates": [ [ [ -56.100711489848273, -12.844049038348915 ], [ -56.079705674659593, -12.855450857825554 ], [ -56.071068173169721, -12.860152820701535 ], [ -56.070681319048887, -12.860359196204348 ], [ -56.068135619238511, -12.861769842302762 ], [ -56.065489556243151, -12.863246384261597 ], [ -56.100679029467607, -12.847077284809879 ], [ -56.100658078464328, -12.844271085562124 ], [ -56.100711489848273, -12.844049038348915 ] ] ] } },
{ "type": "Feature", "properties": { }, "geometry": { "type": "Polygon", "coordinates": [ [ [ -56.063409168425068, -12.864522294274947 ], [ -56.062291259415844, -12.866739548354587 ], [ -56.083323244064147, -12.876417717349925 ], [ -56.086741630289467, -12.891695180872015 ], [ -56.099593990581269, -12.884499805251362 ], [ -56.099808248819919, -12.884304874037117 ], [ -56.100099372188559, -12.884121054062208 ], [ -56.100374128866505, -12.883915723613294 ], [ -56.100455991859384, -12.88381651984122 ], [ -56.100602649833732, -12.883523751537092 ], [ -56.100737208120229, -12.8832330626845 ], [ -56.100841166526699, -12.882911147755273 ], [ -56.100846193928881, -12.882594075678158 ], [ -56.10084765564892, -12.882326263561286 ], [ -56.10089678526036, -12.882184038186002 ], [ -56.101080473158305, -12.881751122157796 ], [ -56.101097629787638, -12.881225211216067 ], [ -56.101146788938408, -12.880876227339932 ], [ -56.101089184399854, -12.880557756544837 ], [ -56.101126243862751, -12.880210851557829 ], [ -56.101218833441386, -12.879757105099451 ], [ -56.101260159907142, -12.879433789555151 ], [ -56.101278748717199, -12.878846817413473 ], [ -56.10131013853583, -12.878330615868688 ], [ -56.101311659334463, -12.877649278288542 ], [ -56.1012291836388, -12.877055349953014 ], [ -56.101195106694561, -12.876453100810275 ], [ -56.101085567261713, -12.875985443460744 ], [ -56.100958959817476, -12.87542342154614 ], [ -56.100614676148957, -12.874071782971033 ], [ -56.100347198531836, -12.873144778023971 ], [ -56.100193527350427, -12.87270902521167 ], [ -56.099869438097159, -12.871986344469843 ], [ -56.09981928604396, -12.871812529857575 ], [ -56.099733916447541, -12.871547469808203 ], [ -56.099716863205757, -12.87134972173272 ], [ -56.099707993309345, -12.871162729218833 ], [ -56.099737555977953, -12.870981292552241 ], [ -56.099714438122604, -12.870887967100272 ], [ -56.09966035495723, -12.870830370505685 ], [ -56.099540439598996, -12.87075368417614 ], [ -56.099446506457568, -12.87064820670256 ], [ -56.099210592083601, -12.870481998262905 ], [ -56.099064694508563, -12.870434102975292 ], [ -56.098912396429256, -12.8703508205737 ], [ -56.098722732535649, -12.870267879995131 ], [ -56.098567935524912, -12.870239758130426 ], [ -56.098352304184175, -12.870082225281035 ], [ -56.098235939738437, -12.870059659402671 ], [ -56.098090392823757, -12.870048191138627 ], [ -56.097890412083373, -12.869942698969687 ], [ -56.097758762467279, -12.869801135871425 ], [ -56.097664463895839, -12.869762614427216 ], [ -56.097497932627235, -12.86966961597456 ], [ -56.097295452955407, -12.869619284374936 ], [ -56.097117187428957, -12.869461409283995 ], [ -56.096951722911065, -12.869374308593901 ], [ -56.096831106232131, -12.869224767387269 ], [ -56.096413711309914, -12.868986372809106 ], [ -56.096281345603479, -12.868875338558896 ], [ -56.096147547716299, -12.868825363051192 ], [ -56.096009468056636, -12.868855179938882 ], [ -56.095859303478754, -12.868783692789366 ], [ -56.095715904835153, -12.868680636254503 ], [ -56.095600256479784, -12.868627540835686 ], [ -56.095537624539041, -12.86862614462663 ], [ -56.095472143006539, -12.868643482049771 ], [ -56.095350795467581, -12.86862785389123 ], [ -56.095235863202554, -12.868544229036763 ], [ -56.095135514787188, -12.868506747357427 ], [ -56.095040850785736, -12.868535182472128 ], [ -56.094921636748197, -12.868531350095138 ], [ -56.094736955947795, -12.868441471060569 ], [ -56.09452522617989, -12.868374485480411 ], [ -56.094368661097739, -12.868267610795087 ], [ -56.094190030141284, -12.868176691706692 ], [ -56.094024565623393, -12.86808959057042 ], [ -56.093732405043319, -12.868060755956625 ], [ -56.093575839961161, -12.86795388113762 ], [ -56.093342044318966, -12.867902851087123 ], [ -56.093197929585024, -12.867830323705414 ], [ -56.093055582922474, -12.867836549071106 ], [ -56.09281645352673, -12.867756029437253 ], [ -56.092716821201705, -12.867688018111428 ], [ -56.092548857752391, -12.867656077965812 ], [ -56.092367727864499, -12.867620319823967 ], [ -56.092208663850897, -12.86756860599688 ], [ -56.092047816996214, -12.867541523791443 ], [ -56.091904052922622, -12.867505423778818 ], [ -56.091875951974053, -12.867419034916084 ], [ -56.091808702370102, -12.867357619528635 ], [ -56.091700886699726, -12.867278852211122 ], [ -56.091496624186838, -12.867253151792339 ], [ -56.091345027428225, -12.867242723363152 ], [ -56.091182748392825, -12.867276700291209 ], [ -56.091001969165283, -12.867277369601963 ], [ -56.090743959377726, -12.867333883853449 ], [ -56.090556414215904, -12.867366122698456 ], [ -56.090387018585844, -12.867395241651668 ], [ -56.090117625200783, -12.867423306240308 ], [ -56.090005527757903, -12.867424331803988 ], [ -56.089782048962512, -12.867395853367073 ], [ -56.089586685885315, -12.86735037927023 ], [ -56.089485986809592, -12.86727646991096 ], [ -56.089488135080678, -12.867184881152285 ], [ -56.089469649658184, -12.867048188861094 ], [ -56.089508462422849, -12.866883403051931 ], [ -56.089549408688946, -12.866730413007513 ], [ -56.089600671801826, -12.866599974662648 ], [ -56.089681818704364, -12.866531293710626 ], [ -56.089901395926901, -12.866469223191727 ], [ -56.090138055930545, -12.866398134813393 ], [ -56.090372933093093, -12.866351678164063 ], [ -56.090603893913148, -12.866318057365593 ], [ -56.090819905453557, -12.866305250303775 ], [ -56.091041250747523, -12.866321932972864 ], [ -56.091302811447584, -12.866319539980422 ], [ -56.091539822111571, -12.86628487921049 ], [ -56.091726300522701, -12.866246742278856 ], [ -56.091924527961325, -12.866170097744265 ], [ -56.09213272158636, -12.866079577347296 ], [ -56.092339848460703, -12.865983158963799 ], [ -56.0927281199926, -12.865819113763871 ], [ -56.093084724893764, -12.865617942601487 ], [ -56.093588674320351, -12.865300222531564 ], [ -56.094041009973694, -12.865076513424153 ], [ -56.09411040784871, -12.865046339830588 ], [ -56.094300101281632, -12.864922511102741 ], [ -56.094356698148076, -12.864821561725748 ], [ -56.094362412101304, -12.864680708251552 ], [ -56.094299093609521, -12.864503070536596 ], [ -56.094237908619171, -12.864337228681388 ], [ -56.094169957694533, -12.86420295664904 ], [ -56.094131189238816, -12.864057586663915 ], [ -56.09407178708954, -12.86386711252355 ], [ -56.094025551378841, -12.863680456290766 ], [ -56.093982165259916, -12.863475065902328 ], [ -56.093853745435275, -12.863144420703437 ], [ -56.093652771792428, -12.86251609538648 ], [ -56.093504770255294, -12.862249629268526 ], [ -56.093403735288867, -12.862035903431758 ], [ -56.093247199745996, -12.861722252375552 ], [ -56.093105598713123, -12.861491173774265 ], [ -56.09303943062956, -12.861332267979366 ], [ -56.092912764106693, -12.861183761967078 ], [ -56.092778264898818, -12.861060928124409 ], [ -56.092675066891644, -12.861042179526857 ], [ -56.092523470133045, -12.861031750839501 ], [ -56.092327741625859, -12.861053234343769 ], [ -56.092132013118679, -12.861074717846199 ], [ -56.091998215231506, -12.861024740784526 ], [ -56.091896449405056, -12.860944931489458 ], [ -56.091720653270734, -12.860938662755371 ], [ -56.091591122386419, -12.860912277960244 ], [ -56.09144879049353, -12.860815116267329 ], [ -56.091351291669952, -12.860758899213655 ], [ -56.091007532086309, -12.860720689446353 ], [ -56.090964832518438, -12.860691540920172 ], [ -56.090678736551965, -12.860558278129544 ], [ -56.090544237344091, -12.86043544398072 ], [ -56.090310807131914, -12.860317453467873 ], [ -56.09012007648758, -12.860228611482885 ], [ -56.089932210204715, -12.860017647640456 ], [ -56.089686680304659, -12.859901736918419 ], [ -56.089576380472501, -12.859774742471725 ], [ -56.089380681504629, -12.859589450655797 ], [ -56.089261847666769, -12.859415271189 ], [ -56.089075384025307, -12.859350021325152 ], [ -56.089001383256729, -12.859216786620651 ], [ -56.088939482176009, -12.8590814718514 ], [ -56.088851248218148, -12.858938520760706 ], [ -56.088685477348861, -12.858504823269126 ], [ -56.088667372126061, -12.858197778469725 ], [ -56.088633586763564, -12.858045466864153 ], [ -56.088604068403917, -12.857916747741385 ], [ -56.088493067251079, -12.857716894516896 ], [ -56.088433650332142, -12.857629804148885 ], [ -56.088230469339592, -12.857506612299474 ], [ -56.087997389787773, -12.857425049346798 ], [ -56.087822309743814, -12.857388249742893 ], [ -56.087606663633416, -12.85733409753084 ], [ -56.087423049583741, -12.857250112644504 ], [ -56.087217018999404, -12.857145655099425 ], [ -56.087058320415828, -12.857026979302631 ], [ -56.086945887082244, -12.856888187066339 ], [ -56.086857653124376, -12.856745234726572 ], [ -56.086826351923648, -12.856641147639408 ], [ -56.086755551407236, -12.856525606026326 ], [ -56.086728882639378, -12.856378151577667 ], [ -56.086760929469747, -12.856244929695135 ], [ -56.086790828029059, -12.856203300542234 ], [ -56.086975172938736, -12.856153365708805 ], [ -56.087118937012349, -12.856189467354607 ], [ -56.087225685932005, -12.856262339970765 ], [ -56.087305035223793, -12.856321678056911 ], [ -56.087384384515602, -12.856381016129031 ], [ -56.087502166372396, -12.856445910495761 ], [ -56.087664430638142, -12.856515321145141 ], [ -56.087832028657452, -12.856614222647726 ], [ -56.088039125992488, -12.856724578585551 ], [ -56.088271138793608, -12.856800243596123 ], [ -56.088394619833991, -12.856827668829865 ], [ -56.08854514984187, -12.856832199522959 ], [ -56.088670063062978, -12.856798563049686 ], [ -56.088757259809441, -12.856728839408232 ], [ -56.088787173138385, -12.85658382136239 ], [ -56.088856585783063, -12.856450257719489 ], [ -56.089066562249187, -12.856335101086399 ], [ -56.089170841776721, -12.856256359107688 ], [ -56.089286855562108, -12.856242497124184 ], [ -56.089520300543931, -12.856257100444827 ], [ -56.089803211027935, -12.856269281877539 ], [ -56.089986474417252, -12.856316837999481 ], [ -56.090096789019064, -12.856340445122239 ], [ -56.090262618966939, -12.856360590348315 ], [ -56.090377551231967, -12.856444219263336 ], [ -56.090539450067695, -12.85658058986102 ], [ -56.09066221501773, -12.856638545995557 ], [ -56.090837660491701, -12.856608385786812 ], [ -56.091007772212095, -12.856548734697816 ], [ -56.091275397525735, -12.856441912573027 ], [ -56.091701385532268, -12.85631394836437 ], [ -56.092214920945608, -12.856152689400535 ], [ -56.092747321981115, -12.855957779347783 ], [ -56.093561581519531, -12.85566576305521 ], [ -56.094022085748563, -12.855556191189478 ], [ -56.094475473382971, -12.855441761086382 ], [ -56.094833495695212, -12.855282909059486 ], [ -56.095188317755316, -12.855106362304037 ], [ -56.095492958222891, -12.854962768405024 ], [ -56.095647770003289, -12.854887502310198 ], [ -56.096331096015966, -12.854423381873508 ], [ -56.096777747255402, -12.854133742505441 ], [ -56.097420492431993, -12.853755657998631 ], [ -56.097760014552087, -12.853563495472136 ], [ -56.097925508609286, -12.853443821160408 ], [ -56.098318076683341, -12.853096579997228 ], [ -56.098870088970656, -12.85263070367788 ], [ -56.099158728177521, -12.852398634281275 ], [ -56.099368719413292, -12.852180085003418 ], [ -56.099648138063408, -12.851724578459606 ], [ -56.099719698979172, -12.851499417749114 ], [ -56.099886289326385, -12.851178858395865 ], [ -56.100009799906076, -12.850999501741045 ], [ -56.100140777740748, -12.850861433126381 ], [ -56.100333335535105, -12.850615471001277 ], [ -56.100552591636607, -12.850310183542337 ], [ -56.100729498830617, -12.850012175954502 ], [ -56.100805341518864, -12.849707215241203 ], [ -56.100832770686047, -12.849513966380982 ], [ -56.100836395446755, -12.849051131532617 ], [ -56.100828241640698, -12.848833590581709 ], [ -56.100821505245733, -12.848658378013136 ], [ -56.100792732515757, -12.848292337484475 ], [ -56.100794544896132, -12.848060919041462 ], [ -56.100783892158653, -12.847898542735303 ], [ -56.100788188700818, -12.847715351043364 ], [ -56.100781817735843, -12.847473175336502 ], [ -56.100744481460836, -12.847266731642778 ], [ -56.100723146446562, -12.847148763741627 ], [ -56.06731916712026, -12.862463602031578 ], [ -56.066367521858041, -12.862909977525923 ], [ -56.063409168425068, -12.864522294274947 ] ] ] } },
{ "type": "Feature", "properties": { }, "geometry": { "type": "Polygon", "coordinates": [ [ [ -56.007002393338162, -12.865791964160408 ], [ -56.006465207575779, -12.865566759360023 ], [ -56.004796369784096, -12.864930046848196 ], [ -56.004556889727965, -12.864813098422108 ], [ -56.004412950324188, -12.864758784082595 ], [ -56.0043168762965, -12.864693200949393 ], [ -56.004179337397012, -12.864674274494639 ], [ -56.004057821912717, -12.864588739302949 ], [ -56.003801777681218, -12.864587143344357 ], [ -56.003641822247076, -12.864547744854804 ], [ -56.003426541566682, -12.864426636351087 ], [ -56.003227985622182, -12.864311774840486 ], [ -56.003115186858594, -12.864239944537227 ], [ -56.003040630560172, -12.864258842226873 ], [ -56.002963933375526, -12.864317636836301 ], [ -56.002888493041404, -12.864297157589588 ], [ -56.002858433921581, -12.864217185605376 ], [ -56.002723035908339, -12.864158362174516 ], [ -56.002459539191506, -12.864012094318673 ], [ -56.002344431596306, -12.863910253929589 ], [ -56.002311340169705, -12.863882494809902 ], [ -56.002267566466294, -12.863899141642706 ], [ -56.002230017936995, -12.863932962492928 ], [ -56.002198336536622, -12.863999222343837 ], [ -56.002167005796608, -12.864101910145056 ], [ -56.016555312501261, -12.869734949436463 ], [ -56.018983677236818, -12.865132065773603 ], [ -56.013617802633355, -12.86307307313592 ], [ -56.013500707327616, -12.863184423016762 ], [ -56.013391810136866, -12.863203142656253 ], [ -56.013115665587172, -12.863159391500254 ], [ -56.0129808009493, -12.863103516832226 ], [ -56.012800737812121, -12.863073656063847 ], [ -56.012717472177805, -12.863027155601864 ], [ -56.012624240357077, -12.862994531141631 ], [ -56.012422111345607, -12.862980626333247 ], [ -56.012314646335589, -12.862938285778185 ], [ -56.012104699408773, -12.862846666637649 ], [ -56.011855253166225, -12.862743593264677 ], [ -56.01175027231799, -12.862749476895672 ], [ -56.011616825091174, -12.862735928333683 ], [ -56.011482676543658, -12.862649523429475 ], [ -56.011306529748971, -12.862606826558387 ], [ -56.011097649572868, -12.862521105332206 ], [ -56.01087452143782, -12.862529054534846 ], [ -56.010715106763854, -12.862440911454577 ], [ -56.010469927524163, -12.862361430072321 ], [ -56.0102460980684, -12.862296522836044 ], [ -56.01002048577157, -12.86225624773421 ], [ -56.009839355883699, -12.86222048882269 ], [ -56.009706975407603, -12.862212838274772 ], [ -56.009563927424345, -12.862146207292241 ], [ -56.009410211933982, -12.862020595828112 ], [ -56.009166450105361, -12.861983440636978 ], [ -56.008952937496375, -12.861941085514582 ], [ -56.008858638924941, -12.861902562863349 ], [ -56.008714524190985, -12.861830033746937 ], [ -56.008648691998118, -12.861810943344642 ], [ -56.008556877588447, -12.861820645077989 ], [ -56.00847716286664, -12.861828266839707 ], [ -56.00837254744841, -12.861767191945894 ], [ -56.008320597784483, -12.861721389365552 ], [ -56.008239100221608, -12.861753643330864 ], [ -56.008199936796586, -12.861882004224602 ], [ -56.008172522399057, -12.861971856811149 ], [ -56.008191723911906, -12.862078021656814 ], [ -56.008204174260136, -12.862112369944267 ], [ -56.008228008205847, -12.86217516846169 ], [ -56.008220160751193, -12.862304227261923 ], [ -56.008149330695439, -12.862395461541977 ], [ -56.008122266958289, -12.862521742141888 ], [ -56.008094487130769, -12.862678552820302 ], [ -56.00804357467824, -12.862845421354278 ], [ -56.008021844694646, -12.863001191849637 ], [ -56.007985165431407, -12.86317777624892 ], [ -56.007965904839928, -12.863485156815248 ], [ -56.007935961971675, -12.863836942971561 ], [ -56.007958013076312, -12.863924373044837 ], [ -56.007982197682388, -12.864023599087925 ], [ -56.007911367626647, -12.864114832742784 ], [ -56.007900655810552, -12.864366010314495 ], [ -56.007888161153375, -12.864641819551776 ], [ -56.007829065355494, -12.864797930789967 ], [ -56.007803404259747, -12.865069921521417 ], [ -56.007809439334018, -12.865172267026763 ], [ -56.007737893187915, -12.865294030087686 ], [ -56.007732895325042, -12.865404353410881 ], [ -56.007654217814654, -12.865624643655842 ], [ -56.007570206550696, -12.865815443919724 ], [ -56.007522859780316, -12.865933046794028 ], [ -56.00743317887207, -12.865954544277468 ], [ -56.007205799696393, -12.865877238364435 ], [ -56.00703097220363, -12.865803945300161 ], [ -56.007002393338162, -12.865791964160408 ] ] ] } },
{ "type": "Feature", "properties": { }, "geometry": { "type": "Polygon", "coordinates": [ [ [ -56.014071187435142, -12.836460245345414 ], [ -56.014013080919547, -12.836608114382001 ], [ -56.013830215005015, -12.836639552714836 ], [ -56.012826087006651, -12.83666511127625 ], [ -56.010870526290113, -12.836799088503335 ], [ -56.010676904870131, -12.836823183952593 ], [ -56.010579553036607, -12.836858304569896 ], [ -56.010426789144276, -12.837004062977467 ], [ -56.010292841806049, -12.837201737963561 ], [ -56.010183099935567, -12.837376867548304 ], [ -56.010102952446402, -12.837454989944522 ], [ -56.010041091548693, -12.837529968494529 ], [ -56.009972229527648, -12.837670494067051 ], [ -56.009842058893319, -12.837784792054267 ], [ -56.009746849232158, -12.837883887617325 ], [ -56.009599451931678, -12.838111449916729 ], [ -56.009485403394649, -12.83831489494241 ], [ -56.009436440174774, -12.838461190983093 ], [ -56.009396620250612, -12.838605915034403 ], [ -56.009385290138958, -12.838856043559298 ], [ -56.00933146796811, -12.839131860728136 ], [ -56.009306687894174, -12.839411876580179 ], [ -56.009323869916763, -12.83961114333472 ], [ -56.009346970815599, -12.839791008695277 ], [ -56.009290454187962, -12.840104055371398 ], [ -56.009290409544384, -12.840416584947882 ], [ -56.009222607448635, -12.840667228380418 ], [ -56.009220972917127, -12.840814578233623 ], [ -56.009254277036987, -12.841102990126426 ], [ -56.009225190296526, -12.841411319508536 ], [ -56.009198775691068, -12.841838682074185 ], [ -56.00917669007395, -12.842081464676172 ], [ -56.009154074494177, -12.842269187675866 ], [ -56.009149215543196, -12.842398707435597 ], [ -56.009152417640877, -12.842572799989069 ], [ -56.00916692752844, -12.842653031118035 ], [ -56.009243275991921, -12.842814548472203 ], [ -56.00925239696587, -12.842969239746912 ], [ -56.009198597116807, -12.843088789421131 ], [ -56.009210942510215, -12.843261309621441 ], [ -56.009258248876783, -12.843418627665864 ], [ -56.009532458461436, -12.843996522075384 ], [ -56.009673869920306, -12.844257153379797 ], [ -56.009779260480691, -12.844422868605076 ], [ -56.009754502728548, -12.844546616487806 ], [ -56.009721153965096, -12.844570732957619 ], [ -56.009732969395849, -12.844688193302758 ], [ -56.009790501305233, -12.844797794265492 ], [ -56.009962014786304, -12.845172741129659 ], [ -56.010068465271985, -12.845448573129662 ], [ -56.010263124295484, -12.845690857308313 ], [ -56.010338920474531, -12.845953575412013 ], [ -56.010429778825582, -12.846195320642728 ], [ -56.010536759273919, -12.846526209967225 ], [ -56.010712601743329, -12.84671657841978 ], [ -56.010762050282281, -12.84693786707637 ], [ -56.010835704288965, -12.84713661116758 ], [ -56.01091097050535, -12.847344269503754 ], [ -56.010939990280484, -12.847504728689065 ], [ -56.010924905786709, -12.847681961399902 ], [ -56.010976518819817, -12.847810961675059 ], [ -56.011023825186406, -12.847968276870921 ], [ -56.011038865036618, -12.848103564378505 ], [ -56.011058211553369, -12.848210536856778 ], [ -56.011014637247108, -12.848282368510596 ], [ -56.010890385489041, -12.848377261098488 ], [ -56.010718275079967, -12.848416040480371 ], [ -56.010686008563624, -12.848394012916073 ], [ -56.010594575606348, -12.848409731345848 ], [ -56.010477324971639, -12.848439079666427 ], [ -56.010314357858292, -12.848476287196259 ], [ -56.010230455987021, -12.848481519416946 ], [ -56.010139023029765, -12.848497237841249 ], [ -56.00999164805107, -12.84856853095719 ], [ -56.009874397416347, -12.84859787925922 ], [ -56.009724880265274, -12.848605200012036 ], [ -56.009517808883039, -12.848659181080027 ], [ -56.009376905065032, -12.84860987201137 ], [ -56.00920101795208, -12.848732024228068 ], [ -56.00901062095155, -12.848773947236502 ], [ -56.008902513612568, -12.848801723674056 ], [ -56.008799242902768, -12.848856243155096 ], [ -56.008652927849369, -12.849037651974562 ], [ -56.008511471746942, -12.849089544419009 ], [ -56.008374322311049, -12.849113121998018 ], [ -56.008181230853701, -12.849192274129452 ], [ -56.008052142466447, -12.849260423372943 ], [ -56.00791229857375, -12.849321230103401 ], [ -56.007882704192411, -12.849418232589558 ], [ -56.007755228014886, -12.849495296097603 ], [ -56.007686918278274, -12.849534613760701 ], [ -56.00764765063856, -12.84957813023359 ], [ -56.007544909891401, -12.849687707300301 ], [ -56.007454006896786, -12.849758483387795 ], [ -56.007373859407622, -12.849836601935037 ], [ -56.007239382106768, -12.849979209149163 ], [ -56.007090924880991, -12.850096645202884 ], [ -56.007035512822199, -12.850207277185417 ], [ -56.007027959414422, -12.850374021864537 ], [ -56.007050530350625, -12.8504988219567 ], [ -56.007124736641721, -12.850596362439619 ], [ -56.00729198809983, -12.85068709888138 ], [ -56.007468935138093, -12.850675062703026 ], [ -56.007765804946075, -12.850752707802037 ], [ -56.007900789887806, -12.850821416835888 ], [ -56.008199271905539, -12.850907976165372 ], [ -56.008358992277635, -12.851009198593403 ], [ -56.008593471225282, -12.851106760640768 ], [ -56.008795683656551, -12.851182295330457 ], [ -56.008944118560557, -12.851221117804554 ], [ -56.00918398642181, -12.851244222021238 ], [ -56.009508816079617, -12.851372208855063 ], [ -56.009813216973626, -12.851439367658093 ], [ -56.010208498540429, -12.851592008637708 ], [ -56.010614535612717, -12.851751991948241 ], [ -56.010926997555359, -12.851863721861852 ], [ -56.01121364182054, -12.851989081424904 ], [ -56.011558922563964, -12.852021638255643 ], [ -56.011755768403404, -12.85201537273684 ], [ -56.011981104055316, -12.852114506213077 ], [ -56.012528597230038, -12.852222597404355 ], [ -56.012833528086681, -12.852344813151673 ], [ -56.013215911975671, -12.852426139817691 ], [ -56.013655297811383, -12.852562006896527 ], [ -56.014298485966329, -12.852938579273747 ], [ -56.015156806552177, -12.853305741975177 ], [ -56.015577905796448, -12.853444752200959 ], [ -56.015916185416529, -12.853542851747354 ], [ -56.016146909982062, -12.853567527561086 ], [ -56.016311489305131, -12.853539234967815 ], [ -56.016422291100938, -12.853474230507866 ], [ -56.016568583832552, -12.853449081526884 ], [ -56.01669820218244, -12.853435990352441 ], [ -56.016921395661988, -12.853471152172725 ], [ -56.017134363598707, -12.853554028522259 ], [ -56.017318289438528, -12.853632706096349 ], [ -56.017428008987252, -12.853613844372756 ], [ -56.017545259621961, -12.853584496656866 ], [ -56.017638857073372, -12.853476493101596 ], [ -56.017679206960175, -12.853386834558801 ], [ -56.017696433626334, -12.853273577035294 ], [ -56.017651821716562, -12.853079036557427 ], [ -56.01753837010753, -12.852868756016617 ], [ -56.017430837374746, -12.85263907505578 ], [ -56.017344263368472, -12.852525278747612 ], [ -56.017305018050536, -12.852412537520641 ], [ -56.017284059324062, -12.852296652605872 ], [ -56.017356675727221, -12.852229020871718 ], [ -56.017487906286846, -12.852224843862645 ], [ -56.019297107306421, -12.852584795783654 ], [ -56.019972606621295, -12.85267088134581 ], [ -56.020737904361937, -12.852888591492784 ], [ -56.020901931400573, -12.852961498701655 ], [ -56.021096612745851, -12.85304751884722 ], [ -56.021242905477472, -12.853022369823503 ], [ -56.023161781402194, -12.853675971941612 ], [ -56.023108511515787, -12.853850573362136 ], [ -56.02298693189276, -12.854064491615169 ], [ -56.022830921259199, -12.854348667798545 ], [ -56.022815859087203, -12.854369639716039 ], [ -56.022838959986046, -12.85454949451084 ], [ -56.022760954669266, -12.854691582368272 ], [ -56.02261249744349, -12.85480901621832 ], [ -56.022434998120801, -12.854922251286922 ], [ -56.022347319545652, -12.855010854159618 ], [ -56.022306969658857, -12.855100512122519 ], [ -56.022332765014518, -12.855243138109699 ], [ -56.022337579321928, -12.855426135876824 ], [ -56.022231614155309, -12.855517882168598 ], [ -56.022107362397257, -12.855612772022548 ], [ -56.021929863074568, -12.855726006728649 ], [ -56.021826040080342, -12.855881723408098 ], [ -56.021778159107534, -12.855981866951188 ], [ -56.021699071543694, -12.856170096240353 ], [ -56.021589881957624, -12.856244014088626 ], [ -56.021405956117796, -12.856165337332813 ], [ -56.021189763761612, -12.856064633660866 ], [ -56.020904731706153, -12.855948190229332 ], [ -56.020765992382309, -12.85580659799894 ], [ -56.02059659875183, -12.855651892867529 ], [ -56.020449246094913, -12.855566928733703 ], [ -56.020360507594461, -12.855545418475289 ], [ -56.020227664825114, -12.855540681318178 ], [ -56.019959284829582, -12.855568435245033 ], [ -56.019867851872327, -12.855584153225767 ], [ -56.019732866930596, -12.855515445495092 ], [ -56.019707071574935, -12.8553728196626 ], [ -56.019716237192441, -12.855214992425541 ], [ -56.019727544982338, -12.855121135780324 ], [ -56.019702831873737, -12.854932367262471 ], [ -56.019594746856548, -12.854803887325328 ], [ -56.019521070528079, -12.854761405118525 ], [ -56.01944469974282, -12.854756151266331 ], [ -56.019338204613554, -12.854792841180053 ], [ -56.019280650382385, -12.854839500347184 ], [ -56.019275791431411, -12.85496901362581 ], [ -56.019259624690569, -12.855192383491293 ], [ -56.019260662294073, -12.85545875193298 ], [ -56.01924014424312, -12.85602294563826 ], [ -56.019249265217056, -12.856177628778809 ], [ -56.019241181846617, -12.856289313198735 ], [ -56.019198667465659, -12.856471255087586 ], [ -56.01912280432127, -12.856677312151939 ], [ -56.019112026494021, -12.856826224404395 ], [ -56.018909217134755, -12.857164398463611 ], [ -56.018616057065294, -12.857472147932329 ], [ -56.018274486060406, -12.857824983851728 ], [ -56.017986162620147, -12.858159474566328 ], [ -56.017655347120701, -12.858519651745365 ], [ -56.01710290570788, -12.859166087586873 ], [ -56.016491297854174, -12.859850266039659 ], [ -56.016054517188117, -12.860302185335469 ], [ -56.01582105352221, -12.860627242150228 ], [ -56.01568335180189, -12.860752015383904 ], [ -56.015565548882734, -12.860882558947313 ], [ -56.015507442367131, -12.861030413608328 ], [ -56.015397700496649, -12.861205526580498 ], [ -56.015223425593419, -12.861336586574739 ], [ -56.01506313061509, -12.861492816439931 ], [ -56.014792033840983, -12.86171404855088 ], [ -56.014490790401105, -12.862133474260332 ], [ -56.014283696697078, -12.862343703516833 ], [ -56.014129850557666, -12.862535588208244 ], [ -56.013963106740427, -12.862656161895895 ], [ -56.013851211536689, -12.862845430387726 ], [ -56.013726429815982, -12.862885262623626 ], [ -56.013654619517688, -12.862957348410648 ], [ -56.013629872926423, -12.863002961852601 ], [ -56.018988353123135, -12.86510795201591 ], [ -56.02080468235598, -12.861689172592293 ], [ -56.035470440945922, -12.886134543149804 ], [ -56.035797237081923, -12.885674004804695 ], [ -56.036118633143424, -12.88536603163924 ], [ -56.036311470780333, -12.885181247558203 ], [ -56.036522606169569, -12.884915201635115 ], [ -56.036701187739347, -12.884755843134727 ], [ -56.036809306239228, -12.88464995211724 ], [ -56.036966365637184, -12.884554029132554 ], [ -56.037249830126491, -12.884349071732315 ], [ -56.03746741435463, -12.884118677309104 ], [ -56.037790168805422, -12.883713971354501 ], [ -56.037973863146597, -12.883530757677566 ], [ -56.038129851458372, -12.883402852531754 ], [ -56.038303861380292, -12.883244278881552 ], [ -56.038402030479574, -12.883135502285286 ], [ -56.038494004560377, -12.883096717390327 ], [ -56.038696228152553, -12.883094123400845 ], [ -56.038823704330056, -12.883017070214184 ], [ -56.039034552416204, -12.88287973504451 ], [ -56.03921958282487, -12.882756027826915 ], [ -56.0393484062308, -12.882660362428389 ], [ -56.03959502139498, -12.882512283970097 ], [ -56.039883576333892, -12.882439708941975 ], [ -56.040016430264139, -12.882366326317799 ], [ -56.040145518651393, -12.88229818606753 ], [ -56.040277842618977, -12.88216975278859 ], [ -56.0404004933282, -12.881987840422747 ], [ -56.040441119357212, -12.881847597974252 ], [ -56.040528809093274, -12.881680885094918 ], [ -56.040985753541811, -12.881262299661334 ], [ -56.041349365520283, -12.88097923074222 ], [ -56.041515038251326, -12.880826683804081 ], [ -56.041693343678865, -12.880717917038156 ], [ -56.041819737609302, -12.880687000852664 ], [ -56.041945866558422, -12.880628559185874 ], [ -56.042079261612201, -12.880532107154131 ], [ -56.042213197789529, -12.880412586197185 ], [ -56.042328858536308, -12.880218088526524 ], [ -56.042479745237571, -12.880035916429533 ], [ -56.042616375871724, -12.879879170608312 ], [ -56.042701912274495, -12.879726612120336 ], [ -56.042720210026829, -12.87964534870523 ], [ -56.042779928752161, -12.879506418279032 ], [ -56.042900691109452, -12.879366185321706 ], [ -56.043035709533861, -12.879200525811413 ], [ -56.043168309643661, -12.87902149627698 ], [ -56.043210547882403, -12.878890165449642 ], [ -56.043212745859236, -12.878563528011894 ], [ -56.043175843609752, -12.877108590514029 ], [ -56.043167286081129, -12.876774609063034 ], [ -56.043127245819221, -12.876579300975116 ], [ -56.043103428102626, -12.87577003533373 ], [ -56.04307880428118, -12.874956310368939 ], [ -56.043087518062293, -12.874196590978451 ], [ -56.043079733155857, -12.874101428072461 ], [ -56.043098859334854, -12.873868375740473 ], [ -56.043092156675506, -12.873727073705112 ], [ -56.043052370234037, -12.873637411518171 ], [ -56.043074179708945, -12.873445255238515 ], [ -56.043070171506415, -12.873266727354975 ], [ -56.043062927723525, -12.873148494539322 ], [ -56.043035079482607, -12.872316934035537 ], [ -56.04300157734675, -12.871532296040128 ], [ -56.042996553862494, -12.870931169576236 ], [ -56.042954912551735, -12.870648820438948 ], [ -56.042978058094171, -12.870516171844436 ], [ -56.042960323787149, -12.870418122455344 ], [ -56.04296169333734, -12.870243263357722 ], [ -56.042981371800764, -12.869909014436061 ], [ -56.042949780338624, -12.868926438961131 ], [ -56.042936695805707, -12.868280737961939 ], [ -56.042942670486433, -12.867870720214631 ], [ -56.042998899810968, -12.867686429007705 ], [ -56.043050281345444, -12.867553520519316 ], [ -56.043093590670367, -12.867454167455961 ], [ -56.043182075350387, -12.867370025822053 ], [ -56.042601065097969, -12.858111169205715 ], [ -56.034530451781144, -12.854344515014795 ], [ -56.034426062397152, -12.854295794839143 ], [ -56.033977342359812, -12.854087613696739 ], [ -56.03332520008653, -12.853789705499588 ], [ -56.030941990017524, -12.852677620849994 ], [ -56.027047612238412, -12.850874809005077 ], [ -56.026628749674842, -12.850656542015265 ], [ -56.02905749484826, -12.842544654883907 ], [ -56.028906845404812, -12.842462742075789 ], [ -56.014270794696749, -12.835947946396196 ], [ -56.014071187435142, -12.836460245345414 ] ] ] } },
{ "type": "Feature", "properties": { }, "geometry": { "type": "Polygon", "coordinates": [ [ [ -56.038365245372347, -12.811399231389286 ], [ -56.038518900661565, -12.811056359977078 ], [ -56.03857864214325, -12.81092359038395 ], [ -56.03887385698264, -12.810460422087646 ], [ -56.039287563625024, -12.809980962933151 ], [ -56.039704475387197, -12.809640804206081 ], [ -56.039741686200152, -12.809615010644727 ], [ -56.039763905272231, -12.809598940483244 ], [ -56.040182241807507, -12.8093187647502 ], [ -56.041179200931225, -12.808822727042008 ], [ -56.041607680629156, -12.808610222513256 ], [ -56.041804302194151, -12.808504957807957 ], [ -56.041899505725567, -12.808464088773924 ], [ -56.041955529156368, -12.808438122937755 ], [ -56.042019316996843, -12.808408780440306 ], [ -56.042200409742527, -12.808310268970846 ], [ -56.019778771523342, -12.775785191486738 ], [ -56.019734333379169, -12.775817336115841 ], [ -56.019686069400613, -12.775874641605105 ], [ -56.019681282150245, -12.77594080606355 ], [ -56.019585715609118, -12.77601441339498 ], [ -56.019473923973692, -12.775951960732536 ], [ -56.019366428965824, -12.775913272163788 ], [ -56.019311965357296, -12.775889967192185 ], [ -56.019130426605429, -12.775765999404532 ], [ -56.018988048124534, -12.775765980065859 ], [ -56.01886621119516, -12.775786931344282 ], [ -56.018679394570107, -12.775819056634495 ], [ -56.01854943517877, -12.775841404660056 ], [ -56.018429030458577, -12.77587027730304 ], [ -56.018389850357991, -12.775885182430171 ], [ -56.018295716026067, -12.775966711145596 ], [ -56.018259400343844, -12.775997459000932 ], [ -56.018143763044435, -12.776099020658295 ], [ -56.018016177448693, -12.776227139853537 ], [ -56.017922043116769, -12.776308668458629 ], [ -56.017776289765123, -12.776521588055585 ], [ -56.017630085449859, -12.776546729514306 ], [ -56.017575131218543, -12.77661335293298 ], [ -56.017485293514206, -12.776718645446838 ], [ -56.017315663399479, -12.776845826717709 ], [ -56.017228219320323, -12.776918037039914 ], [ -56.017193806640492, -12.777005630876632 ], [ -56.017175638884588, -12.777090431193733 ], [ -56.017036595615302, -12.77715517925097 ], [ -56.016933868028225, -12.777189179585047 ], [ -56.016813934101236, -12.777266976783803 ], [ -56.016730786649674, -12.777362950958427 ], [ -56.016646206988888, -12.777451003775594 ], [ -56.016632335860564, -12.777559567897505 ], [ -56.016577852422458, -12.777675115679854 ], [ -56.016445499405926, -12.777730545533968 ], [ -56.016268708245221, -12.777818119750465 ], [ -56.016204199342752, -12.77787821826651 ], [ -56.016189857421232, -12.777937857634441 ], [ -56.016070865080643, -12.778113503703853 ], [ -56.015960956618017, -12.778246749697324 ], [ -56.015827151562696, -12.778433110316948 ], [ -56.015570057539215, -12.778771352556525 ], [ -56.015319182975311, -12.779051351985705 ], [ -56.015144765610188, -12.779244695675475 ], [ -56.014926400723716, -12.779380256066665 ], [ -56.014785434622425, -12.779527009573021 ], [ -56.014711841842015, -12.77962950741137 ], [ -56.014601933379367, -12.779762752605217 ], [ -56.014526908389747, -12.779857329102351 ], [ -56.014459535068895, -12.779901584645186 ], [ -56.014371600366964, -12.780063721197591 ], [ -56.014291317333779, -12.780175536781604 ], [ -56.014265497909101, -12.780310656882079 ], [ -56.014251626780776, -12.780419219775043 ], [ -56.014225316733324, -12.78064426664211 ], [ -56.014226729112927, -12.780791038752383 ], [ -56.014263024965551, -12.780899142310444 ], [ -56.014331810665993, -12.781001658930274 ], [ -56.014370951107409, -12.781264455439636 ], [ -56.014435910973496, -12.781392132225919 ], [ -56.014457864904593, -12.781559874039491 ], [ -56.014406716678053, -12.781740186212259 ], [ -56.014362729497492, -12.781960104158054 ], [ -56.014364141877081, -12.782106875503676 ], [ -56.014336399620433, -12.782323999698795 ], [ -56.014220742491418, -12.782564408727101 ], [ -56.014127549745908, -12.782743782594384 ], [ -56.01399088027221, -12.782914297596957 ], [ -56.013845617543346, -12.783037285613199 ], [ -56.013740967124285, -12.783153290014111 ], [ -56.013686954479361, -12.783317758775423 ], [ -56.013643457921589, -12.783447749480743 ], [ -56.013684050401785, -12.78357961528954 ], [ -56.013720346254409, -12.783687717653963 ], [ -56.013768099780584, -12.783859188941367 ], [ -56.013819679141122, -12.784005500060477 ], [ -56.01390661276789, -12.784162066494234 ], [ -56.013994978603861, -12.784326553936539 ], [ -56.014038906295625, -12.784523184792924 ], [ -56.014060389433531, -12.784642001254982 ], [ -56.014156877731459, -12.784805091682685 ], [ -56.014292546129965, -12.784953277413889 ], [ -56.014529490076775, -12.785198391172912 ], [ -56.014553837633059, -12.78533304946559 ], [ -56.014519895746446, -12.785469563504877 ], [ -56.014480695816239, -12.785623316298027 ], [ -56.01448450182103, -12.785737004574818 ], [ -56.014493565869394, -12.785833453988261 ], [ -56.014440514640462, -12.785956919039812 ], [ -56.014372179903624, -12.786042175470596 ], [ -56.014324386718265, -12.786148401629426 ], [ -56.014292838456825, -12.786251834355648 ], [ -56.01428852199966, -12.78636691904275 ], [ -56.014251715694648, -12.786487590448109 ], [ -56.01420584534128, -12.786511812678331 ], [ -56.014104079170195, -12.786504809877744 ], [ -56.014026209591798, -12.786444694076634 ], [ -56.013969352358075, -12.786454470926747 ], [ -56.013913927333554, -12.78647216881479 ], [ -56.013841295969129, -12.786533661963924 ], [ -56.013682181941554, -12.78662636077755 ], [ -56.013577531522486, -12.786742363529543 ], [ -56.013485770986158, -12.786929655452823 ], [ -56.013404035914185, -12.78717239435678 ], [ -56.013345236018893, -12.787403021955845 ], [ -56.013309861923076, -12.787531613871026 ], [ -56.013216669177567, -12.787710984209566 ], [ -56.013167443783018, -12.787809288670099 ], [ -56.013092418793413, -12.787903862153588 ], [ -56.013100030802974, -12.788131236601998 ], [ -56.013175957719803, -12.788412201895717 ], [ -56.013248549425043, -12.788628402439937 ], [ -56.013372740320435, -12.78885206464863 ], [ -56.013502679882187, -12.788968564166934 ], [ -56.013671308921737, -12.789160083147459 ], [ -56.01415953873687, -12.789590665656657 ], [ -56.014596640155077, -12.790062707846969 ], [ -56.01484264815025, -12.790404264311958 ], [ -56.015055224711183, -12.790653562787066 ], [ -56.015287872030406, -12.790874908312212 ], [ -56.015454598067564, -12.791009582914311 ], [ -56.015598388928055, -12.791156368336525 ], [ -56.015715909400249, -12.791250500793774 ], [ -56.015781340059519, -12.791427094496324 ], [ -56.015955227142662, -12.791601373193014 ], [ -56.016231351190072, -12.791831576311559 ], [ -56.016451559590173, -12.792169399506875 ], [ -56.016491661447567, -12.792391183472615 ], [ -56.016494506036373, -12.792545869601526 ], [ -56.016430467927094, -12.792654886340371 ], [ -56.01635687514667, -12.792757378849217 ], [ -56.016316243007275, -12.792903206366875 ], [ -56.016261739739583, -12.79315759121558 ], [ -56.016286558089057, -12.793341166857314 ], [ -56.016321421732492, -12.793441344221998 ], [ -56.016393542644529, -12.793608618924058 ], [ -56.016436528749928, -12.793707399529845 ], [ -56.016542100925797, -12.793828086762955 ], [ -56.016585557824385, -12.793975788754969 ], [ -56.016641924435277, -12.79405593431578 ], [ -56.016868823088146, -12.794384437094426 ], [ -56.017022639412978, -12.794586666044196 ], [ -56.017214203629209, -12.794766070042883 ], [ -56.017464057288343, -12.794943618165245 ], [ -56.01752948794762, -12.795120209283159 ], [ -56.017632195705119, -12.795225054313999 ], [ -56.017877262113878, -12.795468761454547 ], [ -56.017970885993407, -12.795616003384398 ], [ -56.018078851794456, -12.795703610071222 ], [ -56.018212126567789, -12.795884869017469 ], [ -56.01874238107235, -12.796455219862843 ], [ -56.019453919102574, -12.79726390816858 ], [ -56.019892923523166, -12.79779277742028 ], [ -56.019952870657072, -12.79789272346852 ], [ -56.036947305020163, -12.816056981554352 ], [ -56.037384909534453, -12.814679205045291 ], [ -56.038204757345078, -12.81191273183976 ], [ -56.038365245372347, -12.811399231389286 ] ], [ [ -56.014625784366181, -12.780933312539915 ], [ -56.014559808508061, -12.780893727025042 ], [ -56.014520222993184, -12.78081895438584 ], [ -56.014551011726972, -12.780537457391196 ], [ -56.014753337691879, -12.78055065256282 ], [ -56.014850102283788, -12.780810157604757 ], [ -56.014779728035123, -12.780915718977749 ], [ -56.014625784366181, -12.780933312539915 ] ] ] } },
{ "type": "Feature", "properties": { }, "geometry": { "type": "Polygon", "coordinates": [ [ [ -56.161772489816187, -13.151692436473121 ], [ -56.15570379664932, -13.151201241029765 ], [ -56.155651696921602, -13.151352905229176 ], [ -56.155631626163292, -13.151380817453727 ], [ -56.155612506906195, -13.151437109993338 ], [ -56.155626112893536, -13.151512249536738 ], [ -56.155605551512451, -13.151629954674849 ], [ -56.155564929287863, -13.151706249925851 ], [ -56.155482027147684, -13.151757183384285 ], [ -56.155440208110498, -13.151849994744794 ], [ -56.155438039967102, -13.151976774550521 ], [ -56.155388333864558, -13.152095406008481 ], [ -56.155303754203807, -13.15218332634241 ], [ -56.155260973750622, -13.152317079177633 ], [ -56.155249967040682, -13.152441298684291 ], [ -56.155192619184191, -13.152540853759708 ], [ -56.155148181040005, -13.15257294976575 ], [ -56.155090597786895, -13.152648079306383 ], [ -56.155029434010814, -13.152703435359834 ], [ -56.155002672999757, -13.152740651453554 ], [ -56.155004811398754, -13.152821837244877 ], [ -56.155017936678085, -13.152917447130973 ], [ -56.154985672312051, -13.153016772791895 ], [ -56.154918053679808, -13.153105858210237 ], [ -56.15483323862243, -13.153169352752444 ], [ -56.15477446847153, -13.153191676574114 ], [ -56.15470207250371, -13.153277504562631 ], [ -56.154649266586169, -13.153355891252648 ], [ -56.154511881007885, -13.15352219777145 ], [ -56.154387395227111, -13.153690366905719 ], [ -56.154288463730033, -13.153907157423362 ], [ -56.154217254660026, -13.154045790525045 ], [ -56.154166832452873, -13.154160466312465 ], [ -56.154117616973124, -13.154189304752331 ], [ -56.154012260364262, -13.154231860263719 ], [ -56.153897339169447, -13.154337222347511 ], [ -56.15383903981175, -13.154408396682062 ], [ -56.153817526929465, -13.154497720469154 ], [ -56.153780249831271, -13.154569362851168 ], [ -56.153708815279423, -13.154614249111816 ], [ -56.153671548096021, -13.154616570272395 ], [ -56.153599397439578, -13.154657501862959 ], [ -56.15352963049353, -13.15473472270472 ], [ -56.153493540293127, -13.15485917020591 ], [ -56.153455066382335, -13.15494732842274 ], [ -56.153455762657337, -13.155089925245361 ], [ -56.153445472051985, -13.155218097999592 ], [ -56.153437094363838, -13.155333709423838 ], [ -56.153447080169016, -13.155666358283627 ], [ -56.153403543952052, -13.156073437873239 ], [ -56.1534154724188, -13.156185562348259 ], [ -56.153403975086071, -13.156399571079659 ], [ -56.153386748916567, -13.156581942582839 ], [ -56.153261988080018, -13.157002966789225 ], [ -56.153206543225892, -13.15715927932715 ], [ -56.153094711931274, -13.15737420407676 ], [ -56.152988138680229, -13.157571915570243 ], [ -56.152867714130451, -13.157739384621575 ], [ -56.152789108617817, -13.157814044491008 ], [ -56.152724599715363, -13.157874051291927 ], [ -56.152677522634598, -13.157984073376614 ], [ -56.152580278572891, -13.158094553844741 ], [ -56.152455321998929, -13.158213869991132 ], [ -56.152327501006589, -13.158317367670229 ], [ -56.152233131278059, -13.158374346265525 ], [ -56.152113913455679, -13.158455978968746 ], [ -56.152070652294512, -13.158610198673179 ], [ -56.152024526714946, -13.158748599899196 ], [ -56.151979843259376, -13.158825590236379 ], [ -56.151881893007882, -13.158862795746183 ], [ -56.151797087865297, -13.158856968809067 ], [ -56.151726614729462, -13.158860913748292 ], [ -56.151554365507742, -13.158927186350853 ], [ -56.151424876909594, -13.158998349698171 ], [ -56.151267675799204, -13.159078348721717 ], [ -56.151167331922515, -13.159148585508975 ], [ -56.151047162598921, -13.159201838538266 ], [ -56.150917919312171, -13.159228106743871 ], [ -56.150794404862218, -13.159286011643077 ], [ -56.150675432351214, -13.159322748998004 ], [ -56.150592049503032, -13.159394151100097 ], [ -56.150511540988056, -13.15941205168534 ], [ -56.150390184766664, -13.159412500461269 ], [ -56.150300121580528, -13.159423886476032 ], [ -56.150154152661862, -13.159473414076881 ], [ -56.150012009577594, -13.159497819569248 ], [ -56.149924810809836, -13.159525023912314 ], [ -56.149842389377646, -13.159555485535243 ], [ -56.149706220441544, -13.159566632673888 ], [ -56.149607799396847, -13.159554988487415 ], [ -56.149466853125155, -13.15956287834333 ], [ -56.149299871861807, -13.159542618037467 ], [ -56.149089649266855, -13.159537937191846 ], [ -56.149028014697571, -13.159544442103522 ], [ -56.148889452136274, -13.159588620499184 ], [ -56.148797476032946, -13.159612567550079 ], [ -56.148016710667569, -13.161902806284075 ], [ -56.15867845548425, -13.16790585578773 ], [ -56.161772489816187, -13.151692436473121 ] ] ] } },
{ "type": "Feature", "properties": { }, "geometry": { "type": "Polygon", "coordinates": [ [ [ -56.147020758809404, -13.163768687298733 ], [ -56.146907717548785, -13.163878727505844 ], [ -56.146833753301323, -13.163910847773744 ], [ -56.146744619322313, -13.163932625196292 ], [ -56.14653982794632, -13.163792996798254 ], [ -56.146288779908105, -13.163544783666435 ], [ -56.146068071333012, -13.163317256018674 ], [ -56.145864058907534, -13.16303507179931 ], [ -56.145700602688805, -13.162940135640438 ], [ -56.145363068290948, -13.16276503439143 ], [ -56.145182152713573, -13.16275725423144 ], [ -56.14494471650589, -13.162804494409841 ], [ -56.144758474206817, -13.162914155807657 ], [ -56.144494572061774, -13.163094199945732 ], [ -56.144580466178823, -13.163213895736495 ], [ -56.144665123912866, -13.163346839826925 ], [ -56.144740568419436, -13.163456785832839 ], [ -56.144823499420433, -13.163580194318664 ], [ -56.144902976955365, -13.163684531805231 ], [ -56.145217421675206, -13.164166383777372 ], [ -56.145404879794, -13.164448819698395 ], [ -56.145483198204417, -13.164602515340045 ], [ -56.145816081332924, -13.165046788176035 ], [ -56.145963516879988, -13.165247607797179 ], [ -56.14604384582772, -13.16544028521723 ], [ -56.146122743800383, -13.165569301075404 ], [ -56.146255206358575, -13.16574319544962 ], [ -56.146318811676977, -13.166066557781576 ], [ -56.146436573096878, -13.166326546456425 ], [ -56.146658553922876, -13.166883259363319 ], [ -56.146699439861131, -13.166969641773644 ], [ -56.146752117172717, -13.167176897181863 ], [ -56.146833605244943, -13.167320215116774 ], [ -56.146977007763667, -13.167526641200709 ], [ -56.147179722675588, -13.16786544442459 ], [ -56.147319671728198, -13.168052799451981 ], [ -56.147381574220972, -13.168199479533241 ], [ -56.147459313069135, -13.168377851702187 ], [ -56.147530144985112, -13.168518082621203 ], [ -56.147588877816062, -13.168675138361717 ], [ -56.14775763762934, -13.168798555857689 ], [ -56.147807157232812, -13.168932613920102 ], [ -56.147905345026942, -13.169112390537478 ], [ -56.147930098851845, -13.16922120531415 ], [ -56.148026571866637, -13.169307874879678 ], [ -56.148061981847789, -13.169419775871249 ], [ -56.148040941385851, -13.169526621211395 ], [ -56.147967779267162, -13.169568677494913 ], [ -56.147904126133916, -13.169579606075006 ], [ -56.147828953477905, -13.169582680735388 ], [ -56.147705964044071, -13.16962837598876 ], [ -56.147632234316838, -13.169611539513136 ], [ -56.147536612714852, -13.169613209193566 ], [ -56.147365238894601, -13.16964263228733 ], [ -56.147286600818802, -13.169710207957152 ], [ -56.147208258500967, -13.169723658509412 ], [ -56.14714115190165, -13.169715516615089 ], [ -56.147076351597633, -13.169692231208819 ], [ -56.146999452208568, -13.1696857706327 ], [ -56.14694559186507, -13.169695017888383 ], [ -56.146862636956655, -13.169738755461877 ], [ -56.146834973366801, -13.169836906092705 ], [ -56.146809332267992, -13.169890466847534 ], [ -56.146728683654864, -13.169919060888471 ], [ -56.146697862356902, -13.169944015951337 ], [ -56.146721752815274, -13.170048062747917 ], [ -56.146788279852345, -13.17008088334042 ], [ -56.146828302424076, -13.170162497014497 ], [ -56.146873788999237, -13.170302162593396 ], [ -56.146909494738352, -13.170359938172322 ], [ -56.146978611874985, -13.17040706153422 ], [ -56.147039367196967, -13.170519526341069 ], [ -56.147086296700884, -13.170639280664483 ], [ -56.147179600053867, -13.170736325578671 ], [ -56.147286729224916, -13.170826080891947 ], [ -56.147381771264648, -13.170849089851593 ], [ -56.147441391369547, -13.170843769578971 ], [ -56.147509657093373, -13.170802554170248 ], [ -56.147622274175241, -13.170783219086331 ], [ -56.147751886736998, -13.170746218586634 ], [ -56.147877182466154, -13.170685380091626 ], [ -56.147987209448438, -13.17065174220239 ], [ -56.148099246968066, -13.170657085757728 ], [ -56.148191415103959, -13.170636345688644 ], [ -56.148319596690655, -13.170535685047449 ], [ -56.148454401405253, -13.170443718913759 ], [ -56.148586320262325, -13.170391574894339 ], [ -56.148698653539917, -13.170342793493298 ], [ -56.148793991337634, -13.170311677529435 ], [ -56.148868004869129, -13.17035796024331 ], [ -56.148987516929488, -13.17046033718935 ], [ -56.14916662518732, -13.170724536119145 ], [ -56.149312617805606, -13.170945262113069 ], [ -56.149444205043565, -13.171197956056981 ], [ -56.149736462130711, -13.171752423908567 ], [ -56.149916729513038, -13.171967264413354 ], [ -56.150056690519364, -13.172071045651935 ], [ -56.150079138048959, -13.17219500247154 ], [ -56.150099858845508, -13.172309424095468 ], [ -56.150222528613966, -13.172484994983419 ], [ -56.150296825949731, -13.17256072330791 ], [ -56.150357853122287, -13.172786203564533 ], [ -56.150432718066597, -13.172920823755678 ], [ -56.150526600981848, -13.172993189352306 ], [ -56.150630276686805, -13.173063873631495 ], [ -56.150630820387939, -13.17328990609675 ], [ -56.150734472185484, -13.173527730681888 ], [ -56.15103077425465, -13.173993015085978 ], [ -56.151092948597999, -13.17425270737057 ], [ -56.151154271528533, -13.174424062008949 ], [ -56.151237782091776, -13.174522786708854 ], [ -56.151273475877197, -13.174664131085288 ], [ -56.151399007595785, -13.174967018267985 ], [ -56.151709123529315, -13.175508580015899 ], [ -56.151838416425676, -13.175692842971722 ], [ -56.15192048406017, -13.175811477792621 ], [ -56.152015230341924, -13.175888610031533 ], [ -56.152122643317234, -13.176007809062485 ], [ -56.152180808539661, -13.176105968818856 ], [ -56.152391317657703, -13.176320529170024 ], [ -56.152557179659702, -13.176567333113212 ], [ -56.152666011656386, -13.176833759386062 ], [ -56.152790408157891, -13.177018861978603 ], [ -56.152902149919555, -13.177078328879695 ], [ -56.152961474266469, -13.177127132216411 ], [ -56.153023092954967, -13.177244361406284 ], [ -56.153040360285409, -13.177339710796263 ], [ -56.153047834826147, -13.177436741415107 ], [ -56.153162438537912, -13.177623524816292 ], [ -56.153206198380019, -13.177753651217387 ], [ -56.153252276471115, -13.177785065844086 ], [ -56.153318507750193, -13.177872008708428 ], [ -56.153329435757016, -13.177988108940708 ], [ -56.153388168587981, -13.178145158605538 ], [ -56.153378351890829, -13.17831397698974 ], [ -56.153389255990255, -13.178597213941925 ], [ -56.153465280059073, -13.178682475260269 ], [ -56.153557436241265, -13.178745304271144 ], [ -56.153651886765047, -13.178876558672366 ], [ -56.153676628636212, -13.179068937397991 ], [ -56.153767625693895, -13.17918112189558 ], [ -56.153845944104312, -13.179334808288784 ], [ -56.153864938167807, -13.179439691719702 ], [ -56.153916196458049, -13.17949971069053 ], [ -56.154051544873781, -13.179633774531172 ], [ -56.154078604993956, -13.179727441739821 ], [ -56.154038274710551, -13.17978352220524 ], [ -56.154000250722426, -13.179824459773 ], [ -56.155806476533655, -13.18331658907565 ], [ -56.158681545384461, -13.168015414953164 ], [ -56.148020586227425, -13.161975671330607 ], [ -56.148020592305528, -13.1619756879478 ], [ -56.147271122346062, -13.163499121908195 ], [ -56.147020758809404, -13.163768687298733 ] ], [ [ -56.150737577836672, -13.168930908002586 ], [ -56.150724307673443, -13.169080662224575 ], [ -56.150730055481134, -13.169168160861901 ], [ -56.150614268737442, -13.169197871989132 ], [ -56.150420731191886, -13.169132783244473 ], [ -56.150296310782956, -13.169114818093096 ], [ -56.150212788265996, -13.169099662905435 ], [ -56.150123494033949, -13.169164152420151 ], [ -56.150004253824171, -13.16917479303827 ], [ -56.149993325817348, -13.169058688625901 ], [ -56.149980671077493, -13.168933048894083 ], [ -56.149900034418074, -13.168878071306706 ], [ -56.149775046400613, -13.16880121320008 ], [ -56.149759505803196, -13.168715395757554 ], [ -56.149749760828279, -13.168382789618013 ], [ -56.149815448406258, -13.168243698906604 ], [ -56.149919148018625, -13.168147240606402 ], [ -56.149947958779258, -13.168083303507705 ], [ -56.150006171816507, -13.167847178244875 ], [ -56.150087991507824, -13.167685653938017 ], [ -56.150215889290251, -13.16755554546404 ], [ -56.150332835158444, -13.167476476201601 ], [ -56.150584561833831, -13.167472584126397 ], [ -56.150996402703548, -13.167628005761705 ], [ -56.151204345629417, -13.167661126299778 ], [ -56.151339126436618, -13.167736303431589 ], [ -56.151574697091213, -13.167921988865823 ], [ -56.151672601081081, -13.168072319667424 ], [ -56.151703658368504, -13.168411098857634 ], [ -56.1516327905914, -13.168521583633805 ], [ -56.151692114938314, -13.168570388676399 ], [ -56.151796949767764, -13.168591716521258 ], [ -56.151846481324966, -13.168642202876285 ], [ -56.151818238172865, -13.168765032788492 ], [ -56.151743893022257, -13.169023590337051 ], [ -56.151582595796015, -13.169080778618044 ], [ -56.151371223311465, -13.168861444287922 ], [ -56.151314784822091, -13.168772816897754 ], [ -56.151135628749437, -13.168842903155817 ], [ -56.150978944113788, -13.168869804354884 ], [ -56.150820532745101, -13.168887170284805 ], [ -56.150737577836672, -13.168930908002586 ] ], [ [ -56.156914455243218, -13.167943957036917 ], [ -56.157068936242624, -13.167959405136857 ], [ -56.157130728642386, -13.168210436760887 ], [ -56.157111418517459, -13.168279953210618 ], [ -56.156690457794085, -13.168310849410499 ], [ -56.156493494519843, -13.168310849410499 ], [ -56.156547562869633, -13.16809071398635 ], [ -56.156748388168857, -13.167998025386709 ], [ -56.156914455243218, -13.167943957036917 ] ] ] } },
{ "type": "Feature", "properties": { }, "geometry": { "type": "Polygon", "coordinates": [ [ [ -56.15397987195621, -13.180339184986133 ], [ -56.154005772951898, -13.180482207248202 ], [ -56.154024767015386, -13.180587090187256 ], [ -56.154076592914173, -13.180705998963026 ], [ -56.154134758136586, -13.180804156834741 ], [ -56.154131280763082, -13.180952222550607 ], [ -56.154068479042664, -13.181051485632617 ], [ -56.154018332062115, -13.181276382134756 ], [ -56.154040779591696, -13.181400334291883 ], [ -56.154073019911017, -13.181522605148277 ], [ -56.154068974928968, -13.181611780575123 ], [ -56.154002719742465, -13.181691973855182 ], [ -56.154002695835061, -13.181859108556495 ], [ -56.154052795000787, -13.181968481957433 ], [ -56.154019371649561, -13.182062700924465 ], [ -56.153925464826912, -13.182157472507248 ], [ -56.153886837369136, -13.182390221501109 ], [ -56.153856275968039, -13.182611754311637 ], [ -56.153818216118808, -13.182903392430696 ], [ -56.153734645787019, -13.183222505750605 ], [ -56.153669549725016, -13.183253343748184 ], [ -56.153598681947912, -13.183363821824356 ], [ -56.153564075564788, -13.183674528428003 ], [ -56.153523745281369, -13.183730607988592 ], [ -56.153498387986836, -13.18381361037012 ], [ -56.15352717484005, -13.183916810659356 ], [ -56.153493751488817, -13.184011028875929 ], [ -56.153425201960729, -13.184022797421475 ], [ -56.153429223035367, -13.184100756043255 ], [ -56.15344764949031, -13.184146748186931 ], [ -56.153527127025221, -13.184251076907481 ], [ -56.153504064072266, -13.184402502973253 ], [ -56.153428016096036, -13.18448437655598 ], [ -56.153451622750126, -13.18455897259653 ], [ -56.153484430677999, -13.184740130989255 ], [ -56.153381298674169, -13.18489547182763 ], [ -56.153285097509929, -13.184921818616402 ], [ -56.153208481925141, -13.184944802973529 ], [ -56.153145112596185, -13.184985175393303 ], [ -56.153112256853504, -13.185138282217663 ], [ -56.153067313979506, -13.185224646546482 ], [ -56.153015464173315, -13.185272872335979 ], [ -56.152931350140399, -13.185365961463434 ], [ -56.152944004880254, -13.185491592758835 ], [ -56.152867956904025, -13.185573465976969 ], [ -56.152774050081376, -13.185668236199447 ], [ -56.152756758843509, -13.185740022104978 ], [ -56.15270259078833, -13.185886956268712 ], [ -56.152640948192406, -13.185936863135209 ], [ -56.152598891175941, -13.185983407576993 ], [ -56.152601753126092, -13.186110719761604 ], [ -56.152636879302953, -13.186193168692457 ], [ -56.152684684127088, -13.186234116826041 ], [ -56.152770500985632, -13.18631769427763 ], [ -56.152881651231333, -13.186485401737364 ], [ -56.152926570197927, -13.186566169338633 ], [ -56.152896600312772, -13.186679455681508 ], [ -56.152899462262923, -13.186806767503752 ], [ -56.152897144013913, -13.186905475568496 ], [ -56.152700129094853, -13.186988453595522 ], [ -56.152592408407848, -13.187006946798833 ], [ -56.152514066090014, -13.187020396400357 ], [ -56.152355087112788, -13.186978872480296 ], [ -56.152334366316239, -13.186864457716322 ], [ -56.152343023888868, -13.186744999292753 ], [ -56.152319417234786, -13.186670403918992 ], [ -56.15224050730842, -13.186624964891857 ], [ -56.152063101876216, -13.186537449219214 ], [ -56.151928321069029, -13.186462277862788 ], [ -56.1518355972783, -13.186340562118305 ], [ -56.151761299942521, -13.186264838058598 ], [ -56.151662236828145, -13.186163872609175 ], [ -56.151544747258825, -13.186016915334736 ], [ -56.151437618087776, -13.185927165593316 ], [ -56.151165762131789, -13.185708399005801 ], [ -56.150979179333241, -13.185347188810271 ], [ -56.150880707734828, -13.185137979614499 ], [ -56.150903770687783, -13.184986554004082 ], [ -56.150991362094203, -13.184745401402003 ], [ -56.151171109682828, -13.184567076077842 ], [ -56.151341064481706, -13.184390431841887 ], [ -56.151333589940975, -13.184293403980922 ], [ -56.15126851778637, -13.184157108826518 ], [ -56.151128013078925, -13.183827310190741 ], [ -56.151108451406877, -13.183663539280683 ], [ -56.151171844643244, -13.183456033146728 ], [ -56.151269796447941, -13.183272087277976 ], [ -56.151355069605351, -13.183129642574183 ], [ -56.151387357739495, -13.182917644952628 ], [ -56.151358003277721, -13.18275555466297 ], [ -56.151300997179803, -13.182608042689608 ], [ -56.151199639723842, -13.182438651339522 ], [ -56.150889795640879, -13.182010117108705 ], [ -56.150765399139374, -13.181825018292104 ], [ -56.150666927540961, -13.181615806083745 ], [ -56.150510858328666, -13.18136732599368 ], [ -56.150368602980748, -13.181195123958334 ], [ -56.150022473596408, -13.180733492061934 ], [ -56.149816281310969, -13.180542772612181 ], [ -56.149633128071102, -13.180367760160806 ], [ -56.149470128019232, -13.180248275286662 ], [ -56.149233398240128, -13.180111954600802 ], [ -56.148921212000737, -13.179949263239822 ], [ -56.148782977727443, -13.179855020181183 ], [ -56.148468473239063, -13.179791039585139 ], [ -56.148255350114049, -13.179729316157838 ], [ -56.148066992767625, -13.179692834751592 ], [ -56.14774960242169, -13.179668674752609 ], [ -56.147626341137268, -13.179601354883273 ], [ -56.147359641473031, -13.179578323468693 ], [ -56.147166671536006, -13.179572127843597 ], [ -56.146656878861599, -13.179600662559297 ], [ -56.146562404430405, -13.17963654476617 ], [ -56.146438551630048, -13.179677470719678 ], [ -56.146173578698843, -13.179663974159018 ], [ -56.14601802928027, -13.179808654787841 ], [ -56.145843485798224, -13.179848452120378 ], [ -56.145612503826797, -13.179799626048739 ], [ -56.145368843208097, -13.179792301836814 ], [ -56.145244990407718, -13.179833227764266 ], [ -56.145102119636427, -13.179936406455035 ], [ -56.144981128786192, -13.180104647669053 ], [ -56.144949432168005, -13.180208402179437 ], [ -56.144889516305135, -13.180267845027757 ], [ -56.144777774543485, -13.180208378901797 ], [ -56.144655080867608, -13.180199949389182 ], [ -56.144545633447564, -13.180208908280608 ], [ -56.144360138051276, -13.180299742155018 ], [ -56.144264504495588, -13.180384979602467 ], [ -56.144066898060565, -13.180576205275637 ], [ -56.143839937163769, -13.18060533908498 ], [ -56.143959201280971, -13.180427563398634 ], [ -56.144694323748773, -13.179691816540286 ], [ -56.144924194410521, -13.179455725752707 ], [ -56.145101647657533, -13.179208971278113 ], [ -56.145260674449609, -13.178916223436289 ], [ -56.145281443060966, -13.178696368536803 ], [ -56.145289533025064, -13.178518015525372 ], [ -56.145242982955068, -13.177759161505696 ], [ -56.14529024407809, -13.177574082750997 ], [ -56.145350751456903, -13.177406392459803 ], [ -56.14543429788128, -13.177254409400605 ], [ -56.145475219680641, -13.177090081427167 ], [ -56.145493126341883, -13.176742907893443 ], [ -56.145478768776385, -13.176440598851428 ], [ -56.145476522249609, -13.176037895751115 ], [ -56.145428765240297, -13.175662668385671 ], [ -56.145397116436918, -13.175432146939414 ], [ -56.145363173291969, -13.175133198842035 ], [ -56.145307326318559, -13.174936325841307 ], [ -56.145243980897014, -13.174809560510372 ], [ -56.145164503362103, -13.174705227763923 ], [ -56.145015908690539, -13.174553772418365 ], [ -56.144878265933222, -13.17435127914217 ], [ -56.144623133606572, -13.174001821206996 ], [ -56.144425598893775, -13.173691631713696 ], [ -56.144310995182003, -13.173504845311838 ], [ -56.144286820919369, -13.173371354063917 ], [ -56.144102532462405, -13.173078552682664 ], [ -56.143978135960893, -13.172893447110232 ], [ -56.143826679339213, -13.172614671502782 ], [ -56.143735114672978, -13.172443591934814 ], [ -56.143651616063416, -13.172261295811014 ], [ -56.143572753951872, -13.171881571419144 ], [ -56.143518657618912, -13.171527089317109 ], [ -56.143429978810239, -13.171316186997199 ], [ -56.143363771438558, -13.171062099843319 ], [ -56.143314855304723, -13.170736222139592 ], [ -56.143284933234419, -13.17051523125733 ], [ -56.143196822034277, -13.170363220640867 ], [ -56.143200299407781, -13.17021514851889 ], [ -56.143143293309876, -13.170067628986704 ], [ -56.143094353268658, -13.169908892821587 ], [ -56.142980317165403, -13.169780996248797 ], [ -56.142938284056356, -13.169660400845897 ], [ -56.14281272843035, -13.16952465022225 ], [ -56.142587518174025, -13.169396177489245 ], [ -56.142502268924012, -13.169371487071665 ], [ -56.14233349715704, -13.169331641478291 ], [ -56.142244226832403, -13.169228987719729 ], [ -56.142123851405543, -13.169121842630288 ], [ -56.142021902433619, -13.169060692472833 ], [ -56.1418548573997, -13.169030382089874 ], [ -56.141793238711188, -13.168913148966432 ], [ -56.141122244440183, -13.168330298606978 ], [ -56.140811217325307, -13.16811824160856 ], [ -56.140630961896676, -13.16781982562534 ], [ -56.140485241128971, -13.167712115595284 ], [ -56.140380134448939, -13.16757776888285 ], [ -56.140242763542176, -13.167488288721527 ], [ -56.139983290475492, -13.167282127308653 ], [ -56.13992741959467, -13.167252392670118 ], [ -56.13981134904671, -13.167252657373535 ], [ -56.139718033740024, -13.167239183406679 ], [ -56.139613790426502, -13.167109604102661 ], [ -56.139520499027235, -13.166928985345962 ], [ -56.13948854251219, -13.166836153909461 ], [ -56.139389763202082, -13.166764627162827 ], [ -56.139193067948419, -13.16662634128414 ], [ -56.139125109936266, -13.166529859067994 ], [ -56.13889270894348, -13.166333796541595 ], [ -56.138828772005972, -13.166315278497084 ], [ -56.138741216460673, -13.16630573149091 ], [ -56.138706941696626, -13.166311616189422 ], [ -56.138629462745328, -13.166329834611364 ], [ -56.138588848657641, -13.166356471382093 ], [ -56.138536419289196, -13.166429379966807 ], [ -56.138488306753388, -13.166526126926735 ], [ -56.138470435953252, -13.166622597504883 ], [ -56.138478490056244, -13.166694953323423 ], [ -56.138489713821023, -13.166756933101816 ], [ -56.138482499177172, -13.166856489923127 ], [ -56.138442736502292, -13.166971466728 ], [ -56.138399792211906, -13.167180391831691 ], [ -56.138387089657229, -13.167389040414463 ], [ -56.138389088240835, -13.167511594612648 ], [ -56.138376113835584, -13.167607224135869 ], [ -56.138332885740915, -13.167786702105174 ], [ -56.134930382957258, -13.195136355622905 ], [ -56.152972713457068, -13.198222473744813 ], [ -56.155775507356687, -13.183368603817524 ], [ -56.154023691566941, -13.180051470601951 ], [ -56.153947963256002, -13.179912086914671 ], [ -56.153934976897027, -13.180091279533814 ], [ -56.15397987195621, -13.180339184986133 ] ] ] } },
{ "type": "Feature", "properties": { }, "geometry": { "type": "Polygon", "coordinates": [ [ [ -56.029854237346797, -13.187615081379924 ], [ -56.027782260263656, -13.186530551526422 ], [ -56.006496889117557, -13.196383034725105 ], [ -56.006961998814809, -13.196637430076278 ], [ -56.00766036091769, -13.19717619238414 ], [ -56.007802060610771, -13.197205935023579 ], [ -56.007857351929331, -13.197260341988477 ], [ -56.007932808389626, -13.197286710720622 ], [ -56.008065011050952, -13.197264015470852 ], [ -56.008204700206697, -13.197254780895383 ], [ -56.008312137089447, -13.197206845416677 ], [ -56.00838357247509, -13.197155259720631 ], [ -56.008439751067591, -13.197047309573543 ], [ -56.008496497268638, -13.196998245541105 ], [ -56.008622360606346, -13.196996299738352 ], [ -56.008717402646063, -13.197019306236266 ], [ -56.008853070727191, -13.196932117146394 ], [ -56.009025899429915, -13.196799226218134 ], [ -56.009180869286219, -13.196679231668439 ], [ -56.009336406751075, -13.196618123313774 ], [ -56.009465735508563, -13.196551683592315 ], [ -56.009560789502004, -13.196491127825389 ], [ -56.009702784953063, -13.19646675136655 ], [ -56.009970359937547, -13.196410985951482 ], [ -56.010227550616342, -13.196465140059635 ], [ -56.010351971025251, -13.19648310320242 ], [ -56.010575738352806, -13.196631470647361 ], [ -56.010880426144062, -13.196864252414422 ], [ -56.011166107918115, -13.197075720238137 ], [ -56.011284472807652, -13.197143875861661 ], [ -56.011351851257558, -13.197265021970978 ], [ -56.011418070582934, -13.197435519921516 ], [ -56.011540172742855, -13.197552186758376 ], [ -56.01169682151739, -13.197775974486916 ], [ -56.011925757090367, -13.198036505355329 ], [ -56.012045541001271, -13.198251875387962 ], [ -56.012175685310467, -13.198524449903839 ], [ -56.012316757626472, -13.198913114412303 ], [ -56.012498160225903, -13.199245702314011 ], [ -56.01262428346044, -13.199440322016191 ], [ -56.012688764099089, -13.199684845622775 ], [ -56.012739430873353, -13.199853096522801 ], [ -56.012824064699998, -13.200153142897719 ], [ -56.012996242118234, -13.200546295525841 ], [ -56.013016962914776, -13.200660703884942 ], [ -56.01314367766529, -13.200747086004798 ], [ -56.013210476552914, -13.200892905927512 ], [ -56.013212179378556, -13.201069561513119 ], [ -56.013270912209506, -13.20122659635161 ], [ -56.013361909267196, -13.201338770681755 ], [ -56.01346960604679, -13.201487399844179 ], [ -56.013570963502751, -13.201656777994128 ], [ -56.01361645007789, -13.201796425587482 ], [ -56.014164871518915, -13.202088723139635 ], [ -56.014397058569166, -13.202225751562734 ], [ -56.01488816000856, -13.202272276962256 ], [ -56.029854237346797, -13.187615081379924 ] ] ] } },
{ "type": "Feature", "properties": { }, "geometry": { "type": "MultiPolygon", "coordinates": [ [ [ [ -55.429514852542447, -13.604719210269591 ], [ -55.42944914105707, -13.605024890077219 ], [ -55.429387474553742, -13.605241550955773 ], [ -55.429370159408457, -13.605480052491956 ], [ -55.429364955301914, -13.60561833913842 ], [ -55.429264685248228, -13.605900498694766 ], [ -55.429141376148984, -13.606166978538656 ], [ -55.429004820793928, -13.606416100451334 ], [ -55.428954106204813, -13.606581813795446 ], [ -55.428820436707312, -13.606791185259043 ], [ -55.428759337812515, -13.607066630349141 ], [ -55.428666566206964, -13.607278806238687 ], [ -55.428626803532111, -13.60739357289239 ], [ -55.428574929818488, -13.607608553339732 ], [ -55.428416494542404, -13.607792726731086 ], [ -55.428289164368522, -13.607981383086203 ], [ -55.428031074462091, -13.608172820898861 ], [ -55.428004558043042, -13.608304944613066 ], [ -55.428050044618168, -13.608444356192841 ], [ -55.428181939567828, -13.608559145517621 ], [ -55.428396765518471, -13.608797115274397 ], [ -55.428731966895988, -13.609142034240509 ], [ -55.428924912925595, -13.609315056824803 ], [ -55.429374789737132, -13.609345909959693 ], [ -55.42959193393677, -13.609485344162429 ], [ -55.429663913023553, -13.609659469837448 ], [ -55.42962067297519, -13.60992203728539 ], [ -55.429367763267884, -13.61014202693586 ], [ -55.429142505196729, -13.610347463857115 ], [ -55.428895934813077, -13.610546739299261 ], [ -55.428621145184721, -13.61070178216317 ], [ -55.428430469589301, -13.610763900319544 ], [ -55.428219049289929, -13.610878642047242 ], [ -55.427967890223087, -13.610941311825062 ], [ -55.427546208748822, -13.611121528006803 ], [ -55.427291004699931, -13.611273214019619 ], [ -55.427055977746456, -13.611313491710389 ], [ -55.426964389172817, -13.611309560333448 ], [ -55.426808272145699, -13.611395196876899 ], [ -55.426536368374919, -13.611510489965033 ], [ -55.426299590780971, -13.611708086193593 ], [ -55.426013281629871, -13.611855288796798 ], [ -55.425761531047073, -13.612026009792352 ], [ -55.425590441031105, -13.612084771138118 ], [ -55.4252759126353, -13.612187741374328 ], [ -55.425046065880963, -13.612256572061844 ], [ -55.424904921842725, -13.612369083171709 ], [ -55.424830600599535, -13.612460328918459 ], [ -55.424673300540512, -13.612762067375305 ], [ -55.424566691163193, -13.613064932008976 ], [ -55.424502730318267, -13.613213283564734 ], [ -55.424452015729173, -13.613378992149281 ], [ -55.424446811622616, -13.613517274180284 ], [ -55.424359811732153, -13.613649946572039 ], [ -55.424182950001097, -13.613788205208952 ], [ -55.424119580672134, -13.613828505707305 ], [ -55.423927745952206, -13.613939889512196 ], [ -55.423737637965331, -13.614060790909155 ], [ -55.42352737679046, -13.614126264617738 ], [ -55.423286010513344, -13.614187255318786 ], [ -55.422867214896627, -13.614327720281606 ], [ -55.422456485336582, -13.614456989318235 ], [ -55.422221458383113, -13.614497266467021 ], [ -55.422015809798829, -13.614532508966574 ], [ -55.421797482567264, -13.614609178380725 ], [ -55.421622939085211, -13.614648903844371 ], [ -55.421329155393359, -13.614699250238436 ], [ -55.421125257449518, -13.614577176142056 ], [ -55.420844200219783, -13.614252426928628 ], [ -55.420286106834936, -13.613680746674259 ], [ -55.419395106414143, -13.612832453946865 ], [ -55.419209067316721, -13.612697504734124 ], [ -55.418297913707939, -13.611793780308462 ], [ -55.417356814121405, -13.610836302273848 ], [ -55.417114904143162, -13.610671672009545 ], [ -55.416839027112552, -13.610375470815077 ], [ -55.416468108042203, -13.610056302242379 ], [ -55.416136927739323, -13.609789205398441 ], [ -55.415874296964546, -13.609510360505013 ], [ -55.415702663247437, -13.609343499395763 ], [ -55.41536055493772, -13.608960509328464 ], [ -55.415107716952669, -13.608679985203008 ], [ -55.414880779963291, -13.608542228782428 ], [ -55.414566890898271, -13.608203470304124 ], [ -55.413666097687759, -13.607356836207089 ], [ -55.413139677013667, -13.606848408306069 ], [ -55.412483655731535, -13.60629349289141 ], [ -55.412105262120484, -13.605877460824033 ], [ -55.411611673281669, -13.605383030895538 ], [ -55.411438880440073, -13.605265435151919 ], [ -55.411312165689559, -13.605179198236138 ], [ -55.411100793204994, -13.604960260863528 ], [ -55.410982144511181, -13.604862827539902 ], [ -55.410836435697163, -13.604671892259612 ], [ -55.41070799421361, -13.604576137102063 ], [ -55.410549039143774, -13.604367843809152 ], [ -55.410379132159726, -13.604210497115435 ], [ -55.410240897886446, -13.604116420059281 ], [ -55.410057744646565, -13.603941715385821 ], [ -55.409952342208548, -13.603861639462817 ], [ -55.409664921747769, -13.60372443192292 ], [ -55.409510011659954, -13.603427118664101 ], [ -55.409251993475763, -13.603118033729915 ], [ -55.4089743897121, -13.602812304986768 ], [ -55.408772218501312, -13.602699742860477 ], [ -55.408677176461573, -13.602676775137013 ], [ -55.408563116450935, -13.60271595091649 ], [ -55.408495134531371, -13.602786485892658 ], [ -55.408519308794006, -13.60291973922301 ], [ -55.408421948505286, -13.602995309026372 ], [ -55.408372984556628, -13.603003700505973 ], [ -55.408207642348351, -13.603149805150476 ], [ -55.408060158986473, -13.603283035039611 ], [ -55.407954732641045, -13.603369801094841 ], [ -55.407889045063087, -13.603508640659108 ], [ -55.407771507678937, -13.603695622137401 ], [ -55.407711024207522, -13.603696173822163 ], [ -55.407561246504066, -13.603761098713509 ], [ -55.407479426812735, -13.603922330732228 ], [ -55.407432757205697, -13.603999026820381 ], [ -55.407348643172774, -13.604091954082177 ], [ -55.407294475117574, -13.60423863297529 ], [ -55.407190775505214, -13.604334916715972 ], [ -55.407077283103114, -13.604432878703264 ], [ -55.406996054927738, -13.604486055395205 ], [ -55.406873337344443, -13.604644482034264 ], [ -55.406753505618717, -13.604763158214272 ], [ -55.406671118318833, -13.604865603190456 ], [ -55.40658411842837, -13.604998280432346 ], [ -55.406445836340268, -13.605237885575944 ], [ -55.406278175882996, -13.60548252531205 ], [ -55.406192335117026, -13.605565934005773 ], [ -55.406118013873844, -13.605657182375449 ], [ -55.405991842824463, -13.605796572278173 ], [ -55.405804620695136, -13.605877727669572 ], [ -55.405716461680171, -13.606059672454148 ], [ -55.405685332670529, -13.606222029501643 ], [ -55.405579906325102, -13.606308794479755 ], [ -55.405532077593556, -13.606434757826625 ], [ -55.405438170770907, -13.606529362403222 ], [ -55.405349444147411, -13.606652520770567 ], [ -55.405234225012265, -13.606740963860286 ], [ -55.405145522296159, -13.606697282379111 ], [ -55.405062567387745, -13.606740940623876 ], [ -55.405112666553478, -13.606850121055155 ], [ -55.405036618577235, -13.606931850998965 ], [ -55.405065405430463, -13.60703486994999 ], [ -55.405159288345693, -13.60710710514258 ], [ -55.40524394607975, -13.607239804364536 ], [ -55.405368342581248, -13.607424576191567 ], [ -55.405463384620987, -13.607447543454422 ], [ -55.405741579900607, -13.607645212784295 ], [ -55.405819306795074, -13.607906679116983 ], [ -55.405941408954988, -13.608023146962841 ], [ -55.406128015660954, -13.608216884383685 ], [ -55.40656400688588, -13.608672110369302 ], [ -55.40670626223379, -13.608844006715421 ], [ -55.40679839450857, -13.609073561685458 ], [ -55.406908409537174, -13.609123404066073 ], [ -55.406991908146729, -13.60930536959191 ], [ -55.407679578232226, -13.61009038359936 ], [ -55.408840683968535, -13.611314385172475 ], [ -55.409070482908021, -13.611579227157543 ], [ -55.409269768261282, -13.611731534250749 ], [ -55.409384371973061, -13.611917980803584 ], [ -55.409866417381686, -13.612571393313495 ], [ -55.410165333457833, -13.612883270691365 ], [ -55.410331786975789, -13.613021576247895 ], [ -55.410521847147848, -13.613234344932465 ], [ -55.410614570938598, -13.613355844823738 ], [ -55.410741285689092, -13.613442078760121 ], [ -55.410832282746796, -13.613554060880199 ], [ -55.410899081634419, -13.613699630586348 ], [ -55.411250415125316, -13.614022150680158 ], [ -55.411318373137448, -13.614118453676351 ], [ -55.411430682507643, -13.614236596681133 ], [ -55.411490574463102, -13.614344095438693 ], [ -55.411579844787738, -13.614446559503211 ], [ -55.41163685088565, -13.614593806873902 ], [ -55.411730733800887, -13.614666039759101 ], [ -55.411947286484576, -13.614913520984443 ], [ -55.41223870411261, -13.615295374865127 ], [ -55.412473683251264, -13.615588765144107 ], [ -55.412868208975695, -13.615982388597555 ], [ -55.413051929824128, -13.616215867937527 ], [ -55.41325005605286, -13.616417437999155 ], [ -55.413540338463797, -13.616681722617123 ], [ -55.41368432054476, -13.61686313067594 ], [ -55.413880152431901, -13.616996399315752 ], [ -55.414074825194561, -13.617178933675261 ], [ -55.414233780264397, -13.617387215691812 ], [ -55.414334570111805, -13.617497517751211 ], [ -55.414485459124954, -13.617716995176229 ], [ -55.414678405154547, -13.61789001148956 ], [ -55.414816639427819, -13.617984083069974 ], [ -55.414968711472888, -13.617987462684562 ], [ -55.415136915631315, -13.617968450946451 ], [ -55.415407092669064, -13.617843643513709 ], [ -55.415757906366231, -13.617773711147935 ], [ -55.416011927383202, -13.617838126995879 ], [ -55.416219278793122, -13.617979234383418 ], [ -55.416380552111953, -13.618088984515518 ], [ -55.416507834471012, -13.618233999780042 ], [ -55.41652394267696, -13.618378440069847 ], [ -55.416426582388219, -13.618454004936703 ], [ -55.416119528533152, -13.61865382520029 ], [ -55.416083810840341, -13.618679572857504 ], [ -55.415946120268181, -13.618811115819563 ], [ -55.415816495752708, -13.618931463077462 ], [ -55.415716249606433, -13.619046775727831 ], [ -55.415712204624377, -13.619135789068542 ], [ -55.415820469012523, -13.619342942830016 ], [ -55.415934505115771, -13.619470600652091 ], [ -55.416102117758236, -13.61955963706842 ], [ -55.416230559241789, -13.61965538616249 ], [ -55.416264526294142, -13.619786951816893 ], [ -55.416360703550978, -13.6199274831596 ], [ -55.41657957448367, -13.620076428528058 ], [ -55.416719535490003, -13.620180016637024 ], [ -55.416802466490999, -13.620303191133717 ], [ -55.416848520674684, -13.620501378133135 ], [ -55.41691704629536, -13.62065646094268 ], [ -55.417234412733904, -13.62084740655904 ], [ -55.417670971567389, -13.621361390516478 ], [ -55.418383407431477, -13.622171560150901 ], [ -55.419342341956998, -13.623282946873619 ], [ -55.420477522790215, -13.624530949053341 ], [ -55.421100688329666, -13.62523864848189 ], [ -55.421321853603942, -13.625455888950766 ], [ -55.421428391259042, -13.62565351999721 ], [ -55.421424913885538, -13.625801312022794 ], [ -55.421426025195203, -13.626085700504508 ], [ -55.421305601953513, -13.626312410877308 ], [ -55.421165593132372, -13.626542477290476 ], [ -55.421139076713317, -13.626674590743402 ], [ -55.421064163954178, -13.626873875662968 ], [ -55.421048007933408, -13.627063091663457 ], [ -55.421015719799264, -13.627274697985868 ], [ -55.420896455682062, -13.627452143574255 ], [ -55.420792164553731, -13.627656462201227 ], [ -55.420741449964638, -13.62782216066454 ], [ -55.420697074699184, -13.627967146724638 ], [ -55.420612960666261, -13.628060064570894 ], [ -55.420432621561702, -13.628346105216515 ], [ -55.420283979075322, -13.628528584344915 ], [ -55.420191207469763, -13.628740740981492 ], [ -55.420125495984394, -13.629046389746113 ], [ -55.419975694373512, -13.629278131607279 ], [ -55.419903667471914, -13.629437668124949 ], [ -55.41988751145113, -13.629626882072708 ], [ -55.419781493589767, -13.629821681809702 ], [ -55.419583295638787, -13.630120593528163 ], [ -55.419458259806504, -13.630377529096343 ], [ -55.419422518206261, -13.630570098492123 ], [ -55.41937986967384, -13.630724599839933 ], [ -55.419243905834755, -13.630865653067419 ], [ -55.4191511581366, -13.630910984948644 ], [ -55.419029032069268, -13.630961351113804 ], [ -55.418845263406034, -13.631061531790984 ], [ -55.418779599735487, -13.631033532530395 ], [ -55.418654611718026, -13.630956821974291 ], [ -55.418552662746102, -13.630895789131067 ], [ -55.418256017104127, -13.63081905529619 ], [ -55.41808033840497, -13.630741218193043 ], [ -55.417890821934044, -13.630754068129674 ], [ -55.417522173297883, -13.630670046994606 ], [ -55.417288329376326, -13.630494235455227 ], [ -55.417137416455759, -13.630441592998752 ], [ -55.41699859066653, -13.630455569430449 ], [ -55.416681200320589, -13.630431454688988 ], [ -55.416453104206703, -13.630342973990185 ], [ -55.416288945030338, -13.630272975619633 ], [ -55.416018224291449, -13.630172173282785 ], [ -55.415570665728914, -13.630042796667585 ], [ -55.415205470558838, -13.629977809287565 ], [ -55.415120221308825, -13.629953166107954 ], [ -55.414932431570953, -13.629975533091331 ], [ -55.414810329411033, -13.629859076056183 ], [ -55.414639830911021, -13.629809789669631 ], [ -55.413941704797601, -13.629635034270375 ], [ -55.413141629712264, -13.629399245512108 ], [ -55.412812152235006, -13.629308511458325 ], [ -55.412527026115804, -13.629239616031695 ], [ -55.412292590678284, -13.629171847069879 ], [ -55.412143404490777, -13.62912872135678 ], [ -55.411883044150173, -13.62908502077606 ], [ -55.411704479593475, -13.629046929380538 ], [ -55.411581218309045, -13.628979735223476 ], [ -55.411408993076002, -13.628920931607533 ], [ -55.411315677769302, -13.628907483476793 ], [ -55.41119932341708, -13.628878357474678 ], [ -55.411095623804684, -13.628974631185951 ], [ -55.411085807107554, -13.629143133320504 ], [ -55.411074263677378, -13.629302118304276 ], [ -55.410995897452132, -13.629482366961801 ], [ -55.410925029675049, -13.629592640143898 ], [ -55.410911759511819, -13.629742107812339 ], [ -55.410834552411075, -13.629873092995027 ], [ -55.410830507429026, -13.629962102259146 ], [ -55.410828189180016, -13.630060628490201 ], [ -55.410902462608384, -13.630303036061019 ], [ -55.411027450625845, -13.630379746829387 ], [ -55.411088501705812, -13.630437975225822 ], [ -55.411207718008185, -13.630594177994231 ], [ -55.41131482327183, -13.630850584660047 ], [ -55.4114812767898, -13.630988879706836 ], [ -55.411586087711846, -13.63117698917109 ], [ -55.411659225923124, -13.631301836032355 ], [ -55.411793415214362, -13.631484910966069 ], [ -55.411970229130596, -13.631680307258632 ], [ -55.41212343639274, -13.631801246051641 ], [ -55.4123642111539, -13.631848302312475 ], [ -55.412618232170864, -13.631912714325141 ], [ -55.413251853738245, -13.63201020620714 ], [ -55.413433871761022, -13.632067330964588 ], [ -55.413942481403524, -13.632254934419853 ], [ -55.414454544512104, -13.632461571534021 ], [ -55.414675733693805, -13.632511983836375 ], [ -55.414932616660906, -13.632703471492123 ], [ -55.415409529685228, -13.632994633701154 ], [ -55.415862244539483, -13.633319380403046 ], [ -55.416161728224175, -13.633690009621402 ], [ -55.416375986566287, -13.633869174936356 ], [ -55.416616169811483, -13.634024272208142 ], [ -55.416889752500502, -13.634252147892367 ], [ -55.417123028813521, -13.634369177608939 ], [ -55.417303887711803, -13.634475563985747 ], [ -55.417508944780131, -13.634548365642438 ], [ -55.417679443280143, -13.634597651040449 ], [ -55.417890839672125, -13.634649740958288 ], [ -55.418103962797126, -13.634711347677753 ], [ -55.418300953808782, -13.634795344141866 ], [ -55.418480653582577, -13.634950992417377 ], [ -55.418716224237173, -13.635136317436022 ], [ -55.418787044199448, -13.635359686225918 ], [ -55.418835960333269, -13.635684934819345 ], [ -55.41874664219381, -13.635916118559045 ], [ -55.418620471144429, -13.636055490625365 ], [ -55.41846203586833, -13.636239641859172 ], [ -55.418264997041845, -13.63648928369744 ], [ -55.41816993109471, -13.636633137989357 ], [ -55.418091564869464, -13.636813381053381 ], [ -55.418050643070103, -13.636977395039647 ], [ -55.417930811344355, -13.637096054992989 ], [ -55.417805207903541, -13.637294204675923 ], [ -55.417767739570245, -13.637477251731958 ], [ -55.41771875171419, -13.637652460001821 ], [ -55.417647883937107, -13.637762729370083 ], [ -55.417487745835366, -13.637770544777352 ], [ -55.417304001079529, -13.637703904707042 ], [ -55.417056886994729, -13.637677561050245 ], [ -55.416761400477263, -13.63755156788044 ], [ -55.416572475522294, -13.637456377643135 ], [ -55.416390457499503, -13.637399254188976 ], [ -55.416196919953947, -13.63733429206615 ], [ -55.416065025004293, -13.637219516711813 ], [ -55.41588300698151, -13.637162393200359 ], [ -55.415808709645738, -13.637086811081689 ], [ -55.415665295173319, -13.636964196939946 ], [ -55.415578319190267, -13.636930037765815 ], [ -55.41541934021302, -13.636888591524404 ], [ -55.415350223076381, -13.636841559501091 ], [ -55.415244820638371, -13.636761494718442 ], [ -55.415080661461992, -13.63669149824978 ], [ -55.414847385148974, -13.636574469683875 ], [ -55.41468956529625, -13.636483761619392 ], [ -55.414430955596082, -13.636282760278775 ], [ -55.414281201800023, -13.636180857288357 ], [ -55.413941363924508, -13.636033025288082 ], [ -55.413731718172983, -13.635823633249082 ], [ -55.413284751126419, -13.635586219069893 ], [ -55.412505468559871, -13.634964178638654 ], [ -55.412205960967761, -13.634760371476075 ], [ -55.411927765688155, -13.634562724812735 ], [ -55.411661089931314, -13.634372916737417 ], [ -55.411351221940933, -13.634112008049181 ], [ -55.410852452902994, -13.633589086578121 ], [ -55.410514933276453, -13.633342728134476 ], [ -55.410140536832607, -13.633171377979687 ], [ -55.409845617923686, -13.633104161761768 ], [ -55.409713131458084, -13.63309742619863 ], [ -55.409560467897073, -13.633202088598971 ], [ -55.409358840387419, -13.633315141357125 ], [ -55.40917105064954, -13.633337508022217 ], [ -55.408792017707682, -13.633363207612353 ], [ -55.408434297078337, -13.63339506790525 ], [ -55.408244780607411, -13.633407917697536 ], [ -55.408220582437359, -13.633441502531889 ], [ -55.408116882824999, -13.633537774383807 ], [ -55.408020114052221, -13.633505292793597 ], [ -55.407970014886487, -13.633396124668627 ], [ -55.40781910196592, -13.633343482858741 ], [ -55.407605978840905, -13.633281875782531 ], [ -55.407080645569103, -13.63322470485115 ], [ -55.406759234148524, -13.633122777307616 ], [ -55.406479855836999, -13.633141212976984 ], [ -55.406266732711984, -13.633079605848023 ], [ -55.406002918905294, -13.633016872236439 ], [ -55.405758123069496, -13.632892003047635 ], [ -55.405470135000151, -13.632696032906257 ], [ -55.40517294565705, -13.632393698569713 ], [ -55.405061227802804, -13.632167522415662 ], [ -55.404935104568274, -13.631973252997588 ], [ -55.404852765083213, -13.631742042165133 ], [ -55.404738728979986, -13.631614390970366 ], [ -55.404613740962525, -13.63153768060285 ], [ -55.404408683894175, -13.631464878018342 ], [ -55.40429348866644, -13.631386489507777 ], [ -55.403972101153279, -13.631117738660121 ], [ -55.403428389241341, -13.630681014976432 ], [ -55.403113908660366, -13.630450331267683 ], [ -55.402499944394691, -13.629849012671221 ], [ -55.402168764091805, -13.629581938182131 ], [ -55.401963707023462, -13.629509134995031 ], [ -55.401692418676035, -13.629349552057231 ], [ -55.401572043249153, -13.629242611746976 ], [ -55.401441898939964, -13.628970525471811 ], [ -55.401320388296007, -13.628746024154214 ], [ -55.401031265009578, -13.628432489582314 ], [ -55.400789946547292, -13.628159827512381 ], [ -55.400537652263367, -13.628104931555907 ], [ -55.400292832520151, -13.628146884497449 ], [ -55.400078550270642, -13.628134539578189 ], [ -55.399855066747357, -13.628015828654974 ], [ -55.399618313060834, -13.62804658641299 ], [ -55.399501958708591, -13.628017460304768 ], [ -55.399052721227847, -13.62754491547293 ], [ -55.398488856127898, -13.62705276058955 ], [ -55.398148474551228, -13.626679316335496 ], [ -55.397963003062358, -13.62660315599727 ], [ -55.397679627583614, -13.626376951066248 ], [ -55.397385300190635, -13.626201687965242 ], [ -55.396917020831552, -13.625958103218213 ], [ -55.396542056779154, -13.625727966532592 ], [ -55.396376738478288, -13.62570723081296 ], [ -55.396138849574676, -13.62562042648085 ], [ -55.395972396056713, -13.625482128292431 ], [ -55.39582954919284, -13.625418289395649 ], [ -55.395600885470408, -13.62527102553044 ], [ -55.395415437888936, -13.625028037928583 ], [ -55.395239215488644, -13.624724590510196 ], [ -55.394812425537495, -13.624375763106839 ], [ -55.394506578621737, -13.624192659431174 ], [ -55.394322833865907, -13.624126015531166 ], [ -55.394064767866894, -13.624150612848972 ], [ -55.393883341360059, -13.623985440214508 ], [ -55.393423695666215, -13.623789439452439 ], [ -55.393002062006751, -13.623635990377936 ], [ -55.392807365336701, -13.623620288923803 ], [ -55.39256543145104, -13.623622495476987 ], [ -55.392464050087682, -13.623620242454296 ], [ -55.392124779820698, -13.623531184332276 ], [ -55.391905317372043, -13.623490287379159 ], [ -55.391617305395286, -13.623461137474724 ], [ -55.3912803294699, -13.623440378321474 ], [ -55.391051665747469, -13.623293113224092 ], [ -55.390740638632579, -13.623081456867716 ], [ -55.390496434312766, -13.622848535946234 ], [ -55.390411208970164, -13.622657063540244 ], [ -55.390310419122748, -13.622546763887492 ], [ -55.390277611194882, -13.622365935064778 ], [ -55.390230421794122, -13.62205018546214 ], [ -55.389978742933557, -13.621720412020546 ], [ -55.389568109003157, -13.62118235962842 ], [ -55.389242700415366, -13.620835780047885 ], [ -55.389120622162864, -13.620552488541682 ], [ -55.389148369428653, -13.619870615553761 ], [ -55.389199107925151, -13.619538080833324 ], [ -55.38917438996139, -13.619179223161483 ], [ -55.389147377656037, -13.618752064581876 ], [ -55.38904777084052, -13.618425666149063 ], [ -55.388910695691735, -13.618282329189604 ], [ -55.388712001854458, -13.618021977625599 ], [ -55.388341674300065, -13.617594770485118 ], [ -55.388082544806196, -13.617001304988573 ], [ -55.388106199275093, -13.616742101793994 ], [ -55.387991595563307, -13.616555659043048 ], [ -55.387733009770564, -13.616187807707513 ], [ -55.387568874501596, -13.615950971931715 ], [ -55.387432958477319, -13.615758367392134 ], [ -55.387277480780988, -13.615402285508363 ], [ -55.387292501584682, -13.615095492552904 ], [ -55.38728793680891, -13.614792055624186 ], [ -55.387287960716321, -13.614625221475197 ], [ -55.38728512267361, -13.614331301576902 ], [ -55.387241954347459, -13.614093360621371 ], [ -55.387206260562053, -13.613952274151449 ], [ -55.387009884973764, -13.613593384769226 ], [ -55.386882058913585, -13.613222747278863 ], [ -55.3867553919779, -13.61280284251198 ], [ -55.386745647003004, -13.612470849519626 ], [ -55.386746853942313, -13.612087910985549 ], [ -55.386761874746014, -13.61178111373216 ], [ -55.386741177856884, -13.611500064519625 ], [ -55.386689351958111, -13.611381368481547 ], [ -55.386624847412051, -13.611304099882471 ], [ -55.386505039593722, -13.611255936198537 ], [ -55.386364487071425, -13.611260396007536 ], [ -55.386216436101016, -13.611334836578246 ], [ -55.386006174926131, -13.611400311041177 ], [ -55.385956051853, -13.611457969208988 ], [ -55.385783802712517, -13.611565997659506 ], [ -55.385623097002231, -13.611515029224345 ], [ -55.385551094008044, -13.611507741379578 ], [ -55.385393250247894, -13.611583860107544 ], [ -55.385268829838985, -13.611565927951698 ], [ -55.385091400499384, -13.611645403130206 ], [ -55.384881139324492, -13.611710877507194 ], [ -55.384837923183525, -13.611806606542386 ], [ -55.384701391735895, -13.611888886440191 ], [ -55.384560247697642, -13.612001397724899 ], [ -55.384412764335757, -13.612134622631764 ], [ -55.38429465934307, -13.612262812772952 ], [ -55.384085533385274, -13.612445855977592 ], [ -55.383957635602862, -13.612575724178187 ], [ -55.383894833882444, -13.612674809318136 ], [ -55.383770389566116, -13.612823712781996 ], [ -55.383567602931961, -13.612986041953404 ], [ -55.383483488899039, -13.613078965686679 ], [ -55.38337229083853, -13.6132452260278 ], [ -55.383223080743605, -13.61336893256234 ], [ -55.383090002762067, -13.613470247253762 ], [ -55.382901029992269, -13.613708717261682 ], [ -55.382854927993762, -13.613844194323034 ], [ -55.382669432597467, -13.6139348646043 ], [ -55.382565732985093, -13.614031144400331 ], [ -55.382421703089307, -13.614183403443807 ], [ -55.382396913403312, -13.614325041435876 ], [ -55.382324886501699, -13.614484588043492 ], [ -55.382225231871381, -13.614491852560906 ], [ -55.382090427156783, -13.614583649148347 ], [ -55.381960802641316, -13.614703998557216 ], [ -55.381784508518784, -13.61490104046003 ], [ -55.381578812119663, -13.615269950641006 ], [ -55.381424989434144, -13.615423887094988 ], [ -55.381287866470537, -13.615614215572403 ], [ -55.381083920711887, -13.615825808905697 ], [ -55.380989446280694, -13.615861626099239 ], [ -55.380869046946422, -13.615921513040355 ], [ -55.380705431471178, -13.616077127273517 ], [ -55.380551608785659, -13.616231063202212 ], [ -55.380382813111268, -13.61635812457779 ], [ -55.380250302738261, -13.616518221469038 ], [ -55.380137377944713, -13.616674961854075 ], [ -55.380066510167609, -13.616785241010209 ], [ -55.379989870675416, -13.616975016738433 ], [ -55.379862540501534, -13.617163665772285 ], [ -55.379759976106257, -13.617377510801704 ], [ -55.379694288528292, -13.617516342147852 ], [ -55.37951972113882, -13.617722899205111 ], [ -55.379380871442173, -13.6179037083431 ], [ -55.379182673491201, -13.618202635131475 ], [ -55.37907838236287, -13.618406961752243 ], [ -55.378986178365864, -13.618677910415638 ], [ -55.378862869266619, -13.618944375869352 ], [ -55.378804088620839, -13.619121276061568 ], [ -55.378511344516454, -13.619956509831797 ], [ -55.378370744179342, -13.620294630129715 ], [ -55.378233597308338, -13.620651784703123 ], [ -55.378041147165035, -13.62103804247384 ], [ -55.377870600850194, -13.621322413450661 ], [ -55.377788757251466, -13.621650462813841 ], [ -55.377618210936632, -13.621934833054107 ], [ -55.377096163779029, -13.623064494701435 ], [ -55.376834548684258, -13.62373736962706 ], [ -55.376598290884054, -13.6243273922244 ], [ -55.37642887978631, -13.624729322136982 ], [ -55.376365486549929, -13.624936447763078 ], [ -55.376387342563568, -13.625168216888804 ], [ -55.376507126474493, -13.625383204416524 ], [ -55.376533571171294, -13.625751569845841 ], [ -55.376569241049296, -13.626059475475758 ], [ -55.376692478426307, -13.626293496497555 ], [ -55.376611770044654, -13.626739100855117 ], [ -55.3764965030947, -13.627161187396155 ], [ -55.376312710524047, -13.627428194917924 ], [ -55.376181926884087, -13.627597801413156 ], [ -55.376127191220341, -13.627685685042318 ], [ -55.376145026159335, -13.627839636647577 ], [ -55.376166314564429, -13.628012622318812 ], [ -55.376322975292666, -13.628152597144004 ], [ -55.376567747221046, -13.628444293353777 ], [ -55.376760101734703, -13.628725345662666 ], [ -55.376836693412059, -13.628869227916557 ], [ -55.37695245624834, -13.629006397637303 ], [ -55.376992762624354, -13.629117245901195 ], [ -55.377155171160261, -13.629344551459212 ], [ -55.377768543909994, -13.630053914577973 ], [ -55.378078979508921, -13.630373607782856 ], [ -55.378361195863157, -13.630649071875991 ], [ -55.378480412165537, -13.630805274504844 ], [ -55.378597901734857, -13.630951960066261 ], [ -55.378705598514465, -13.631100323633156 ], [ -55.378865145100249, -13.631200550719418 ], [ -55.378953847816348, -13.631244227674886 ], [ -55.379028712760665, -13.631378591447989 ], [ -55.378983178370696, -13.631572838121068 ], [ -55.379087989292749, -13.631760947120386 ], [ -55.37920547886209, -13.631907632088476 ], [ -55.379411671147508, -13.632097993763125 ], [ -55.379561992552105, -13.632258678080891 ], [ -55.379672575189247, -13.632367295113605 ], [ -55.379829827433447, -13.632399225242478 ], [ -55.380079803468362, -13.632552645393131 ], [ -55.380355136797839, -13.632623217939448 ], [ -55.380572872513454, -13.632654596416517 ], [ -55.380767569183512, -13.632670297270421 ], [ -55.380980692308526, -13.632731904506121 ], [ -55.38133204970682, -13.63288757737509 ], [ -55.381853337996596, -13.633033756494992 ], [ -55.382346974650233, -13.633194486643912 ], [ -55.382765722452106, -13.633387675060524 ], [ -55.383076181958451, -13.633540542954107 ], [ -55.383256473248188, -13.633588150483531 ], [ -55.383441377128534, -13.63360552935414 ], [ -55.383647001805414, -13.633737110477114 ], [ -55.384129095028854, -13.634056821931752 ], [ -55.384251788704731, -13.634065235543018 ], [ -55.384411335290508, -13.634165461371417 ], [ -55.384621004949437, -13.634208034551559 ], [ -55.385009830681007, -13.634180656978684 ], [ -55.385060521362703, -13.634181783439692 ], [ -55.385337581425226, -13.634261872330525 ], [ -55.385601395231923, -13.634324605611479 ], [ -55.385910151912633, -13.634301135813114 ], [ -55.386119253963003, -13.634284929921602 ], [ -55.386243674371933, -13.634302860354312 ], [ -55.38663077337047, -13.634265965961754 ], [ -55.386907265824426, -13.634287275777432 ], [ -55.387206797323969, -13.634324263101457 ], [ -55.387552974523118, -13.634451384452621 ], [ -55.387855959488746, -13.634507405393988 ], [ -55.388031638187883, -13.63458524125627 ], [ -55.388210770353126, -13.634682110721862 ], [ -55.388348437017875, -13.634717396679562 ], [ -55.388708451988798, -13.634753832323936 ], [ -55.388895650210735, -13.634839506842919 ], [ -55.389594887633834, -13.63529863578564 ], [ -55.389695677481249, -13.6354089294865 ], [ -55.389825254181893, -13.635622229632302 ], [ -55.389958284348623, -13.635854563119951 ], [ -55.390120692884537, -13.63608186219566 ], [ -55.390233002254725, -13.636199994223526 ], [ -55.390341858158834, -13.636299092695184 ], [ -55.390477774183104, -13.636491680497375 ], [ -55.390506561036339, -13.636594686569698 ], [ -55.390662062640068, -13.636783918018539 ], [ -55.390736927584399, -13.636918278640632 ], [ -55.390815245994816, -13.637071672622676 ], [ -55.390956342218225, -13.637292809923283 ], [ -55.391053678599555, -13.63738406928319 ], [ -55.391267369333114, -13.637504453550019 ], [ -55.391698204266334, -13.637764255280141 ], [ -55.3919983033744, -13.63786002023175 ], [ -55.392586390551799, -13.638151750921937 ], [ -55.393228621876979, -13.638463641016594 ], [ -55.393411207508322, -13.638579542206283 ], [ -55.393557507838281, -13.638662410855005 ], [ -55.393814390805382, -13.638853893524418 ], [ -55.394443375874751, -13.639148427463441 ], [ -55.394688171710541, -13.639273293344516 ], [ -55.395005538149064, -13.639464223917239 ], [ -55.395426580292565, -13.639725701526459 ], [ -55.395667355053718, -13.639772756208504 ], [ -55.395787730480578, -13.639879691751485 ], [ -55.396060745561066, -13.640048784173223 ], [ -55.396325126976301, -13.640170293513989 ], [ -55.396667259193407, -13.64038641705425 ], [ -55.396825646654705, -13.640535901125617 ], [ -55.396872292354345, -13.64062603280188 ], [ -55.396936205384421, -13.640811330133866 ], [ -55.396998959290016, -13.641045888139642 ], [ -55.396995481916512, -13.641193670535625 ], [ -55.396998343866663, -13.641320741722964 ], [ -55.397095064824612, -13.641686852683218 ], [ -55.397131893827122, -13.641945476921567 ], [ -55.3971508639832, -13.642216973422482 ], [ -55.397141023378651, -13.642552280661953 ], [ -55.397083969465925, -13.642738679669373 ], [ -55.396914582275578, -13.642973764120473 ], [ -55.396792432300849, -13.64319094181382 ], [ -55.396611525587737, -13.643418187361654 ], [ -55.396541225419185, -13.643587230783384 ], [ -55.396415621978349, -13.643785375018673 ], [ -55.396391399900892, -13.643985771916117 ], [ -55.396271568175159, -13.644104428347235 ], [ -55.396159802506105, -13.644211890285595 ], [ -55.396121766564278, -13.644336155433212 ], [ -55.396047445321088, -13.644427388837951 ], [ -55.395966217145705, -13.644480556533793 ], [ -55.395780697842021, -13.644738028068012 ], [ -55.3956516409351, -13.64491713853486 ], [ -55.395517971437584, -13.645126476043991 ], [ -55.395488001552444, -13.645239546325719 ], [ -55.395543280917309, -13.645377258125965 ], [ -55.395608944587856, -13.645405255685874 ], [ -55.395698214912493, -13.645507706282144 ], [ -55.395748881686771, -13.645675645033792 ], [ -55.395844491335055, -13.645757384785828 ], [ -55.395922242136912, -13.645851996857202 ], [ -55.396116347291027, -13.645975732787758 ], [ -55.396239017059493, -13.64615095798303 ], [ -55.396465362532908, -13.646396728245442 ], [ -55.396718224425392, -13.646510395968434 ], [ -55.396942867073172, -13.646579837941248 ], [ -55.397290203396842, -13.646657693056166 ], [ -55.397673825021876, -13.646768579499811 ], [ -55.398198566777722, -13.646933782667416 ], [ -55.398596593783068, -13.647012764065355 ], [ -55.398919164328127, -13.647065426060111 ], [ -55.399170891003514, -13.647061541742818 ], [ -55.399386332377524, -13.647024626111511 ], [ -55.399707200096962, -13.646900960428287 ], [ -55.39985352433434, -13.646817014735845 ], [ -55.400063785509232, -13.646751550085199 ], [ -55.400478536143893, -13.646700107351608 ], [ -55.400873133590572, -13.646593244595813 ], [ -55.401149649951947, -13.64644774161787 ], [ -55.401624884058037, -13.646395747232942 ], [ -55.402206112118101, -13.646315778620504 ], [ -55.402508529475163, -13.646313020694002 ], [ -55.403141015825447, -13.646292954529519 ], [ -55.40362717793834, -13.646356834249328 ], [ -55.404448021635048, -13.646373178707346 ], [ -55.405098934440275, -13.646399016273733 ], [ -55.405659393888961, -13.646538475081744 ], [ -55.405921480962625, -13.646591688766991 ], [ -55.406644940463217, -13.646850400561 ], [ -55.406984778338725, -13.646998225787764 ], [ -55.407342475060673, -13.647133178644856 ], [ -55.407792919480755, -13.647222802683688 ], [ -55.408165613098966, -13.647217815202609 ], [ -55.408439811211338, -13.647170831701967 ], [ -55.408622420750092, -13.647119917410755 ], [ -55.40871805430578, -13.647034845396519 ], [ -55.408682360520359, -13.646893778594929 ], [ -55.408538378439417, -13.646712393593278 ], [ -55.408207198136509, -13.646445338175669 ], [ -55.407563855501664, -13.645849094282854 ], [ -55.407225768266599, -13.645543972386214 ], [ -55.40696486422484, -13.645274686062912 ], [ -55.406024332246858, -13.644376120217169 ], [ -55.405626920664879, -13.644022287819014 ], [ -55.405580274965239, -13.64393215743943 ], [ -55.405541127713732, -13.643772055888617 ], [ -55.405592409911371, -13.643665145341508 ], [ -55.405829187505304, -13.64346757583005 ], [ -55.406117223389472, -13.643329909381235 ], [ -55.406360316399628, -13.643278442669045 ], [ -55.40655558067823, -13.643352919621245 ], [ -55.40710733473945, -13.643945238985861 ], [ -55.4088156297612, -13.645457982490122 ], [ -55.410744522448702, -13.64712916092919 ], [ -55.410976639637234, -13.647295443777972 ], [ -55.411003108241445, -13.647496964092497 ], [ -55.411291663919343, -13.647751697658601 ], [ -55.411642997410226, -13.648074171274038 ], [ -55.411968405998024, -13.648420710890928 ], [ -55.412318012755868, -13.648733667344597 ], [ -55.412588118071383, -13.64910930627104 ], [ -55.412573688783652, -13.649308020680518 ], [ -55.412424454781316, -13.649598517906046 ], [ -55.412335160549247, -13.649662878611908 ], [ -55.412135283680065, -13.649618630253821 ], [ -55.411633580969742, -13.649469105470478 ], [ -55.41132196233891, -13.649365506973277 ], [ -55.411158370771069, -13.64935428955188 ], [ -55.411025316696936, -13.649288779140694 ], [ -55.410944680037517, -13.649233911328244 ], [ -55.410749415758914, -13.649159436231956 ], [ -55.410629607940578, -13.649111280263661 ], [ -55.410511526855302, -13.649072640519723 ], [ -55.41034909441197, -13.649012163938108 ], [ -55.410258664962818, -13.648958974030956 ], [ -55.410145764076688, -13.648948882980775 ], [ -55.409963154537934, -13.648999796877359 ], [ -55.409904965408117, -13.649068640074224 ], [ -55.409864043608735, -13.649232645545663 ], [ -55.409764956586969, -13.649298684318532 ], [ -55.409599638286075, -13.649277950668429 ], [ -55.409468878553533, -13.649280731792507 ], [ -55.40933005276429, -13.649294707109091 ], [ -55.409226377059326, -13.649224162778227 ], [ -55.40912904067801, -13.649132907995657 ], [ -55.408997713336909, -13.649076913757023 ], [ -55.408759800525885, -13.649156927898227 ], [ -55.408686070798645, -13.649140124983296 ], [ -55.408587007684268, -13.649039353933073 ], [ -55.408491965644551, -13.649016390712001 ], [ -55.408335281008902, -13.649043238217814 ], [ -55.408190707411968, -13.648969889451793 ], [ -55.4080254130185, -13.648782345742115 ], [ -55.407889473086811, -13.648756578133519 ], [ -55.40772760825201, -13.648754876930179 ], [ -55.407610686291243, -13.648666977909521 ], [ -55.407504124728725, -13.648636176372648 ], [ -55.407386043643449, -13.648597536550909 ], [ -55.407247241761624, -13.648444701638571 ], [ -55.406963274766909, -13.648326552505605 ], [ -55.406723659130265, -13.648230240219211 ], [ -55.406566406886071, -13.648198312231198 ], [ -55.406401656193736, -13.648236354072846 ], [ -55.406285301841507, -13.648207230454725 ], [ -55.405975409943707, -13.648113147676369 ], [ -55.405831403955332, -13.648098574243987 ], [ -55.405578518155444, -13.648151717880413 ], [ -55.405436238900123, -13.648146660721947 ], [ -55.405326223871526, -13.64809682657121 ], [ -55.405193737405924, -13.648090091435778 ], [ -55.404958710452448, -13.64813036285145 ], [ -55.404727728481014, -13.648081631859613 ], [ -55.404423016782346, -13.648016097862735 ], [ -55.404221980788655, -13.648021108559297 ], [ -55.403927653395684, -13.647845861520283 ], [ -55.403730662384035, -13.647761869699215 ], [ -55.403510040810872, -13.64777023635734 ], [ -55.403183425283764, -13.647806577057823 ], [ -55.402981230165558, -13.647860847155755 ], [ -55.402855059116185, -13.648000212170453 ], [ -55.402804344527091, -13.648165896359785 ], [ -55.402720230494175, -13.648258806258612 ], [ -55.402633230603712, -13.648391459143753 ], [ -55.402598648127977, -13.648534754602771 ], [ -55.402531209909547, -13.648830861503679 ], [ -55.402502966757453, -13.648953446249489 ], [ -55.402540954884465, -13.649162803410357 ], [ -55.402569150221737, -13.649373838352133 ], [ -55.402596777950464, -13.649526097852632 ], [ -55.402637060419046, -13.649803745910452 ], [ -55.402615132683174, -13.650072429024551 ], [ -55.402496388359708, -13.650642250339571 ], [ -55.402386893124827, -13.650984809003639 ], [ -55.402267629007639, -13.651162236775022 ], [ -55.40218292345876, -13.651363178981409 ], [ -55.402128163887618, -13.65161786190937 ], [ -55.402055569377481, -13.651718608626245 ], [ -55.40187929916236, -13.651748811724133 ], [ -55.401630434437124, -13.651879761466196 ], [ -55.401258284520047, -13.652110331309224 ], [ -55.401027846249754, -13.652287183430811 ], [ -55.400944299825383, -13.652438866248149 ], [ -55.400863071650001, -13.65249203213882 ], [ -55.400714453071046, -13.652507685209558 ], [ -55.400562948634523, -13.652563080599409 ], [ -55.400482288067707, -13.65267502094474 ], [ -55.400368795665599, -13.652772962895353 ], [ -55.400232855733904, -13.652747195722622 ], [ -55.400064651575477, -13.652766204661527 ], [ -55.399910852797376, -13.652753309459204 ], [ -55.399788159121499, -13.652744896514017 ], [ -55.399544498502799, -13.652737586709105 ], [ -55.399481720689792, -13.652669847723761 ], [ -55.399308903940792, -13.652719082874444 ], [ -55.399142994123949, -13.652806382351486 ], [ -55.398971904107974, -13.652865133554885 ], [ -55.398830783977154, -13.652810818144317 ], [ -55.398675826074559, -13.652847181300254 ], [ -55.398555994348818, -13.652965833275333 ], [ -55.398403354695219, -13.652903679750175 ], [ -55.398373408717475, -13.65284993915038 ], [ -55.39820002435993, -13.652840399836682 ], [ -55.397966724139486, -13.652890186521697 ], [ -55.39776911770447, -13.653081036382732 ], [ -55.397611841552873, -13.65321591606495 ], [ -55.397285769726878, -13.653477837079315 ], [ -55.397188409438144, -13.653553390717255 ], [ -55.397025929179996, -13.653826528566144 ], [ -55.396829481869474, -13.653968119558108 ], [ -55.396734983530898, -13.654170737306808 ], [ -55.396589226902059, -13.654313454457073 ], [ -55.396531037772242, -13.65438229610327 ], [ -55.396435971825092, -13.654526139489434 ], [ -55.39634033826939, -13.654611208802342 ], [ -55.396235479532514, -13.654756729977274 ], [ -55.396093767885745, -13.654810446910925 ], [ -55.395938786075725, -13.655013615500961 ], [ -55.395905930333036, -13.655166422925822 ], [ -55.395909359891711, -13.65535226040425 ], [ -55.395987110693589, -13.655446868627836 ], [ -55.39606772344559, -13.655668540274329 ], [ -55.396279095930154, -13.655887430666299 ], [ -55.396435756658391, -13.65602738896478 ], [ -55.396543453437985, -13.656175736771752 ], [ -55.396864817043735, -13.656611263703057 ], [ -55.397030111437203, -13.656798801188252 ], [ -55.397128606943014, -13.656840795493693 ], [ -55.397186772165441, -13.656938758945826 ], [ -55.397239165672758, -13.657116205469785 ], [ -55.398441121486194, -13.658676374062381 ], [ -55.398518872288051, -13.658770980952296 ], [ -55.398588557033236, -13.658876781542014 ], [ -55.398603506114696, -13.659070454029397 ], [ -55.398634019700971, -13.65918296607235 ], [ -55.398755530344928, -13.659407438442498 ], [ -55.39888624226267, -13.65973826235621 ], [ -55.398975512587306, -13.659840706727476 ], [ -55.39903195107668, -13.659929153137432 ], [ -55.399098182355772, -13.66001592162325 ], [ -55.399145395663957, -13.660164818473724 ], [ -55.399159777136852, -13.660299717335356 ], [ -55.399089476968314, -13.660468748660216 ], [ -55.39909808672612, -13.66068312925799 ], [ -55.399272014784806, -13.66091824228941 ], [ -55.399407363200552, -13.661052037618239 ], [ -55.399727615496616, -13.661203209709392 ], [ -55.400046708668178, -13.661403638272054 ], [ -55.40027537239061, -13.661550879597014 ], [ -55.400373843989023, -13.66175967402593 ], [ -55.400540865115538, -13.661956723130219 ], [ -55.400921529160783, -13.662607744556244 ], [ -55.401216400254903, -13.66300855266085 ], [ -55.401477304296634, -13.663277818737333 ], [ -55.401816550656207, -13.663533661579256 ], [ -55.402285397623842, -13.663835979250649 ], [ -55.402639049363735, -13.664059918876879 ], [ -55.402965049467468, -13.664298407491762 ], [ -55.403443689224822, -13.664599046323858 ], [ -55.403596896486981, -13.664719968246155 ], [ -55.403657923659523, -13.664944986885185 ], [ -55.403718383223527, -13.665111233941449 ], [ -55.403882518492495, -13.665348020408798 ], [ -55.403918779886439, -13.665547847445239 ], [ -55.404093843162215, -13.665900498010098 ], [ -55.4043599274031, -13.666198307412706 ], [ -55.404797669268504, -13.666496139669473 ], [ -55.404955465213831, -13.666753633629995 ], [ -55.405091381238115, -13.666946196571063 ], [ -55.405233636586026, -13.667118050503831 ], [ -55.405440987995952, -13.6672591284375 ], [ -55.406093579719411, -13.667628072965258 ], [ -55.407052018358613, -13.668180086607917 ], [ -55.407283567938592, -13.668287584036397 ], [ -55.407439069542313, -13.668476790062392 ], [ -55.407876787500271, -13.668941415325719 ], [ -55.407956265035189, -13.669045533523235 ], [ -55.408049556434456, -13.669225775051807 ], [ -55.4080892712945, -13.669444629623868 ], [ -55.408221733852692, -13.669618159556835 ], [ -55.40836226246757, -13.669780496142627 ], [ -55.408506244548541, -13.669961863399047 ], [ -55.40856036478889, -13.670148815501873 ], [ -55.408530938604891, -13.670487438660432 ], [ -55.408484245090435, -13.670730907753432 ], [ -55.40840817320678, -13.670979410033528 ], [ -55.408181164495176, -13.671342072870415 ], [ -55.408062467986525, -13.671578255089438 ], [ -55.407977762437639, -13.671779179893127 ], [ -55.407706402367985, -13.672120006807662 ], [ -55.407543354501293, -13.67233435357554 ], [ -55.40731634578966, -13.672697014326218 ], [ -55.407259291876919, -13.672883389505145 ], [ -55.407153274015535, -13.673078153526456 ], [ -55.406956235189071, -13.673327756374317 ], [ -55.4068726887647, -13.673479425651783 ], [ -55.406852487761881, -13.673757597018485 ], [ -55.406880683099146, -13.6739686099426 ], [ -55.406824196794972, -13.674213753226985 ], [ -55.406772890689901, -13.674487441882029 ], [ -55.441828722651529, -13.692949392665176 ], [ -55.441915746449403, -13.692649985900916 ], [ -55.442036193598511, -13.692256560061672 ], [ -55.442103040300971, -13.692068522561327 ], [ -55.442204469479158, -13.691737215816053 ], [ -55.442306466265904, -13.691464673408134 ], [ -55.442460312858827, -13.691144006535884 ], [ -55.4425415649416, -13.690924069176184 ], [ -55.442602072320433, -13.690756737383882 ], [ -55.442628588739474, -13.690624659833519 ], [ -55.442575036107669, -13.690496489038448 ], [ -55.442494399448258, -13.690441630822848 ], [ -55.442383225295139, -13.690441056112681 ], [ -55.44223806018227, -13.690475735785807 ], [ -55.442117660847991, -13.69053560378585 ], [ -55.442062357575701, -13.690564698943515 ], [ -55.441934483700699, -13.690527743671835 ], [ -55.441835988194867, -13.690485755372833 ], [ -55.441738060297595, -13.690502532110802 ], [ -55.441584829128026, -13.690548404007258 ], [ -55.441459249594622, -13.690579728318209 ], [ -55.441312357748686, -13.690604893414658 ], [ -55.441187369731225, -13.690528202240992 ], [ -55.441039934184168, -13.69032782169562 ], [ -55.440960480556669, -13.690056932103245 ], [ -55.440775032975203, -13.689814011254104 ], [ -55.440688648508115, -13.689671843868366 ], [ -55.44061957918629, -13.6892912597938 ], [ -55.440723989851676, -13.688253085319595 ], [ -55.440777190041651, -13.686821448105228 ], [ -55.440725411957708, -13.686369223226373 ], [ -55.440624126223959, -13.685699835925881 ], [ -55.440584411363915, -13.685480996463479 ], [ -55.440554489293604, -13.685260479086429 ], [ -55.440549333001876, -13.685065150420458 ], [ -55.440458927460142, -13.684845184148809 ], [ -55.440368521918415, -13.684625217671535 ], [ -55.440257371672736, -13.684457858170202 ], [ -55.440157740949807, -13.684298335643472 ], [ -55.440083443614043, -13.684222768635887 ], [ -55.440012599744357, -13.684166231238455 ], [ -55.439911218380978, -13.684163978794023 ], [ -55.439842668852876, -13.684175722826296 ], [ -55.439785047331597, -13.684303322339812 ], [ -55.439692867242009, -13.6844074105157 ], [ -55.439565560975531, -13.684429220838325 ], [ -55.439444594032715, -13.684430323830517 ], [ -55.439282137681957, -13.684536641162367 ], [ -55.439140993643733, -13.684649117812596 ], [ -55.438943387208717, -13.684839941948017 ], [ -55.438825873731979, -13.684860074516578 ], [ -55.438666894754732, -13.684818636701189 ], [ -55.438546495420454, -13.684878506140869 ], [ -55.43848024023395, -13.68495853135417 ], [ -55.438314330417107, -13.685045818885618 ], [ -55.438142105184056, -13.684987029249383 ], [ -55.438000985053229, -13.684932721243955 ], [ -55.437865045121534, -13.684906957588346 ], [ -55.437628291435018, -13.684937707926853 ], [ -55.437383471691803, -13.684979650758663 ], [ -55.437028636920012, -13.684971767230305 ], [ -55.436815513794997, -13.68491017364331 ], [ -55.436578760108475, -13.684940923981395 ], [ -55.436357570926774, -13.684890522887896 ], [ -55.436134655012026, -13.684830606993831 ], [ -55.435916919296432, -13.684799235459922 ], [ -55.43568939079109, -13.684769541636456 ], [ -55.435539045479082, -13.684775677770837 ], [ -55.43547969722475, -13.684893762171802 ], [ -55.435427279810021, -13.684883121165429 ], [ -55.435280979480055, -13.684800268764196 ], [ -55.434965339774571, -13.68461888970908 ], [ -55.434431988260911, -13.684239353996025 ], [ -55.434265534742941, -13.684101090177295 ], [ -55.434039165362108, -13.684022144437696 ], [ -55.433953348503557, -13.683938740236078 ], [ -55.433834699809715, -13.68384133950911 ], [ -55.433715483507349, -13.683685172009175 ], [ -55.433610672585303, -13.683497104428744 ], [ -55.43357036620931, -13.683386281723505 ], [ -55.433536423064339, -13.683087965786362 ], [ -55.433710422845287, -13.682822699001383 ], [ -55.434069374321354, -13.682241234601415 ], [ -55.43459998342194, -13.68165979199391 ], [ -55.434889769946558, -13.681364875804313 ], [ -55.435040139165991, -13.681191952489511 ], [ -55.435265397237146, -13.680986577226447 ], [ -55.435540186865474, -13.680831580528634 ], [ -55.435709550148417, -13.680763321343688 ], [ -55.43597684132861, -13.680678284701678 ], [ -55.436164063457937, -13.680597155022781 ], [ -55.436336312598421, -13.680489158166155 ], [ -55.436499360465106, -13.680274818821736 ], [ -55.436713099013502, -13.680061605524003 ], [ -55.436878441221779, -13.679915548470074 ], [ -55.43710715275904, -13.679729202086504 ], [ -55.43806921221622, -13.679132699939524 ], [ -55.438549082820323, -13.678883701212827 ], [ -55.438795061688019, -13.678792504372288 ], [ -55.439020295851762, -13.678753915952898 ], [ -55.439238031567378, -13.678785288292598 ], [ -55.439488031509704, -13.678771889463309 ], [ -55.439579620083357, -13.678775819716698 ], [ -55.439758776156005, -13.678705882177791 ], [ -55.440052016146709, -13.678429992385507 ], [ -55.440450682482847, -13.678067363693565 ], [ -55.440694958524915, -13.677799861974673 ], [ -55.44085743878307, -13.677526751911444 ], [ -55.44098767872191, -13.677131623016678 ], [ -55.441151909620501, -13.676701237017177 ], [ -55.441457284557352, -13.676158369577204 ], [ -55.441930887560034, -13.675429702615739 ], [ -55.442208586953335, -13.675068172338957 ], [ -55.442319785013844, -13.674901955539012 ], [ -55.442391811915435, -13.674742449766191 ], [ -55.442392403431391, -13.674634426994187 ], [ -55.442306610480244, -13.674384227552085 ], [ -55.441872369895776, -13.673771851137912 ], [ -55.441407615725026, -13.673046967761598 ], [ -55.440816122896344, -13.672402663160177 ], [ -55.440403170716976, -13.671963235043361 ], [ -55.440242488914102, -13.671745485862882 ], [ -55.440089849260502, -13.671683337289464 ], [ -55.43998733268004, -13.671563545223476 ], [ -55.439821470678019, -13.671317249666888 ], [ -55.439658470626149, -13.671198008941808 ], [ -55.439515056153731, -13.671075412531978 ], [ -55.439312861035532, -13.671129677273907 ], [ -55.43924776497353, -13.671160452642045 ], [ -55.439159038350013, -13.671283577304449 ], [ -55.439005783273039, -13.671496247024285 ], [ -55.438898630194579, -13.671573472695478 ], [ -55.438834101741129, -13.671663017753866 ], [ -55.438776480219836, -13.671790624049263 ], [ -55.438688912720828, -13.671864494010785 ], [ -55.438637630523196, -13.671971391772727 ], [ -55.438500531466993, -13.671994881053148 ], [ -55.438343846831344, -13.672021725942189 ], [ -55.438256279332336, -13.672095595831232 ], [ -55.438149126253876, -13.672172821305921 ], [ -55.437944636794093, -13.672158800885608 ], [ -55.437814444670074, -13.67222035134894 ], [ -55.437598979388646, -13.672424056455947 ], [ -55.437461288816493, -13.67255556946631 ], [ -55.437460697300544, -13.672663593191844 ], [ -55.437414595302037, -13.672799036421598 ], [ -55.437312054814157, -13.672846038044922 ], [ -55.437237733570974, -13.672937260418459 ], [ -55.437176067067632, -13.673153858992372 ], [ -55.437076956138455, -13.673386683803139 ], [ -55.437001475770749, -13.67352716000134 ], [ -55.436880484920515, -13.673695055565197 ], [ -55.436729548092558, -13.673809215188324 ], [ -55.436531374048997, -13.673941278945874 ], [ -55.436366031840706, -13.674087339705924 ], [ -55.436291710597509, -13.674178561598657 ], [ -55.436159200224495, -13.674338619273165 ], [ -55.43613902312908, -13.674449997757218 ], [ -55.436119389734813, -13.674786936946193 ], [ -55.436096894390396, -13.6749968226819 ], [ -55.436047906534348, -13.675172003077646 ], [ -55.436038089837211, -13.675340472215867 ], [ -55.435983921782011, -13.675487106854758 ], [ -55.43587215611295, -13.675594554489182 ], [ -55.43576500303449, -13.675671778816509 ], [ -55.435675708802435, -13.675736132403269 ], [ -55.435546651895521, -13.675915219320554 ], [ -55.435393420725951, -13.675961094060458 ], [ -55.435221763101445, -13.67596107083086 ], [ -55.43506853193189, -13.676006945561838 ], [ -55.434749982461447, -13.676032088987066 ], [ -55.434479237815161, -13.676098097022198 ], [ -55.434262637316642, -13.676184261579035 ], [ -55.434124379135952, -13.676257003902359 ], [ -55.434046036818117, -13.676270426104345 ], [ -55.433891670431464, -13.676198763586356 ], [ -55.433786835602, -13.676177480786958 ], [ -55.433464832665486, -13.676183593915743 ], [ -55.433198133001234, -13.676160610109426 ], [ -55.433034541433408, -13.676149393963168 ], [ -55.432817940934882, -13.676235558501235 ], [ -55.432635899004694, -13.676345235083838 ], [ -55.432489007158772, -13.676370401702494 ], [ -55.432317917142804, -13.676429147031788 ], [ -55.432109950309496, -13.676562887093141 ], [ -55.431926773162218, -13.676555026512416 ], [ -55.431308692192253, -13.676543189181757 ], [ -55.430862836455361, -13.676590143598709 ], [ -55.430377809559545, -13.676643809096557 ], [ -55.429979782554192, -13.676564837626312 ], [ -55.429704425317304, -13.676661068647061 ], [ -55.429544854824094, -13.676727651249532 ], [ -55.429424455489823, -13.676787522747212 ], [ -55.429195200251449, -13.676748312796548 ], [ -55.428826551615288, -13.676664308044227 ], [ -55.428399170148161, -13.67642357942983 ], [ -55.428093347139821, -13.676073725426738 ], [ -55.427864731232219, -13.675592911179578 ], [ -55.427794502785879, -13.675261558008623 ], [ -55.427778986095888, -13.675009129930494 ], [ -55.427576838792504, -13.674729810545044 ], [ -55.427289466146526, -13.674259060291206 ], [ -55.427074664103294, -13.67385436422005 ], [ -55.427036675976296, -13.673645028987483 ], [ -55.427073600608445, -13.673236447975116 ], [ -55.42728045613206, -13.67281837420855 ], [ -55.427653293194759, -13.671812626627249 ], [ -55.427599740562947, -13.671684445587804 ], [ -55.4277738120661, -13.67091878320328 ], [ -55.427889670532025, -13.670388750212149 ], [ -55.428104048411193, -13.669733912799506 ], [ -55.428190480693111, -13.669542501659269 ], [ -55.428408264223542, -13.669240284230259 ], [ -55.428623161896418, -13.668977805966511 ], [ -55.428822495064495, -13.668796484413107 ], [ -55.428937146591082, -13.668649294075797 ], [ -55.429024714090083, -13.66857542310604 ], [ -55.428984407714076, -13.668464593377642 ], [ -55.428909542769766, -13.668330250723264 ], [ -55.428911861018761, -13.668231740471493 ], [ -55.429018446488676, -13.66809574308129 ], [ -55.429294962850072, -13.667950253371052 ], [ -55.429626190967774, -13.667883691517638 ], [ -55.430025377097635, -13.667913410701047 ], [ -55.430286305046785, -13.668015874749258 ], [ -55.430730977751779, -13.668184970231122 ], [ -55.431190055837085, -13.66832216355888 ], [ -55.431478067813828, -13.668351307922878 ], [ -55.431693509187859, -13.668314395624531 ], [ -55.432060454998371, -13.668222091623001 ], [ -55.432599649949388, -13.668021785011067 ], [ -55.432819703913992, -13.66795464841279 ], [ -55.433238499530702, -13.667814215352193 ], [ -55.43368840024965, -13.667678264181818 ], [ -55.433955691429858, -13.667593222814752 ], [ -55.434259859427392, -13.667433183787214 ], [ -55.434735685049404, -13.667273167881422 ], [ -55.435130874012039, -13.667058288202142 ], [ -55.435339999969827, -13.66687528732939 ], [ -55.43557677756376, -13.666677737260866 ], [ -55.435884990543329, -13.666428702135683 ], [ -55.436220855159043, -13.666165117662015 ], [ -55.43658839248554, -13.665964786070836 ], [ -55.436938662481566, -13.665669298686305 ], [ -55.437339103365566, -13.664982568902605 ], [ -55.437650841533461, -13.664252166279503 ], [ -55.437783399721297, -13.663758502995474 ], [ -55.43783302690813, -13.663141686593889 ], [ -55.437874540223447, -13.662869662628989 ], [ -55.43796731182902, -13.662657536669931 ], [ -55.438168963246078, -13.662377697554355 ], [ -55.438290545612276, -13.662101765407176 ], [ -55.43834414605891, -13.661896350267423 ], [ -55.438330356101957, -13.661653423595629 ], [ -55.438277962594647, -13.661475980486539 ], [ -55.438171992548085, -13.661337151753735 ], [ -55.437882845354245, -13.661190461845791 ], [ -55.437548779193826, -13.660963163724935 ], [ -55.437316094396763, -13.660738118053418 ], [ -55.437081682866655, -13.660503556394469 ], [ -55.436905436558952, -13.660366956529892 ], [ -55.436546037011389, -13.660055693402935 ], [ -55.436093298249723, -13.659897785777654 ], [ -55.435504028040398, -13.659822141247664 ], [ -55.435152646734679, -13.659833288477641 ], [ -55.434820874915857, -13.659674277595277 ], [ -55.434644628608154, -13.659537677250199 ], [ -55.434527139038835, -13.659391009453776 ], [ -55.434459181026689, -13.659294724916583 ], [ -55.434286955793638, -13.659235928852492 ], [ -55.434087078924435, -13.659191682290375 ], [ -55.433685598452996, -13.659093673311748 ], [ -55.433439075884166, -13.65895930208448 ], [ -55.433135523310007, -13.658844514016938 ], [ -55.433012262025585, -13.658777328341881 ], [ -55.432788778502292, -13.658658632828113 ], [ -55.432542255933463, -13.658524261352909 ], [ -55.432328565199903, -13.658403887809319 ], [ -55.432125258772018, -13.658173805982678 ], [ -55.431802144525825, -13.657895569756624 ], [ -55.431665636985571, -13.657811029955544 ], [ -55.431450219518965, -13.657681140161328 ], [ -55.43123709639395, -13.657619539437729 ], [ -55.431042399723893, -13.657603840243455 ], [ -55.430842522854704, -13.65755959337506 ], [ -55.430706015314449, -13.657475053453519 ], [ -55.430479078325085, -13.657337325483811 ], [ -55.430370222420983, -13.657238235846295 ], [ -55.430203177387064, -13.657207986988482 ], [ -55.429732531964149, -13.657396557423597 ], [ -55.429407051654096, -13.657550443190992 ], [ -55.429184679440496, -13.657716097440899 ], [ -55.428864379329603, -13.657898530635249 ], [ -55.428541193361156, -13.65812070507206 ], [ -55.428351085374281, -13.658241583854945 ], [ -55.428016947491614, -13.658514693042552 ], [ -55.427807821533818, -13.658697700406652 ], [ -55.427495587479619, -13.658868939103897 ], [ -55.427309500567361, -13.659067622059622 ], [ -55.427153383540265, -13.659153241289456 ], [ -55.427025485757845, -13.659283083810209 ], [ -55.426899338615883, -13.659255639452441 ], [ -55.427015149266992, -13.659059186108431 ], [ -55.427256539451498, -13.658831404070542 ], [ -55.42766729291894, -13.658535356186761 ], [ -55.42801640379048, -13.658289116707845 ], [ -55.428281992145052, -13.658027752594965 ], [ -55.428598271181308, -13.657767514540806 ], [ -55.42888746618997, -13.657580599079237 ], [ -55.429260751324136, -13.65746758117527 ], [ -55.429649600963117, -13.657273402274489 ], [ -55.429953768960658, -13.657113356239986 ], [ -55.430139264356946, -13.657022702532709 ], [ -55.430302312223638, -13.656808341838111 ], [ -55.430452113834519, -13.656576627002178 ], [ -55.430947596758259, -13.655912833281956 ], [ -55.431622803363183, -13.655237867014973 ], [ -55.432353928663758, -13.654258961017369 ], [ -55.43272957986175, -13.65371381237264 ], [ -55.433114480148348, -13.652941403078238 ], [ -55.433536800953377, -13.652319571005314 ], [ -55.433825452260912, -13.65190706878681 ], [ -55.434017310888244, -13.651628894863462 ], [ -55.434114127475851, -13.651327757615984 ], [ -55.434180998085708, -13.650972878956688 ], [ -55.434122289162168, -13.650649329384784 ], [ -55.434102751397532, -13.650319067529464 ], [ -55.434112615909505, -13.649816962025676 ], [ -55.434170828946741, -13.649581309581324 ], [ -55.434201981863794, -13.649252172620074 ], [ -55.434197960789156, -13.64917436482564 ], [ -55.43407240516315, -13.649038884789253 ], [ -55.433723389921269, -13.648617894045316 ], [ -55.433465371737078, -13.648308868199571 ], [ -55.433351927149786, -13.64807319101668 ], [ -55.433324299421059, -13.647920930578627 ], [ -55.433505773742716, -13.647752465075239 ], [ -55.433926863701025, -13.647680312001736 ], [ -55.434292058871094, -13.647745294509912 ], [ -55.434832908832917, -13.648054919139662 ], [ -55.435148548538386, -13.64823632634171 ], [ -55.435368554688175, -13.648502804919973 ], [ -55.43567381008797, -13.648793924413209 ], [ -55.435811476752704, -13.648829208261732 ], [ -55.436261353564234, -13.648860056237947 ], [ -55.436999242352535, -13.648920050976125 ], [ -55.437655335356901, -13.648974436979255 ], [ -55.437995197139827, -13.648955450967087 ], [ -55.438419740564228, -13.648902330743944 ], [ -55.438783800517214, -13.648849762088211 ], [ -55.439362710328268, -13.648868312690897 ], [ -55.439824106662577, -13.648906998932825 ], [ -55.440252079645646, -13.649039721150302 ], [ -55.441405214954891, -13.649607478042267 ], [ -55.442008275121182, -13.649926064851293 ], [ -55.442403392361562, -13.650211597130188 ], [ -55.44266661465231, -13.650382360109441 ], [ -55.443415407539995, -13.6507250353113 ], [ -55.444455074354586, -13.65122392236769 ], [ -55.444593308627866, -13.651317980673564 ], [ -55.444792593981106, -13.651470262151372 ], [ -55.445303474057788, -13.651892948986273 ], [ -55.445875996730372, -13.652265825025577 ], [ -55.446535495386009, -13.65267285737621 ], [ -55.447046966978647, -13.652987509362108 ], [ -55.447353381502936, -13.653229365055548 ], [ -55.447844108391614, -13.653596630372386 ], [ -55.448626892239091, -13.653904041052531 ], [ -55.449276054403846, -13.654087168153541 ], [ -55.449876276527405, -13.654111878509251 ], [ -55.450374525771629, -13.654242368299638 ], [ -55.450832468639838, -13.654262021611714 ], [ -55.451061156269688, -13.654242461226593 ], [ -55.451153903967828, -13.654197133825521 ], [ -55.451691420000586, -13.653653686205912 ], [ -55.452185719892405, -13.653205949595485 ], [ -55.452475506417024, -13.65291099778937 ], [ -55.452723235925191, -13.652662499692171 ], [ -55.452961172643626, -13.652415679278221 ], [ -55.453240574862548, -13.652230437521377 ], [ -55.453558580631857, -13.651979709187051 ], [ -55.453697997937049, -13.651857700817978 ], [ -55.453749280134687, -13.651750793934136 ], [ -55.453720493281473, -13.651647794475693 ], [ -55.453401400109897, -13.651447357621008 ], [ -55.452925054694127, -13.651214993016243 ], [ -55.442583361286204, -13.644470072580694 ], [ -55.439680441547274, -13.642494782963581 ], [ -55.439488630734765, -13.642439338744346 ], [ -55.439374027022971, -13.642252916267644 ], [ -55.438664996810147, -13.641795478866722 ], [ -55.438447852610508, -13.641656063722319 ], [ -55.434286986640252, -13.638924866644878 ], [ -55.433621148660976, -13.63853852194524 ], [ -55.433390758205505, -13.638381749593105 ], [ -55.433055532920577, -13.63820369090981 ], [ -55.432652349623488, -13.637929338836257 ], [ -55.432379334543029, -13.637760244896786 ], [ -55.431222202066529, -13.636947829345246 ], [ -55.43114156540711, -13.636892958664236 ], [ -55.431117391144483, -13.636759724476454 ], [ -55.431179625256348, -13.636601870960934 ], [ -55.43145105704825, -13.635760535372951 ], [ -55.431935683687385, -13.634480343381044 ], [ -55.433548022788351, -13.630288747082314 ], [ -55.436887920125429, -13.621816894010518 ], [ -55.437824956991797, -13.618967472426476 ], [ -55.440736875176455, -13.614425313106407 ], [ -55.440809493594003, -13.614157716005288 ], [ -55.440726562592985, -13.614034538308159 ], [ -55.440621727763542, -13.614013249902428 ], [ -55.440400514674423, -13.61412966827138 ], [ -55.440058286827657, -13.614580858616891 ], [ -55.439902737409099, -13.61472527790189 ], [ -55.439592821603895, -13.614798015934584 ], [ -55.439158485389754, -13.614852822038189 ], [ -55.438694203197919, -13.614853878884466 ], [ -55.4383439810167, -13.61481576196053 ], [ -55.437984533654308, -13.614838107140386 ], [ -55.437687296496371, -13.614869418271374 ], [ -55.437739098487732, -13.615154946452622 ], [ -55.437613495046911, -13.615353114530558 ], [ -55.437454492162253, -13.615478498170305 ], [ -55.437252864652599, -13.615591559404955 ], [ -55.437153753723415, -13.61582444100317 ], [ -55.43695671489693, -13.616074104404738 ], [ -55.436846108352377, -13.616132313089278 ], [ -55.436649117340735, -13.6160483099929 ], [ -55.436468258442439, -13.615941915322209 ], [ -55.436211375475338, -13.615750414088573 ], [ -55.436076594668137, -13.61567537677927 ], [ -55.435947585576038, -13.615520842360661 ], [ -55.436008660563417, -13.615412240822947 ], [ -55.436496597224185, -13.615151979042116 ], [ -55.436747188682482, -13.615030526544484 ], [ -55.43692461802209, -13.614951052503088 ], [ -55.437062876202795, -13.614878291281837 ], [ -55.437066353576277, -13.614730492429178 ], [ -55.437020299392614, -13.614532300594025 ], [ -55.43695350050497, -13.614386731400232 ], [ -55.43690974066287, -13.614256840958051 ], [ -55.436860800621638, -13.614098397517868 ], [ -55.436777869620641, -13.613975219789848 ], [ -55.436715091807642, -13.613907469688529 ], [ -55.436639635347369, -13.613881146615135 ], [ -55.436633911447089, -13.613626974663397 ], [ -55.436652409624287, -13.613172379579604 ], [ -55.436616715838873, -13.613031292560454 ], [ -55.436525718781191, -13.612919310192941 ], [ -55.436385190166312, -13.612756934504116 ], [ -55.436308598488942, -13.612613042445712 ], [ -55.43627292861094, -13.612305119307976 ], [ -55.436314441926271, -13.612033036778582 ], [ -55.436346138544465, -13.611929468337673 ], [ -55.4364175739301, -13.611877971551021 ], [ -55.436693498775526, -13.611840498757047 ], [ -55.437152009252301, -13.611918940219853 ], [ -55.437255117348705, -13.611930711084209 ], [ -55.437403735927688, -13.611915055324772 ], [ -55.437539108250824, -13.611882042333949 ], [ -55.437614588618509, -13.611741529447311 ], [ -55.437707927832612, -13.611588142263745 ], [ -55.437870384183363, -13.611481792059127 ], [ -55.438027068819011, -13.611454940285144 ], [ -55.438425687340306, -13.611425881841148 ], [ -55.438745963543795, -13.61141024928426 ], [ -55.4391007983156, -13.611418135270686 ], [ -55.439414735195442, -13.611423216451222 ], [ -55.439577759154723, -13.611375650930301 ], [ -55.439883629977878, -13.61139192810011 ], [ -55.440044335688164, -13.61144289656179 ], [ -55.44075625175855, -13.611860643551049 ], [ -55.441166933503766, -13.612065045357422 ], [ -55.441649050634616, -13.612217950274554 ], [ -55.441836248856532, -13.612303632960973 ], [ -55.443563048224782, -13.609299122806682 ], [ -55.443510654717443, -13.609121640361527 ], [ -55.443453057103589, -13.609082442405931 ], [ -55.443239933978575, -13.609020829008175 ], [ -55.44310226731384, -13.608985539215311 ], [ -55.442858039086595, -13.608919442703106 ], [ -55.442620717791513, -13.608891417584479 ], [ -55.442369582632082, -13.608787249623314 ], [ -55.442256114137408, -13.608718371454261 ], [ -55.442233666607812, -13.608594639252265 ], [ -55.442306852633905, -13.608385821057761 ], [ -55.442395011648877, -13.608203878061197 ], [ -55.44258627876026, -13.608033705982965 ], [ -55.442674413867813, -13.608018601640403 ], [ -55.442996416804327, -13.60801248674623 ], [ -55.443589164387149, -13.607940344775113 ], [ -55.444084551681236, -13.607943771005749 ], [ -55.444344344413317, -13.60792868989374 ], [ -55.444872683079836, -13.607111921068098 ], [ -55.429754020107609, -13.603922546606945 ], [ -55.429646275513186, -13.604107849470298 ], [ -55.429558116498214, -13.604289795615102 ], [ -55.429484930472114, -13.604498617422935 ], [ -55.429514852542447, -13.604719210269591 ] ], [ [ -55.416883155594682, -13.648128058350879 ], [ -55.416916602853327, -13.647867211328023 ], [ -55.416927011066441, -13.647590687388501 ], [ -55.417006512508763, -13.64752800409722 ], [ -55.417096374349356, -13.64752241857531 ], [ -55.417266872849368, -13.647571701264994 ], [ -55.417753602570805, -13.6476943563621 ], [ -55.417846326361548, -13.647815838534761 ], [ -55.417872131727584, -13.648625824506496 ], [ -55.417861723514491, -13.648902347232941 ], [ -55.417461402167554, -13.648755074778629 ], [ -55.4169723541971, -13.648730938673744 ], [ -55.416822600401048, -13.648629041056694 ], [ -55.416803606337538, -13.648524362262679 ], [ -55.416883155594682, -13.648128058350879 ] ] ], [ [ [ -55.389397638270047, -13.665151275390336 ], [ -55.38942415468911, -13.66501918347447 ], [ -55.389622352640082, -13.664720315958641 ], [ -55.38978771875577, -13.664407450412934 ], [ -55.389879331236834, -13.664244581812685 ], [ -55.38990528004733, -13.664053717756985 ], [ -55.389983646272576, -13.663873495502949 ], [ -55.390043586042857, -13.663647372751351 ], [ -55.390109273620801, -13.663508568528295 ], [ -55.390240057260783, -13.663338987837767 ], [ -55.39039331233775, -13.663126310755111 ], [ -55.390478585495181, -13.662984150485562 ], [ -55.390469384221397, -13.662877800192685 ], [ -55.390342125769749, -13.662566012064769 ], [ -55.390341582068629, -13.662340439606611 ], [ -55.390313386731357, -13.662129416267915 ], [ -55.390225275531215, -13.661977716453057 ], [ -55.390097993172148, -13.661832728052746 ], [ -55.390006996114465, -13.661720768823697 ], [ -55.389941923959881, -13.66158474444506 ], [ -55.389835386304767, -13.661387143479772 ], [ -55.389641896574048, -13.660988585284233 ], [ -55.389465106565211, -13.66062641160233 ], [ -55.389420211506035, -13.660379001509172 ], [ -55.389264781624526, -13.659689382385722 ], [ -55.389176718239206, -13.659204075798451 ], [ -55.389090357679535, -13.658895087053564 ], [ -55.388877306276747, -13.658333077172182 ], [ -55.388626242839564, -13.657728520252814 ], [ -55.388362524662504, -13.656998577019177 ], [ -55.388269824779194, -13.656710295151216 ], [ -55.388143701544642, -13.656516045932291 ], [ -55.388085536322215, -13.656418082304544 ], [ -55.387943257066894, -13.656413025323292 ], [ -55.387807884743751, -13.656446032091159 ], [ -55.387594170102766, -13.656492462183014 ], [ -55.387501990013178, -13.656596562648316 ], [ -55.387331467605755, -13.65671408638366 ], [ -55.38720475285524, -13.656627868243929 ], [ -55.387121797946826, -13.656671517263069 ], [ -55.387025005266622, -13.656805843331121 ], [ -55.386815311700296, -13.656930078613916 ], [ -55.386655173598562, -13.656937893386395 ], [ -55.386507122628132, -13.657012319563833 ], [ -55.386337191736672, -13.657021812245862 ], [ -55.386184552083066, -13.656959659789607 ], [ -55.386132134668337, -13.65694901752126 ], [ -55.38595241098713, -13.656960188118543 ], [ -55.385808404998748, -13.656945615232734 ], [ -55.385731221805422, -13.656909781037751 ], [ -55.385401152812221, -13.656927088496751 ], [ -55.385255987699352, -13.656961773105357 ], [ -55.385134453147977, -13.656904102812073 ], [ -55.384973155921742, -13.656961175082005 ], [ -55.384867161967776, -13.656989148035715 ], [ -55.384724315103895, -13.656925317657912 ], [ -55.384591261029755, -13.656859809349418 ], [ -55.384450708507472, -13.656864268297491 ], [ -55.384253125979853, -13.656888310644254 ], [ -55.384072834690123, -13.656840707814521 ], [ -55.383851621601004, -13.656957105075877 ], [ -55.38357340241398, -13.656926281390041 ], [ -55.383291138244914, -13.656984456775318 ], [ -55.383108528706181, -13.657035368937455 ], [ -55.382662081453326, -13.657190358060314 ], [ -55.38251346287435, -13.657206010819221 ], [ -55.382264030540561, -13.657278184210501 ], [ -55.382044544184495, -13.657404097153986 ], [ -55.381802610298834, -13.657406303391456 ], [ -55.381628066816774, -13.657446021657355 ], [ -55.381361343245118, -13.65758983994337 ], [ -55.381100391388536, -13.657654175237283 ], [ -55.380921235315896, -13.657724119025515 ], [ -55.380594028272803, -13.657868488700192 ], [ -55.380373406699668, -13.657876854999845 ], [ -55.380080190616368, -13.657985965338863 ], [ -55.379638923562638, -13.658169501439575 ], [ -55.379091094946425, -13.658322237125404 ], [ -55.37857841641447, -13.658390456350284 ], [ -55.378405599665442, -13.658439690306675 ], [ -55.377686681033246, -13.658651175579436 ], [ -55.377024224797829, -13.658784304482275 ], [ -55.376778837446089, -13.658767479021899 ], [ -55.389393853184863, -13.665436455386111 ], [ -55.389656224062804, -13.665519050445788 ], [ -55.389722479249293, -13.665439018625914 ], [ -55.389525488237652, -13.665355033070949 ], [ -55.389397638270047, -13.665151275390336 ] ] ], [ [ [ -55.394786979557495, -13.667279235907472 ], [ -55.394659673291017, -13.667301047816663 ], [ -55.394387769520236, -13.667416313610421 ], [ -55.394236832692265, -13.667530476276436 ], [ -55.394107775785336, -13.667709569432738 ], [ -55.394004076172976, -13.667805827301921 ], [ -55.39398232620038, -13.667838987781034 ], [ -55.399651647726607, -13.670772530517981 ], [ -55.399522638634508, -13.670618032164848 ], [ -55.399489263098104, -13.670378470118568 ], [ -55.399514668207473, -13.669962045869219 ], [ -55.399426604822153, -13.669476760435659 ], [ -55.399290736612684, -13.668950608156798 ], [ -55.399148505172185, -13.668611959558868 ], [ -55.39905694050595, -13.668441233013171 ], [ -55.398971123647407, -13.66835782329237 ], [ -55.398941201577081, -13.668137289877592 ], [ -55.398961378672482, -13.668025908408579 ], [ -55.398929138353182, -13.667903885113166 ], [ -55.398870405522217, -13.667747155507673 ], [ -55.398830690662159, -13.667528299358784 ], [ -55.398800200983331, -13.66724899433283 ], [ -55.398568723125592, -13.666641104593607 ], [ -55.39841035957172, -13.666324839444885 ], [ -55.398219731791123, -13.666053347462702 ], [ -55.397993386317701, -13.66580759768531 ], [ -55.397799281163586, -13.665683872159899 ], [ -55.397591929753673, -13.665542793283114 ], [ -55.397240004746813, -13.665328370644142 ], [ -55.397011908632948, -13.665239903029519 ], [ -55.396821824553463, -13.665193979740335 ], [ -55.396651326053458, -13.66514470073334 ], [ -55.396021629931084, -13.6657922182701 ], [ -55.395015738909578, -13.666759285016518 ], [ -55.394912606905741, -13.666914314206785 ], [ -55.394786979557495, -13.667279235907472 ] ] ] ] } },
{ "type": "Feature", "properties": { }, "geometry": { "type": "MultiPolygon", "coordinates": [ [ [ [ -56.033101964620563, -13.188222491541364 ], [ -56.033142886419931, -13.188058170935927 ], [ -56.033290937390362, -13.187983599239661 ], [ -56.033494859241607, -13.187938759649329 ], [ -56.033808228512889, -13.187884961440838 ], [ -56.034204552692621, -13.187787428880869 ], [ -56.034861828728893, -13.187625434926455 ], [ -56.035560570265687, -13.187525139063421 ], [ -56.0361153058141, -13.187410241745733 ], [ -56.036542735096035, -13.187317199950375 ], [ -56.036981683900748, -13.18723201147262 ], [ -56.037280647791725, -13.187210179165643 ], [ -56.037387776962788, -13.187299928436179 ], [ -56.037423470748209, -13.187441265430845 ], [ -56.037396243276142, -13.188517514632837 ], [ -56.037352411711808, -13.188888783992486 ], [ -56.037312057520978, -13.189111992102076 ], [ -56.037117928459466, -13.189155150291789 ], [ -56.036908826409089, -13.189171386232903 ], [ -56.036882309990041, -13.189303740311049 ], [ -56.036793439922072, -13.190429887264036 ], [ -56.036775505914861, -13.1905582764235 ], [ -56.055156131458702, -13.199954186208039 ], [ -56.058266958647337, -13.194160780146795 ], [ -56.055129567994719, -13.184308120472451 ], [ -56.055031664004851, -13.184157799643289 ], [ -56.054883117148108, -13.183672083566162 ], [ -56.05481922802543, -13.183319299768682 ], [ -56.054729413999659, -13.182990628580948 ], [ -56.05457107435322, -13.182506591417294 ], [ -56.054198996158362, -13.182236209648735 ], [ -56.053995098214543, -13.182113915871561 ], [ -56.053706542536645, -13.181858688067559 ], [ -56.053141566127032, -13.181080704994443 ], [ -56.052445262376267, -13.180246615823259 ], [ -56.052358310300633, -13.180045255848865 ], [ -56.052194742640218, -13.179866880542997 ], [ -56.05185781452964, -13.179511810792899 ], [ -56.051717877430725, -13.179240896333638 ], [ -56.051507120369543, -13.17874618827172 ], [ -56.051392516657756, -13.178559405727476 ], [ -56.05114313213879, -13.178297449175135 ], [ -56.050843648454091, -13.177926117183253 ], [ -56.050427290623446, -13.177132437530005 ], [ -56.050381804048307, -13.176992775848113 ], [ -56.05021655746966, -13.176470586937587 ], [ -56.050063374114927, -13.176182280422156 ], [ -56.050041542008707, -13.175782939451558 ], [ -56.049948274516829, -13.175435188118264 ], [ -56.049944301257014, -13.175022948336446 ], [ -56.049945508196345, -13.17463931298902 ], [ -56.049945579918585, -13.174137893748762 ], [ -56.049919111314352, -13.173935976077367 ], [ -56.049873081038086, -13.173570280573829 ], [ -56.049800534342765, -13.173336947240625 ], [ -56.049518341895912, -13.172893818069152 ], [ -56.049313308734995, -13.172653735617445 ], [ -56.048936074248431, -13.172187596377578 ], [ -56.048560542587509, -13.171898132910201 ], [ -56.048334764722611, -13.171710769185825 ], [ -56.047485773503467, -13.171148653873882 ], [ -56.046662115671445, -13.170670672745658 ], [ -56.046272178630204, -13.170413175736272 ], [ -56.045666256513805, -13.169966632080989 ], [ -56.045012529573256, -13.169479136680827 ], [ -56.044643337235961, -13.169168918178679 ], [ -56.04429259526102, -13.168737550744076 ], [ -56.044122168483248, -13.168186738345129 ], [ -56.044086474697842, -13.168045390229176 ], [ -56.044084795779611, -13.1677015665345 ], [ -56.044051987851759, -13.167520395529278 ], [ -56.043902234055707, -13.167418293696784 ], [ -56.043631513316811, -13.167317297192827 ], [ -56.043421843657882, -13.167274641279278 ], [ -56.043213900732013, -13.167241520688941 ], [ -56.04313558232159, -13.167087826703222 ], [ -56.043074531241643, -13.167029486026657 ], [ -56.042990441116132, -13.166955437329511 ], [ -56.042885038678115, -13.166875215942435 ], [ -56.04292191549542, -13.166800061825215 ], [ -56.043037702239126, -13.166770350407072 ], [ -56.043322236842371, -13.166947629883587 ], [ -56.043450110717366, -13.166984665875587 ], [ -56.043553786422343, -13.167055351889301 ], [ -56.043689726354025, -13.16708117119145 ], [ -56.043850999672848, -13.167191127160651 ], [ -56.044018044706789, -13.167221437771255 ], [ -56.044169549143298, -13.167165930392617 ], [ -56.044249074493031, -13.166935976911471 ], [ -56.044239305610716, -13.16677051335947 ], [ -56.044213404615043, -13.166627483085898 ], [ -56.04416330544931, -13.166518102829944 ], [ -56.044105707835428, -13.166478832738699 ], [ -56.044007212329603, -13.166436752645605 ], [ -56.043826353431321, -13.166330159022323 ], [ -56.043741695697278, -13.166197216550986 ], [ -56.043738833747135, -13.166069894007125 ], [ -56.043783209012595, -13.16592462929067 ], [ -56.04372792964773, -13.165786642561235 ], [ -56.043491791384582, -13.165542061787813 ], [ -56.043186535984788, -13.165250356425084 ], [ -56.043056935376725, -13.165203784761248 ], [ -56.042859944365084, -13.165119624129723 ], [ -56.042594995341297, -13.164938980626491 ], [ -56.042224667786911, -13.164510968451353 ], [ -56.0418445474428, -13.164084636886066 ], [ -56.041621655435456, -13.163857443978991 ], [ -56.041457520166489, -13.163620162696105 ], [ -56.041145949350479, -13.163182060033593 ], [ -56.040950117463332, -13.163048539879302 ], [ -56.04066385612704, -13.162861722080166 ], [ -56.040481294403115, -13.162578443645392 ], [ -56.040269921918544, -13.162359103492614 ], [ -56.040123053980039, -13.162217176037402 ], [ -56.040043576445129, -13.162112837925921 ], [ -56.03996180456862, -13.16194006964945 ], [ -56.039741798418824, -13.161673051193798 ], [ -56.039488960433758, -13.161392005459795 ], [ -56.039365131540812, -13.16126578581691 ], [ -56.03933807142063, -13.16117211154549 ], [ -56.039280497714167, -13.160965691746505 ], [ -56.039195272371565, -13.160773851497515 ], [ -56.039038611643328, -13.160633604505438 ], [ -56.038865818801732, -13.160515791382977 ], [ -56.038690707711126, -13.160496696918242 ], [ -56.038612956909255, -13.160401893670997 ], [ -56.038587055913581, -13.160258859679146 ], [ -56.038500103837926, -13.160057483266895 ], [ -56.038415446103869, -13.159924537391698 ], [ -56.038263965574771, -13.159812896773982 ], [ -56.037962731249642, -13.159599151014056 ], [ -56.037788211674979, -13.159471801761581 ], [ -56.037754244622619, -13.159339984255363 ], [ -56.037699532866306, -13.159260889061667 ], [ -56.037408682846824, -13.158937206475537 ], [ -56.037190379522677, -13.158846870821618 ], [ -56.036843043199006, -13.158768857598774 ], [ -56.036572322460131, -13.158667857529077 ], [ -56.036275109209612, -13.158532077534106 ], [ -56.036150121192144, -13.158455216181547 ], [ -56.035996937837389, -13.158166888457751 ], [ -56.035818988704072, -13.157853316109442 ], [ -56.035635267855653, -13.157619391816542 ], [ -56.035493036415133, -13.157280021715289 ], [ -56.035340988277497, -13.157109484145758 ], [ -56.034910744860241, -13.156740906853742 ], [ -56.034479933834426, -13.156313433069066 ], [ -56.034308867725876, -13.15620515362998 ], [ -56.033945990804796, -13.156041317684322 ], [ -56.033593474282, -13.155934696258718 ], [ -56.033417795582849, -13.155856705388908 ], [ -56.033238071901657, -13.155867899296366 ], [ -56.032995570407451, -13.155811214082759 ], [ -56.032616537465607, -13.155836964729922 ], [ -56.032353882783397, -13.155724746258628 ], [ -56.032288810628813, -13.15558843520124 ], [ -56.032284789554176, -13.155510467501244 ], [ -56.032431113791553, -13.155426350100475 ], [ -56.032617744404938, -13.155453299332647 ], [ -56.032781903581316, -13.155523435960893 ], [ -56.03293108976883, -13.155566646632298 ], [ -56.033064143842971, -13.15563229169298 ], [ -56.033175317996069, -13.15563286768486 ], [ -56.033261726370569, -13.155608199160206 ], [ -56.033286516056577, -13.155466291075307 ], [ -56.033249663146663, -13.155374296004686 ], [ -56.033004299702334, -13.155190282479865 ], [ -56.032785428769643, -13.155041049200863 ], [ -56.032636834098078, -13.15488958169666 ], [ -56.032489966159574, -13.154747649915707 ], [ -56.032328692840736, -13.154637688362499 ], [ -56.032131701829094, -13.154553524102107 ], [ -56.031870773879938, -13.15445084087168 ], [ -56.031636906050963, -13.154441834477799 ], [ -56.031453728903671, -13.154433956792898 ], [ -56.031508464567395, -13.154345900178843 ], [ -56.031619071111948, -13.154287579748596 ], [ -56.031553998957364, -13.154151267892091 ], [ -56.031308635513021, -13.153967253449263 ], [ -56.031287914716486, -13.153852823258436 ], [ -56.031211890647661, -13.153767553296374 ], [ -56.031086335021655, -13.153631793867158 ], [ -56.030991292981916, -13.153608783290561 ], [ -56.030880118828819, -13.153608207293924 ], [ -56.030667563312349, -13.153605373871065 ], [ -56.030411224046368, -13.153639555177035 ], [ -56.030179082950447, -13.153640084613272 ], [ -56.029891070973697, -13.153610877755604 ], [ -56.029704440360312, -13.1535839283209 ], [ -56.029365170093328, -13.153494696127574 ], [ -56.02924363554196, -13.153436904931521 ], [ -56.029107695610264, -13.153411084191708 ], [ -56.028885347304069, -13.153409932197508 ], [ -56.028712530555055, -13.153459269686733 ], [ -56.028543167272126, -13.153527678894983 ], [ -56.028347311477567, -13.153561307495208 ], [ -56.02823152473389, -13.153591020514957 ], [ -56.027903750082267, -13.153676796694416 ], [ -56.02766583727125, -13.153756975842128 ], [ -56.027406612147743, -13.153830981967484 ], [ -56.027222843484502, -13.15393136147404 ], [ -56.027062705382747, -13.153939192614828 ], [ -56.026806933725325, -13.154032270374886 ], [ -56.02661107793076, -13.1540658989059 ], [ -56.026491837720975, -13.154076540179718 ], [ -56.02630463949906, -13.153990694299731 ], [ -56.026212483316861, -13.153927858938495 ], [ -56.026067909719956, -13.153854358998018 ], [ -56.025768378220413, -13.153817297741304 ], [ -56.025325408341082, -13.153824529609468 ], [ -56.025028171183145, -13.153855900745057 ], [ -56.024683696809618, -13.153905214864404 ], [ -56.024324249447218, -13.15392760285703 ], [ -56.02401665189101, -13.153901758888759 ], [ -56.02385249271461, -13.153831621796565 ], [ -56.02347866387931, -13.153718826410946 ], [ -56.023205624891439, -13.153716545705592 ], [ -56.022950444749959, -13.153701366285331 ], [ -56.022633054404025, -13.153677203722321 ], [ -56.022495955347829, -13.15370074372861 ], [ -56.022395141593002, -13.153757382869911 ], [ -56.022245931498077, -13.153881325675682 ], [ -56.022109967658977, -13.15402265868239 ], [ -56.021957304097967, -13.154127529673246 ], [ -56.021786214081992, -13.154186402856734 ], [ -56.021691739650805, -13.154222288787169 ], [ -56.021491271265639, -13.154286206222723 ], [ -56.021361079141641, -13.154347889502326 ], [ -56.021237226341256, -13.154388819681834 ], [ -56.021101854018113, -13.154421895449305 ], [ -56.020965914086425, -13.154396074813233 ], [ -56.020805208376139, -13.15434500952783 ], [ -56.020514310541834, -13.154355627509434 ], [ -56.020295415701725, -13.154373547182836 ], [ -56.02009955990718, -13.154407175667037 ], [ -56.019789668009366, -13.154312899499168 ], [ -56.019524695078168, -13.154299401540671 ], [ -56.019373190641659, -13.154354911834 ], [ -56.01925626868087, -13.154266831911455 ], [ -56.019111127475412, -13.154134435610661 ], [ -56.018952148498165, -13.154092906113075 ], [ -56.018763199635785, -13.154164677996061 ], [ -56.018592133527243, -13.154056397607878 ], [ -56.018304121550479, -13.154027190799802 ], [ -56.018044920334368, -13.15393404319742 ], [ -56.017949310686099, -13.153852136119434 ], [ -56.0176134938852, -13.153781975732892 ], [ -56.017351406811549, -13.15372865289449 ], [ -56.017247731106572, -13.153657963036418 ], [ -56.017178046361387, -13.153551939851177 ], [ -56.0170161815266, -13.15355023514104 ], [ -56.016767908317313, -13.1535731991628 ], [ -56.016472397892429, -13.153614106191482 ], [ -56.016167094677797, -13.153656694642581 ], [ -56.016039788411348, -13.153678553221752 ], [ -56.015816848589189, -13.153785658504233 ], [ -56.015511521467154, -13.153995400643844 ], [ -56.015365764838322, -13.154138415010738 ], [ -56.015253999169268, -13.154246096087457 ], [ -56.015086362619385, -13.154324040909483 ], [ -56.01496135069452, -13.154414331670093 ], [ -56.014737251747867, -13.154570797176756 ], [ -56.014643912533749, -13.154724475733746 ], [ -56.014428447252335, -13.15492862009518 ], [ -56.014199735715081, -13.155115374101769 ], [ -56.01403439350679, -13.155261750651803 ], [ -56.01385637265124, -13.155449633109235 ], [ -56.013691030442942, -13.155596009459678 ], [ -56.013567745251123, -13.15569583553177 ], [ -56.013534889508428, -13.155848960672067 ], [ -56.013606868595197, -13.156023414655671 ], [ -56.013742784619495, -13.156216387324266 ], [ -56.014261706845431, -13.156795880407708 ], [ -56.014390692030119, -13.157117861136511 ], [ -56.014466124582995, -13.157311385651607 ], [ -56.014513905499719, -13.157519489931405 ], [ -56.014580088963982, -13.157940742160534 ], [ -56.014611689952538, -13.15850558147004 ], [ -56.014591488949698, -13.158784349856282 ], [ -56.014610459105789, -13.15905639235671 ], [ -56.01463981356757, -13.159218498336598 ], [ -56.014590234195559, -13.159502310079375 ], [ -56.01454758566318, -13.159657114229663 ], [ -56.014453087324576, -13.159860149078046 ], [ -56.014428297638567, -13.16000205461896 ], [ -56.014364336793648, -13.160150685616573 ], [ -56.014298649215682, -13.160289780923181 ], [ -56.014230075780183, -13.160468699912879 ], [ -56.014174748600503, -13.160665008564258 ], [ -56.014140166124761, -13.160808595019267 ], [ -56.014124010103991, -13.160998177882918 ], [ -56.014064661849666, -13.16111652019354 ], [ -56.014028352640878, -13.161250570820506 ], [ -56.014047914312933, -13.161414356724913 ], [ -56.013936148643879, -13.161522034605014 ], [ -56.013862395009227, -13.161672346054909 ], [ -56.013827812533499, -13.161815931919618 ], [ -56.013746560450706, -13.162036354674227 ], [ -56.013717158174124, -13.162208546906376 ], [ -56.013634179358299, -13.162419433789795 ], [ -56.013606503814742, -13.162601161263989 ], [ -56.013669849236294, -13.162727932914859 ], [ -56.01357823675523, -13.162891141856855 ], [ -56.013501029654492, -13.163022381478177 ], [ -56.01344052227568, -13.163190081620716 ], [ -56.013389807686572, -13.163356100285771 ], [ -56.013322960984119, -13.163544552510892 ], [ -56.013261294480785, -13.163761610990466 ], [ -56.013235345670289, -13.163952872927725 ], [ -56.013196718212498, -13.164185639230828 ], [ -56.013088382102126, -13.164479533350153 ], [ -56.013004835677748, -13.164631524339478 ], [ -56.012923583594961, -13.164851944560821 ], [ -56.012827926131862, -13.16510433352826 ], [ -56.012698277708985, -13.16539205384044 ], [ -56.012592259847615, -13.165587229888931 ], [ -56.012481629395637, -13.165812693287837 ], [ -56.012443001937854, -13.166045457823675 ], [ -56.012439524564371, -13.166193532466842 ], [ -56.012343891008662, -13.166278774826202 ], [ -56.012240191396302, -13.166375233862304 ], [ -56.01220906238666, -13.16653788768696 ], [ -56.012207311746209, -13.166695497384319 ], [ -56.012074801373174, -13.166855893692125 ], [ -56.011935384067982, -13.166978148535046 ], [ -56.011778675524937, -13.167172194669016 ], [ -56.011734300259462, -13.16731745864554 ], [ -56.011621375465914, -13.167474491877183 ], [ -56.011372486833245, -13.167772850084148 ], [ -56.011131096648739, -13.168001098169913 ], [ -56.010915039851334, -13.168313482327145 ], [ -56.010850511397877, -13.168403215249745 ], [ -56.010823994978836, -13.168535580562068 ], [ -56.010678238350003, -13.16867858644253 ], [ -56.010596418658672, -13.168840110094479 ], [ -56.010526118490127, -13.169009487577727 ], [ -56.010491536014378, -13.169153069141533 ], [ -56.010447160748924, -13.16929833194305 ], [ -56.01045808875574, -13.169414436241798 ], [ -56.010423506280006, -13.169558017568155 ], [ -56.010364158025681, -13.169676355743309 ], [ -56.010282338334363, -13.169837878737109 ], [ -56.0101953384439, -13.169970795953496 ], [ -56.010175161348478, -13.170082408663168 ], [ -56.010169957241942, -13.170220945651176 ], [ -56.010111176596162, -13.170398176072593 ], [ -56.010071981529848, -13.170572043739424 ], [ -56.010011474151014, -13.170739738712658 ], [ -56.009965939761052, -13.170934357821803 ], [ -56.009911771705852, -13.171081300876232 ], [ -56.009872576639545, -13.171255168057968 ], [ -56.009885231379393, -13.171380806598272 ], [ -56.009914585841173, -13.171542904422134 ], [ -56.009955459825711, -13.171712855989812 ], [ -56.009901859379077, -13.171918690777904 ], [ -56.009909333919808, -13.172015723545764 ], [ -56.009887997699892, -13.17217669232169 ], [ -56.009943844673302, -13.172373567541896 ], [ -56.009972040010574, -13.172585021624583 ], [ -56.010106796910364, -13.172827338114473 ], [ -56.010246166400734, -13.173039367756164 ], [ -56.010369403777723, -13.173273829995523 ], [ -56.01043218159073, -13.173341704277361 ], [ -56.010482280756456, -13.173451081485211 ], [ -56.010460944536554, -13.173612049317335 ], [ -56.010451695447962, -13.173839762567148 ], [ -56.010468962778404, -13.173935113283495 ], [ -56.010515608478059, -13.174025420094411 ], [ -56.01055648246259, -13.174195369938642 ], [ -56.010585836924378, -13.174357465898835 ], [ -56.010652044296052, -13.174611549632411 ], [ -56.01071366298455, -13.174728780027211 ], [ -56.010769509957974, -13.174925653194878 ], [ -56.010807498084979, -13.175135423791192 ], [ -56.010890996694528, -13.175317717774584 ], [ -56.011039591366071, -13.175469172647425 ], [ -56.011217564406813, -13.175615583591032 ], [ -56.011437594464027, -13.175715448060616 ], [ -56.011579282203392, -13.175828762706276 ], [ -56.011699657630253, -13.17593590486036 ], [ -56.011832144095855, -13.175942653243595 ], [ -56.011931207210232, -13.176043622911424 ], [ -56.012003777812957, -13.176109815150081 ], [ -56.012133378421012, -13.176156384739551 ], [ -56.012228988069303, -13.176238284359835 ], [ -56.012271612694313, -13.176250629222656 ], [ -56.012374720790724, -13.176262421419494 ], [ -56.012532540643463, -13.176353303314887 ], [ -56.012695540695326, -13.176472790090951 ], [ -56.012857381622716, -13.176641632906826 ], [ -56.012950105413438, -13.176763353476984 ], [ -56.012928769193529, -13.176924319130777 ], [ -56.012943150666437, -13.17705948970953 ], [ -56.012956373014852, -13.177244016190276 ], [ -56.012947123926239, -13.177471726060995 ], [ -56.012875097024647, -13.177631562646447 ], [ -56.012782349326514, -13.177676980066256 ], [ -56.012628550548406, -13.177664059335322 ], [ -56.012498382331799, -13.177558599202998 ], [ -56.012194853665058, -13.177276443096874 ], [ -56.012098676408222, -13.177135652892471 ], [ -56.011928769424166, -13.176978026638084 ], [ -56.011854472088409, -13.176902299680247 ], [ -56.011711057615969, -13.176779450572853 ], [ -56.011480667160498, -13.176622376753588 ], [ -56.011400030501093, -13.176567400893028 ], [ -56.01131823471718, -13.176561781134364 ], [ -56.011181135660976, -13.176585318941534 ], [ -56.011038856405648, -13.17658025184792 ], [ -56.010887351969146, -13.176635757092132 ], [ -56.010650006766667, -13.176774819757652 ], [ -56.010534787631521, -13.176863420972916 ], [ -56.010368877814678, -13.176950893550558 ], [ -56.01027958358263, -13.177015380996991 ], [ -56.010057778977568, -13.177240257930981 ], [ -56.009954079365201, -13.177336712648415 ], [ -56.009845199553688, -13.17740456252567 ], [ -56.009709827230537, -13.17743763518529 ], [ -56.009496112589567, -13.177484157966292 ], [ -56.009325022573599, -13.177543025536075 ], [ -56.009230548142398, -13.177578908044691 ], [ -56.009128007654517, -13.177626006738988 ], [ -56.008917178871108, -13.177632708519857 ], [ -56.008441377156466, -13.177625913627461 ], [ -56.008064070947675, -13.177661196905964 ], [ -56.007827884869691, -13.177750903124306 ], [ -56.007719005058178, -13.177818752886722 ], [ -56.007528897071303, -13.177939873654124 ], [ -56.007369326578115, -13.178006594763465 ], [ -56.007091083483679, -13.178142846788802 ], [ -56.006918266734658, -13.178192179296387 ], [ -56.006737383928957, -13.178252727956258 ], [ -56.006688987588866, -13.17832002491882 ], [ -56.006494267011398, -13.178471431378016 ], [ -56.006388273057425, -13.17849946011737 ], [ -56.00619816507055, -13.178620580547845 ], [ -56.006114051037635, -13.178713672206756 ], [ -56.006030504613257, -13.178865654359624 ], [ -56.005906651812893, -13.178906580442069 ], [ -56.005707342552228, -13.178921135807702 ], [ -56.005504579825491, -13.178916621421825 ], [ -56.005321970286744, -13.178967635028908 ], [ -56.005167579992673, -13.179062960469661 ], [ -56.005033342886627, -13.179213813810462 ], [ -56.004889312990834, -13.179366348311017 ], [ -56.004669235118826, -13.179600757933702 ], [ -56.004495235337899, -13.179866581691275 ], [ -56.004400169390749, -13.180010709543405 ], [ -56.004354067392235, -13.180146431073808 ], [ -56.004318325792013, -13.180339361457126 ], [ -56.004259545146226, -13.18051658455181 ], [ -56.00418174652954, -13.180756060079723 ], [ -56.004079182134248, -13.180970293471006 ], [ -56.004059005038833, -13.18108190116476 ], [ -56.004011743915839, -13.181266977266093 ], [ -56.003970254507927, -13.181372412522519 ], [ -56.003950077412526, -13.181484020032817 ], [ -56.003975978408207, -13.181627041625619 ], [ -56.003981110792509, -13.181989915272224 ], [ -56.003910810623971, -13.182159283655594 ], [ -56.003815744676814, -13.182303410157024 ], [ -56.003722405462717, -13.182457071311438 ], [ -56.003623294533512, -13.182690372671077 ], [ -56.003542042450739, -13.182910776631722 ], [ -56.003492486986147, -13.183027427122994 ], [ -56.024217889557903, -13.184704374562108 ], [ -56.024060069705165, -13.184613495768813 ], [ -56.024297462722465, -13.184140171615914 ], [ -56.027946786920175, -13.186045163037383 ], [ -56.031915280081648, -13.188073799311857 ], [ -56.030443594346536, -13.181110804853736 ], [ -56.03041783413758, -13.180895137187324 ], [ -56.03048689262161, -13.18068908368833 ], [ -56.030592333274953, -13.180683927948346 ], [ -56.030683351664294, -13.180745980742506 ], [ -56.030730355794027, -13.180932108376979 ], [ -56.030714407111944, -13.181064311309317 ], [ -56.032158466131172, -13.188046902608571 ], [ -56.032177385595048, -13.188207783857271 ], [ -56.033281758431187, -13.188772323269278 ], [ -56.033150904661795, -13.188381215826091 ], [ -56.033101964620563, -13.188222491541364 ] ] ], [ [ [ -55.996330587327265, -13.195736991385292 ], [ -55.996316205854356, -13.195601831130046 ], [ -55.996357127653724, -13.195437515485201 ], [ -55.996438355829099, -13.19538424827301 ], [ -55.996491364759777, -13.1952866721528 ], [ -55.996447604917691, -13.195156555081098 ], [ -55.996323776024717, -13.195030352853209 ], [ -55.99625525040404, -13.194874995178202 ], [ -55.996277249862139, -13.194104423855073 ], [ -55.99625250799096, -13.1939120569574 ], [ -55.99602961598363, -13.193684891743491 ], [ -55.995911558805759, -13.193479051993766 ], [ -55.995825765854612, -13.193228350174177 ], [ -55.995476774520149, -13.192639432275163 ], [ -55.995180200600409, -13.192061175856493 ], [ -55.994545563353014, -13.191010090016533 ], [ -55.994387791315098, -13.190584956434027 ], [ -55.994359619885238, -13.190206389026793 ], [ -55.994343535586694, -13.189894562176598 ], [ -55.994269853674275, -13.189543468538664 ], [ -55.994233616187728, -13.189176115180027 ], [ -55.994146096503549, -13.18891587446171 ], [ -55.99404478686241, -13.188412227377247 ], [ -55.993967059967957, -13.188150304653487 ], [ -55.993805219040567, -13.187981469780956 ], [ -55.99369118293734, -13.187853582654242 ], [ -55.99358289464179, -13.187813187431106 ], [ -55.993288543341393, -13.187804734903665 ], [ -55.993179095921334, -13.18781369351654 ], [ -55.993005120047819, -13.187912377897916 ], [ -55.992732648668479, -13.187968985848729 ], [ -55.992594982003752, -13.187933634226301 ], [ -55.992485534583686, -13.18794259283446 ], [ -55.992279294483453, -13.18808614001223 ], [ -55.992020069359924, -13.188160135761867 ], [ -55.991775249616715, -13.18820216556596 ], [ -55.991530429873514, -13.188244195362829 ], [ -55.991381811294559, -13.188259878726186 ], [ -55.991196883506802, -13.188409597842222 ], [ -55.990982009741344, -13.188505472240932 ], [ -55.990660574413354, -13.188570486002007 ], [ -55.990353544465691, -13.188603533875122 ], [ -55.990082799819405, -13.188669676161604 ], [ -55.989744073253554, -13.188806474884332 ], [ -55.989477941197848, -13.18884233246386 ], [ -55.989238893169741, -13.188804723866008 ], [ -55.988977965220592, -13.18870205499992 ], [ -55.988894466611029, -13.188519770990068 ], [ -55.989039655631309, -13.188317888465406 ], [ -55.989253961788251, -13.188163125716404 ], [ -55.989900285910309, -13.188052167000237 ], [ -55.990402036435427, -13.187867718503153 ], [ -55.99075400925711, -13.187748307123544 ], [ -55.991119819850546, -13.187538041256067 ], [ -55.991361186127648, -13.187476942254534 ], [ -55.991803588398469, -13.187410822922356 ], [ -55.992275369038452, -13.187339659978504 ], [ -55.992590465042802, -13.187295396187476 ], [ -55.992899813239454, -13.187163640216868 ], [ -55.993163650953583, -13.187059359292789 ], [ -55.993596851950613, -13.186886678454535 ], [ -55.994068632590611, -13.186815515358143 ], [ -55.994542163871053, -13.186586755454888 ], [ -55.994655656273153, -13.186488623180782 ], [ -55.994668358827852, -13.186279990881257 ], [ -55.99464591129825, -13.186156041196963 ], [ -55.994590631933399, -13.186018065873562 ], [ -55.994506589622709, -13.185609758987242 ], [ -55.994539469272794, -13.185289520214935 ], [ -55.994639147810545, -13.185115110359382 ], [ -55.994662210763501, -13.184963684734807 ], [ -55.994654168614225, -13.184807768016507 ], [ -55.994626021091776, -13.184262058719694 ], [ -55.994746444333465, -13.184034931094082 ], [ -55.994819654266976, -13.183658610695511 ], [ -55.994843332643306, -13.183231806382825 ], [ -55.994904999146627, -13.183014765166821 ], [ -55.994902728712461, -13.182779206959259 ], [ -55.994861854727901, -13.182609263076687 ], [ -55.994672977587776, -13.182179623840769 ], [ -55.994576824238379, -13.181871701879212 ], [ -55.994579757910749, -13.181497612044293 ], [ -55.994590733732373, -13.181279440704042 ], [ -55.9946155473258, -13.180970412299985 ], [ -55.994605778443479, -13.180804958234395 ], [ -55.99450501250346, -13.180527320228014 ], [ -55.994396772022732, -13.180152652403175 ], [ -55.994331699868148, -13.18001635494169 ], [ -55.994036213350675, -13.179890121621735 ], [ -55.993658339533319, -13.17986651429945 ], [ -55.993568477692733, -13.179872110704547 ], [ -55.993253949296928, -13.179975266101261 ], [ -55.993007970429211, -13.180066652719177 ], [ -55.992747610088607, -13.18002287043586 ], [ -55.992507970544551, -13.180093506129454 ], [ -55.992420403045536, -13.180167527574815 ], [ -55.992252198887108, -13.180186573950332 ], [ -55.991939397224357, -13.18029926403646 ], [ -55.991763694617809, -13.180388416631601 ], [ -55.991549979976831, -13.180434938851564 ], [ -55.991339151193394, -13.180441640555497 ], [ -55.991157700779155, -13.180443298523247 ], [ -55.990994109211321, -13.18043205918382 ], [ -55.990291346599911, -13.180454398196478 ], [ -55.989669812163861, -13.180423466735606 ], [ -55.989472821152198, -13.180339311336244 ], [ -55.989367442621599, -13.180091958540762 ], [ -55.989394550556604, -13.179851353770653 ], [ -55.989537421327888, -13.179748175044018 ], [ -55.989768994815279, -13.179688755347129 ], [ -55.990201604296345, -13.179624315160607 ], [ -55.990450445114185, -13.179660243919388 ], [ -55.990663000630661, -13.179663077040844 ], [ -55.99077878737436, -13.17963336718387 ], [ -55.990951036514829, -13.179525144610375 ], [ -55.991019018434372, -13.179454485474986 ], [ -55.990999456762339, -13.179290711637524 ], [ -55.990943018272972, -13.179202088023384 ], [ -55.990563985331107, -13.179227836211236 ], [ -55.990193609961914, -13.179134122255856 ], [ -55.984504722136606, -13.179083434197072 ], [ -55.993331896372538, -13.198832306405384 ], [ -55.996154860813284, -13.195993263391417 ], [ -55.996330587327265, -13.195736991385292 ] ] ], [ [ [ -56.05081966207586, -13.173340724428428 ], [ -56.050775084027201, -13.173496747598739 ], [ -56.050875384636683, -13.174276863450293 ], [ -56.050908818173177, -13.174845233570711 ], [ -56.051287731586783, -13.176216008567014 ], [ -56.051410321220601, -13.176728656126606 ], [ -56.051510621830083, -13.17719672563754 ], [ -56.052480194388444, -13.178801535389306 ], [ -56.053260310239999, -13.179837975020657 ], [ -56.053876044537105, -13.180955212365204 ], [ -56.054293671646469, -13.181472637642216 ], [ -56.053512246796153, -13.179019783217553 ], [ -56.053325005083202, -13.178432041054506 ], [ -56.052267917083199, -13.175113897054507 ], [ -56.051664869945284, -13.173220963597323 ], [ -56.051410321220608, -13.172894943941825 ], [ -56.051165141952978, -13.172984100039146 ], [ -56.05081966207586, -13.173340724428428 ] ] ] ] } },
{ "type": "Feature", "properties": { }, "geometry": { "type": "MultiPolygon", "coordinates": [ [ [ [ -56.13898891769567, -12.841993847487391 ], [ -56.139029483762123, -12.842011201149942 ], [ -56.139077882513561, -12.8420028806082 ], [ -56.139151196731078, -12.841959867137811 ], [ -56.139268642697168, -12.841884939036294 ], [ -56.139393555918289, -12.841851300561368 ], [ -56.139524869643665, -12.841853053208929 ], [ -56.139610283549047, -12.841807959575819 ], [ -56.139729863016584, -12.84174482847587 ], [ -56.139915990767349, -12.841670256600109 ], [ -56.140108519022384, -12.841631075860473 ], [ -56.140247680202435, -12.841503759085823 ], [ -56.140443423479276, -12.841378878677601 ], [ -56.140573670453939, -12.841374732796547 ], [ -56.140682567644681, -12.841356011529845 ], [ -56.140816029641158, -12.841266165967362 ], [ -56.140906426639752, -12.84121413362231 ], [ -56.141077955771216, -12.841196808705252 ], [ -56.141183302049463, -12.84112396051901 ], [ -56.141304298928063, -12.841103159090725 ], [ -56.1414612442099, -12.841039685923265 ], [ -56.141585806770642, -12.840969616016958 ], [ -56.14172531861103, -12.840878730243972 ], [ -56.141831015549641, -12.840842313307544 ], [ -56.141916429455016, -12.840797219493099 ], [ -56.142103974616852, -12.840764977236603 ], [ -56.142190455272953, -12.840725781955559 ], [ -56.142318218085833, -12.840673407607667 ], [ -56.142405414832282, -12.840603679490325 ], [ -56.142479094479803, -12.840493701562298 ], [ -56.142557055899843, -12.840303922132183 ], [ -56.14266171562705, -12.84005481504448 ], [ -56.14273362720315, -12.839866075359595 ], [ -56.142824755061753, -12.839680113872721 ], [ -56.142931548290385, -12.839442803321738 ], [ -56.143042257861495, -12.839192655301344 ], [ -56.143136585972243, -12.839024389078318 ], [ -56.143245512702293, -12.838798875093449 ], [ -56.143315641437333, -12.83863476893357 ], [ -56.143414952641294, -12.83845956365446 ], [ -56.143486498787396, -12.83833778758221 ], [ -56.143606809114935, -12.838140725938651 ], [ -56.143706120318917, -12.837965520315246 ], [ -56.143768065708578, -12.837790656464643 ], [ -56.143865944731836, -12.83767651696348 ], [ -56.143994774295429, -12.837630040600217 ], [ -56.144121104927613, -12.837638731982732 ], [ -56.144197253967256, -12.837680378612319 ], [ -56.144248136880485, -12.837720286959106 ], [ -56.144362718485148, -12.837767490296924 ], [ -56.144495449621608, -12.837811573370677 ], [ -56.144746328044874, -12.837853590667351 ], [ -56.144884758364896, -12.837860201872397 ], [ -56.144969456179922, -12.83784564068373 ], [ -56.14509258655994, -12.837836636214437 ], [ -56.145177635035317, -12.837858506798808 ], [ -56.145335997728218, -12.837837363205477 ], [ -56.145520342637901, -12.837787424721537 ], [ -56.14561358922829, -12.837716655718248 ], [ -56.145664486911159, -12.837653167295263 ], [ -56.145748117975472, -12.837632707474894 ], [ -56.145838149544062, -12.837647639371923 ], [ -56.145923198019439, -12.837669509972732 ], [ -56.145996512236955, -12.837626495760853 ], [ -56.146018943541257, -12.837543573173109 ], [ -56.139591315313005, -12.836020411583698 ], [ -56.139568286492548, -12.836238002762681 ], [ -56.13889888612708, -12.841978915848525 ], [ -56.13898891769567, -12.841993847487391 ] ] ], [ [ [ -56.152088598870506, -12.852427032351203 ], [ -56.151797872466204, -12.852363072542252 ], [ -56.151625053109527, -12.852366374822953 ], [ -56.151612570256923, -12.852378000800627 ], [ -56.151447441629728, -12.852430714583608 ], [ -56.151263812810406, -12.852450118775002 ], [ -56.151047450609639, -12.852426496886848 ], [ -56.150859554787466, -12.852422307989245 ], [ -56.150726458220994, -12.852445188529401 ], [ -56.150570594459538, -12.852411166394537 ], [ -56.150459563767377, -12.852418090292343 ], [ -56.150253869073758, -12.852453451126841 ], [ -56.149922209177959, -12.852413160046114 ], [ -56.14974498086292, -12.852467953870546 ], [ -56.149650316861468, -12.85249639080258 ], [ -56.149383392868536, -12.8526760738634 ], [ -56.149036038063443, -12.852893910161722 ], [ -56.148917876006976, -12.852999366299205 ], [ -56.148779781577645, -12.853132575504254 ], [ -56.148713583954752, -12.853180445295129 ], [ -56.148486524707558, -12.853304621689997 ], [ -56.148347728957518, -12.853364971696733 ], [ -56.148237399586051, -12.853444754602604 ], [ -56.148205367525328, -12.853474587717386 ], [ -56.148062304772452, -12.853511344696274 ], [ -56.147948439258144, -12.853433613053269 ], [ -56.147824607557396, -12.853369757928636 ], [ -56.147688676168819, -12.853307982829632 ], [ -56.147520712719491, -12.853276040853807 ], [ -56.147303649198015, -12.853179559953164 ], [ -56.147145651935141, -12.853133741406282 ], [ -56.147086585676561, -12.853083079015448 ], [ -56.146915086084384, -12.852893622169905 ], [ -56.146730084162961, -12.852560526709835 ], [ -56.146466814470081, -12.852070599201117 ], [ -56.146362944681528, -12.851772208627267 ], [ -56.14632880865868, -12.851583463344367 ], [ -56.146300371819414, -12.851357248078671 ], [ -56.146314634548013, -12.851160182245438 ], [ -56.146333865600155, -12.851059569210358 ], [ -56.146457726840197, -12.850916642351628 ], [ -56.146603653954536, -12.850757758662704 ], [ -56.14681721087247, -12.850489941352647 ], [ -56.146884840676059, -12.850381007784778 ], [ -56.147152525068321, -12.849860616325975 ], [ -56.147479275719164, -12.849390886934868 ], [ -56.147682135590635, -12.849270868755527 ], [ -56.147748333213521, -12.849222998219471 ], [ -56.147768996446388, -12.849061320823422 ], [ -56.1476779276664, -12.848833706966996 ], [ -56.147591125889249, -12.848629686352117 ], [ -56.147618219165722, -12.848296614036784 ], [ -56.14761254952144, -12.848127299467214 ], [ -56.147658142990068, -12.847827536683777 ], [ -56.147728637155105, -12.847596474094043 ], [ -56.147772798442979, -12.847357774691121 ], [ -56.147771395801577, -12.847212053069729 ], [ -56.14781482622945, -12.847107278266845 ], [ -56.147940820970923, -12.846976145960552 ], [ -56.148034082330952, -12.846801986544303 ], [ -56.148063279569541, -12.846687494852738 ], [ -56.148070410933833, -12.846588960123686 ], [ -56.148038408412425, -12.846412007773818 ], [ -56.148008539392443, -12.846246852134829 ], [ -56.147980803873871, -12.846093493229992 ], [ -56.147970867226739, -12.845900583473776 ], [ -56.147871965761745, -12.845698640581801 ], [ -56.147779464801033, -12.845532088136395 ], [ -56.147685531659576, -12.845426600063861 ], [ -56.14749196619313, -12.84525309454297 ], [ -56.147306934732384, -12.845126776457988 ], [ -56.147134002959504, -12.844998378198834 ], [ -56.147005202935219, -12.844838065625346 ], [ -56.146764670898023, -12.844611815485232 ], [ -56.146633737372319, -12.844439705745318 ], [ -56.146516306175862, -12.844411239101085 ], [ -56.146378241285838, -12.844337664874349 ], [ -56.146275774138694, -12.844184988576673 ], [ -56.146034540780796, -12.843885876062764 ], [ -56.145834574810074, -12.843676978612873 ], [ -56.14576200622222, -12.843482670652563 ], [ -56.145673070943644, -12.843266848717668 ], [ -56.145624701731499, -12.843068380186986 ], [ -56.145566366332936, -12.842883788621245 ], [ -56.145522264123656, -12.842708913791812 ], [ -56.145458229541511, -12.842561793120382 ], [ -56.145416260833663, -12.842398715083066 ], [ -56.145352226251525, -12.842251594230051 ], [ -56.14528179116509, -12.842069082199332 ], [ -56.145157258143648, -12.841932361833834 ], [ -56.145024892437213, -12.841821315618231 ], [ -56.144874727859332, -12.841749820770836 ], [ -56.144769396350739, -12.841719273684106 ], [ -56.144683997214997, -12.841660972217575 ], [ -56.144521732949272, -12.841591557463451 ], [ -56.144465501512819, -12.841625552263061 ], [ -56.144411403577791, -12.841671344108381 ], [ -56.144293972381362, -12.841642877150573 ], [ -56.144208573245621, -12.841584575666319 ], [ -56.144070508355597, -12.84151100061205 ], [ -56.143926744282005, -12.841474896856626 ], [ -56.143738848459819, -12.841470707776425 ], [ -56.143514653574051, -12.841472759115799 ], [ -56.14335452280973, -12.841415141372025 ], [ -56.143184425858998, -12.841371400820231 ], [ -56.142885499344644, -12.841374135940473 ], [ -56.14271183671174, -12.84137966378187 ], [ -56.142579441465983, -12.841475407833467 ], [ -56.142405778833087, -12.841480935672633 ], [ -56.142272682266622, -12.841503817209269 ], [ -56.142107553639448, -12.841556533273909 ], [ -56.142019290142272, -12.841620362600777 ], [ -56.14180219708151, -12.841730667525161 ], [ -56.141586536201459, -12.84177990704657 ], [ -56.14153813745002, -12.841788227595686 ], [ -56.141355209951399, -12.84188049499739 ], [ -56.141170148951339, -12.84196096532906 ], [ -56.14104985339344, -12.842054629024185 ], [ -56.140860525390551, -12.842111505242478 ], [ -56.140705362949802, -12.842150344018251 ], [ -56.140479735883311, -12.842213460616135 ], [ -56.14017581150609, -12.842326529190494 ], [ -56.140051248945348, -12.842396598718519 ], [ -56.139735224880248, -12.842511747341749 ], [ -56.13958646294379, -12.842585977079455 ], [ -56.139218474445123, -12.842758714264544 ], [ -56.138871850500038, -12.842842631995692 ], [ -56.135137599076657, -12.872962858583071 ], [ -56.135041283255333, -12.873344284075625 ], [ -56.13484497706385, -12.87367296368258 ], [ -56.134612364662082, -12.873902223975556 ], [ -56.103119221044167, -12.903852460563192 ], [ -56.106208482037047, -12.905084812344869 ], [ -56.121178120951164, -12.911145997350561 ], [ -56.12198160959489, -12.911518641712357 ], [ -56.122197971795643, -12.911542258029472 ], [ -56.12238586761783, -12.911546445938686 ], [ -56.122431431547128, -12.911453491798476 ], [ -56.122454228281427, -12.911303648325369 ], [ -56.122444291634309, -12.911110788761565 ], [ -56.122474950592924, -12.910728544727014 ], [ -56.122449378115107, -12.9103802855838 ], [ -56.12247360703013, -12.910169392772147 ], [ -56.122506369950869, -12.910005675124143 ], [ -56.122539132871601, -12.909841957368911 ], [ -56.122544861594477, -12.909597762119292 ], [ -56.122565583905967, -12.909022654596093 ], [ -56.122532208282443, -12.908493325389763 ], [ -56.12257920439248, -12.908339320972104 ], [ -56.1227849286254, -12.908097232634566 ], [ -56.122891721854018, -12.907859986839464 ], [ -56.122985714074076, -12.907551977128985 ], [ -56.123009241668392, -12.907268238567429 ], [ -56.123080466693438, -12.906903337828226 ], [ -56.123150990397797, -12.906465592958721 ], [ -56.123261378847857, -12.905972352811839 ], [ -56.123306972316477, -12.905672659205068 ], [ -56.123375332980075, -12.905429855887029 ], [ -56.123487094532258, -12.905289039644218 ], [ -56.123605256588739, -12.905183605509869 ], [ -56.123646583054487, -12.904860322804897 ], [ -56.123606046527357, -12.904636235241473 ], [ -56.123586173233107, -12.904250505678338 ], [ -56.123488703948837, -12.903987559583818 ], [ -56.123336435408831, -12.90369754931341 ], [ -56.123219735072382, -12.903535194648724 ], [ -56.122992033583088, -12.903173022908225 ], [ -56.122745802362331, -12.902984287538413 ], [ -56.122609870973747, -12.902922524668341 ], [ -56.122393508772973, -12.902898907537022 ], [ -56.122152947196504, -12.902879449664422 ], [ -56.121967184875743, -12.902887055780367 ], [ -56.1217600875407, -12.902776720171257 ], [ -56.12159712195426, -12.90263447762158 ], [ -56.121430590685669, -12.902541491374549 ], [ -56.121234160857767, -12.902490126563837 ], [ -56.121033464027022, -12.902415173359065 ], [ -56.120871901081976, -12.902418620220578 ], [ -56.120687570941939, -12.902365175749901 ], [ -56.120474774423336, -12.902292302143035 ], [ -56.12021144565184, -12.902215952857166 ], [ -56.119907550813942, -12.902122254046605 ], [ -56.119657023051019, -12.902116669957161 ], [ -56.119456326220266, -12.902041716640475 ], [ -56.119296195455952, -12.901984112813491 ], [ -56.119134632510928, -12.901987559680949 ], [ -56.118914704628011, -12.902013198948918 ], [ -56.11875314168298, -12.902016645815978 ], [ -56.118588743915815, -12.90193545355447 ], [ -56.117774587764949, -12.901503823740454 ], [ -56.117556822922779, -12.901334516311783 ], [ -56.117288525827725, -12.901161733096083 ], [ -56.117028031878391, -12.901170022881278 ], [ -56.116578940786162, -12.901101279423093 ], [ -56.116351911078254, -12.90101869083596 ], [ -56.116049448421059, -12.900863940609876 ], [ -56.115722786388147, -12.900713349585022 ], [ -56.11436060814075, -12.900217816884767 ], [ -56.113665285827764, -12.899960335513411 ], [ -56.113466722498437, -12.899897175861918 ], [ -56.11335002216201, -12.899734818730481 ], [ -56.11333438633131, -12.899579412882643 ], [ -56.113420516327039, -12.899503803977968 ], [ -56.113603443825667, -12.899411557776666 ], [ -56.113784939143557, -12.899380362885347 ], [ -56.113934402400744, -12.899378995641538 ], [ -56.114115897718648, -12.899347800746165 ], [ -56.114329425097274, -12.899286778188069 ], [ -56.114529420607319, -12.899288886642239 ], [ -56.114848279494517, -12.899258404151723 ], [ -56.11524970269533, -12.89920156968779 ], [ -56.115340801014639, -12.899222395091153 ], [ -56.11543260065465, -12.899316066194061 ], [ -56.115544332667533, -12.899381989273717 ], [ -56.115717293979721, -12.89930361702709 ], [ -56.115925122174758, -12.899280057141794 ], [ -56.116204116316254, -12.899305070652858 ], [ -56.116350013891271, -12.899352960420039 ], [ -56.116627575852043, -12.8994390252535 ], [ -56.116781306112074, -12.899461246674296 ], [ -56.116851069417095, -12.899364128722187 ], [ -56.117061031113586, -12.899352363179588 ], [ -56.11720479518717, -12.899388458602967 ], [ -56.117320794202911, -12.899477970326258 ], [ -56.117381263102907, -12.899674314555309 ], [ -56.117367000374301, -12.899871342250831 ], [ -56.117354169826463, -12.900007318615062 ], [ -56.117544870931468, -12.90030288850048 ], [ -56.117770468458637, -12.900446528407754 ], [ -56.118066530611564, -12.900565896056044 ], [ -56.118627353716661, -12.900700562393546 ], [ -56.119104180327469, -12.900922631423784 ], [ -56.119462874421096, -12.901043394873263 ], [ -56.119764635757583, -12.901125299835099 ], [ -56.120043629899072, -12.901150313161665 ], [ -56.120476354300592, -12.901197547752288 ], [ -56.120816548202086, -12.901285007978171 ], [ -56.121186640662891, -12.901330846516602 ], [ -56.121457100798665, -12.90130868284912 ], [ -56.121716893427291, -12.90122754794506 ], [ -56.121951785359499, -12.901077727137311 ], [ -56.122083479284555, -12.900909160625293 ], [ -56.122116242205294, -12.900745436914306 ], [ -56.122099905053886, -12.900517186363958 ], [ -56.122041569655309, -12.900332637087219 ], [ -56.121921333176033, -12.900012795006788 ], [ -56.121781164323892, -12.899720700471113 ], [ -56.121739926476053, -12.899423762654287 ], [ -56.121812554142508, -12.899204541958509 ], [ -56.121870217759685, -12.899109503568562 ], [ -56.12204817693474, -12.898920822720571 ], [ -56.12214570529764, -12.898770288113868 ], [ -56.122438260846998, -12.898525427222685 ], [ -56.122744318725658, -12.898424178366293 ], [ -56.122908746032131, -12.8982986282785 ], [ -56.123061073650739, -12.898175157797279 ], [ -56.123116603766498, -12.898068324619336 ], [ -56.123120900308642, -12.897885169582157 ], [ -56.123096730472241, -12.897682584928116 ], [ -56.123043363397237, -12.897594468610112 ], [ -56.122838399563619, -12.897495925091167 ], [ -56.12263060090789, -12.897312740840913 ], [ -56.12239220237214, -12.897098332486614 ], [ -56.121978738562092, -12.89674375772983 ], [ -56.121358177417001, -12.896278843995681 ], [ -56.120946847108378, -12.895936062575744 ], [ -56.120652217136175, -12.895755640505088 ], [ -56.120434452293999, -12.895586329186573 ], [ -56.120218119632547, -12.895355965442473 ], [ -56.12001388665896, -12.895123521791408 ], [ -56.119829586058223, -12.894863329435166 ], [ -56.119747051283952, -12.89468293538552 ], [ -56.11980828058325, -12.894538637328822 ], [ -56.120052407841889, -12.894508837894842 ], [ -56.120248837669784, -12.894560204344126 ], [ -56.120486534884819, -12.894701767849662 ], [ -56.120669432844139, -12.894816266414933 ], [ -56.120943429122754, -12.894951590686635 ], [ -56.121183259839228, -12.89510494850799 ], [ -56.121378257486384, -12.895217367194663 ], [ -56.121466491444245, -12.895360297594259 ], [ -56.121542625714255, -12.895505307603987 ], [ -56.12178529125287, -12.895743306338005 ], [ -56.121964623530033, -12.895907062116514 ], [ -56.122291285562937, -12.896057656034225 ], [ -56.122530414958696, -12.896138166572506 ], [ -56.122778809220179, -12.896131956307148 ], [ -56.122864237895229, -12.895983499710402 ], [ -56.122889168130946, -12.895845441470467 ], [ -56.122911263544545, -12.895622741890238 ], [ -56.122970359342439, -12.895466649855811 ], [ -56.123037287825333, -12.895284888974858 ], [ -56.123235910233262, -12.894934557424678 ], [ -56.123428102597614, -12.8947555882842 ], [ -56.12362456196481, -12.894600208138275 ], [ -56.123895051639899, -12.894371297140912 ], [ -56.124444535456469, -12.894167399958821 ], [ -56.125051653350894, -12.89407520937916 ], [ -56.125207517112351, -12.89410922586042 ], [ -56.125351982506643, -12.89421816922548 ], [ -56.125594648045258, -12.894456169183544 ], [ -56.125739814760273, -12.894637959460754 ], [ -56.126014512359596, -12.894846130831445 ], [ -56.126407372015379, -12.894948863581012 ], [ -56.126672132967578, -12.894964162677935 ], [ -56.126884929486195, -12.895037038419293 ], [ -56.127035094064077, -12.895108518077956 ], [ -56.127229360851231, -12.895354835961497 ], [ -56.127325427494114, -12.895472097552616 ], [ -56.127450661836257, -12.895681635493489 ], [ -56.127622161428427, -12.895871060004028 ], [ -56.127841358451327, -12.895979318970948 ], [ -56.128059152832797, -12.895941884587407 ], [ -56.128335312152153, -12.89588225725584 ], [ -56.128586570775063, -12.895753942571144 ], [ -56.128658467581523, -12.895668617690719 ], [ -56.128761695127992, -12.89548061788064 ], [ -56.129020085115215, -12.895253787382414 ], [ -56.129163878728114, -12.895083137251422 ], [ -56.129316937206752, -12.894825765773696 ], [ -56.12942016475322, -12.894637765330463 ], [ -56.129544756853285, -12.89436096365405 ], [ -56.129833805799102, -12.893751862160899 ], [ -56.12990359864343, -12.893447994496565 ], [ -56.130108621555657, -12.893133044267261 ], [ -56.13023034929428, -12.892978346753448 ], [ -56.130463107725063, -12.892816726361996 ], [ -56.130744264907278, -12.892646787004283 ], [ -56.130992688708062, -12.892433828318259 ], [ -56.131125814813828, -12.89220420290345 ], [ -56.131342236093204, -12.891814323523604 ], [ -56.131483194883977, -12.891559028409258 ], [ -56.131681086431904, -12.891342592989044 ], [ -56.131855479924802, -12.891203164900764 ], [ -56.13203057473843, -12.891136584817001 ], [ -56.13221350223705, -12.891044335531499 ], [ -56.132446961988535, -12.890955562026226 ], [ -56.132666188550729, -12.890857073482954 ], [ -56.132941646549384, -12.890724596759188 ], [ -56.133281869990185, -12.890605310801215 ], [ -56.133561594991676, -12.890496423453495 ], [ -56.13370039074173, -12.890436082383486 ], [ -56.133935282673932, -12.890286255114946 ], [ -56.133966613413946, -12.890183578041563 ], [ -56.134114674029711, -12.890036514006558 ], [ -56.134182303833313, -12.889927597616531 ], [ -56.134163862719774, -12.889480791634895 ], [ -56.134142557244807, -12.889156092546919 ], [ -56.133939084670544, -12.888582988986037 ], [ -56.133816013369128, -12.888178488108764 ], [ -56.133682975881264, -12.887787861215982 ], [ -56.133569139906271, -12.887503387791988 ], [ -56.133520069373425, -12.88723210505842 ], [ -56.133206267427703, -12.886738769408138 ], [ -56.133154332533422, -12.886589594788795 ], [ -56.133069664257704, -12.88639739983048 ], [ -56.132982862480567, -12.886193409768186 ], [ -56.132876128330551, -12.88601716901257 ], [ -56.132736660799125, -12.885797907779843 ], [ -56.1326598252084, -12.885580042469778 ], [ -56.132488355155544, -12.885183855852173 ], [ -56.132472018004144, -12.884955591111217 ], [ -56.132462782677727, -12.884835561152437 ], [ -56.132351080204153, -12.88456287940881 ], [ -56.132286344301306, -12.884342933239997 ], [ -56.132109876385577, -12.884057059779934 ], [ -56.131908507773431, -12.883702495348418 ], [ -56.131423907556233, -12.883092569077832 ], [ -56.130979172084771, -12.882427141590329 ], [ -56.130532273572584, -12.881956674324382 ], [ -56.13027680702541, -12.881647891470926 ], [ -56.130051209498241, -12.881504240777309 ], [ -56.129938045304641, -12.881499368694556 ], [ -56.129835548618175, -12.881553472494911 ], [ -56.129738751115298, -12.881570110955471 ], [ -56.129600686225274, -12.881496547623925 ], [ -56.129515287089554, -12.881438255398214 ], [ -56.129430589274534, -12.88145281405796 ], [ -56.129252659638787, -12.881434750655993 ], [ -56.129170826185188, -12.881327197867607 ], [ -56.129032761295186, -12.881253634464732 ], [ -56.128927429786593, -12.881223092186421 ], [ -56.128822098278, -12.881192549904389 ], [ -56.128652001327247, -12.881148816285362 ], [ -56.128390104736482, -12.88101140474209 ], [ -56.128176606897171, -12.880865673870199 ], [ -56.128168072891455, -12.880818493035227 ], [ -56.128209369817903, -12.880701937050718 ], [ -56.128149602238629, -12.880578429095642 ], [ -56.128154600101482, -12.880468112449481 ], [ -56.128301228536522, -12.880382098686539 ], [ -56.128464924982993, -12.880390446751873 ], [ -56.128651388624455, -12.880455691141316 ], [ -56.128831451761641, -12.880485549839674 ], [ -56.128999415210963, -12.880517488350728 ], [ -56.129207944726723, -12.880566777854229 ], [ -56.129474839180354, -12.880593873050561 ], [ -56.12970543457039, -12.880627207690027 ], [ -56.129899730896845, -12.880666781770136 ], [ -56.130176591536923, -12.880680001924775 ], [ -56.130793646078473, -12.880780689468187 ], [ -56.131019974465673, -12.880790433661556 ], [ -56.131092572592834, -12.880777954777408 ], [ -56.131301832968596, -12.880693337262677 ], [ -56.13153102571723, -12.880580969647413 ], [ -56.131831384412301, -12.88051717902545 ], [ -56.131895448533747, -12.880457519224738 ], [ -56.132043509149511, -12.880310449478779 ], [ -56.132211502138148, -12.880135629525213 ], [ -56.132435025242494, -12.879853968499893 ], [ -56.132489854037523, -12.879674276109595 ], [ -56.132538282328269, -12.879459197771409 ], [ -56.132586009298308, -12.879171267707415 ], [ -56.132656503463345, -12.878940233981059 ], [ -56.132798894434842, -12.878623869353564 ], [ -56.13294771544993, -12.878136130171589 ], [ -56.132989743236379, -12.877885664472009 ], [ -56.133090837281422, -12.877685855954832 ], [ -56.133233198713626, -12.877576250513044 ], [ -56.133387659833659, -12.877464565181748 ], [ -56.133532856087996, -12.877439607081572 ], [ -56.133646020281581, -12.87744447924327 ], [ -56.133788352174449, -12.877541634493719 ], [ -56.133854520258033, -12.877700530017925 ], [ -56.133811791150862, -12.877878143985404 ], [ -56.133732762980109, -12.878061997336939 ], [ -56.133707832744371, -12.878200065381074 ], [ -56.133625969751492, -12.878299271376999 ], [ -56.133531276210732, -12.878534465359721 ], [ -56.133490680604993, -12.878723874044885 ], [ -56.133382455195644, -12.879022203766414 ], [ -56.133351825776316, -12.879197736969967 ], [ -56.13327493110701, -12.879393384630585 ], [ -56.133191635933407, -12.879553646332749 ], [ -56.13311474126408, -12.879749293715481 ], [ -56.133001547531173, -12.879951180408346 ], [ -56.132829988860394, -12.880175261275067 ], [ -56.13275665987323, -12.880321647426433 ], [ -56.132752363331072, -12.88050481531174 ], [ -56.13260003571245, -12.880628294507103 ], [ -56.132571539794561, -12.880815621795806 ], [ -56.132493943804533, -12.880938417165739 ], [ -56.132501045629525, -12.881046653792987 ], [ -56.132563648030953, -12.881254807666872 ], [ -56.132644049303799, -12.881423416209373 ], [ -56.133435349641751, -12.882418455474131 ], [ -56.133625349426069, -12.88264119559471 ], [ -56.133687250506789, -12.882776497650847 ], [ -56.133776215324652, -12.882785529303623 ], [ -56.134480012564737, -12.883503720683166 ], [ -56.135094143666251, -12.884140028306263 ], [ -56.135938840618486, -12.885016423025231 ], [ -56.136772870063574, -12.885833839816113 ], [ -56.137770566415831, -12.886866354897736 ], [ -56.138106463775173, -12.887136983167421 ], [ -56.138185462406618, -12.887159889335688 ], [ -56.138292226095921, -12.887129376572785 ], [ -56.138460920405251, -12.887027410655781 ], [ -56.138618216347432, -12.887000373745872 ], [ -56.138927109048218, -12.886983764441283 ], [ -56.139177636811141, -12.886989348868379 ], [ -56.139313568199725, -12.887051115670683 ], [ -56.139437399900473, -12.887114962219226 ], [ -56.13960536334978, -12.887146899885019 ], [ -56.139860859436254, -12.88724892334384 ], [ -56.140050888759866, -12.887264906566319 ], [ -56.140581111984972, -12.887368354876941 ], [ -56.141012404205782, -12.887476646316202 ], [ -56.141357595970135, -12.887453797767337 ], [ -56.141619522100207, -12.887384453272681 ], [ -56.141935546165278, -12.887269325243832 ], [ -56.142427366364686, -12.887160465240621 ], [ -56.142878620497662, -12.887034254642755 ], [ -56.143184678376301, -12.886933001138194 ], [ -56.143906392645043, -12.886784625472016 ], [ -56.14427934946729, -12.88670835784113 ], [ -56.144506408714484, -12.886584197985977 ], [ -56.14468720271168, -12.886480152080274 ], [ -56.144867295388181, -12.886303256664169 ], [ -56.145098651177541, -12.885995932871865 ], [ -56.145246711793305, -12.885848866377433 ], [ -56.145450302524807, -12.885594961295309 ], [ -56.14562896302057, -12.885479119988505 ], [ -56.1457819919599, -12.885428492926971 ], [ -56.146113681394986, -12.885262024447991 ], [ -56.146298041074331, -12.885108718188325 ], [ -56.146463900561521, -12.884922106566798 ], [ -56.146545062233692, -12.884750053274349 ], [ -56.146706654718045, -12.884539851317422 ], [ -56.146877512068102, -12.884242924288142 ], [ -56.146959404600295, -12.883936965295929 ], [ -56.146992197060335, -12.883566474828253 ], [ -56.147040654890382, -12.883144643827668 ], [ -56.147070582988988, -12.88289626293121 ], [ -56.147076311711878, -12.882652041385564 ], [ -56.147114773816185, -12.88245084053715 ], [ -56.147176733975513, -12.882172629254871 ], [ -56.147237261954132, -12.881955473257014 ], [ -56.147238723674157, -12.881687660457466 ], [ -56.147187519639878, -12.881404576243082 ], [ -56.147090050355601, -12.881141606148526 ], [ -56.146998280254891, -12.880841170340842 ], [ -56.146880878597742, -12.88060594972721 ], [ -56.146892306504199, -12.880324260434552 ], [ -56.146912999276381, -12.879955844445162 ], [ -56.14691945885928, -12.879577712470049 ], [ -56.146970781050769, -12.879033762187563 ], [ -56.147140966619446, -12.878457217072038 ], [ -56.147477712996007, -12.877766905595383 ], [ -56.14785359325829, -12.877155000217314 ], [ -56.148577223295, -12.87605156104658 ], [ -56.148662651970049, -12.875903092546388 ], [ -56.148755913330078, -12.875728953204771 ], [ -56.148859140876546, -12.875540938426765 ], [ -56.149029632796612, -12.875310955681853 ], [ -56.149466698049245, -12.874864879310941 ], [ -56.149175853845165, -12.874651485371421 ], [ -56.148783344849726, -12.874585170741511 ], [ -56.148276254249616, -12.874471659665861 ], [ -56.147736064838092, -12.8743820814106 ], [ -56.147371671560862, -12.874298771523669 ], [ -56.147130043233688, -12.874273413669588 ], [ -56.146951412277218, -12.874182496758845 ], [ -56.146749648695746, -12.874101637317292 ], [ -56.146632948359319, -12.873939263461343 ], [ -56.146552547086451, -12.873770649883618 ], [ -56.146472496473955, -12.873638462775119 ], [ -56.14625085959824, -12.873171825714717 ], [ -56.146004672686459, -12.872672920830238 ], [ -56.145860952921815, -12.872326674227111 ], [ -56.145790152405382, -12.872211139837638 ], [ -56.145862063981482, -12.872022424326232 ], [ -56.145987853406638, -12.871771616968529 ], [ -56.146051216207383, -12.871639101355758 ], [ -56.146162977759552, -12.871498266108775 ], [ -56.14623274106458, -12.871401137313143 ], [ -56.146303235229617, -12.871170096425095 ], [ -56.146338131651781, -12.871018148943195 ], [ -56.146475524760412, -12.870812095261883 ], [ -56.146534620558299, -12.870655987766952 ], [ -56.146664882302616, -12.870548459150482 ], [ -56.146933969336295, -12.870173817883799 ], [ -56.147220855241393, -12.869759629058764 ], [ -56.147401678777889, -12.869448808865833 ], [ -56.147540504067244, -12.869181695204961 ], [ -56.147718492781564, -12.868786223964193 ], [ -56.147821019007317, -12.868525349344898 ], [ -56.147939911923807, -12.868285986136577 ], [ -56.148206865456032, -12.867899545672566 ], [ -56.148486619996852, -12.867583879618635 ], [ -56.148662445670482, -12.867383379182051 ], [ -56.148869602084119, -12.867080192045153 ], [ -56.149010560874892, -12.866824871730207 ], [ -56.149372879729292, -12.866482848912094 ], [ -56.149693901657251, -12.866257388382119 ], [ -56.150021324089472, -12.866067315363711 ], [ -56.150276148394553, -12.865889721827147 ], [ -56.150528839198209, -12.865700332243964 ], [ -56.150672632811101, -12.865529661983702 ], [ -56.150783693042591, -12.865315967738777 ], [ -56.151148174937724, -12.864778967666973 ], [ -56.151442162667834, -12.864473013715793 ], [ -56.151583822779308, -12.864290546633391 ], [ -56.151647886900747, -12.8642308829714 ], [ -56.151691317328641, -12.864126115270766 ], [ -56.151728347252231, -12.863985959523568 ], [ -56.151823742113685, -12.863823607916039 ], [ -56.151973234910166, -12.863615468367833 ], [ -56.15204016339306, -12.863433684381762 ], [ -56.152118490243112, -12.863176964116182 ], [ -56.152223851291005, -12.863000735975925 ], [ -56.152333479341763, -12.86284809982353 ], [ -56.15248510563967, -12.862651755530866 ], [ -56.152621066567576, -12.862506755306331 ], [ -56.152746359988335, -12.862302774600437 ], [ -56.15284105352908, -12.862067565393343 ], [ -56.153068843636312, -12.861809476281215 ], [ -56.153230436120644, -12.861599255089095 ], [ -56.153261766860673, -12.86149656626365 ], [ -56.153274597408533, -12.861360568997954 ], [ -56.153246861889983, -12.861207219323584 ], [ -56.153328023562153, -12.861035149755679 ], [ -56.153567212036521, -12.860702122694862 ], [ -56.153653342032264, -12.860626502057968 ], [ -56.153743768570173, -12.860367698937088 ], [ -56.153756599118033, -12.860231701059636 ], [ -56.153695428897336, -12.859962468799839 ], [ -56.153639957860207, -12.859655767648762 ], [ -56.153611521020949, -12.859429559656363 ], [ -56.153559615665969, -12.859073592934061 ], [ -56.153528344004577, -12.858762730703482 ], [ -56.153522674360303, -12.85859342319087 ], [ -56.153465040282434, -12.858481700607671 ], [ -56.153376806324573, -12.858338749175386 ], [ -56.153336971118151, -12.858187477656077 ], [ -56.15326440253029, -12.857993180921534 ], [ -56.153190401761719, -12.857859945496791 ], [ -56.153118534494581, -12.857738506297048 ], [ -56.153107165666732, -12.857606667007511 ], [ -56.15304953158887, -12.85749494398512 ], [ -56.152976232141015, -12.857434566172468 ], [ -56.152928564249571, -12.85730896674953 ], [ -56.152939290835334, -12.856954393293909 ], [ -56.152919388001763, -12.856775368234221 ], [ -56.15288668415964, -12.856525564942263 ], [ -56.152903080389663, -12.856340299526616 ], [ -56.15289884292612, -12.856109928509106 ], [ -56.152847638891835, -12.855826815422416 ], [ -56.152849100611867, -12.855558974719756 ], [ -56.152781529886894, -12.855254348214105 ], [ -56.152780156784772, -12.854901851885275 ], [ -56.152779485003386, -12.854622213754272 ], [ -56.152751048164113, -12.85439600122602 ], [ -56.152743245018407, -12.85421489430766 ], [ -56.152721208683424, -12.854024070824821 ], [ -56.152642940911981, -12.853867240340083 ], [ -56.152460773812685, -12.853618801648096 ], [ -56.152359738846272, -12.853405068462523 ], [ -56.152297136444844, -12.853196891475553 ], [ -56.152191834475559, -12.85295956489203 ], [ -56.152199273384753, -12.8529231056712 ], [ -56.152193260376059, -12.852918359974476 ], [ -56.152199074904146, -12.852650891682519 ], [ -56.152088598870506, -12.852427032351203 ] ], [ [ -56.137944898855871, -12.870684785493504 ], [ -56.137770820676757, -12.870604525885479 ], [ -56.137654400070737, -12.870475466916604 ], [ -56.137225442066779, -12.870419576226139 ], [ -56.137226221017293, -12.870276852267171 ], [ -56.137293489539957, -12.869325488810794 ], [ -56.137346615083402, -12.869141358976783 ], [ -56.137398977417796, -12.868989767211072 ], [ -56.137457024466165, -12.868869605187212 ], [ -56.137762039964294, -12.868350511948707 ], [ -56.13795019815668, -12.868104280939152 ], [ -56.138039332135683, -12.868082477508947 ], [ -56.138253624270789, -12.868091010965014 ], [ -56.138674997408962, -12.868141724578615 ], [ -56.139039476183044, -12.868208699660771 ], [ -56.139415698118832, -12.86837735879153 ], [ -56.139574996041667, -12.868375901402862 ], [ -56.140397442886901, -12.861895614260785 ], [ -56.140415665454555, -12.861775813195569 ], [ -56.1404467838682, -12.861653795238491 ], [ -56.140493072013371, -12.86154213268644 ], [ -56.140583342935173, -12.861526614836283 ], [ -56.1407342927832, -12.861552518843482 ], [ -56.140848828978896, -12.861597645651313 ], [ -56.140936047064592, -12.861712284419617 ], [ -56.140943616188892, -12.861827651848913 ], [ -56.140892780272537, -12.86191416971281 ], [ -56.140869262466161, -12.861931175658178 ], [ -56.140753199852426, -12.861951127147464 ], [ -56.139866116362356, -12.869544362020399 ], [ -56.139754475587822, -12.870470945287131 ], [ -56.139944081490761, -12.870710569747104 ], [ -56.140358959481475, -12.871092948245753 ], [ -56.138503578528564, -12.870685970600908 ], [ -56.138165265180177, -12.870653386579512 ], [ -56.137944898855871, -12.870684785493504 ] ], [ [ -56.123228977755744, -12.890875966915118 ], [ -56.123276954802087, -12.890917946830669 ], [ -56.123384903156364, -12.891103857885255 ], [ -56.123264960540503, -12.891643599656636 ], [ -56.122989092524016, -12.891703570964568 ], [ -56.122779192946261, -12.891571634087118 ], [ -56.123019078177983, -12.890911949699877 ], [ -56.123186997840193, -12.890875966915118 ], [ -56.123228977755744, -12.890875966915118 ] ] ] ] } },
{ "type": "Feature", "properties": { }, "geometry": { "type": "MultiPolygon", "coordinates": [ [ [ [ -54.021749923427123, -15.229299417871543 ], [ -54.021825438546486, -15.229365450137513 ], [ -54.021893874123414, -15.229488406715499 ], [ -54.021950510462929, -15.229558992866696 ], [ -54.022044904362133, -15.229640963851287 ], [ -54.022174695973533, -15.229738873596592 ], [ -54.022332805754694, -15.229866383894278 ], [ -54.022531032943029, -15.230062203129586 ], [ -54.022564070807739, -15.230135066054348 ], [ -54.022585309435073, -15.230235252534715 ], [ -54.022599468519942, -15.230328608075752 ], [ -54.022620707147269, -15.230385532165819 ], [ -54.022684423029233, -15.230437902315082 ], [ -54.022705661656538, -15.230465225866041 ], [ -54.022764657843545, -15.230538088651269 ], [ -54.022870850980141, -15.230640551900303 ], [ -54.023003002439033, -15.230715691584562 ], [ -54.023130434202947, -15.230811323871171 ], [ -54.023208309169789, -15.230875078704765 ], [ -54.023281464441681, -15.230938833519051 ], [ -54.023371138645928, -15.230977541789725 ], [ -54.023467892392603, -15.231032188747969 ], [ -54.023529248427081, -15.231061789177762 ], [ -54.023578805224155, -15.231086835692022 ], [ -54.023607123393909, -15.231120990024845 ], [ -54.023644880953604, -15.231150590442143 ], [ -54.023741634700272, -15.231207514309867 ], [ -54.023753433937671, -15.231234837760892 ], [ -54.023772312717512, -15.231316808092714 ], [ -54.023786471802403, -15.231394224487884 ], [ -54.023810070277207, -15.231489856466142 ], [ -54.023831308904519, -15.231567272797655 ], [ -54.023840748294447, -15.231596873152169 ], [ -54.023897384633962, -15.231660627747763 ], [ -54.02393514219365, -15.231681120292247 ], [ -54.023994138380644, -15.231690228089157 ], [ -54.024041335330246, -15.231697058936575 ], [ -54.024152248161812, -15.231731213170361 ], [ -54.024190005721472, -15.231758536553393 ], [ -54.024253721603429, -15.231801798569281 ], [ -54.024312717790451, -15.23185644531346 ], [ -54.024329236722814, -15.231938415403132 ], [ -54.024341035960212, -15.232097801597201 ], [ -54.024341035960212, -15.232211648804761 ], [ -54.024392952604771, -15.232307280411508 ], [ -54.024522744216171, -15.232327772893008 ], [ -54.024558141928388, -15.232343711488358 ], [ -54.024605338877976, -15.232359650082495 ], [ -54.02473513048939, -15.232418850564441 ], [ -54.024772888049064, -15.232437066093995 ], [ -54.024836603931021, -15.232448450799163 ], [ -54.024912119050391, -15.232464389385369 ], [ -54.024959315999979, -15.232484881851571 ], [ -54.025001793254624, -15.232500820435025 ], [ -54.025098547001313, -15.23252358983785 ], [ -54.025195300747981, -15.232544082298279 ], [ -54.025256656782474, -15.232555466997669 ], [ -54.025334531749316, -15.232578236394581 ], [ -54.025391168088824, -15.232594174970957 ], [ -54.02546196351323, -15.232601005789034 ], [ -54.025513880157789, -15.232610113546119 ], [ -54.025568156649825, -15.23262377518102 ], [ -54.025636592226761, -15.232626052120082 ], [ -54.025681429328877, -15.232612390485331 ], [ -54.025792342160443, -15.232619221302816 ], [ -54.025827739872632, -15.23263288293712 ], [ -54.025886736059633, -15.232669313957601 ], [ -54.025922133771829, -15.232696637218812 ], [ -54.025978770111365, -15.232696637218812 ], [ -54.026056645078192, -15.23268525252707 ], [ -54.026082603400482, -15.232673867834713 ], [ -54.026250152571578, -15.232646544570544 ], [ -54.026356345708173, -15.232660206203073 ], [ -54.026422421437601, -15.232653375386917 ], [ -54.026500296404443, -15.232630605998134 ], [ -54.026613569083487, -15.232569128636108 ], [ -54.02667492511798, -15.232537251478368 ], [ -54.026755159932293, -15.232516759017257 ], [ -54.026899110628577, -15.232496266554161 ], [ -54.027035981782426, -15.232489435732688 ], [ -54.02716341354634, -15.232514482077015 ], [ -54.027215330190906, -15.232464389385369 ], [ -54.027281405920341, -15.232368757850029 ], [ -54.027373439972052, -15.232245802955017 ], [ -54.027422996769147, -15.232163832985087 ], [ -54.027446595243923, -15.232122847988141 ], [ -54.027486712651097, -15.232036324079505 ], [ -54.027500871735967, -15.231983954328044 ], [ -54.027517390668343, -15.231924753723739 ], [ -54.027533909600699, -15.231860999208164 ], [ -54.02753626944817, -15.231783582984718 ], [ -54.027538629295655, -15.231699335885668 ], [ -54.02754570883809, -15.231621919602741 ], [ -54.027569307312902, -15.231533118537255 ], [ -54.027625943652431, -15.231435209626746 ], [ -54.027607064872591, -15.23134868543535 ], [ -54.02762122395746, -15.231278099884445 ], [ -54.02763774288983, -15.231237114714986 ], [ -54.027727417094056, -15.231175636945835 ], [ -54.027788773128549, -15.231148313487115 ], [ -54.027845409468064, -15.231111882203303 ], [ -54.027923284434912, -15.231025357878963 ], [ -54.027956322299637, -15.230979818746603 ], [ -54.028043636656399, -15.23086824783066 ], [ -54.028180507810227, -15.230722522463623 ], [ -54.02833153804896, -15.230531257766224 ], [ -54.028494367525077, -15.230415132686558 ], [ -54.028564771814516, -15.23033965323742 ], [ -54.028728594880768, -15.230233160405753 ], [ -54.028786988612609, -15.230210205919088 ], [ -54.028855424189523, -15.230135066054348 ], [ -54.028952177936212, -15.230059926162776 ], [ -54.029100848327438, -15.229948354759134 ], [ -54.029237719481287, -15.229788966937042 ], [ -54.029426507279688, -15.229618194136538 ], [ -54.029487863314166, -15.229552161949872 ], [ -54.029586976908334, -15.229492960661442 ], [ -54.029653052637769, -15.229461083037705 ], [ -54.029690810197444, -15.229447421197477 ], [ -54.029761605621843, -15.229454252117698 ], [ -54.029804082876495, -15.229486129742478 ], [ -54.029839480588691, -15.229506622498718 ], [ -54.029893757080735, -15.22952483828036 ], [ -54.02991735555554, -15.229529392225528 ], [ -54.029948033572779, -15.229536223143876 ], [ -54.030032988082063, -15.229543054062695 ], [ -54.030080185031665, -15.229545331034748 ], [ -54.030181658473296, -15.229554438922177 ], [ -54.030219416032971, -15.229554438922177 ], [ -54.030243014507768, -15.229554438922177 ], [ -54.030311450084703, -15.229533946170591 ], [ -54.030358647034298, -15.229497514607294 ], [ -54.030408203831371, -15.229463360010987 ], [ -54.030441241696096, -15.229449698170916 ], [ -54.030486078798212, -15.229429205409135 ], [ -54.030512037120502, -15.229397327775738 ], [ -54.030548614756455, -15.22935292677831 ], [ -54.030643008655659, -15.229147998976506 ], [ -54.031235287701598, -15.224794741394023 ], [ -54.031235355766157, -15.224794211528765 ], [ -54.031667086766156, -15.221433294528765 ], [ -54.031960177870623, -15.21923456622241 ], [ -54.032115999528138, -15.2180656035399 ], [ -54.030274461631933, -15.218038009088591 ], [ -54.02786772, -15.21800195 ], [ -54.02361944, -15.21793829 ], [ -54.023539157452689, -15.218407969842179 ], [ -54.023023444996532, -15.221425092114165 ], [ -54.022727390277808, -15.223157131486243 ], [ -54.022427450996531, -15.224911897114167 ], [ -54.022355095088869, -15.225335207612776 ], [ -54.02183146, -15.2283987 ], [ -54.021715751914414, -15.229117055612896 ], [ -54.02169206898261, -15.229255609737901 ], [ -54.021721605257369, -15.229276648119852 ], [ -54.021749923427123, -15.229299417871543 ] ] ], [ [ [ -54.03048371895072, -15.229826536934533 ], [ -54.030384605356566, -15.229835644811713 ], [ -54.030351567491849, -15.22984019875015 ], [ -54.030299650847276, -15.229844752688491 ], [ -54.030219416032963, -15.229862968440875 ], [ -54.030162779693448, -15.229881184191672 ], [ -54.030106143353919, -15.229899399940894 ], [ -54.030035347929513, -15.229890292066477 ], [ -54.029936234335352, -15.229853860564869 ], [ -54.029907916165598, -15.229835644811713 ], [ -54.029874878300866, -15.229835644811713 ], [ -54.029827681351286, -15.2298219829958 ], [ -54.029794643486554, -15.2298219829958 ], [ -54.029747446536952, -15.22984019875015 ], [ -54.029704969282314, -15.229872076316468 ], [ -54.029681370807509, -15.229899399940894 ], [ -54.029638893552864, -15.229944939307059 ], [ -54.029615295078081, -15.229981370792892 ], [ -54.029530340568797, -15.230086111279546 ], [ -54.029478423924239, -15.230163528127472 ], [ -54.029327393685506, -15.2303138078098 ], [ -54.029223560396389, -15.230368454940406 ], [ -54.029185802836722, -15.230382116720838 ], [ -54.029044211987902, -15.230413994205071 ], [ -54.028973416563502, -15.230473195234396 ], [ -54.02889790144414, -15.23056427370854 ], [ -54.028817666629827, -15.230609812930824 ], [ -54.028732712120544, -15.230628028616977 ], [ -54.028685515170935, -15.23067356782547 ], [ -54.02863831822134, -15.230732768781776 ], [ -54.028562803101984, -15.230805631474365 ], [ -54.028496727372534, -15.230878494141727 ], [ -54.02837873499854, -15.230983234181856 ], [ -54.028246583539662, -15.231087974169862 ], [ -54.028075898680832, -15.231231703050071 ], [ -54.027958682147087, -15.231365762581197 ], [ -54.027920924587413, -15.231484164087687 ], [ -54.027897326112615, -15.231629888927291 ], [ -54.027897326112615, -15.231739182490768 ], [ -54.027859568552941, -15.231780167562434 ], [ -54.027817091298303, -15.23184392210249 ], [ -54.027850129163021, -15.231907676623235 ], [ -54.027937443519768, -15.231975985015334 ], [ -54.0279704813845, -15.232026077826502 ], [ -54.028001159401732, -15.232094386180009 ], [ -54.028001159401732, -15.232176356176989 ], [ -54.027996439706783, -15.232271987799775 ], [ -54.02797202564728, -15.232322045060783 ], [ -54.027945724027383, -15.232334884891905 ], [ -54.027864288247898, -15.232358511611512 ], [ -54.027788773128528, -15.232390388796345 ], [ -54.02775573526381, -15.232413158211116 ], [ -54.027717977704128, -15.232463250914961 ], [ -54.027721654762793, -15.232535395174233 ], [ -54.027720337551607, -15.232580513334138 ], [ -54.027767534501216, -15.232644267631702 ], [ -54.027824170840738, -15.23268639099636 ], [ -54.027932723824826, -15.232731929755447 ], [ -54.028086113910994, -15.232750145261148 ], [ -54.028211108248925, -15.232777990315126 ], [ -54.02831526812011, -15.232819003114219 ], [ -54.0284695118618, -15.232910494937585 ], [ -54.02852504554231, -15.232941407942292 ], [ -54.028694954560876, -15.233041593086515 ], [ -54.028840781944005, -15.233132927084718 ], [ -54.029251878566164, -15.23340590229976 ], [ -54.029456178332339, -15.233567910206357 ], [ -54.029822961656315, -15.233893164886382 ], [ -54.029930764374654, -15.233949023202605 ], [ -54.030011749454722, -15.233934149543208 ], [ -54.030086962443292, -15.233703964698718 ], [ -54.03037189, -15.23151604 ], [ -54.030535635595299, -15.229872076305375 ], [ -54.03048371895072, -15.229826536934533 ] ] ] ] } },
{ "type": "Feature", "properties": { }, "geometry": { "type": "Polygon", "coordinates": [ [ [ -54.032892902202981, -15.212311407183135 ], [ -54.033218806326275, -15.209897567748435 ], [ -54.033770208326274, -15.205813550748434 ], [ -54.034035397726214, -15.203849400602786 ], [ -54.034321609628414, -15.201729532752173 ], [ -54.031705465969125, -15.201735292987273 ], [ -54.029089319969124, -15.201741052987272 ], [ -54.02637865105865, -15.201797802102796 ], [ -54.025648871374834, -15.206065740297705 ], [ -54.024919091374834, -15.210333679297705 ], [ -54.024758050744531, -15.211275971036022 ], [ -54.02426927, -15.21413598 ], [ -54.023619440446723, -15.217938287386078 ], [ -54.027867719923691, -15.218001945560811 ], [ -54.030228900775761, -15.218037326471508 ], [ -54.032116, -15.2180656 ], [ -54.0326674, -15.21398159 ], [ -54.032892902202981, -15.212311407183135 ] ] ] } },
{ "type": "Feature", "properties": { }, "geometry": { "type": "Polygon", "coordinates": [ [ [ -54.018063841663341, -15.205788338023115 ], [ -54.018049682578479, -15.205865763802519 ], [ -54.018049682578479, -15.205956852918332 ], [ -54.018054402273435, -15.206129922129943 ], [ -54.018044962883501, -15.20623922892722 ], [ -54.01802608410366, -15.206348535667821 ], [ -54.017988326543986, -15.206425961241447 ], [ -54.017955288679261, -15.206521604557837 ], [ -54.017884493254854, -15.206635465592202 ], [ -54.0178561750851, -15.206653683352 ], [ -54.017804258440542, -15.206681009988728 ], [ -54.017785379660701, -15.206703782183306 ], [ -54.017771220575831, -15.206762989877676 ], [ -54.017714584236295, -15.206863187476424 ], [ -54.017634349421982, -15.206899622955069 ], [ -54.017601311557264, -15.206913286257935 ], [ -54.017544675217742, -15.206990711624123 ], [ -54.017488038878227, -15.207100017975026 ], [ -54.017459720708459, -15.207222987552047 ], [ -54.017388925284067, -15.207332293782502 ], [ -54.017337008639508, -15.207391501300327 ], [ -54.0172942537571, -15.207426865059096 ], [ -54.017146891107352, -15.207589519975794 ], [ -54.017075018137305, -15.207693663518283 ], [ -54.016983031517505, -15.207764963721763 ], [ -54.016921675483019, -15.207787735799222 ], [ -54.016874478533417, -15.207819616703539 ], [ -54.016841440668699, -15.207856052016853 ], [ -54.016817842193902, -15.207924368212341 ], [ -54.016775364939264, -15.207983575563842 ], [ -54.016709289209814, -15.208042782898721 ], [ -54.016652652870299, -15.208074663764453 ], [ -54.016577137750922, -15.208101990216964 ], [ -54.01652522110637, -15.20811109903368 ], [ -54.016506342326529, -15.20813842548146 ], [ -54.016463865071898, -15.208220404803566 ], [ -54.016435546902123, -15.208343373726914 ], [ -54.016385990105029, -15.208443570575316 ], [ -54.016309760071522, -15.208563887687491 ], [ -54.01872268, -15.20906283 ], [ -54.018722693865627, -15.209062836459042 ], [ -54.020271780490276, -15.209380545100553 ], [ -54.020498859395722, -15.209427118191021 ], [ -54.021820864702491, -15.209698256862534 ], [ -54.021820884374833, -15.209698257297704 ], [ -54.024919090162591, -15.21033367904908 ], [ -54.02564887, -15.20606574 ], [ -54.026378649635902, -15.201797802129329 ], [ -54.02637843356468, -15.201797806159046 ], [ -54.026378282510592, -15.201797808976197 ], [ -54.0263782508597, -15.201797809566484 ], [ -54.022305833036789, -15.201895416134194 ], [ -54.022119530689302, -15.201903565063679 ], [ -54.021088492605095, -15.20193670686087 ], [ -54.020126348360883, -15.201976221835872 ], [ -54.019971271638568, -15.202031238101913 ], [ -54.019901716388638, -15.202082945777498 ], [ -54.019852606053192, -15.202149294300323 ], [ -54.01970157581448, -15.20230414851893 ], [ -54.019626060695124, -15.202340584785526 ], [ -54.019559984965674, -15.202372466513628 ], [ -54.019517507711029, -15.20245444807804 ], [ -54.019479750151355, -15.202531875082421 ], [ -54.019471104404744, -15.202729969872811 ], [ -54.019448216930741, -15.202809935664446 ], [ -54.019387128433372, -15.20286659723959 ], [ -54.019352318387426, -15.202896237071952 ], [ -54.019253204793266, -15.203000991025009 ], [ -54.019177689673917, -15.203082972346216 ], [ -54.019144651809185, -15.203114853962061 ], [ -54.019130492724315, -15.203169508149443 ], [ -54.019154091199105, -15.203265152940698 ], [ -54.019157145119365, -15.203331595233307 ], [ -54.01916367753271, -15.203428578545667 ], [ -54.019142847219939, -15.203497299020055 ], [ -54.019111613944467, -15.203547532557575 ], [ -54.019069136689836, -15.203593077621244 ], [ -54.019054977604959, -15.203656840693844 ], [ -54.019031379130155, -15.203761594271246 ], [ -54.019026659435198, -15.203820802791977 ], [ -54.019021939740242, -15.203984764762593 ], [ -54.01898418218056, -15.204053082212718 ], [ -54.018951144315828, -15.20418516255352 ], [ -54.018932265535994, -15.204390114642655 ], [ -54.018875629196486, -15.204499422342058 ], [ -54.018833151941848, -15.204613284468669 ], [ -54.018823712551928, -15.204672492750204 ], [ -54.018818992856964, -15.204718037570837 ], [ -54.018818992856964, -15.204763582381633 ], [ -54.018814273162, -15.204813681662143 ], [ -54.018800114077109, -15.204927543619025 ], [ -54.018785954992246, -15.205009524189897 ], [ -54.018790456855108, -15.20504427833681 ], [ -54.018791035999556, -15.205082623033608 ], [ -54.018776630810649, -15.205131228684984 ], [ -54.01873711239439, -15.205172545629427 ], [ -54.018620765668643, -15.205241802300907 ], [ -54.018554689939194, -15.205287346998546 ], [ -54.018502773294642, -15.2053693274295 ], [ -54.018460296039997, -15.205428535498696 ], [ -54.018342303665996, -15.205469525690699 ], [ -54.01826678854664, -15.205487743551254 ], [ -54.018243190071843, -15.205501406945634 ], [ -54.01820071281719, -15.205583387293343 ], [ -54.018167674952466, -15.205606159606493 ], [ -54.018125197697834, -15.205651704225412 ], [ -54.01811103861295, -15.20566992207022 ], [ -54.018073281053276, -15.205747347893109 ], [ -54.018063841663341, -15.205788338023115 ] ] ] } },
{ "type": "Feature", "properties": { }, "geometry": { "type": "Polygon", "coordinates": [ [ [ -54.002275282098232, -15.197212118359506 ], [ -54.002492388066393, -15.197175681202109 ], [ -54.002841645493447, -15.197020823229066 ], [ -54.003002115122094, -15.19689329304598 ], [ -54.002983236342246, -15.196802200013602 ], [ -54.003020993901934, -15.196756653483252 ], [ -54.00309650902129, -15.196756653483252 ], [ -54.003153145360805, -15.196811309318491 ], [ -54.003143705970892, -15.196893293044786 ], [ -54.003323054379365, -15.196893293044786 ], [ -54.003738387535854, -15.196856855837037 ], [ -54.004720084087552, -15.196865965139571 ], [ -54.005484674671081, -15.196984386036638 ], [ -54.006164310745312, -15.197111916159152 ], [ -54.006683477190919, -15.197275883346208 ], [ -54.006994977058284, -15.197403413292461 ], [ -54.00746552919518, -15.197699679493276 ], [ -54.007465534730343, -15.197699679567032 ], [ -54.011576375730343, -15.197754456567033 ], [ -54.013566600045138, -15.19778097632072 ], [ -54.014183542626348, -15.197789196038633 ], [ -54.01443863228026, -15.197792594677438 ], [ -54.015598017452234, -15.197808041526711 ], [ -54.015687218198039, -15.197809229975993 ], [ -54.015853171950461, -15.19653500124698 ], [ -54.01612564, -15.19444291 ], [ -54.016392462523825, -15.192394213518464 ], [ -54.016392462686596, -15.192394212268663 ], [ -54.016564067455285, -15.191076594903471 ], [ -54.01678238281486, -15.189400323835576 ], [ -54.01700249, -15.18771028 ], [ -54.013083620425185, -15.187531892990165 ], [ -54.012684165549061, -15.187513710226352 ], [ -54.008365839549064, -15.18731714422635 ], [ -54.005377287922066, -15.187181108294123 ], [ -54.004047511699774, -15.187120580077366 ], [ -54.002446292187571, -15.190610427273457 ], [ -54.001418293015035, -15.192850943657067 ], [ -54.00084507, -15.19410028 ], [ -53.999243852162671, -15.197590125286451 ], [ -53.999244293913542, -15.197590131172817 ], [ -53.999244760206274, -15.197590137386204 ], [ -54.000992795920091, -15.197604322472365 ], [ -54.00139472432268, -15.197423701889294 ], [ -54.001689938722684, -15.197287146058555 ], [ -54.001922624366593, -15.197196600083533 ], [ -54.002275282098232, -15.197212118359506 ] ] ] } },
{ "type": "Feature", "properties": { }, "geometry": { "type": "Polygon", "coordinates": [ [ [ -53.995837618172743, -15.188699317534141 ], [ -53.995671325273435, -15.188686972611695 ], [ -53.995403406236406, -15.188635549940003 ], [ -53.995285413862398, -15.188612775794569 ], [ -53.995172141183367, -15.188612775794569 ], [ -53.995110785148889, -15.188626440282119 ], [ -53.995035270029518, -15.188676543395589 ], [ -53.994936156435351, -15.188744865803876 ], [ -53.994780406501683, -15.188867846083047 ], [ -53.994426429379679, -15.189259560568685 ], [ -53.993562725201983, -15.190275281952575 ], [ -53.993458891912866, -15.190407370921299 ], [ -53.993194588995102, -15.190721651238634 ], [ -53.992916126992462, -15.191008602423935 ], [ -53.992609346820053, -15.191313772303944 ], [ -53.992420559021653, -15.191555175030704 ], [ -53.992203453053492, -15.191769248915842 ], [ -53.9920005061702, -15.19199698685309 ], [ -53.991986347085316, -15.192124519976137 ], [ -53.992132610432151, -15.192312722332625 ], [ -53.992206531606158, -15.192457207966214 ], [ -53.992206992824748, -15.192709805007949 ], [ -53.992210251191963, -15.192842809826587 ], [ -53.992281738902676, -15.192966486346657 ], [ -53.992324985198749, -15.193010417693156 ], [ -53.992264809087985, -15.193181220164377 ], [ -53.992354483292225, -15.193490941626173 ], [ -53.992472475666233, -15.193796107915896 ], [ -53.992566869565429, -15.194028398377865 ], [ -53.992656543769655, -15.19433811859596 ], [ -53.992769816448707, -15.194625064862828 ], [ -53.992807574008388, -15.194725268229156 ], [ -53.992823143478581, -15.194788889232344 ], [ -53.992789577341846, -15.194851214860188 ], [ -53.992713180109192, -15.194889237271392 ], [ -53.992543271090611, -15.195025878042557 ], [ -53.992278968172855, -15.195208065599788 ], [ -53.991943869830692, -15.195531448126355 ], [ -53.9916134911835, -15.195845720810981 ], [ -53.991339748875816, -15.196100782355748 ], [ -53.9911651201623, -15.196241977006848 ], [ -53.990952733889081, -15.196519811366905 ], [ -53.99065067341165, -15.196797645361013 ], [ -53.990443006833402, -15.197025377870144 ], [ -53.990235340255154, -15.19717112654696 ], [ -53.99009374940637, -15.197335093690841 ], [ -53.989994060997525, -15.197457063579101 ], [ -53.99173531, -15.19748961 ], [ -53.993378068232026, -15.197511602299102 ], [ -53.995489578187545, -15.197539868273394 ], [ -53.999243851187543, -15.197590125273393 ], [ -54.000845071549051, -15.194100276226314 ], [ -54.001045270885498, -15.193663943294062 ], [ -54.001418293015035, -15.192850943657067 ], [ -54.00244629, -15.19061043 ], [ -54.00404751, -15.18712058 ], [ -54.003072559966974, -15.187168292464088 ], [ -54.003082559014722, -15.187209428787243 ], [ -54.003087069631398, -15.187269096865663 ], [ -54.003101228716268, -15.187367026296528 ], [ -54.003120107496116, -15.18743534912786 ], [ -54.003136626428471, -15.187476342816563 ], [ -54.003136626428471, -15.187510504217727 ], [ -54.003120107496116, -15.187528723629429 ], [ -54.003091789326341, -15.18754466561337 ], [ -54.003046952224224, -15.187565162448102 ], [ -54.003004474969586, -15.187569717299992 ], [ -54.002973796952354, -15.187567439874055 ], [ -54.002947838630071, -15.18754466561337 ], [ -54.002936039392672, -15.187526446203048 ], [ -54.002926600002738, -15.187490007377692 ], [ -54.002938399240136, -15.187449013690859 ], [ -54.002950198477535, -15.187362471439545 ], [ -54.002945478782578, -15.187294148583955 ], [ -54.002934166444945, -15.187218051629365 ], [ -54.002923539144604, -15.18717453040737 ], [ -54.000032082017562, -15.187297048558891 ], [ -54.000031343133621, -15.187297081031398 ], [ -54.000030925620401, -15.187297099380203 ], [ -53.996803069028765, -15.187448063650001 ], [ -53.99681459502947, -15.187597046413693 ], [ -53.996819314724426, -15.187674478866368 ], [ -53.996809875334492, -15.187751911295056 ], [ -53.996781557164738, -15.187838453387627 ], [ -53.996748519300027, -15.187952324507982 ], [ -53.996696602655462, -15.188102634292798 ], [ -53.996606928451229, -15.188271163318161 ], [ -53.996507814857061, -15.188444247041986 ], [ -53.996370943703219, -15.188617330623851 ], [ -53.996304867973777, -15.188690207879016 ], [ -53.996229352854421, -15.188703872361554 ], [ -53.996016966581209, -15.188708427188876 ], [ -53.995837618172743, -15.188699317534141 ] ] ] } },
{ "type": "Feature", "properties": { }, "geometry": { "type": "Polygon", "coordinates": [ [ [ -53.989129751710799, -15.214846961193102 ], [ -53.989209986525118, -15.214794587168196 ], [ -53.989276062254547, -15.214758153054603 ], [ -53.989315150448739, -15.214729309791199 ], [ -53.989404968922557, -15.21467475307268 ], [ -53.989451728373076, -15.21458834351963 ], [ -53.98946013035799, -15.214507668356317 ], [ -53.989486523594735, -15.214420888137973 ], [ -53.989510562410388, -15.214370509347093 ], [ -53.989549804562252, -15.214314111792945 ], [ -53.989600556587725, -15.214256674667476 ], [ -53.989666577795994, -15.214190596613124 ], [ -53.989823546869914, -15.214109169353984 ], [ -53.989878635567287, -15.214089499815087 ], [ -53.990017619444643, -15.214050006544058 ], [ -53.990158645212077, -15.21400669805654 ], [ -53.990337993620564, -15.21392472098551 ], [ -53.990451266299608, -15.213874623870844 ], [ -53.990550379893762, -15.21382452674427 ], [ -53.990673091962726, -15.213783538177292 ], [ -53.990828841896416, -15.213774429605778 ], [ -53.990956273660345, -15.213769875319869 ], [ -53.991074266034332, -15.213756212461554 ], [ -53.991272493222667, -15.21377898389159 ], [ -53.991399924986574, -15.213788092462915 ], [ -53.991494318885778, -15.213788092462915 ], [ -53.99154151583538, -15.213788092462915 ], [ -53.991706705158983, -15.213797201033842 ], [ -53.991782220278338, -15.213810863889499 ], [ -53.991871894482593, -15.213806309604378 ], [ -53.991919091432187, -15.213769875319869 ], [ -53.991942689906985, -15.213756212461554 ], [ -53.991989886856587, -15.213724332455376 ], [ -53.992032364111239, -15.213669681004983 ], [ -53.992041803501159, -15.213628692407895 ], [ -53.992041803501159, -15.213569486642459 ], [ -53.992004045941478, -15.213487509401313 ], [ -53.991975727771717, -15.21341008642205 ], [ -53.991904932347296, -15.213264348972139 ], [ -53.991838856617875, -15.213168708715852 ], [ -53.991782220278338, -15.213054851211281 ], [ -53.991758621803541, -15.212954656556368 ], [ -53.991683106684185, -15.212840798936131 ], [ -53.991593432479938, -15.212749712795629 ], [ -53.991489599190828, -15.212681398164428 ], [ -53.991296091697464, -15.212622192132789 ], [ -53.991206417493217, -15.212553877460239 ], [ -53.991102584204107, -15.212503780019619 ], [ -53.99100347060994, -15.212490117079204 ], [ -53.990904357015772, -15.212512888646065 ], [ -53.990838281286329, -15.212503780019619 ], [ -53.990701410132502, -15.212449128252633 ], [ -53.99055509958874, -15.212335270359215 ], [ -53.990470145079456, -15.212285172866627 ], [ -53.990323834535694, -15.212280618548524 ], [ -53.990224720941534, -15.212276064230322 ], [ -53.990050092228003, -15.212276064230322 ], [ -53.989936819548959, -15.21231249877315 ], [ -53.989776349920326, -15.212339824670723 ], [ -53.989653637851355, -15.212367150567804 ], [ -53.989488448527752, -15.212348933304952 ], [ -53.989323259204149, -15.212330716042201 ], [ -53.989209986525118, -15.212330716042201 ], [ -53.989139191100719, -15.212280618548524 ], [ -53.98908255476119, -15.212184977845697 ], [ -53.989063675981363, -15.212103000065866 ], [ -53.989125032015835, -15.212052902518042 ], [ -53.989207766824997, -15.211964086762078 ], [ -53.989257183474713, -15.21196181604188 ], [ -53.989361016763844, -15.21196181604188 ], [ -53.989488448527752, -15.211961816036951 ], [ -53.989663077241289, -15.211984587660913 ], [ -53.989771630225377, -15.212021022254143 ], [ -53.989899061989291, -15.212039239548398 ], [ -53.990050092228003, -15.212039239548398 ], [ -53.990191683076802, -15.212043793871709 ], [ -53.990300236060897, -15.212025576577854 ], [ -53.990422948129854, -15.212025576577854 ], [ -53.990559819283703, -15.212016467930335 ], [ -53.990611735928255, -15.212016467930335 ], [ -53.990739167692162, -15.212039239549377 ], [ -53.990890197930902, -15.21208933710261 ], [ -53.99101290999986, -15.212112108709649 ], [ -53.991102584204107, -15.212125771674573 ], [ -53.991248894747862, -15.212153097601774 ], [ -53.991305531087377, -15.212184977845697 ], [ -53.991362167426907, -15.21220774944554 ], [ -53.99145656132611, -15.212235075362115 ], [ -53.991517917360589, -15.212257846956538 ], [ -53.991588712784981, -15.212262401275138 ], [ -53.991621750649713, -15.212262401275138 ], [ -53.991707011933286, -15.212261859921901 ], [ -53.99187692840615, -15.212305468634199 ], [ -53.991959166472995, -15.212335405896042 ], [ -53.992206992824762, -15.212380813523966 ], [ -53.992315545808836, -15.212389922155735 ], [ -53.992469379424492, -15.212446952372888 ], [ -53.992584121394287, -15.212477039535742 ], [ -53.992811113779645, -15.212490117080975 ], [ -53.992947984933487, -15.212508334335851 ], [ -53.993151521778621, -15.212567540396526 ], [ -53.993245915677832, -15.212590311955028 ], [ -53.993335589882065, -15.21260397488895 ], [ -53.993458301951023, -15.212613083511069 ], [ -53.993844726975901, -15.212658626615768 ], [ -53.993948560265011, -15.212644963685392 ], [ -53.994024075384367, -15.212617637821982 ], [ -53.994090151113816, -15.212594866266427 ], [ -53.99434029494671, -15.21241269373343 ], [ -53.994434688845907, -15.212371704891799 ], [ -53.994467726710624, -15.212339824676132 ], [ -53.994524363050132, -15.212262401275142 ], [ -53.994628196339264, -15.212203195125774 ], [ -53.994722590238467, -15.212157651922631 ], [ -53.994802825052787, -15.212098445743834 ], [ -53.994897218951984, -15.211998250634107 ], [ -53.994944415901585, -15.211948153061392 ], [ -53.995119044615116, -15.211816077585297 ], [ -53.995203999124385, -15.211711328010908 ], [ -53.99522759759919, -15.211684002026416 ], [ -53.995284233938719, -15.211633904378976 ], [ -53.995336150583277, -15.211556480718597 ], [ -53.995406946007677, -15.211438068006526 ], [ -53.995501339906859, -15.211337872582796 ], [ -53.995557976246396, -15.211265003153795 ], [ -53.995600453501034, -15.211178470674128 ], [ -53.995685408010303, -15.211078275126967 ], [ -53.995808120079282, -15.210968970839359 ], [ -53.996124339641604, -15.21078679690069 ], [ -53.996426400119034, -15.210600068471368 ], [ -53.996615187917435, -15.210458883411061 ], [ -53.99674261968137, -15.21034502444834 ], [ -53.997023441531489, -15.210167404326466 ], [ -53.997112970188439, -15.210099455188647 ], [ -53.997304263381615, -15.209973843779872 ], [ -53.997419895908124, -15.209916914172123 ], [ -53.997511929959856, -15.209789391794956 ], [ -53.997592164774169, -15.209707413083162 ], [ -53.997667679893532, -15.209641374653257 ], [ -53.997766793487692, -15.209534346809118 ], [ -53.997868266929324, -15.209454645187742 ], [ -53.998054937342637, -15.209358472169166 ], [ -53.998184486491652, -15.209329399721137 ], [ -53.998235805756174, -15.209261426189546 ], [ -53.995947196838202, -15.20661254884336 ], [ -53.995946925, -15.206612238 ], [ -53.994754289289894, -15.205248474563231 ], [ -53.99315017, -15.20341419 ], [ -53.992130753238555, -15.202248495544625 ], [ -53.990353415, -15.200216133 ], [ -53.990352592917965, -15.200215192959877 ], [ -53.988384103472974, -15.197984998692206 ], [ -53.988249528600775, -15.197993238290094 ], [ -53.988178733176362, -15.198057003056778 ], [ -53.988122096836825, -15.198107103930745 ], [ -53.988060740802354, -15.19815720479281 ], [ -53.987985225682998, -15.198211860265129 ], [ -53.987919149953548, -15.198248297238797 ], [ -53.987820036359395, -15.198366717359761 ], [ -53.987749240934995, -15.198444145864443 ], [ -53.987711483375307, -15.198494246646447 ], [ -53.987650127340814, -15.198553456646192 ], [ -53.987588771306349, -15.198562565875443 ], [ -53.987584051611393, -15.198571675104304 ], [ -53.987484938017232, -15.198635439695323 ], [ -53.987466059237391, -15.198649103533745 ], [ -53.987395263812992, -15.198676431207936 ], [ -53.987324468388586, -15.19870831349002 ], [ -53.98724895326923, -15.198753859598916 ], [ -53.987201756319628, -15.1988085149166 ], [ -53.987163998759939, -15.198867724828126 ], [ -53.987140400285142, -15.198899607081286 ], [ -53.987074324555692, -15.198949707755091 ], [ -53.986975210961539, -15.198972480784706 ], [ -53.986918574622024, -15.198972480784706 ], [ -53.986909135232096, -15.19897703539033 ], [ -53.986767544383291, -15.199072682085781 ], [ -53.98664955200929, -15.199177437940556 ], [ -53.986559877805043, -15.199227538548358 ], [ -53.986503241465527, -15.199336848924064 ], [ -53.986503241465527, -15.199496259787086 ], [ -53.986451324820976, -15.199591906247049 ], [ -53.986361650616729, -15.199774089860325 ], [ -53.986267256717525, -15.199969937069053 ], [ -53.986243658242728, -15.200102019967593 ], [ -53.986191741598169, -15.200215884468896 ], [ -53.986163423428394, -15.200325194332317 ], [ -53.986163423428394, -15.200434504139068 ], [ -53.98612566586872, -15.200571141317832 ], [ -53.986102067393922, -15.200630350734462 ], [ -53.986045431054407, -15.200698669271464 ], [ -53.98595103715521, -15.200894515621519 ], [ -53.986616514144579, -15.201400071637838 ], [ -53.987107362420424, -15.201700671937795 ], [ -53.98735278655834, -15.201882853729208 ], [ -53.987466059237391, -15.202119689822716 ], [ -53.987135680590185, -15.202256325909493 ], [ -53.986758104993378, -15.202347416584832 ], [ -53.986427726346172, -15.202502270642587 ], [ -53.986238938547771, -15.202648015534228 ], [ -53.986257817327612, -15.202757324136842 ], [ -53.986427726346172, -15.202939505015273 ], [ -53.986559877805043, -15.203103467671264 ], [ -53.986616514144579, -15.203185448951448 ], [ -53.986682589874022, -15.203349411416182 ], [ -53.98657875658489, -15.203540700797209 ], [ -53.986314453667127, -15.203786644032077 ], [ -53.985880241730811, -15.204160112840098 ], [ -53.985719772102165, -15.204132785876565 ], [ -53.985648976677751, -15.203977933012654 ], [ -53.985601779728178, -15.203818525539248 ], [ -53.985524869118187, -15.203615102806552 ], [ -53.985383266569755, -15.203394897829535 ], [ -53.985302553983388, -15.203312537186495 ], [ -53.985219484436406, -15.203112576703967 ], [ -53.985033646447313, -15.203085249604683 ], [ -53.98486845712371, -15.203117131220182 ], [ -53.984712707190027, -15.203185448951455 ], [ -53.984669807885766, -15.203270631508568 ], [ -53.984643681651278, -15.203363074922979 ], [ -53.984676719515996, -15.203640899927525 ], [ -53.98464840134622, -15.20374109901022 ], [ -53.984614977128679, -15.203853008543758 ], [ -53.984534036733422, -15.203875740262284 ], [ -53.984322742393992, -15.203873179563296 ], [ -53.984233068189766, -15.203768426041334 ], [ -53.984226578609146, -15.203463274163893 ], [ -53.984001803136699, -15.203722880998725 ], [ -53.983775257778625, -15.203950606029258 ], [ -53.983633666929826, -15.204169221827145 ], [ -53.983331606452374, -15.204815958901913 ], [ -53.983076742924531, -15.205745070663454 ], [ -53.982661409768035, -15.206710613841224 ], [ -53.98234990990067, -15.207357343119018 ], [ -53.982208319051885, -15.207594173062391 ], [ -53.981958175218999, -15.208040505693871 ], [ -53.981821304065157, -15.20829555248749 ], [ -53.981741069250837, -15.208523272578134 ], [ -53.981679713216352, -15.208628023737214 ], [ -53.981585319317148, -15.208764655605583 ], [ -53.981523963282662, -15.208837525899176 ], [ -53.981505084502835, -15.208905841776518 ], [ -53.981505084502835, -15.208969603242066 ], [ -53.981439008773393, -15.209138115593872 ], [ -53.981368213348986, -15.209283855897587 ], [ -53.981354054264102, -15.209343062867184 ], [ -53.981245501280036, -15.209507020542329 ], [ -53.981151107380832, -15.209757511188606 ], [ -53.981118069516121, -15.209894142324723 ], [ -53.981141667990926, -15.210299480840638 ], [ -53.981297417924594, -15.211064612094116 ], [ -53.981344614874189, -15.211260448813649 ], [ -53.981429569383479, -15.211492720035746 ], [ -53.981509804197792, -15.211624795714528 ], [ -53.981533402672589, -15.211697665019104 ], [ -53.981585319317148, -15.211829740569421 ], [ -53.981590039012126, -15.211952707386677 ], [ -53.981613637486923, -15.212139434638615 ], [ -53.9816277965718, -15.212221412404274 ], [ -53.981684432911329, -15.212371704891799 ], [ -53.981708031386113, -15.212458236881448 ], [ -53.981844902539954, -15.212654072305734 ], [ -53.981915697964354, -15.212859016159504 ], [ -53.982033489007755, -15.213157034350624 ], [ -53.982107435572075, -15.213546715189791 ], [ -53.982178230996468, -15.213710669614795 ], [ -53.982267905200722, -15.213879178149677 ], [ -53.982418935439433, -15.21396570952502 ], [ -53.982720995916885, -15.214047686580692 ], [ -53.982955414096359, -15.21406736727165 ], [ -53.983075000276841, -15.214091363015358 ], [ -53.983482636691107, -15.214234411965709 ], [ -53.985087332977521, -15.214758153040224 ], [ -53.985389393454945, -15.214840129815302 ], [ -53.985545518866964, -15.214749064901538 ], [ -53.98565087687718, -15.214696269388581 ], [ -53.985724491797107, -15.214680730550665 ], [ -53.985913279595515, -15.214644296417276 ], [ -53.986067973922751, -15.214641425797161 ], [ -53.986295574887286, -15.214662513476435 ], [ -53.986564597500006, -15.214744490260378 ], [ -53.986689748961879, -15.214819968232376 ], [ -53.986868892675993, -15.215002236439581 ], [ -53.988737195529289, -15.215171905082792 ], [ -53.988926804827521, -15.215033685886828 ], [ -53.989044797201522, -15.214922106507778 ], [ -53.989129751710799, -15.214846961193102 ] ] ] } },
{ "type": "Feature", "properties": { }, "geometry": { "type": "Polygon", "coordinates": [ [ [ -53.984691468562737, -15.19488923727142 ], [ -53.984719786732491, -15.194807252766227 ], [ -53.984757544292165, -15.194697940043085 ], [ -53.984795301851847, -15.19461595546356 ], [ -53.984861377581296, -15.194652393058393 ], [ -53.984899135140978, -15.19470704943884 ], [ -53.985021847209943, -15.194789033982971 ], [ -53.985097362329299, -15.194752596411734 ], [ -53.985389983416823, -15.194606846040067 ], [ -53.984512120154257, -15.193522824761864 ], [ -53.98229983, -15.19081931 ], [ -53.98003257, -15.18817758 ], [ -53.979540236602567, -15.187606223191439 ], [ -53.977939339000017, -15.185748374 ], [ -53.975846115777955, -15.183319176705334 ], [ -53.975846110000013, -15.183319170000011 ], [ -53.973230834999939, -15.18582042 ], [ -53.970615587285437, -15.188321643904137 ], [ -53.97061556, -15.18832167 ], [ -53.96838473, -15.19045528 ], [ -53.967269277994795, -15.191522115610276 ], [ -53.966153892999898, -15.192588890000012 ], [ -53.963923124303655, -15.19472243849871 ], [ -53.96392306, -15.1947225 ], [ -53.9672579, -15.19688979 ], [ -53.968448647376654, -15.197663652251093 ], [ -53.970592743367902, -15.199057086852539 ], [ -53.9739275843679, -15.201224380852539 ], [ -53.974735402993225, -15.201749377134801 ], [ -53.97726243, -15.20339167 ], [ -53.978828803687733, -15.204404308590078 ], [ -53.979445981331338, -15.203455603938753 ], [ -53.979561160141117, -15.203294757275078 ], [ -53.979480925326818, -15.203123963012908 ], [ -53.97938774858887, -15.203010819622589 ], [ -53.979373625284104, -15.202951672365771 ], [ -53.979382940076206, -15.202901984137172 ], [ -53.979456863414434, -15.202862802318911 ], [ -53.97968859190506, -15.202978218431673 ], [ -53.979764107024415, -15.20309208138697 ], [ -53.979957855098291, -15.202824214510425 ], [ -53.980788280830765, -15.201712058304379 ], [ -53.982562886135753, -15.199516755460738 ], [ -53.983331435746614, -15.198495224969635 ], [ -53.984142217807381, -15.197182899718968 ], [ -53.983030135936779, -15.196975276739257 ], [ -53.982161712064148, -15.196865965139589 ], [ -53.981963484875813, -15.196783981402673 ], [ -53.98188796975645, -15.1967111069431 ], [ -53.981897409146384, -15.196601795206531 ], [ -53.982161712064148, -15.196419608853034 ], [ -53.983804165910236, -15.195572440242232 ], [ -53.98459707466354, -15.195053206186209 ], [ -53.984738665512332, -15.194953002975652 ], [ -53.984691468562737, -15.19488923727142 ] ] ] } },
{ "type": "Feature", "properties": { }, "geometry": { "type": "Polygon", "coordinates": [ [ [ -53.95306321, -15.20511083 ], [ -53.953428512319434, -15.204761407010706 ], [ -53.955742128266465, -15.202548358166093 ], [ -53.957312678184877, -15.201046076127096 ], [ -53.958421047018057, -15.199985882852323 ], [ -53.956388982093991, -15.199702303621677 ], [ -53.95483461, -15.19948539 ], [ -53.95124816, -15.19898489 ], [ -53.951048723753459, -15.198957057987919 ], [ -53.947661716166451, -15.198484392825357 ], [ -53.945324283772564, -15.200050309023368 ], [ -53.945324182607898, -15.200050376796636 ], [ -53.943163235287145, -15.201532468220371 ], [ -53.943358739950057, -15.201782653770117 ], [ -53.943651361037588, -15.202247216839821 ], [ -53.943811830666235, -15.202620688374738 ], [ -53.944066694194078, -15.203121685736296 ], [ -53.944255481992478, -15.203449610637424 ], [ -53.944397072841276, -15.203650008937025 ], [ -53.944548103079995, -15.203886843045522 ], [ -53.944727451488482, -15.204132785876595 ], [ -53.944897360507049, -15.204497145098944 ], [ -53.944935118066709, -15.204733978255781 ], [ -53.944991754406246, -15.205071009597177 ], [ -53.945029511965934, -15.205298733171462 ], [ -53.945067269525602, -15.205644872533242 ], [ -53.945086148305457, -15.205890813313333 ], [ -53.94510502708529, -15.206100318195967 ], [ -53.945321937215475, -15.20659518430555 ], [ -53.945488458237243, -15.206872740451375 ], [ -53.945756344989768, -15.207184274915205 ], [ -53.946048966077306, -15.20743021389918 ], [ -53.946284950825294, -15.207630608414682 ], [ -53.946624768862421, -15.207903873356056 ], [ -53.946924399824532, -15.208084960926763 ], [ -53.947210011037484, -15.208286443705934 ], [ -53.947521681332894, -15.208521579392283 ], [ -53.947842450162121, -15.208942276854829 ], [ -53.948068995520188, -15.209197322639072 ], [ -53.948442535832505, -15.209485276780217 ], [ -53.950384058743126, -15.207673525799603 ], [ -53.950384286266463, -15.207673308166093 ], [ -53.952815234012633, -15.205348027642376 ], [ -53.95306321, -15.20511083 ] ] ] } },
{ "type": "Feature", "properties": { }, "geometry": { "type": "Polygon", "coordinates": [ [ [ -53.950509849834276, -15.198881856284684 ], [ -53.951248160266459, -15.198984889166093 ], [ -53.954834605266463, -15.199485386166092 ], [ -53.956601350215692, -15.199731939729135 ], [ -53.95842105, -15.19998588 ], [ -53.959514049058797, -15.198940303715919 ], [ -53.960164858483878, -15.198317729982955 ], [ -53.961908664244291, -15.196649579081992 ], [ -53.95790963, -15.19601175 ], [ -53.9539106, -15.19537392 ], [ -53.94991157, -15.19473609 ], [ -53.94591253, -15.19409826 ], [ -53.9419135, -15.19346043 ], [ -53.938919528633981, -15.195636754687072 ], [ -53.939505003504628, -15.195756924807858 ], [ -53.939817884657387, -15.195898495723881 ], [ -53.940651178642135, -15.196244523696789 ], [ -53.941306163310287, -15.196586791911184 ], [ -53.941622764874914, -15.196888936513833 ], [ -53.941742536746865, -15.19709477521425 ], [ -53.941946538883542, -15.197494861697219 ], [ -53.942119779982697, -15.19793017547245 ], [ -53.94218280849293, -15.198169664445182 ], [ -53.942306243279091, -15.198652737771559 ], [ -53.9423773351579, -15.198937628095754 ], [ -53.942602924675889, -15.199747668223759 ], [ -53.942823267926009, -15.200714649313493 ], [ -53.942969934658919, -15.201181594156239 ], [ -53.943132797729746, -15.201499369418343 ], [ -53.94532428, -15.20005031 ], [ -53.94766172, -15.19848439 ], [ -53.950509849834276, -15.198881856284684 ] ] ] } },
{ "type": "Feature", "properties": { }, "geometry": { "type": "Polygon", "coordinates": [ [ [ -53.952927490787985, -15.178818178976663 ], [ -53.952348743549564, -15.180517380868693 ], [ -53.952297813792583, -15.180906299012918 ], [ -53.951945935471613, -15.18155449591996 ], [ -53.951644986907631, -15.181591535743218 ], [ -53.950519902276127, -15.181864704439757 ], [ -53.947084458668812, -15.182591610971224 ], [ -53.945852884545431, -15.182795329999152 ], [ -53.943949178029641, -15.182921717153729 ], [ -53.94411617, -15.18340183 ], [ -53.943942023562272, -15.18350042327539 ], [ -53.943294776249935, -15.183830600873112 ], [ -53.943143290265446, -15.183941198463852 ], [ -53.942985902229665, -15.183971577175734 ], [ -53.942859336017555, -15.183982494517471 ], [ -53.942759656928224, -15.183921737076435 ], [ -53.942602268892422, -15.184017936350003 ], [ -53.942366104865819, -15.184240634323663 ], [ -53.94229864114002, -15.184376626371014 ], [ -53.94232007002568, -15.184533258702492 ], [ -53.942166797808923, -15.184664204505879 ], [ -53.941991303633671, -15.184841561941283 ], [ -53.941841404985553, -15.185005387172204 ], [ -53.941270372639472, -15.185363930470004 ], [ -53.941081506996525, -15.185444939834081 ], [ -53.940945104032167, -15.185515823002136 ], [ -53.940714268246339, -15.185617084629513 ], [ -53.940567372746244, -15.185698093896431 ], [ -53.940462447389059, -15.18574872467247 ], [ -53.940294566817528, -15.185799355436362 ], [ -53.940200133996058, -15.185839860038735 ], [ -53.940095208638866, -15.185870238485412 ], [ -53.939958805674507, -15.185941121510657 ], [ -53.939811910174434, -15.186052509073679 ], [ -53.93966501467434, -15.186133518173495 ], [ -53.939455163959948, -15.186153770443592 ], [ -53.939192850566961, -15.186072761351545 ], [ -53.939035462531173, -15.186062635212851 ], [ -53.938982415407658, -15.186054551834125 ], [ -53.938732065192667, -15.18599093021807 ], [ -53.938321970102209, -15.185839860038735 ], [ -53.937824742591836, -15.185662380645162 ], [ -53.937409119494589, -15.185505696836728 ], [ -53.936964155665628, -15.185269943671624 ], [ -53.936401836065485, -15.184923441519025 ], [ -53.93600311970814, -15.184594339960842 ], [ -53.935835239136637, -15.184401941895185 ], [ -53.93562014215437, -15.184239922334138 ], [ -53.935420783975701, -15.184148786289848 ], [ -53.93526864220776, -15.184128533820482 ], [ -53.935048298957653, -15.184199417426111 ], [ -53.934974851207613, -15.184260174787235 ], [ -53.934827955707526, -15.184381689457023 ], [ -53.934706635763241, -15.184453364092636 ], [ -53.934675158156075, -15.184590067966132 ], [ -53.934690896959658, -15.184716645547839 ], [ -53.934648926816777, -15.184883727839489 ], [ -53.934544657243087, -15.184969009374969 ], [ -53.934481702028783, -15.185161406923823 ], [ -53.934429239350187, -15.185282921074844 ], [ -53.934366284135869, -15.185465192170236 ], [ -53.934282343850114, -15.185556327658915 ], [ -53.934261358778656, -15.185596832307921 ], [ -53.934261358778656, -15.185677841582613 ], [ -53.934208896100067, -15.185799355436362 ], [ -53.934103970742861, -15.18590061692772 ], [ -53.934062000599994, -15.18604238293401 ], [ -53.934020030457098, -15.18622465337363 ], [ -53.933967567778517, -15.186366419162299 ], [ -53.933873134957032, -15.186538563206252 ], [ -53.933852149885595, -15.186710707109812 ], [ -53.933820672278429, -15.18691322916956 ], [ -53.933747224528396, -15.187095498857182 ], [ -53.933736731992674, -15.187287894467817 ], [ -53.933726239456945, -15.187399281320126 ], [ -53.933726239456945, -15.187622054848402 ], [ -53.933705254385515, -15.187723315465343 ], [ -53.933652791706919, -15.187966340747789 ], [ -53.933579343956872, -15.188229617821323 ], [ -53.933505896206846, -15.188968817079921 ], [ -53.933390478313925, -15.189353604710425 ], [ -53.933373336116567, -15.189564779158097 ], [ -53.933379985778203, -15.189677635855109 ], [ -53.933359000706766, -15.189951036746439 ], [ -53.933390478313925, -15.190224437283558 ], [ -53.93347441859968, -15.190335822586029 ], [ -53.933663284242634, -15.190447207829694 ], [ -53.933915105099906, -15.190558593014575 ], [ -53.934208896100067, -15.19070035589211 ], [ -53.934397761743014, -15.190771237295168 ], [ -53.934544657243087, -15.190892748216443 ], [ -53.934717784082466, -15.191054762664168 ], [ -53.934927634796878, -15.191226902892287 ], [ -53.935100761636235, -15.191439546496289 ], [ -53.935258149672052, -15.19169269336823 ], [ -53.935310612350634, -15.191996469213652 ], [ -53.935357828761383, -15.192193923278658 ], [ -53.935410291439972, -15.192360999650877 ], [ -53.935530955600761, -15.192664774534135 ], [ -53.93562014215437, -15.192867290880004 ], [ -53.935714574975854, -15.193095121536746 ], [ -53.935924425690253, -15.193312826156658 ], [ -53.93600311970814, -15.193348266422362 ], [ -53.936123783868929, -15.19340395825644 ], [ -53.936291664440439, -15.193464712967756 ], [ -53.93643855994052, -15.193510278989754 ], [ -53.936669395726348, -15.193576096559728 ], [ -53.936811044958574, -15.19363178833366 ], [ -53.936939080163924, -15.193710346207521 ], [ -53.937026141940827, -15.193788737799697 ], [ -53.937115328494443, -15.193900121231295 ], [ -53.937206250644884, -15.194070348804267 ], [ -53.937241238923093, -15.194254522622748 ], [ -53.937388134423166, -15.194462100310636 ], [ -53.937650447816154, -15.194801312190265 ], [ -53.937933746280592, -15.195145586376059 ], [ -53.938484768351728, -15.195509953146736 ], [ -53.938914962316233, -15.195636524221129 ], [ -53.941908464504635, -15.193464084352055 ], [ -53.941913500563544, -15.193460425389464 ], [ -53.945912533483877, -15.194098255982956 ], [ -53.949911567483873, -15.194736085982957 ], [ -53.953910600483873, -15.195373915982955 ], [ -53.957909634483876, -15.196011745982956 ], [ -53.957909871685978, -15.196011783815756 ], [ -53.961980069825671, -15.196581269975608 ], [ -53.963923055849868, -15.194722518127421 ], [ -53.962236029887222, -15.192340604434364 ], [ -53.96169676, -15.19157921 ], [ -53.961078347374354, -15.190706071261088 ], [ -53.959470458495559, -15.188435891189515 ], [ -53.958203734866757, -15.186647402474255 ], [ -53.95724416, -15.18529258 ], [ -53.956124922981019, -15.182381098521764 ], [ -53.955931839916495, -15.181878830317514 ], [ -53.954619518916495, -15.178465083317514 ], [ -53.953787625799428, -15.176300845665871 ], [ -53.953307148976393, -15.177216206620688 ], [ -53.953279369108948, -15.177688464367247 ], [ -53.952927490787985, -15.178818178976663 ] ], [ [ -53.957181647275185, -15.18930250014358 ], [ -53.957401990525298, -15.189515145689894 ], [ -53.957580363632545, -15.189626531366736 ], [ -53.957748244204055, -15.189727791021937 ], [ -53.957989572525619, -15.189879680413647 ], [ -53.958052527739923, -15.190001191848292 ], [ -53.958073512811382, -15.190142955124589 ], [ -53.958079184137262, -15.19030715040812 ], [ -53.958010557597056, -15.190618873913024 ], [ -53.957905632239864, -15.190861895837752 ], [ -53.957800706882658, -15.19110491750884 ], [ -53.957601348703982, -15.191084665707534 ], [ -53.95724460248951, -15.190618873908655 ], [ -53.956982289096494, -15.190082199417946 ], [ -53.956709483167785, -15.189515145742375 ], [ -53.956489139917672, -15.189231618514425 ], [ -53.95638421456048, -15.189049350412095 ], [ -53.955912050416259, -15.188613932222395 ], [ -53.955723184810118, -15.188532924051486 ], [ -53.955303483381329, -15.188462041874773 ], [ -53.954988707309724, -15.188219017093143 ], [ -53.954872969613447, -15.188124076321474 ], [ -53.954791820837904, -15.187863915896832 ], [ -53.954790988797399, -15.187755034669884 ], [ -53.9548523826912, -15.187639404171891 ], [ -53.95491833345168, -15.187644775850247 ], [ -53.955198558024129, -15.187682336565203 ], [ -53.955544811702886, -15.187955740041364 ], [ -53.955702199738674, -15.1881278827891 ], [ -53.956352736953313, -15.188492419909071 ], [ -53.956594065274864, -15.188624058158766 ], [ -53.956751453310659, -15.188846830394274 ], [ -53.95691933388219, -15.189008846417858 ], [ -53.957055736846542, -15.189211366272431 ], [ -53.957181647275185, -15.18930250014358 ] ] ] } },
{ "type": "Feature", "properties": { }, "geometry": { "type": "Polygon", "coordinates": [ [ [ -53.985950725261112, -15.157240025748163 ], [ -53.986910468012887, -15.154817291774787 ], [ -53.98756039934301, -15.153176621658462 ], [ -53.986330605457326, -15.152834591930523 ], [ -53.98422491, -15.15224896 ], [ -53.98088941, -15.15132129 ], [ -53.978257571093629, -15.150589322379467 ], [ -53.977553910279809, -15.150393620534683 ], [ -53.974218412279811, -15.149465952534683 ], [ -53.973537137737885, -15.15107782356043 ], [ -53.97332846, -15.15157155 ], [ -53.973145756609021, -15.152003816910922 ], [ -53.972438503169315, -15.153677151902741 ], [ -53.973335654394951, -15.15642933964935 ], [ -53.97358095, -15.15718183 ], [ -53.9747234, -15.16068651 ], [ -53.97586584, -15.16419118 ], [ -53.978155258602214, -15.164583221685559 ], [ -53.979298605622454, -15.164779007617916 ], [ -53.980989053716186, -15.165068478714749 ], [ -53.98273137, -15.16536683 ], [ -53.982852564092227, -15.165060893370129 ], [ -53.984341047261111, -15.161303428748163 ], [ -53.985950725261112, -15.157240025748163 ] ] ] } },
{ "type": "Feature", "properties": { }, "geometry": { "type": "Polygon", "coordinates": [ [ [ -53.980889407261117, -15.151321287748106 ], [ -53.981547200438413, -15.151504232850577 ], [ -53.98422491, -15.15224895 ], [ -53.9875604, -15.15317662 ], [ -53.987560399343032, -15.15317662165841 ], [ -53.987560403261114, -15.153176622748106 ], [ -53.986891228640275, -15.154865859157573 ], [ -53.986891228597678, -15.154865859265101 ], [ -53.98595073, -15.15724003 ], [ -53.98434105, -15.16130343 ], [ -53.982864340721605, -15.165031165004347 ], [ -53.982864340279029, -15.165031166121567 ], [ -53.982807982077219, -15.16517343438038 ], [ -53.98277859881, -15.165247608256248 ], [ -53.982731370222112, -15.165366830104176 ], [ -53.98626387, -15.16702369 ], [ -53.988902975107948, -15.168261525549955 ], [ -53.989796365716757, -15.168680556205004 ], [ -53.989796461938084, -15.168680351820745 ], [ -53.989987644848974, -15.168247448378347 ], [ -53.989905243051538, -15.168178641926524 ], [ -53.989801023227926, -15.168078821146711 ], [ -53.989779332622895, -15.167998887665982 ], [ -53.989776709488972, -15.167905212847826 ], [ -53.989808187096131, -15.16760899761201 ], [ -53.98979244829254, -15.167446965177179 ], [ -53.989755621485287, -15.167306404935605 ], [ -53.989707329074776, -15.166965219463069 ], [ -53.989697422193565, -15.166889411264549 ], [ -53.989687910846975, -15.16680583218047 ], [ -53.98969539233714, -15.166722881185731 ], [ -53.989722290334889, -15.166698879564196 ], [ -53.989800317694346, -15.166664650548913 ], [ -53.989902619917608, -15.166679841154208 ], [ -53.98996487831019, -15.166691374265826 ], [ -53.990151817640964, -15.166788707104597 ], [ -53.990259366132086, -15.166862128298945 ], [ -53.990361668355355, -15.166938081230953 ], [ -53.990421620189231, -15.166998318193102 ], [ -53.990530027584974, -15.167091808899375 ], [ -53.991000917429815, -15.166121961254165 ], [ -53.991001017464782, -15.166121748769342 ], [ -53.991605077533166, -15.164820418843476 ], [ -53.99235823, -15.16319789 ], [ -53.993033466096591, -15.161743233377614 ], [ -53.993715447872191, -15.160274036156482 ], [ -53.994545992835725, -15.15848478780198 ], [ -53.99507266, -15.15735018 ], [ -53.99196602, -15.15516157 ], [ -53.98885937, -15.15297296 ], [ -53.98575273, -15.15078435 ], [ -53.983797073938284, -15.149406599699903 ], [ -53.982646082356034, -15.1485957336892 ], [ -53.979539437356038, -15.146407121689199 ], [ -53.977099543469272, -15.144688232469672 ], [ -53.976432792040306, -15.144218511437389 ], [ -53.975325602231891, -15.146842231648028 ], [ -53.974218412997537, -15.149465950833678 ], [ -53.977093666181226, -15.150265616887012 ], [ -53.977093666976501, -15.150265617108193 ], [ -53.977093667263439, -15.150265617187996 ], [ -53.977553910261115, -15.150393619748106 ], [ -53.980889407261117, -15.151321287748106 ] ] ] } },
{ "type": "Feature", "properties": { }, "geometry": { "type": "Polygon", "coordinates": [ [ [ -53.988859372872191, -15.15297295615648 ], [ -53.991966017872187, -15.155161568156482 ], [ -53.995072661019016, -15.157350177850933 ], [ -53.995784530204396, -15.155848880456658 ], [ -53.996638587778271, -15.154047708430332 ], [ -53.997784917157105, -15.151630146493213 ], [ -53.99820451, -15.15074524 ], [ -53.998584481512765, -15.149943898610681 ], [ -53.99977043877827, -15.147442765430331 ], [ -54.000342994366648, -15.146235269396671 ], [ -54.00133636, -15.14414029 ], [ -54.002902288498753, -15.140837823166041 ], [ -54.00081050627378, -15.138859997778809 ], [ -53.99991939, -15.13801743 ], [ -53.997694219015727, -15.135913480477111 ], [ -53.99693649515536, -15.135197036084483 ], [ -53.993953598155358, -15.132376643084482 ], [ -53.992102771032933, -15.130626645192796 ], [ -53.9909707, -15.12955625 ], [ -53.98853613205879, -15.127254310915525 ], [ -53.987987805155363, -15.126735856084483 ], [ -53.987987719677307, -15.126735775263123 ], [ -53.985067865214333, -15.123996492822794 ], [ -53.984495764819911, -15.125364693854504 ], [ -53.98349534, -15.12749088 ], [ -53.982040961156386, -15.131235354989501 ], [ -53.976495745214308, -15.14421851 ], [ -53.97953944, -15.14640712 ], [ -53.98264608, -15.14859573 ], [ -53.983432218945737, -15.149149561110491 ], [ -53.985752727872189, -15.150784345156481 ], [ -53.988859372872191, -15.15297295615648 ] ] ] } },
{ "type": "Feature", "properties": { }, "geometry": { "type": "Polygon", "coordinates": [ [ [ -53.98289360605672, -15.189831582118106 ], [ -53.982956561271038, -15.189831582118106 ], [ -53.983113949306826, -15.189973345484045 ], [ -53.98371202384287, -15.190712538634916 ], [ -53.983733008914299, -15.190793545946075 ], [ -53.983722516378585, -15.190874553226127 ], [ -53.98371202384287, -15.190996064087916 ], [ -53.984331083450336, -15.191755505388766 ], [ -53.985590187736719, -15.193203499228064 ], [ -53.986104321987, -15.193770543058745 ], [ -53.986314172701398, -15.193993309860959 ], [ -53.986408605522868, -15.194064190157793 ], [ -53.986471560737186, -15.194145196182152 ], [ -53.986524023415789, -15.194438842759727 ], [ -53.986559022898589, -15.194497182936313 ], [ -53.986681672124853, -15.194467576953414 ], [ -53.986807661790451, -15.194413271227399 ], [ -53.986906775384604, -15.194335841243081 ], [ -53.987034207148525, -15.194272075352314 ], [ -53.98712388135278, -15.194226528275665 ], [ -53.987199396472136, -15.194199200024959 ], [ -53.987262678678277, -15.194187694072774 ], [ -53.987378467170025, -15.194222416600001 ], [ -53.987416138302549, -15.194267808656592 ], [ -53.987468375296835, -15.194363204100963 ], [ -53.987533105038523, -15.194495940757362 ], [ -53.987564989678795, -15.194608772694274 ], [ -53.987569208631385, -15.194738905944384 ], [ -53.987537912524438, -15.194917429253842 ], [ -53.987492017559653, -15.195028155388018 ], [ -53.987624169018524, -15.195178460132459 ], [ -53.987794078037105, -15.195237671062989 ], [ -53.987888471936301, -15.195233116376619 ], [ -53.987992305225418, -15.195164796069211 ], [ -53.988176373328862, -15.194877850536477 ], [ -53.988407638381908, -15.194449708857237 ], [ -53.988695539774469, -15.193966909751063 ], [ -53.988889047267826, -15.193702736187566 ], [ -53.988955122997275, -15.193620751221282 ], [ -53.989040077506544, -15.193497773712126 ], [ -53.98944125157815, -15.192923877721615 ], [ -53.989766910530399, -15.192349980170077 ], [ -53.990248319416317, -15.191648547709454 ], [ -53.990371031485296, -15.191466357078461 ], [ -53.990432387519775, -15.191466357078461 ], [ -53.990389910265137, -15.191402590320441 ], [ -53.990356872400405, -15.191234063795791 ], [ -53.990460705689536, -15.19103820847641 ], [ -53.990640054098009, -15.190550846776421 ], [ -53.990772205556901, -15.19020012784727 ], [ -53.990927955490569, -15.189799305500216 ], [ -53.991149781153709, -15.189507797860545 ], [ -53.991296091697471, -15.189252728345529 ], [ -53.991579273395068, -15.188537621097217 ], [ -53.991678386989236, -15.188114021393353 ], [ -53.991760274390245, -15.187849945607271 ], [ -53.991763341498512, -15.187676756303933 ], [ -53.98801019, -15.18782592 ], [ -53.98402138, -15.18800175 ], [ -53.981308644875433, -15.188142969205499 ], [ -53.981414158520217, -15.188312682941394 ], [ -53.981445636127383, -15.188383565140581 ], [ -53.981802382341854, -15.188808857870763 ], [ -53.982748039927685, -15.189781410509735 ], [ -53.98289360605672, -15.189831582118106 ] ] ] } },
{ "type": "Feature", "properties": { }, "geometry": { "type": "Polygon", "coordinates": [ [ [ -55.721970609817923, -12.189488784854463 ], [ -55.72532343, -12.18841991 ], [ -55.727835728216597, -12.187618982609386 ], [ -55.727980671070725, -12.187397615341265 ], [ -55.728627178195907, -12.186243138332017 ], [ -55.72904059091541, -12.185592233199184 ], [ -55.729163735129731, -12.185354740785852 ], [ -55.72921651122158, -12.185187616494989 ], [ -55.729176929152693, -12.185187616494989 ], [ -55.72899661083887, -12.185385526839433 ], [ -55.729005406854178, -12.18533275074758 ], [ -55.729001008846524, -12.185257984617458 ], [ -55.729005406854178, -12.185183218487335 ], [ -55.729053784938372, -12.185099656341905 ], [ -55.729229705244542, -12.184791795806106 ], [ -55.729300073367014, -12.184567497415737 ], [ -55.729322063405284, -12.184286024925864 ], [ -55.729418819573681, -12.184202462780432 ], [ -55.729651913979353, -12.184224452818704 ], [ -55.729928988461573, -12.184101308604383 ], [ -55.730604082636511, -12.184301417952653 ], [ -55.73078000294268, -12.184384980098084 ], [ -55.73101309734836, -12.184499328297095 ], [ -55.73129017183058, -12.184499328297095 ], [ -55.73151007221329, -12.184587288450182 ], [ -55.731642012442919, -12.184899546993636 ], [ -55.731602430374032, -12.185159029445238 ], [ -55.731721176580699, -12.185317357720791 ], [ -55.731980659032303, -12.18547128798869 ], [ -55.732411663782422, -12.185273377644249 ], [ -55.73341001151995, -12.184145288680927 ], [ -55.733832220254762, -12.18372747795377 ], [ -55.735191204619937, -12.182753319258348 ], [ -55.736334686610057, -12.181796752593543 ], [ -55.737399004462397, -12.181106265391822 ], [ -55.737975143465121, -12.180736832748863 ], [ -55.738894327064862, -12.180125509684919 ], [ -55.740312684533372, -12.17939324141048 ], [ -55.740893221543736, -12.179217321104311 ], [ -55.741447370508176, -12.178975430683325 ], [ -55.741891569281258, -12.178742336277647 ], [ -55.742692006674339, -12.178350913596418 ], [ -55.742839339930839, -12.177989177466852 ], [ -55.742773369816028, -12.175889128811933 ], [ -55.742610643532821, -12.172718165293203 ], [ -55.742689807670594, -12.171339389893584 ], [ -55.742848135946147, -12.170723668821985 ], [ -55.742852533953801, -12.170442196332111 ], [ -55.74278656383899, -12.170116743765696 ], [ -55.742593051502205, -12.169584584839528 ], [ -55.741803609128254, -12.167827580781644 ], [ -55.741187888056658, -12.166886407143631 ], [ -55.740618346065425, -12.166096964769689 ], [ -55.73996304292492, -12.165114010058959 ], [ -55.738930150685071, -12.163527092259848 ], [ -55.73865139, -12.1631182 ], [ -55.737793959748586, -12.161860497318788 ], [ -55.737655188408354, -12.16186168339862 ], [ -55.73757382526675, -12.161934250524915 ], [ -55.737441885037121, -12.161962837574668 ], [ -55.737281357757738, -12.161989225620593 ], [ -55.73703946733675, -12.162057394739234 ], [ -55.736916323122436, -12.162072787766025 ], [ -55.736160965307803, -12.162235514049232 ], [ -55.735699174504106, -12.162277295121948 ], [ -55.735598020328055, -12.16229928516022 ], [ -55.735248378719547, -12.162497195504661 ], [ -55.734881145080415, -12.16273688692182 ], [ -55.73477339389288, -12.162835842094042 ], [ -55.733955364469182, -12.163242657802062 ], [ -55.733524359719063, -12.163392190062307 ], [ -55.733181315122032, -12.163447165157987 ], [ -55.732917434662774, -12.163433971135023 ], [ -55.73209610673333, -12.16342077711206 ], [ -55.731647509952595, -12.163425175119714 ], [ -55.731524365738274, -12.163425175119714 ], [ -55.730951525241295, -12.163590100406751 ], [ -55.730483137426113, -12.163700050598107 ], [ -55.730357794207968, -12.163766020712922 ], [ -55.72969369505217, -12.163922149984648 ], [ -55.729372640493402, -12.16399031910329 ], [ -55.728439163368783, -12.164189328949645 ], [ -55.728096118771752, -12.164244304045324 ], [ -55.727287984865271, -12.164286085118039 ], [ -55.726918552222315, -12.16423990603767 ], [ -55.726179686936383, -12.164268493087421 ], [ -55.725371553029909, -12.164222314007052 ], [ -55.724947145291274, -12.164288284121866 ], [ -55.724707453874117, -12.164363050251989 ], [ -55.724313832189047, -12.164487293968222 ], [ -55.723988379622632, -12.164542269063901 ], [ -55.723911414488683, -12.164540070060074 ], [ -55.723015320429113, -12.164573055117481 ], [ -55.72268107184739, -12.164579652128962 ], [ -55.722363315794368, -12.164732482894948 ], [ -55.721837753879683, -12.164756671937047 ], [ -55.721415545144872, -12.164732482894948 ], [ -55.720497461047039, -12.164798453009762 ], [ -55.720314943729385, -12.164844632090132 ], [ -55.719721212696044, -12.164919398220254 ], [ -55.719521103347773, -12.164963378296799 ], [ -55.719006536452255, -12.165090920518773 ], [ -55.71860191974806, -12.165161288641242 ], [ -55.71820170105152, -12.165262442817291 ], [ -55.718052168791274, -12.165319616916795 ], [ -55.717959810630532, -12.165359198985684 ], [ -55.717231940363732, -12.165836382816172 ], [ -55.716752557529418, -12.166126651321354 ], [ -55.716585433238556, -12.166408123811228 ], [ -55.716400716917072, -12.166597238140362 ], [ -55.716281970710412, -12.166764362431225 ], [ -55.716145632473129, -12.166953476760359 ], [ -55.715952120136336, -12.16719096917369 ], [ -55.715872955998563, -12.167362491472208 ], [ -55.715753077629088, -12.167528572963244 ], [ -55.716029187055909, -12.168503841121455 ], [ -55.71663853, -12.17065615 ], [ -55.71770488, -12.1744227 ], [ -55.718238053579313, -12.176305969981874 ], [ -55.718594159414828, -12.177563803183672 ], [ -55.718603561719164, -12.177573463085389 ], [ -55.721970609817923, -12.189488784854463 ] ] ] } },
{ "type": "Feature", "properties": { }, "geometry": { "type": "Polygon", "coordinates": [ [ [ -55.71402469328175, -12.170292664071869 ], [ -55.713546409949352, -12.170991947288899 ], [ -55.713161584279597, -12.171616464375806 ], [ -55.7130648281112, -12.171735210582472 ], [ -55.712930688877741, -12.171891339854199 ], [ -55.712862519759099, -12.171974901999629 ], [ -55.71238203742287, -12.172761045867832 ], [ -55.712177530066946, -12.172965553223756 ], [ -55.712047788841147, -12.17309969245721 ], [ -55.711940037653619, -12.173178856594987 ], [ -55.711690273436446, -12.173347957660306 ], [ -55.711951669999074, -12.174274719996731 ], [ -55.71195167, -12.17427472 ], [ -55.71195167, -12.17427472 ], [ -55.71293403, -12.17772847 ], [ -55.71391639, -12.18118222 ], [ -55.713916390657765, -12.181182222323454 ], [ -55.71391641406138, -12.181182304981816 ], [ -55.713916415694548, -12.181182304413825 ], [ -55.713929460322213, -12.181228382586466 ], [ -55.714889042111771, -12.184617493910709 ], [ -55.715322915050081, -12.186150555176903 ], [ -55.71579176, -12.18780667 ], [ -55.716729439561497, -12.191118888451038 ], [ -55.71672944, -12.19111889 ], [ -55.71934986, -12.19030389 ], [ -55.72197028, -12.18948889 ], [ -55.72090393, -12.185722343 ], [ -55.720446923298603, -12.184108110130758 ], [ -55.71983758, -12.1819558 ], [ -55.71877123, -12.17818925 ], [ -55.718238053579313, -12.176305969981874 ], [ -55.71770488, -12.174422701 ], [ -55.71663853, -12.170656154 ], [ -55.716029187055909, -12.168503841121455 ], [ -55.715753077629088, -12.167528572963246 ], [ -55.715595881516258, -12.167773705187882 ], [ -55.7153243045436, -12.168292670091086 ], [ -55.715091210137928, -12.168626918672812 ], [ -55.715016444007802, -12.168860013078488 ], [ -55.71497026492743, -12.169009545338733 ], [ -55.714719578491128, -12.169329500395582 ], [ -55.714614026307423, -12.169558196793604 ], [ -55.714442504008908, -12.169707729053851 ], [ -55.714255588683599, -12.170030982616439 ], [ -55.71402469328175, -12.170292664071869 ] ] ] } },
{ "type": "Feature", "properties": { }, "geometry": { "type": "Polygon", "coordinates": [ [ [ -55.674698808339166, -12.189944611524076 ], [ -55.674769176461631, -12.190032571677163 ], [ -55.674892320675951, -12.190186501945062 ], [ -55.674909912706568, -12.19041080033543 ], [ -55.675125415081631, -12.190819815047279 ], [ -55.675248559295952, -12.190938561253944 ], [ -55.675349713471995, -12.191189247690238 ], [ -55.675415683586813, -12.191268411828014 ], [ -55.676383245270756, -12.191382760027023 ], [ -55.679138597066157, -12.191706013589608 ], [ -55.680075372696514, -12.191829157803928 ], [ -55.681660854455863, -12.191952302018251 ], [ -55.682452495833637, -12.191983088071831 ], [ -55.684207300887692, -12.19208424224788 ], [ -55.684431599278057, -12.192141416347384 ], [ -55.684497569392875, -12.192185396423927 ], [ -55.684678262944125, -12.192634605160723 ], [ -55.684959360196565, -12.193751087148847 ], [ -55.684976057214278, -12.194386336161637 ], [ -55.68495502267627, -12.194592566085488 ], [ -55.684954962188911, -12.194604300633777 ], [ -55.684902186097062, -12.195114469521673 ], [ -55.684792235905704, -12.195329971896733 ], [ -55.684730663798547, -12.195334369904387 ], [ -55.684506365408176, -12.195347563927351 ], [ -55.683802684183505, -12.195563066302407 ], [ -55.68367514196153, -12.195651026455492 ], [ -55.683622365869681, -12.195655424463146 ], [ -55.683424455525241, -12.19566861848611 ], [ -55.683407941298817, -12.195672371719388 ], [ -55.683330850632082, -12.195806398208687 ], [ -55.683371679433385, -12.196099623236229 ], [ -55.683494823647678, -12.196469055879188 ], [ -55.683573987785458, -12.197067184920169 ], [ -55.683499221655332, -12.197608139861645 ], [ -55.683411261502251, -12.197823642236704 ], [ -55.683406863494596, -12.197924796412753 ], [ -55.683301311310892, -12.198083124688308 ], [ -55.683050624874596, -12.198091920703618 ], [ -55.682940674683238, -12.198250248979173 ], [ -55.682439301810653, -12.19857570154559 ], [ -55.681805581715679, -12.198796509941051 ], [ -55.681447607577013, -12.198965854759145 ], [ -55.681060224003566, -12.19906267096105 ], [ -55.68069769077956, -12.199209014647804 ], [ -55.680310666105981, -12.199376138938668 ], [ -55.680155060852336, -12.199344566858215 ], [ -55.679798298214401, -12.199879710815111 ], [ -55.677556413812631, -12.203305758777782 ], [ -55.67751023473226, -12.203387121919388 ], [ -55.677505836724606, -12.203415708969139 ], [ -55.677544319291577, -12.203433300999757 ], [ -55.677922547949827, -12.203307957781613 ], [ -55.683276022766968, -12.201623520850026 ], [ -55.683521211693694, -12.20153885920268 ], [ -55.683581684298943, -12.201501476137619 ], [ -55.683592679318075, -12.201454197555336 ], [ -55.68358043932335, -12.201320670340106 ], [ -55.683567390774023, -12.201289272268292 ], [ -55.683422256521432, -12.200941829663604 ], [ -55.683070415909093, -12.200757113342124 ], [ -55.682960465717734, -12.200625173112496 ], [ -55.6828769035723, -12.2004228647604 ], [ -55.682832923495759, -12.200031442079169 ], [ -55.682859311541684, -12.199815939704109 ], [ -55.683088007939709, -12.199719183535715 ], [ -55.683589380812293, -12.19963122338263 ], [ -55.683655350927111, -12.199560855260161 ], [ -55.683694932995998, -12.199547661237199 ], [ -55.683800485179702, -12.199622427367322 ], [ -55.683848863263897, -12.199679601466826 ], [ -55.683928027401677, -12.199710387520406 ], [ -55.683923629394023, -12.199802745681147 ], [ -55.683840067248589, -12.200013850048551 ], [ -55.683862057286859, -12.200480038859904 ], [ -55.683866455294513, -12.200743919319162 ], [ -55.683831271233281, -12.200928635640642 ], [ -55.683760903110816, -12.20102099380138 ], [ -55.68370812701896, -12.201104555946813 ], [ -55.683703729011306, -12.201232098168786 ], [ -55.683756505103155, -12.201337650352489 ], [ -55.683835669240935, -12.201394824451995 ], [ -55.683939022420816, -12.201379431425204 ], [ -55.687057209847723, -12.20042506376423 ], [ -55.692412054022761, -12.198758822744775 ], [ -55.69241205402281, -12.198758822744759 ], [ -55.694197210999953, -12.198193555999929 ], [ -55.696073308108112, -12.197599493085145 ], [ -55.69840766, -12.19686032 ], [ -55.702618040691618, -12.195527115112769 ], [ -55.702618119999954, -12.195527089999928 ], [ -55.702618115144709, -12.195527074986186 ], [ -55.70160785, -12.19240307 ], [ -55.701102728094135, -12.190841080029523 ], [ -55.700597586999919, -12.189279042999944 ], [ -55.699587319999935, -12.18615502 ], [ -55.69958713206406, -12.18615500883749 ], [ -55.695237475440514, -12.185896660896235 ], [ -55.690887631440518, -12.185638300896237 ], [ -55.686537787440514, -12.185379941896237 ], [ -55.682187942440514, -12.185121582896237 ], [ -55.677838098440517, -12.184863222896237 ], [ -55.673488254440514, -12.184604863896237 ], [ -55.670191875336776, -12.184409074734727 ], [ -55.670245825589241, -12.184585639197346 ], [ -55.670364571795908, -12.184704385404011 ], [ -55.670518502063807, -12.184853917664256 ], [ -55.670500910033191, -12.18508701206993 ], [ -55.670777984515411, -12.185698335133875 ], [ -55.671024272944045, -12.186133737891648 ], [ -55.671244173326762, -12.186775847009173 ], [ -55.672033558842564, -12.188236210213406 ], [ -55.672211735010706, -12.188565836124466 ], [ -55.672545983592428, -12.189163965165447 ], [ -55.67280993530786, -12.189423589803575 ], [ -55.672836561377942, -12.189415799446543 ], [ -55.673935772581011, -12.189463972049069 ], [ -55.674261206577562, -12.189515805777784 ], [ -55.674393146807191, -12.189546591831364 ], [ -55.674571266117191, -12.189751099187289 ], [ -55.674698808339166, -12.189944611524076 ] ] ] } },
{ "type": "Feature", "properties": { }, "geometry": { "type": "MultiPolygon", "coordinates": [ [ [ [ -55.705371088887496, -12.184152184700189 ], [ -55.70489094284703, -12.184318690181245 ], [ -55.704415708259816, -12.184483243405399 ], [ -55.70223917, -12.18523689 ], [ -55.700133503729873, -12.185965985819628 ], [ -55.699804582624793, -12.186079876973318 ], [ -55.699739236053944, -12.186102503664729 ], [ -55.699673555386752, -12.186125246039257 ], [ -55.69975865595314, -12.186263479117429 ], [ -55.700079710511908, -12.186254683102121 ], [ -55.700274859516149, -12.186204019418327 ], [ -55.700537103307951, -12.186135936895456 ], [ -55.701381252989641, -12.185981829700104 ], [ -55.701780752070356, -12.18590889751259 ], [ -55.70323528100387, -12.185643360038176 ], [ -55.7049754058405, -12.185257997746602 ], [ -55.705344250954049, -12.185211348721339 ], [ -55.705455993770272, -12.18517091546547 ], [ -55.705562229820345, -12.185132474789455 ], [ -55.705575136463743, -12.185088018573301 ], [ -55.705579419083605, -12.184968265863246 ], [ -55.7055163395327, -12.184768937667046 ], [ -55.705412441042462, -12.184481558864258 ], [ -55.705371088887496, -12.184152184700189 ] ] ], [ [ [ -55.709709148270974, -12.183382784103879 ], [ -55.709841088500603, -12.18383577889227 ], [ -55.710014809802956, -12.184790146553247 ], [ -55.710049993864196, -12.186487777507798 ], [ -55.709838889496787, -12.186844016127795 ], [ -55.709759725359014, -12.187068314518163 ], [ -55.709750929343706, -12.187398165092233 ], [ -55.709680561221234, -12.187908333980129 ], [ -55.709438670800253, -12.18803147819445 ], [ -55.709174790340995, -12.188101846316918 ], [ -55.708717397544952, -12.188312950684322 ], [ -55.708365556932598, -12.188383318806791 ], [ -55.707930154174825, -12.188409706852717 ], [ -55.707631089654335, -12.188484472982839 ], [ -55.707046154636316, -12.188669189304319 ], [ -55.705739946362975, -12.188963855817155 ], [ -55.70564758820224, -12.189126582100364 ], [ -55.705322135635825, -12.189210144245795 ], [ -55.70511542927607, -12.189201348230487 ], [ -55.704745996633115, -12.189372870529004 ], [ -55.704200643683983, -12.189456432674435 ], [ -55.703822415025712, -12.189478422712707 ], [ -55.703479370428681, -12.189518004781595 ], [ -55.701372724762265, -12.18966753704184 ], [ -55.701126436333624, -12.189707119110729 ], [ -55.70075955209002, -12.189779863400409 ], [ -55.70087764, -12.19014502 ], [ -55.70162594, -12.19245898 ], [ -55.702618119618897, -12.195527088821539 ], [ -55.706145947729048, -12.194425039162805 ], [ -55.709673778729048, -12.193322989162805 ], [ -55.713201608729051, -12.192220939162805 ], [ -55.71672943972905, -12.191118889162805 ], [ -55.716720290183183, -12.191086569780659 ], [ -55.71579176, -12.18780669 ], [ -55.715322915050081, -12.186150555176903 ], [ -55.71485409, -12.1844945 ], [ -55.71472832316514, -12.184050244653832 ], [ -55.713929460322213, -12.181228382586466 ], [ -55.713916415694548, -12.181182304413825 ], [ -55.711927954435161, -12.181873859876603 ], [ -55.71066574, -12.18231284 ], [ -55.709724139821688, -12.182640312174925 ], [ -55.709484898851962, -12.182723516496029 ], [ -55.709511237926534, -12.182859421193021 ], [ -55.709572810033691, -12.182951779353759 ], [ -55.709603596087277, -12.183057331537462 ], [ -55.709709148270974, -12.183382784103879 ] ] ] ] } },
{ "type": "Feature", "properties": { }, "geometry": { "type": "MultiPolygon", "coordinates": [ [ [ [ -55.707474095164542, -12.175271605318855 ], [ -55.707559622029933, -12.175175552070028 ], [ -55.707683865746162, -12.175105183947561 ], [ -55.707783920420297, -12.174840753737348 ], [ -55.707808109462398, -12.174648890653431 ], [ -55.707667373217461, -12.17411783122918 ], [ -55.707540930497395, -12.173715413528816 ], [ -55.70744527383092, -12.173370169927955 ], [ -55.707186890881218, -12.172475725121268 ], [ -55.707046154636281, -12.171574133552141 ], [ -55.706936204444922, -12.170815477231779 ], [ -55.706879030345419, -12.170419656542894 ], [ -55.706777876169369, -12.168869358844761 ], [ -55.706652536538463, -12.167539366094593 ], [ -55.706632405668877, -12.166246649576971 ], [ -55.706550520678398, -12.165819985679208 ], [ -55.706539566758792, -12.165491368091034 ], [ -55.70552778, -12.16576945 ], [ -55.701801391192369, -12.16679360967229 ], [ -55.70180139, -12.16679361 ], [ -55.701801388807638, -12.166793610327712 ], [ -55.698075, -12.16781778 ], [ -55.69434861, -12.16884194 ], [ -55.69527324, -12.17175759 ], [ -55.69619787, -12.17467324 ], [ -55.697122496842013, -12.177588880041867 ], [ -55.697219806312482, -12.177567100819934 ], [ -55.697270191072356, -12.177555822162038 ], [ -55.698816009607448, -12.177209146192117 ], [ -55.700519607628898, -12.176827146521836 ], [ -55.704130654851689, -12.176017714785255 ], [ -55.707474095164542, -12.175271605318855 ] ] ], [ [ [ -55.711951213599789, -12.174273107684046 ], [ -55.711689499668097, -12.173348556075636 ], [ -55.711522226926455, -12.173477921115481 ], [ -55.711359500643248, -12.173697821498195 ], [ -55.711289132520776, -12.173834159735476 ], [ -55.711284734513121, -12.174018876056957 ], [ -55.711187978344732, -12.17409364218708 ], [ -55.711086824168682, -12.174159612301892 ], [ -55.710994466007939, -12.174282756516213 ], [ -55.710884515816588, -12.174383910692262 ], [ -55.710641691202326, -12.174566530856701 ], [ -55.711951213599789, -12.174273107684046 ] ] ] ] } },
{ "type": "Feature", "properties": { }, "geometry": { "type": "MultiPolygon", "coordinates": [ [ [ [ -55.654815415734419, -12.576542678358015 ], [ -55.65486379381862, -12.576569066403941 ], [ -55.654885783856891, -12.576621842495792 ], [ -55.655785176422185, -12.575911564259625 ], [ -55.656693365002809, -12.575082539816794 ], [ -55.657755483851318, -12.574158958209397 ], [ -55.658327224846374, -12.573807117597054 ], [ -55.659743383311053, -12.573085844341753 ], [ -55.661232108902041, -12.572558083423241 ], [ -55.662945132883394, -12.571955556374604 ], [ -55.663859918475481, -12.571634501815842 ], [ -55.664572395715474, -12.571243079134611 ], [ -55.665366236097093, -12.570946213617948 ], [ -55.665599330502765, -12.570823069403628 ], [ -55.665652106594614, -12.570585576990297 ], [ -55.66570488268647, -12.570392064653509 ], [ -55.665951171115111, -12.570255726416226 ], [ -55.6662018575514, -12.570189756301412 ], [ -55.666329399773375, -12.570361278599929 ], [ -55.66630301172745, -12.570673537143383 ], [ -55.666346991803991, -12.570743905265852 ], [ -55.666663648355097, -12.570704323196962 ], [ -55.66683517065362, -12.570823069403628 ], [ -55.667631210039048, -12.570937417602639 ], [ -55.668084204827437, -12.570946213617948 ], [ -55.668431647432129, -12.571003387717454 ], [ -55.669113338618551, -12.571214492084859 ], [ -55.669438791184966, -12.571218890092513 ], [ -55.669887387965701, -12.571192502046587 ], [ -55.670322790723475, -12.571166114000661 ], [ -55.670679029343475, -12.571042969786342 ], [ -55.671895078459883, -12.570801079365356 ], [ -55.672594361676914, -12.57081427338832 ], [ -55.673274953361407, -12.570746104269679 ], [ -55.673549828839803, -12.570697726185482 ], [ -55.674403042324727, -12.570473427795113 ], [ -55.674763678952381, -12.570394263657336 ], [ -55.67493740025472, -12.57026892043919 ], [ -55.675129383874165, -12.569856994420762 ], [ -55.67255803, -12.56934987 ], [ -55.66891384, -12.56863116 ], [ -55.66526965, -12.56791245 ], [ -55.66162546, -12.56719374 ], [ -55.661553163460773, -12.567146335004656 ], [ -55.662274436716075, -12.564364595163326 ], [ -55.662294227750515, -12.564296426044685 ], [ -55.66222605863188, -12.564263440987277 ], [ -55.662012755260648, -12.564237052941351 ], [ -55.660038049823875, -12.563799451179751 ], [ -55.653327789645338, -12.56241078026291 ], [ -55.65326181953052, -12.562412979266737 ], [ -55.653183754894663, -12.56249654141217 ], [ -55.652942963975583, -12.563491040892989 ], [ -55.65164044, -12.56886614 ], [ -55.65086882, -12.57212644 ], [ -55.65127935, -12.57224652 ], [ -55.65057079, -12.57513209 ], [ -55.64986223, -12.57801766 ], [ -55.65359703, -12.57895053 ], [ -55.651980491045947, -12.578546754511603 ], [ -55.652398710528374, -12.578268896362317 ], [ -55.652519622433296, -12.57819332642174 ], [ -55.652656620247342, -12.578039511663009 ], [ -55.653343822719599, -12.577687151771876 ], [ -55.653343822719606, -12.577687151771874 ], [ -55.653649943706036, -12.577501444026646 ], [ -55.654340430907759, -12.577123215368379 ], [ -55.654736251596646, -12.576617444488138 ], [ -55.654815415734419, -12.576542678358015 ] ] ], [ [ [ -55.6698159203412, -12.578133657626932 ], [ -55.670022626700948, -12.57784338912175 ], [ -55.670365671297965, -12.577434374409908 ], [ -55.670486616508462, -12.577080334793738 ], [ -55.670482218500808, -12.576541578856089 ], [ -55.670469024477846, -12.576493200771893 ], [ -55.670519601565871, -12.576475608741275 ], [ -55.670699919879695, -12.576442623683867 ], [ -55.670987989381047, -12.576414036634114 ], [ -55.671698267617224, -12.576169947209305 ], [ -55.671909371984633, -12.576125967132761 ], [ -55.672067700260186, -12.576174345216959 ], [ -55.672239222558701, -12.576134763148071 ], [ -55.672351371753884, -12.576064395025602 ], [ -55.672437132903156, -12.575989628895478 ], [ -55.672591063171055, -12.575996225906961 ], [ -55.67276038646574, -12.576055599010292 ], [ -55.672993480871433, -12.576035807975853 ], [ -55.673244167307729, -12.575987429891656 ], [ -55.673435480640684, -12.57596104184573 ], [ -55.673626793973646, -12.575998424910791 ], [ -55.673789520256854, -12.576132564144247 ], [ -55.673791719260684, -12.576304086442764 ], [ -55.673776326233892, -12.576578961921156 ], [ -55.673939052517106, -12.576642733032145 ], [ -55.674088584777351, -12.576620742993873 ], [ -55.674284296117968, -12.576548175867577 ], [ -55.674578962630804, -12.576587757936466 ], [ -55.674697708837463, -12.576649330043626 ], [ -55.674826350561368, -12.576626240503444 ], [ -55.674898917687663, -12.576517389814001 ], [ -55.674954992285251, -12.576324976979127 ], [ -55.675068240982363, -12.575734544451537 ], [ -55.675279345349772, -12.575351917785616 ], [ -55.675296937380388, -12.575202385525369 ], [ -55.67533212144162, -12.574819758859448 ], [ -55.675292539372734, -12.574516296331304 ], [ -55.675222171250269, -12.574248017864392 ], [ -55.675195783204337, -12.573984137405136 ], [ -55.675182589181375, -12.573689470892299 ], [ -55.675204579219645, -12.573271660165142 ], [ -55.675257355311501, -12.572928615568108 ], [ -55.675266151326809, -12.572603163001691 ], [ -55.675314529411004, -12.572515202848606 ], [ -55.675371703510514, -12.572387660626632 ], [ -55.675406887571746, -12.572202944305152 ], [ -55.675296937380388, -12.572114984152067 ], [ -55.67473399240064, -12.572356874573055 ], [ -55.674487703971998, -12.572440436718486 ], [ -55.673959943053489, -12.572625153039965 ], [ -55.67372684864781, -12.572682327139471 ], [ -55.673480560219168, -12.572717511200706 ], [ -55.673119923591521, -12.572739501238976 ], [ -55.672926411254728, -12.572726307216014 ], [ -55.671914869494252, -12.572950605606382 ], [ -55.671554232866605, -12.572928615568109 ], [ -55.670841755626611, -12.572633949055273 ], [ -55.670155666432542, -12.572295302465895 ], [ -55.669839009881436, -12.572211740320462 ], [ -55.669399209116023, -12.572343680550095 ], [ -55.669161716702689, -12.572488814802686 ], [ -55.668928622297017, -12.572761491277252 ], [ -55.668919826281709, -12.572998983690582 ], [ -55.668805478082696, -12.57313092392021 ], [ -55.6685547916464, -12.573289252195764 ], [ -55.668189757011092, -12.573451978478973 ], [ -55.667969856628382, -12.573434386448355 ], [ -55.667121041151098, -12.573394804379468 ], [ -55.666404165903451, -12.573364018325888 ], [ -55.666210653566658, -12.573302446218728 ], [ -55.665933579084438, -12.573328834264654 ], [ -55.665603728510369, -12.573434386448357 ], [ -55.665278275943955, -12.573588316716256 ], [ -55.665119947668401, -12.573601510739218 ], [ -55.664532813646531, -12.573632296792798 ], [ -55.664110604911727, -12.573676276869341 ], [ -55.664018246750985, -12.573737848976501 ], [ -55.663901699548148, -12.573766436026252 ], [ -55.663521271886069, -12.573711460930577 ], [ -55.663125451197182, -12.573544336639713 ], [ -55.662971520929283, -12.573605908746874 ], [ -55.662826386676691, -12.573658684838724 ], [ -55.662259043689296, -12.573880784225265 ], [ -55.66123430790585, -12.574215032806991 ], [ -55.660249154191277, -12.574626246522666 ], [ -55.659312378560919, -12.575079241311057 ], [ -55.65850314515253, -12.575571818168335 ], [ -55.657245314963419, -12.576447021691534 ], [ -55.655815962475792, -12.577656473796463 ], [ -55.654958350983208, -12.578289786898678 ], [ -55.65441739604173, -12.578707597625835 ], [ -55.654248072747052, -12.578938493027682 ], [ -55.654232179100646, -12.578968373082919 ], [ -55.65426424896399, -12.57906162886974 ], [ -55.66584122092376, -12.581959924286163 ], [ -55.666753807512023, -12.582149038615299 ], [ -55.66689454375696, -12.582153436622953 ], [ -55.671585018920233, -12.583378281754667 ], [ -55.672375218016576, -12.583610589729538 ], [ -55.67262339, -12.58274812 ], [ -55.674731105454939, -12.583225643969547 ], [ -55.675177091671678, -12.583250739532675 ], [ -55.675524534276363, -12.583283724590082 ], [ -55.675764225693548, -12.583318908651322 ], [ -55.676355757723051, -12.583301316620704 ], [ -55.67658445412107, -12.583184769417866 ], [ -55.676665817262673, -12.583024242138485 ], [ -55.676848334580328, -12.582914291947128 ], [ -55.677235359253913, -12.582843923824658 ], [ -55.677497040709341, -12.582868112866755 ], [ -55.677593796877737, -12.58285711784762 ], [ -55.677642174961932, -12.582729575625645 ], [ -55.677604791896869, -12.582637217464907 ], [ -55.677470652663416, -12.582544859304166 ], [ -55.677134205077863, -12.582386531028613 ], [ -55.676718593354536, -12.582177625665034 ], [ -55.675830195808402, -12.581671854784794 ], [ -55.675399191058283, -12.581517924516895 ], [ -55.675280444851616, -12.581482740455661 ], [ -55.6751089225531, -12.58139917831023 ], [ -55.67470870385656, -12.581227656011713 ], [ -55.674497599489158, -12.581056133713195 ], [ -55.67431288316768, -12.580915397468258 ], [ -55.673846694356307, -12.58053716880999 ], [ -55.673433281636804, -12.580431616626287 ], [ -55.673283749376559, -12.580484392718139 ], [ -55.673200187231132, -12.580611934940112 ], [ -55.673182595200508, -12.580752671185049 ], [ -55.67323097328471, -12.580783457238629 ], [ -55.673222177269402, -12.580862621376406 ], [ -55.673147411139276, -12.580968173560109 ], [ -55.673156207154584, -12.581029745667269 ], [ -55.673213381254094, -12.581056133713195 ], [ -55.673327729453099, -12.580994561606035 ], [ -55.67345087366742, -12.580915397468258 ], [ -55.673622395965943, -12.580871417391716 ], [ -55.67390386845581, -12.58086701938406 ], [ -55.673943450524703, -12.58086701938406 ], [ -55.673956644547665, -12.580985765590727 ], [ -55.673952246540011, -12.581298024134179 ], [ -55.673917062478779, -12.58141237233319 ], [ -55.673688366080754, -12.581425566356154 ], [ -55.67345087366742, -12.581438760379116 ], [ -55.673266157345942, -12.581504730493931 ], [ -55.673033062940263, -12.581592690647016 ], [ -55.672905520718295, -12.581737824899607 ], [ -55.672861540641762, -12.581962123289973 ], [ -55.672654834282007, -12.582006103366517 ], [ -55.672575670144234, -12.581992909343553 ], [ -55.672430535891642, -12.582177625665032 ], [ -55.672263411600774, -12.582252391795155 ], [ -55.672096287309913, -12.582252391795155 ], [ -55.671656486544485, -12.582331555932933 ], [ -55.671498158268932, -12.58234914796355 ], [ -55.671449780184737, -12.582353545971204 ], [ -55.671243073824982, -12.582296371871699 ], [ -55.67075489497536, -12.582230401756885 ], [ -55.670521800569681, -12.58216443164207 ], [ -55.670172158961158, -12.582045685435407 ], [ -55.669818119344988, -12.581984113328248 ], [ -55.669677383100051, -12.581997307351211 ], [ -55.66950586080155, -12.581995108347384 ], [ -55.669387114594883, -12.581880760148373 ], [ -55.669274965399701, -12.581812591029731 ], [ -55.669160617200689, -12.581755416930225 ], [ -55.668947313829463, -12.581597088654672 ], [ -55.668949512833287, -12.58147614344418 ], [ -55.66898909490218, -12.581128700839491 ], [ -55.66912323413564, -12.580088572029252 ], [ -55.669270567392068, -12.579532224060992 ], [ -55.66927931353608, -12.579490242569745 ], [ -55.669429756877918, -12.579185975136809 ], [ -55.6693826209194, -12.578984337980925 ], [ -55.669333939972809, -12.578875035478202 ], [ -55.669393711606389, -12.578692204599024 ], [ -55.669499263790094, -12.578595448430631 ], [ -55.669622408004408, -12.578432722147422 ], [ -55.6698159203412, -12.578133657626932 ] ] ] ] } },
{ "type": "Feature", "properties": { }, "geometry": { "type": "MultiPolygon", "coordinates": [ [ [ [ -55.69958732204443, -12.18615501929051 ], [ -55.699673477867677, -12.186125120121169 ], [ -55.699478260198845, -12.185808018362351 ], [ -55.69958732204443, -12.18615501929051 ] ] ], [ [ [ -55.706766401637637, -12.175430439123108 ], [ -55.697271936013287, -12.177555433463018 ], [ -55.697005951716427, -12.177615027649507 ], [ -55.697278179636179, -12.178393244420107 ], [ -55.69945079541737, -12.185289320422006 ], [ -55.699673517802616, -12.186125106262308 ], [ -55.7031696, -12.18491184 ], [ -55.705287188868567, -12.184176958450136 ], [ -55.705370566440138, -12.184148023353281 ], [ -55.70533313065495, -12.183991908163996 ], [ -55.705247369505692, -12.183824783873133 ], [ -55.705207787436805, -12.183439958203383 ], [ -55.7051480208006, -12.183333417677975 ], [ -55.705106633260755, -12.183259639889558 ], [ -55.705031867130629, -12.183107908625486 ], [ -55.705014275100012, -12.182824237131785 ], [ -55.704891130885692, -12.182236003608025 ], [ -55.704721807591007, -12.181477347287663 ], [ -55.704533792763776, -12.180900108783039 ], [ -55.704384260503531, -12.180266795680824 ], [ -55.704192947170569, -12.179858880470888 ], [ -55.704100589009833, -12.179438870739906 ], [ -55.704098390006003, -12.179276144456697 ], [ -55.703957653761066, -12.179027657024232 ], [ -55.703777335447242, -12.178739587522877 ], [ -55.703715763340085, -12.178498796603805 ], [ -55.703498061961199, -12.178461413538743 ], [ -55.70341010180811, -12.178441622504298 ], [ -55.702949410506314, -12.178426229477509 ], [ -55.70268992805471, -12.178522985645904 ], [ -55.70259097288249, -12.178586756756889 ], [ -55.702417251580144, -12.178613144802815 ], [ -55.702148973113232, -12.178608746795161 ], [ -55.701609117673662, -12.178630736833433 ], [ -55.701501366486134, -12.178549373691828 ], [ -55.701400212310084, -12.178406438443064 ], [ -55.701332043191442, -12.17807878687282 ], [ -55.70117591391972, -12.177762130321714 ], [ -55.700984600586757, -12.177559821969616 ], [ -55.700851560855213, -12.177496050858629 ], [ -55.700884545912622, -12.177416886720852 ], [ -55.700954914035087, -12.17731133453715 ], [ -55.700996695107804, -12.177102429173571 ], [ -55.701086854264716, -12.176939702890364 ], [ -55.701278167597678, -12.176816558676043 ], [ -55.701416704838799, -12.176737394538266 ], [ -55.701594824148799, -12.176693414461724 ], [ -55.701720167366943, -12.176651633389008 ], [ -55.701887291657805, -12.176572469251232 ], [ -55.702061012960151, -12.176528489174688 ], [ -55.702197351197434, -12.176535086186171 ], [ -55.702386465526565, -12.176596658293329 ], [ -55.702825166790078, -12.176618648331601 ], [ -55.703053863188103, -12.176598857297156 ], [ -55.703205594452172, -12.176605454308639 ], [ -55.703350728704763, -12.176631842354563 ], [ -55.70341449981575, -12.17663404135839 ], [ -55.703594818129581, -12.176574668255059 ], [ -55.703779534451058, -12.176438330017776 ], [ -55.703913673684511, -12.176433932010122 ], [ -55.704373265484392, -12.176308588791974 ], [ -55.704806469238342, -12.176275603734567 ], [ -55.705173702877474, -12.176264608715432 ], [ -55.705772931420377, -12.176167852547037 ], [ -55.706068545801472, -12.176132236356544 ], [ -55.70616598075015, -12.176084031697725 ], [ -55.706334844431204, -12.176061426946813 ], [ -55.706410642530244, -12.176011723275311 ], [ -55.706742692108143, -12.175912768103089 ], [ -55.706919704680551, -12.175916417846851 ], [ -55.707162082224251, -12.175660164853038 ], [ -55.707219875938641, -12.175514748410377 ], [ -55.707288045057282, -12.175455375307045 ], [ -55.707360612183578, -12.175387206188404 ], [ -55.707449518287156, -12.175278177471158 ], [ -55.706766401637637, -12.175430439123108 ] ] ], [ [ [ -55.71033414, -12.18242548 ], [ -55.71391641, -12.1811823 ], [ -55.71354328439282, -12.179870467438606 ], [ -55.712934036377845, -12.177728494604281 ], [ -55.711951659377846, -12.174274684604281 ], [ -55.711944563523787, -12.17427626621566 ], [ -55.710639883494004, -12.174567890372879 ], [ -55.710085177925386, -12.175165106801858 ], [ -55.709821297466128, -12.175468569330002 ], [ -55.709451864823166, -12.176137066493453 ], [ -55.709267148501688, -12.17646251905987 ], [ -55.709161596317983, -12.176651633389003 ], [ -55.709144004287367, -12.17679236963394 ], [ -55.709007666050084, -12.176968289940111 ], [ -55.708836143751569, -12.177025464039616 ], [ -55.708660223445399, -12.177289344498874 ], [ -55.70838754697084, -12.178109572926395 ], [ -55.70820722865701, -12.178562567714787 ], [ -55.708154452565161, -12.178804458135771 ], [ -55.708246810725903, -12.179037552541448 ], [ -55.708202830649356, -12.179323423038976 ], [ -55.708624719641449, -12.180558267075183 ], [ -55.708699261202099, -12.180730592354598 ], [ -55.70893480744413, -12.181533313870457 ], [ -55.709176954297554, -12.182217227325879 ], [ -55.709333118616513, -12.182406426404624 ], [ -55.709425476777255, -12.182604336749066 ], [ -55.709484296247702, -12.182720407170754 ], [ -55.71033414, -12.18242548 ] ] ] ] } },
{ "type": "Feature", "properties": { }, "geometry": { "type": "Polygon", "coordinates": [ [ [ -55.402184171280332, -13.680143771557656 ], [ -55.402334043000913, -13.679878929750046 ], [ -55.402444714541161, -13.679687371749305 ], [ -55.402459839651655, -13.679666745140493 ], [ -55.402421518308479, -13.679178178407948 ], [ -55.402057837789421, -13.678592969200617 ], [ -55.401987017827146, -13.678369641359636 ], [ -55.401881639296541, -13.678122801410593 ], [ -55.401879936470905, -13.677946496958278 ], [ -55.401835904778252, -13.677703862592789 ], [ -55.401683868594311, -13.677450299263903 ], [ -55.401567242391508, -13.677308400165202 ], [ -55.401492093642908, -13.677144678370649 ], [ -55.401463602547658, -13.676987679157437 ], [ -55.401436850139156, -13.676756799821034 ], [ -55.401376390575166, -13.676590560983543 ], [ -55.401353079679041, -13.676462106787309 ], [ -55.401294358801785, -13.676221987555438 ], [ -55.401164782101141, -13.676008724128058 ], [ -55.40115616038964, -13.67587775294742 ], [ -55.401187313306679, -13.675548652704194 ], [ -55.400921384463985, -13.674166708789596 ], [ -55.400877388632431, -13.673673881947341 ], [ -55.400845456024804, -13.673414453609409 ], [ -55.400696897214367, -13.673013123298658 ], [ -55.400579419598749, -13.672783067350471 ], [ -55.400423977763538, -13.672176881310683 ], [ -55.400210630602778, -13.671668915188297 ], [ -55.399876328452891, -13.67107865388237 ], [ -55.399824064893991, -13.670999307552931 ], [ -55.393958661284373, -13.667907152940405 ], [ -55.393839456336444, -13.668019633516636 ], [ -55.393603312455454, -13.668312037468478 ], [ -55.393354085861588, -13.668587302242271 ], [ -55.393179676222289, -13.668835212858063 ], [ -55.393109110997081, -13.668968429837705 ], [ -55.393091460836203, -13.669063510237155 ], [ -55.393110161361633, -13.669578728138021 ], [ -55.393068599983742, -13.669789341347931 ], [ -55.392964475269309, -13.669875012030614 ], [ -55.392840446185268, -13.669905952317809 ], [ -55.392747698769504, -13.66999936376228 ], [ -55.392665183838879, -13.670149162594505 ], [ -55.392536599112915, -13.670209953652767 ], [ -55.392473451563475, -13.670191702570916 ], [ -55.392365355420033, -13.670200532808638 ], [ -55.392254409048853, -13.670248611748621 ], [ -55.392122974095166, -13.67034865146714 ], [ -55.390890041899944, -13.670918424624409 ], [ -55.390648805388622, -13.671017896397039 ], [ -55.390539564431641, -13.671075373036439 ], [ -55.390371147354237, -13.671191438651938 ], [ -55.390371707954884, -13.671249482909873 ], [ -55.390288071822951, -13.671283192490776 ], [ -55.39023004051608, -13.671293135065879 ], [ -55.390181096880795, -13.671408111139566 ], [ -55.390102576991424, -13.67147001425039 ], [ -55.390005858146637, -13.671486585195511 ], [ -55.389921077201166, -13.671568941073206 ], [ -55.389649656610629, -13.671886764654833 ], [ -55.389619496143638, -13.671940382183701 ], [ -55.389515932029859, -13.67208409613632 ], [ -55.38946245636491, -13.672064188109303 ], [ -55.389370293162031, -13.672050908442632 ], [ -55.389304855985507, -13.672129949943173 ], [ -55.389319059899663, -13.672263176531148 ], [ -55.389335529828656, -13.672463844815598 ], [ -55.389258715353471, -13.672535145456957 ], [ -55.38918930674793, -13.672537347258672 ], [ -55.389084060832204, -13.6725069290887 ], [ -55.388991313416447, -13.672600339501713 ], [ -55.388983907546802, -13.672669438301291 ], [ -55.389072075708413, -13.672770612306087 ], [ -55.389058408782667, -13.672860163731078 ], [ -55.388955989482412, -13.672955231088128 ], [ -55.388963932340459, -13.673108909863037 ], [ -55.388848990928011, -13.673244882405365 ], [ -55.388775026680555, -13.673276934618837 ], [ -55.388711294918224, -13.673365373482804 ], [ -55.388628779987599, -13.67351517017434 ], [ -55.388642423301107, -13.673590352312001 ], [ -55.388686787682225, -13.673669960950949 ], [ -55.388790888784413, -13.67374902485115 ], [ -55.38879144938506, -13.673807068478787 ], [ -55.388743650563327, -13.673873397480568 ], [ -55.388673097144228, -13.673924245114014 ], [ -55.388580933941363, -13.673910965552221 ], [ -55.388528603089952, -13.673842411828515 ], [ -55.388456344256689, -13.673883861714847 ], [ -55.388410811449766, -13.674017632021897 ], [ -55.388300425679247, -13.674123753732299 ], [ -55.388179223210678, -13.674280178240746 ], [ -55.388141656874069, -13.674402893515715 ], [ -55.388162682444971, -13.674573709726781 ], [ -55.388204196598366, -13.674692565995377 ], [ -55.388159808605003, -13.674777690185152 ], [ -55.38809381082784, -13.674798687401626 ], [ -55.388019285979738, -13.674772696028294 ], [ -55.387970926557351, -13.674780981384812 ], [ -55.387966931516083, -13.674868874974704 ], [ -55.387965178877415, -13.675188941765777 ], [ -55.387876987103553, -13.675252500950807 ], [ -55.387801878042552, -13.675333198444223 ], [ -55.387831454296652, -13.675386270480404 ], [ -55.387887195976447, -13.675473619136518 ], [ -55.387877500479732, -13.675640008082718 ], [ -55.387789308705869, -13.675703567145996 ], [ -55.387746626126692, -13.67579808864809 ], [ -55.387790990507817, -13.675877696540699 ], [ -55.387854698657897, -13.675953990280382 ], [ -55.387807460436811, -13.676078361745235 ], [ -55.387670909240555, -13.676150205998532 ], [ -55.387698195867557, -13.67630056856731 ], [ -55.387626497634947, -13.676400061009451 ], [ -55.387535455633362, -13.676502867527883 ], [ -55.387535432021117, -13.676667598688784 ], [ -55.387553046763649, -13.676819617984084 ], [ -55.387431844295108, -13.676976040701684 ], [ -55.387333372811639, -13.677312675163657 ], [ -55.387338465441964, -13.677505598588015 ], [ -55.387248544641679, -13.677724489962026 ], [ -55.387152362785308, -13.677963833364609 ], [ -55.38711365163514, -13.678135191694089 ], [ -55.387094284253948, -13.678303235805892 ], [ -55.38715628698985, -13.678370131184851 ], [ -55.387102227111988, -13.678456911090498 ], [ -55.387040200763849, -13.678554745576703 ], [ -55.386975324187986, -13.678691827317671 ], [ -55.386915003254039, -13.678799059264254 ], [ -55.386854682320084, -13.678906291161994 ], [ -55.386823937640223, -13.679066594217483 ], [ -55.386774994004931, -13.67918156649573 ], [ -55.386701590358136, -13.679271660181625 ], [ -55.386653207323498, -13.679444674597606 ], [ -55.38667820432341, -13.679692324377447 ], [ -55.386679325524717, -13.679808408688155 ], [ -55.386669069427356, -13.679916752463679 ], [ -55.386693505826621, -13.680106359686446 ], [ -55.386694627027914, -13.680222443792976 ], [ -55.386646804593937, -13.680453499499277 ], [ -55.386579662003243, -13.680523140690411 ], [ -55.386579638390984, -13.680687869038204 ], [ -55.386643907141732, -13.680822203117286 ], [ -55.38668486069448, -13.680883014362525 ], [ -55.386763356971613, -13.680985841865583 ], [ -55.386785527356047, -13.681108008950618 ], [ -55.386767865389039, -13.681285448398977 ], [ -55.38675134823557, -13.681414243426939 ], [ -55.38686624242353, -13.681607731125819 ], [ -55.386935066816179, -13.681712215334766 ], [ -55.387037462504182, -13.681781879095704 ], [ -55.387149530076655, -13.681849885814511 ], [ -55.387244519895027, -13.681988645599287 ], [ -55.387284328634244, -13.682098100698498 ], [ -55.387359414082994, -13.682182132825954 ], [ -55.387544861690031, -13.682324774085409 ], [ -55.387626208194888, -13.682388354286051 ], [ -55.387778645107232, -13.682623857165233 ], [ -55.38785655717146, -13.682833369325362 ], [ -55.38793276382151, -13.683033483910398 ], [ -55.388000443400628, -13.683186611416742 ], [ -55.388069828393917, -13.6833491361998 ], [ -55.388296205941458, -13.683717313534867 ], [ -55.388387784931453, -13.683837277506024 ], [ -55.388506674160688, -13.683942873043673 ], [ -55.388501534305874, -13.684079406958647 ], [ -55.388521999276129, -13.684192175095539 ], [ -55.388642593919556, -13.684307167812014 ], [ -55.388701746427714, -13.684413307825977 ], [ -55.388720505983791, -13.684516678473514 ], [ -55.388849604085912, -13.684843383090611 ], [ -55.388927539762392, -13.684888167982152 ], [ -55.389006596640151, -13.685049034591035 ], [ -55.389069720577353, -13.68523200968831 ], [ -55.389222718090345, -13.685525550459923 ], [ -55.389330767009312, -13.685846170386663 ], [ -55.389630524591439, -13.686288977213746 ], [ -55.389784106317322, -13.68647583294887 ], [ -55.389980907610784, -13.686790935938889 ], [ -55.390101502254211, -13.686905927385313 ], [ -55.390133905123768, -13.687084474765586 ], [ -55.390278375565828, -13.687331027145097 ], [ -55.390435368120087, -13.687536676471179 ], [ -55.390516130412053, -13.687706938471532 ], [ -55.390686229291404, -13.687765001598967 ], [ -55.390718632160976, -13.687943548327262 ], [ -55.390769794586603, -13.688225463938144 ], [ -55.390797641814274, -13.688433858813241 ], [ -55.390952928954341, -13.688630110010221 ], [ -55.390988742652276, -13.688827450397371 ], [ -55.390979607756208, -13.689051869771315 ], [ -55.39103418101022, -13.689352578327467 ], [ -55.391130292029878, -13.689607413164456 ], [ -55.39110181336487, -13.689835145724857 ], [ -55.391026680691638, -13.690080559990518 ], [ -55.391044856034817, -13.690290610184221 ], [ -55.391118796670021, -13.6904232818199 ], [ -55.391092607632075, -13.690553728806202 ], [ -55.391060741750913, -13.69059794499648 ], [ -55.391107932747524, -13.690803023852794 ], [ -55.391003784420839, -13.691053407978739 ], [ -55.390822845231234, -13.691210365906603 ], [ -55.390732340218065, -13.691535926004056 ], [ -55.390611698350163, -13.691750378142 ], [ -55.39050757363573, -13.691836040831925 ], [ -55.390448958115968, -13.691952663821187 ], [ -55.390401719894868, -13.692077026830781 ], [ -55.390263463284448, -13.692139469174942 ], [ -55.390215103862047, -13.69214775392005 ], [ -55.390136023372015, -13.69215161248726 ], [ -55.389949967939849, -13.692280378625703 ], [ -55.389807739900398, -13.692265987820486 ], [ -55.389561971359392, -13.692230578413866 ], [ -55.389266137981821, -13.692194056722403 ], [ -55.388765513228236, -13.692018213627115 ], [ -55.388168193242102, -13.691694219384409 ], [ -55.387857595349736, -13.691466442741447 ], [ -55.387627783361559, -13.691244204356677 ], [ -55.387405377243034, -13.690952872350167 ], [ -55.387304686969209, -13.690892608379629 ], [ -55.386966265461417, -13.690291716552691 ], [ -55.386775725224055, -13.689956167063778 ], [ -55.386506712321797, -13.689353071200134 ], [ -55.38635373842105, -13.688894812716846 ], [ -55.386316219308924, -13.688688075223473 ], [ -55.386285521853537, -13.688518926230119 ], [ -55.385849844512578, -13.687711834667233 ], [ -55.385733268522664, -13.687344231204602 ], [ -55.385729881306524, -13.687160713069147 ], [ -55.385467153072618, -13.686372434300086 ], [ -55.385363659795566, -13.686021966291987 ], [ -55.385178235800765, -13.685714602559624 ], [ -55.384979752705341, -13.685225375777208 ], [ -55.384368323254037, -13.684109250083335 ], [ -55.384041839645548, -13.683574122510102 ], [ -55.38378359621683, -13.683250162522237 ], [ -55.383519091732019, -13.682946653887548 ], [ -55.383335933752058, -13.682706724976075 ], [ -55.382996928031368, -13.682212497941318 ], [ -55.382892289940763, -13.681910667931747 ], [ -55.382838277287412, -13.681667991554313 ], [ -55.382817835929387, -13.68139049446714 ], [ -55.382798539384915, -13.681064352693864 ], [ -55.382648999924783, -13.680460144646641 ], [ -55.382554712380532, -13.679391052857133 ], [ -55.382491753729035, -13.678054965114741 ], [ -55.382669960752118, -13.677113593317477 ], [ -55.382717806798347, -13.676717803322608 ], [ -55.382810577826341, -13.676459663351704 ], [ -55.382840761905562, -13.676241315507882 ], [ -55.382958040169584, -13.675678590538402 ], [ -55.383023524570582, -13.675270086297411 ], [ -55.383127112296599, -13.674961642049835 ], [ -55.383191428271822, -13.674766514760258 ], [ -55.383391711230395, -13.674606231720016 ], [ -55.383469670519119, -13.674486285987582 ], [ -55.383541952964627, -13.674280103491402 ], [ -55.383982982670588, -13.673468106576511 ], [ -55.384434805462341, -13.672770537556262 ], [ -55.384670388742684, -13.672420095183481 ], [ -55.384826867920793, -13.672238245444982 ], [ -55.385007830722635, -13.671916540495531 ], [ -55.385350412557401, -13.67127644347034 ], [ -55.38565942309679, -13.670671166755586 ], [ -55.3858409464993, -13.670407504131269 ], [ -55.385945094825978, -13.670157098042665 ], [ -55.38615960531093, -13.66996530392637 ], [ -55.386313257873546, -13.669657965117674 ], [ -55.386662637752799, -13.669220190114721 ], [ -55.387120113775516, -13.668773584007413 ], [ -55.387294791909028, -13.668637064160379 ], [ -55.387501896524356, -13.668514368825001 ], [ -55.387755655147899, -13.668373989870817 ], [ -55.388025930924904, -13.66810480859596 ], [ -55.388240441409877, -13.667913012808874 ], [ -55.388415119543374, -13.667776492463185 ], [ -55.388483406947621, -13.667658200374312 ], [ -55.388576738576276, -13.667458095666245 ], [ -55.38866551456303, -13.66728784196555 ], [ -55.388738357609178, -13.667139698439048 ], [ -55.388805523812131, -13.666905315416869 ], [ -55.388957470960541, -13.666588574571618 ], [ -55.38910883389606, -13.666378526173082 ], [ -55.389141283990128, -13.666227612541237 ], [ -55.389156119341656, -13.665924672583964 ], [ -55.389177776349939, -13.665659324568628 ], [ -55.389227280585864, -13.665602391338613 ], [ -55.389368948024675, -13.665558738128212 ], [ -55.389452870360003, -13.665512865834526 ], [ -55.370939028190548, -13.655828157260171 ], [ -55.370834903476116, -13.655913833017506 ], [ -55.370834879863871, -13.656078578572457 ], [ -55.370799390644159, -13.657586708965802 ], [ -55.370795371990646, -13.657839353294177 ], [ -55.370882955939365, -13.658047230309752 ], [ -55.371153160879643, -13.658272269653077 ], [ -55.371801059078507, -13.658984956845757 ], [ -55.372379011683435, -13.659477053637604 ], [ -55.37267309242236, -13.659833668054308 ], [ -55.372906875839554, -13.660132779692855 ], [ -55.373104261345908, -13.660341222373479 ], [ -55.37335000627467, -13.660541379012827 ], [ -55.373474011746453, -13.660675179839361 ], [ -55.373509825444408, -13.660872543654328 ], [ -55.373393178617775, -13.660999124990353 ], [ -55.373162735192217, -13.661213037257482 ], [ -55.372984085629696, -13.661272718195466 ], [ -55.37285835113147, -13.661294261356167 ], [ -55.372755955443459, -13.661224591535651 ], [ -55.372171741782431, -13.660752952117846 ], [ -55.371769564900063, -13.660405169696489 ], [ -55.371626799872196, -13.660167987427743 ], [ -55.371088656006478, -13.65978535754574 ], [ -55.370437883967654, -13.659276666650415 ], [ -55.370136957959737, -13.65904720146583 ], [ -55.369899179501274, -13.658835988020618 ], [ -55.369714900320034, -13.658479939786488 ], [ -55.369419745604304, -13.657677739795881 ], [ -55.36933615669686, -13.657381962374661 ], [ -55.369291231715081, -13.657244300540041 ], [ -55.369304338040166, -13.657096695451445 ], [ -55.369380639139187, -13.656637852394622 ], [ -55.369497941015439, -13.65591033505159 ], [ -55.369615051991488, -13.655471706804478 ], [ -55.369652662226891, -13.655303367160602 ], [ -55.369620285982286, -13.655124942418491 ], [ -55.356884093435887, -13.64841388546265 ], [ -55.356798539462616, -13.648505815478341 ], [ -55.35670974786489, -13.648579902482874 ], [ -55.356659408950115, -13.648636362047624 ], [ -55.356640169160727, -13.648739006467366 ], [ -55.356648790872249, -13.648869992728427 ], [ -55.356603419303411, -13.648932960164901 ], [ -55.356455223442431, -13.649013546262138 ], [ -55.356328200980222, -13.649064747550327 ], [ -55.356283255117809, -13.649171796450025 ], [ -55.3562214646429, -13.649248615750802 ], [ -55.356142616702307, -13.649273164737133 ], [ -55.356078023274648, -13.649313668929 ], [ -55.356021634817353, -13.649378523959536 ], [ -55.355985763268698, -13.649472979260416 ], [ -55.355948596670252, -13.649560297362848 ], [ -55.355881838849413, -13.64963060861542 ], [ -55.355631235437421, -13.649835448014128 ], [ -55.355585429196893, -13.649916887304629 ], [ -55.355522343672213, -13.649986569215059 ], [ -55.355367663597036, -13.650094022666812 ], [ -55.355286855151206, -13.650232972680364 ], [ -55.355158094002277, -13.650358062021148 ], [ -55.355072548994286, -13.650387437929547 ], [ -55.354950706731238, -13.650467187454565 ], [ -55.354845700115362, -13.650639719636098 ], [ -55.354750628191361, -13.650825267469523 ], [ -55.354540207183796, -13.651001143683365 ], [ -55.354406691542124, -13.651141765308736 ], [ -55.354029065667923, -13.651397804177259 ], [ -55.353881730185037, -13.651503998522605 ], [ -55.353829005058614, -13.651630776756063 ], [ -55.353743016413674, -13.651741177487137 ], [ -55.353643207927512, -13.651817151168654 ], [ -55.353546858884279, -13.651870455092537 ], [ -55.35339650759542, -13.651918294055596 ], [ -55.3533213229857, -13.652004766471 ], [ -55.353237924440322, -13.652129441193527 ], [ -55.35316749432333, -13.652200380910363 ], [ -55.353085390827722, -13.652332192606504 ], [ -55.353005895362251, -13.65235317273387 ], [ -55.352952318823014, -13.652391788708584 ], [ -55.352882758049418, -13.652425784520412 ], [ -55.352788573399351, -13.652449281556656 ], [ -55.352717717575963, -13.652476140287767 ], [ -55.352711224396465, -13.652565560516589 ], [ -55.352568643406308, -13.652656221745085 ], [ -55.352489147940844, -13.652677201843634 ], [ -55.352430391202468, -13.652687269502442 ], [ -55.352309843989197, -13.652774155313615 ], [ -55.352225576100444, -13.652935773381518 ], [ -55.352201803636802, -13.653013436235009 ], [ -55.352092060458773, -13.653076393853627 ], [ -55.351984038036917, -13.65319056927207 ], [ -55.351955511080554, -13.653283764592514 ], [ -55.351888966112938, -13.653376115099086 ], [ -55.35180643691092, -13.653463845433256 ], [ -55.351676806418602, -13.653625876704751 ], [ -55.351545029463679, -13.653692609515813 ], [ -55.351490583581075, -13.653768168892904 ], [ -55.351622342605445, -13.653826541028607 ], [ -55.351657752586569, -13.653938216606468 ], [ -55.351746739106943, -13.654011276428196 ], [ -55.351813691850431, -13.654088111576868 ], [ -55.351798984735275, -13.654215733195509 ], [ -55.35184995324439, -13.65428794815748 ], [ -55.35188536322552, -13.654399623516873 ], [ -55.351919903863276, -13.654548242322861 ], [ -55.351925935475236, -13.654664951346147 ], [ -55.352049906270338, -13.65480560563485 ], [ -55.352064133887403, -13.655009216942364 ], [ -55.352072329892515, -13.655096119321925 ], [ -55.352087001146543, -13.655218706619895 ], [ -55.352230415618962, -13.655341311277873 ], [ -55.352544050763974, -13.655442108675501 ], [ -55.352934573344342, -13.655632756192528 ], [ -55.353745404650077, -13.65617820091305 ], [ -55.355451742926192, -13.657276654589987 ], [ -55.355673783520707, -13.65741522154987 ], [ -55.356036204851108, -13.65774314096069 ], [ -55.35649669598093, -13.658068974150156 ], [ -55.356899299715757, -13.658367931408797 ], [ -55.357886844873576, -13.658802145094667 ], [ -55.358447126559014, -13.659177107581115 ], [ -55.358668741447111, -13.65927159380478 ], [ -55.35922040142102, -13.659515575268347 ], [ -55.359553905949767, -13.659642401465236 ], [ -55.359767750539163, -13.659694066381775 ], [ -55.360365234684153, -13.659731509851703 ], [ -55.360883649070075, -13.659834012303874 ], [ -55.361512214409885, -13.660042740058641 ], [ -55.362451381158174, -13.660419011258101 ], [ -55.363070863218951, -13.66070288198604 ], [ -55.363860955797591, -13.661259227019352 ], [ -55.364735706110302, -13.661948239230691 ], [ -55.364796627241816, -13.661908366412831 ], [ -55.364921485310859, -13.661886973473937 ], [ -55.36510854163064, -13.661957945101843 ], [ -55.365192773658279, -13.662046534412294 ], [ -55.365195771533699, -13.662229987542162 ], [ -55.3652558053913, -13.662352157470201 ], [ -55.365522303384871, -13.662777450454396 ], [ -55.365608238238153, -13.663042355196268 ], [ -55.365809060607496, -13.663523051365491 ], [ -55.365965851284159, -13.663761097826761 ], [ -55.366080295163243, -13.664057909885157 ], [ -55.366204265958345, -13.664198558570183 ], [ -55.366246151188392, -13.664345912804214 ], [ -55.366308331508591, -13.664563375629211 ], [ -55.366406383377452, -13.664686389084277 ], [ -55.366623669479246, -13.6648404834782 ], [ -55.366778739399706, -13.665027313374603 ], [ -55.36728539075424, -13.665816175684864 ], [ -55.367752321271858, -13.666427877550012 ], [ -55.368114298965288, -13.666836804216363 ], [ -55.368342796878181, -13.667136146584122 ], [ -55.368754448030941, -13.667610146285796 ], [ -55.368882729681793, -13.667816280709591 ], [ -55.36916911498966, -13.668142496202041 ], [ -55.369453779541345, -13.66841749674551 ], [ -55.369723275410344, -13.669026226622549 ], [ -55.369925002984147, -13.669219776117007 ], [ -55.370073579725151, -13.66949601634793 ], [ -55.370331881713625, -13.669834399525014 ], [ -55.370437260244202, -13.670081248161743 ], [ -55.370588445015336, -13.6702466643 ], [ -55.370734875293735, -13.670427611743314 ], [ -55.370827729032889, -13.670647172031906 ], [ -55.370950812554057, -13.670949853569462 ], [ -55.371051880228897, -13.671131214118047 ], [ -55.371337378262844, -13.671619461345411 ], [ -55.371459184664779, -13.671789909824893 ], [ -55.371513168979874, -13.671920469634893 ], [ -55.371644466436706, -13.672184950453898 ], [ -55.371834946338318, -13.67248344131745 ], [ -55.371954588347101, -13.67268369336689 ], [ -55.372008998368592, -13.672858329767561 ], [ -55.372148509761089, -13.673084610596998 ], [ -55.372356712583837, -13.673313838967436 ], [ -55.372493190239808, -13.673606863954346 ], [ -55.37264306203059, -13.673890235464503 ], [ -55.372755359447076, -13.674091744660831 ], [ -55.372823163603364, -13.674256726920259 ], [ -55.372948855154654, -13.674448582713712 ], [ -55.373014938554768, -13.674562351561892 ], [ -55.373058988177981, -13.674679895374839 ], [ -55.373154449947265, -13.674788630754053 ], [ -55.37320885996877, -13.674963265593826 ], [ -55.373330222733728, -13.67521472856517 ], [ -55.373531506670602, -13.67548928979171 ], [ -55.373690887446848, -13.675741596898209 ], [ -55.373917664603518, -13.675989715098801 ], [ -55.374102094962623, -13.676296595822482 ], [ -55.374532320449319, -13.676789469442195 ], [ -55.374934462616615, -13.677294511655138 ], [ -55.375102483034937, -13.677552694815885 ], [ -55.375126663274415, -13.677644208544201 ], [ -55.375279143095334, -13.677816755675568 ], [ -55.375301602578631, -13.677857056856583 ], [ -55.375555647503013, -13.677754666777979 ], [ -55.375747884021948, -13.677854178843278 ], [ -55.37594528280944, -13.678107328104009 ], [ -55.375967298655766, -13.678228645110103 ], [ -55.376155632094779, -13.678431839968125 ], [ -55.37630768620928, -13.678560310511697 ], [ -55.376347407046183, -13.678737459190481 ], [ -55.376424294481531, -13.67882730050861 ], [ -55.376482607582936, -13.678898249610906 ], [ -55.376515853170901, -13.67903971669784 ], [ -55.3765962000492, -13.67910689078743 ], [ -55.376652348757439, -13.679207643174893 ], [ -55.376778040308729, -13.679399494934158 ], [ -55.376867452535514, -13.679516622701545 ], [ -55.376972848996658, -13.679638370033803 ], [ -55.377061391880069, -13.679792437223966 ], [ -55.377060948243106, -13.679873452532735 ], [ -55.377133081185718, -13.679978824208581 ], [ -55.377158130768578, -13.680033397495752 ], [ -55.377272592578223, -13.680205098195087 ], [ -55.377387480094285, -13.680420874439607 ], [ -55.377561975761523, -13.680714735260667 ], [ -55.377615534370193, -13.680801214531089 ], [ -55.377775358783389, -13.680972501042195 ], [ -55.377894557155216, -13.681253760705468 ], [ -55.378247451569607, -13.681737798409799 ], [ -55.378412863957799, -13.682106794249945 ], [ -55.378556278430217, -13.682229384916077 ], [ -55.378684542150502, -13.682560596211813 ], [ -55.37877003336682, -13.682906492968264 ], [ -55.37897176094063, -13.683100031053614 ], [ -55.379067222709935, -13.683208762543698 ], [ -55.379106943546837, -13.683385907724013 ], [ -55.379269783766013, -13.683615539687944 ], [ -55.379408425815136, -13.683878749078458 ], [ -55.379452457507803, -13.684121377078775 ], [ -55.379607527428263, -13.684308191679055 ], [ -55.379745761701564, -13.684402236778334 ], [ -55.379892635616919, -13.68450215965513 ], [ -55.379948340688202, -13.684683923385924 ], [ -55.380089147130491, -13.684917328938777 ], [ -55.380166885978646, -13.685095317496231 ], [ -55.380224329736677, -13.685203203401443 ], [ -55.380235559478322, -13.685223353360442 ], [ -55.380289118086999, -13.685309830974118 ], [ -55.380304658684416, -13.685395463893764 ], [ -55.380306805147001, -13.685490749419111 ], [ -55.380336609222603, -13.685529791004239 ], [ -55.38040615206566, -13.685620888011009 ], [ -55.380400953935954, -13.685717431725971 ], [ -55.380369836880028, -13.685796342053861 ], [ -55.380343048610399, -13.685815647301327 ], [ -55.380293800857487, -13.685794652732234 ], [ -55.38026745622485, -13.685732944716023 ], [ -55.38024629179133, -13.6856997809498 ], [ -55.380216044078772, -13.685741752681556 ], [ -55.380171532888028, -13.685830315624223 ], [ -55.379985717826344, -13.686141750749204 ], [ -55.379924778764263, -13.686306707141711 ], [ -55.379893218071359, -13.686466630311061 ], [ -55.379805934376634, -13.68656987867908 ], [ -55.379731601179728, -13.686744487356854 ], [ -55.379576921104544, -13.686851924045282 ], [ -55.379528099058049, -13.68687500403029 ], [ -55.379351828842935, -13.686905202621301 ], [ -55.379223937037374, -13.686993334087076 ], [ -55.379159556462895, -13.687055869007633 ], [ -55.379040304299416, -13.687149878165942 ], [ -55.378997957501824, -13.687208638226146 ], [ -55.378951725554877, -13.687245990215018 ], [ -55.37882816253564, -13.68727451686877 ], [ -55.378691205381571, -13.687312696081191 ], [ -55.378631597230402, -13.687234613496155 ], [ -55.378495953056685, -13.687154841573349 ], [ -55.378361603932746, -13.687082205647783 ], [ -55.37824841924234, -13.687042733281405 ], [ -55.378085117455633, -13.687019204852579 ], [ -55.377942998032985, -13.686903752711475 ], [ -55.377756385350182, -13.68675177568816 ], [ -55.377684252407548, -13.686646407044883 ], [ -55.377502837854436, -13.686397886459197 ], [ -55.377303736241295, -13.685968447672433 ], [ -55.377232472642056, -13.685826140089544 ], [ -55.377133551429814, -13.685740076285391 ], [ -55.377104634628154, -13.685539008101866 ], [ -55.376943958802137, -13.685279575418182 ], [ -55.376708116296953, -13.684981514399862 ], [ -55.376325417806981, -13.68445844161069 ], [ -55.376259334406868, -13.68434467754512 ], [ -55.376136232955155, -13.684167102042418 ], [ -55.376096937824656, -13.684034032443943 ], [ -55.376071462535386, -13.683935385080403 ], [ -55.376032593111312, -13.683846390379824 ], [ -55.375957870069115, -13.68372674818403 ], [ -55.375922460087985, -13.683615086725515 ], [ -55.375909953227115, -13.683462711375968 ], [ -55.375891822530129, -13.683362805479447 ], [ -55.375834804478515, -13.683298993861921 ], [ -55.375803297577285, -13.683083651302098 ], [ -55.375786461930097, -13.682990881393025 ], [ -55.375751921292327, -13.682842280528162 ], [ -55.375750218466699, -13.6826659796107 ], [ -55.375719137271886, -13.682494711753737 ], [ -55.375758468263484, -13.682377602890018 ], [ -55.375707943391347, -13.682224382065616 ], [ -55.375648335240172, -13.682146297792105 ], [ -55.375378449525861, -13.681243345831007 ], [ -55.375130118090368, -13.680667812014351 ], [ -55.374410047852862, -13.679871414730426 ], [ -55.373638139762861, -13.679039747046037 ], [ -55.372954330919299, -13.678443160350735 ], [ -55.372843736328448, -13.678417959109604 ], [ -55.372767718236481, -13.678291177863839 ], [ -55.372725815075874, -13.678268924302824 ], [ -55.372657567282609, -13.678184960744469 ], [ -55.372586285752803, -13.678167740458502 ], [ -55.372405704681938, -13.678132455194477 ], [ -55.372365965914483, -13.67808039811009 ], [ -55.372297292414814, -13.677952358360139 ], [ -55.372179796868629, -13.677847399410874 ], [ -55.372050627943835, -13.677803305836555 ], [ -55.371904197665437, -13.677622364060287 ], [ -55.371790587268599, -13.677538813905526 ], [ -55.371699436355073, -13.677495564964008 ], [ -55.37162081023299, -13.677479602952554 ], [ -55.371505461149404, -13.677469932565057 ], [ -55.371302420595242, -13.677394345943128 ], [ -55.370918373263819, -13.677239397647838 ], [ -55.370591787620953, -13.677067246306226 ], [ -55.370367156926875, -13.676914418238452 ], [ -55.369971028440965, -13.676651166216086 ], [ -55.369669066674582, -13.676489512144636 ], [ -55.369432762601868, -13.676397549486998 ], [ -55.369326053160364, -13.676393757072637 ], [ -55.369173981115296, -13.676390378294418 ], [ -55.369050861733029, -13.676337889766389 ], [ -55.368837017143612, -13.676286228499427 ], [ -55.368697913526965, -13.67622912025822 ], [ -55.368252945063986, -13.676114041616534 ], [ -55.36811513649711, -13.676064069691924 ], [ -55.367997197313983, -13.676040126528777 ], [ -55.367858963040689, -13.675946078088542 ], [ -55.367667170158732, -13.675765548522309 ], [ -55.367465868291326, -13.675616080976795 ], [ -55.36633799618928, -13.674617278485321 ], [ -55.365461950826813, -13.673921166899051 ], [ -55.3647517973506, -13.673262855949528 ], [ -55.364185909759648, -13.672815292970398 ], [ -55.36360577662105, -13.672289227954852 ], [ -55.363191943144578, -13.671970137264591 ], [ -55.362608350563022, -13.671466738212212 ], [ -55.362172483309678, -13.671151421484002 ], [ -55.361912868340859, -13.670930999528702 ], [ -55.361437688026449, -13.67060770084459 ], [ -55.361105496478039, -13.670362920993449 ], [ -55.360585379266482, -13.670084112782279 ], [ -55.360215169706819, -13.669838487669015 ], [ -55.359984915176632, -13.669738127498221 ], [ -55.359807367842301, -13.669636095269775 ], [ -55.359531750708548, -13.669536148661001 ], [ -55.359365007409458, -13.669410189930597 ], [ -55.359199133453743, -13.669247289942851 ], [ -55.359020734706604, -13.669057101931754 ], [ -55.358979275182961, -13.668953828460586 ], [ -55.358845795402395, -13.668844245666119 ], [ -55.358554211964822, -13.668614581873506 ], [ -55.358351615047638, -13.668457973201411 ], [ -55.358193511390617, -13.668337892113202 ], [ -55.357942092426924, -13.668204365072549 ], [ -55.357843171214697, -13.668118294826831 ], [ -55.357684198214308, -13.668035154951355 ], [ -55.357504486486803, -13.667962926777845 ], [ -55.357385695890841, -13.667850826769747 ], [ -55.357343622293314, -13.667826209024643 ], [ -55.356859404814763, -13.667336605351339 ], [ -55.356669541687921, -13.667419670469334 ], [ -55.356820838867129, -13.667639199709749 ], [ -55.356731840526415, -13.667855762338805 ], [ -55.356509344674649, -13.668096057858719 ], [ -55.35649174377086, -13.668148860570083 ], [ -55.356478833664916, -13.668153372517908 ], [ -55.356398043149653, -13.668167214639922 ], [ -55.356343171560646, -13.668198691427893 ], [ -55.356312480211116, -13.668321685562406 ], [ -55.356300806832508, -13.668382553418818 ], [ -55.356253279835791, -13.668412771804642 ], [ -55.356134471309261, -13.668425769188294 ], [ -55.35607700962067, -13.668442972763833 ], [ -55.356089090775143, -13.668551279949554 ], [ -55.356029890399803, -13.668642366103022 ], [ -55.355946509784978, -13.668641935030481 ], [ -55.355851030085127, -13.668658293867948 ], [ -55.355836322969985, -13.668785907598565 ], [ -55.35582637034755, -13.668897989739033 ], [ -55.355720938025293, -13.66902643063808 ], [ -55.355533863774951, -13.669080557968989 ], [ -55.355503190355982, -13.669078454878386 ], [ -55.355452629622725, -13.669175419025775 ], [ -55.355481564354939, -13.669251404511609 ], [ -55.355437922507569, -13.669303032476286 ], [ -55.355348492350238, -13.669310996336543 ], [ -55.355291900005028, -13.669291258664336 ], [ -55.355274602790296, -13.669404598932466 ], [ -55.355144120885171, -13.669478463834668 ], [ -55.355114316809569, -13.669439419587743 ], [ -55.355067215519263, -13.669513715549979 ], [ -55.355032213313969, -13.669571221645032 ], [ -55.354961357490581, -13.669598078425393 ], [ -55.354856368805272, -13.669645500143041 ], [ -55.35481272695791, -13.669697128021349 ], [ -55.354770805866728, -13.66979997009625 ], [ -55.354695195550612, -13.669842358310326 ], [ -55.354556074003398, -13.669910344896021 ], [ -55.354399673172011, -13.66996657510653 ], [ -55.354337013353749, -13.670080328697038 ], [ -55.354257074251294, -13.670182325887827 ], [ -55.354128756739328, -13.670226386043828 ], [ -55.354005193720077, -13.670254914760017 ], [ -55.353926123961017, -13.670319970853416 ], [ -55.353851808694671, -13.670369495504829 ], [ -55.353717867346603, -13.670466028051621 ], [ -55.353592139934179, -13.670524361207201 ], [ -55.353557563435295, -13.67062594455941 ], [ -55.353513921587933, -13.670677572222841 ], [ -55.353437016222024, -13.670712823758715 ], [ -55.353344126621757, -13.670743455491749 ], [ -55.353275860897924, -13.670784585175349 ], [ -55.353255547877232, -13.670839574239341 ], [ -55.353204987143975, -13.670936537661836 ], [ -55.353102162851826, -13.670954154699773 ], [ -55.352972975996472, -13.671035155626841 ], [ -55.352886561645121, -13.671101469863778 ], [ -55.352844214847543, -13.671160233929939 ], [ -55.352773784730552, -13.671231167919757 ], [ -55.352717174454789, -13.671336526040472 ], [ -55.35252318131856, -13.671435988550344 ], [ -55.352434176867625, -13.671488029681043 ], [ -55.352297645419981, -13.671570288781037 ], [ -55.352161539678747, -13.671696625155825 ], [ -55.352119618587565, -13.671799466357774 ], [ -55.352098436223493, -13.671891395965995 ], [ -55.352052204276553, -13.671928750385383 ], [ -55.351924756107941, -13.671935869446337 ], [ -55.351842670542908, -13.671942574863065 ], [ -55.35177525623191, -13.672071858812121 ], [ -55.351733335140736, -13.672174699850238 ], [ -55.35165642977482, -13.672209951162058 ], [ -55.35159291854373, -13.672235549288612 ], [ -55.351531128068821, -13.67231236107405 ], [ -55.351492666420597, -13.672392534247603 ], [ -55.351424826403175, -13.672477740800591 ], [ -55.351239029272065, -13.672664098730589 ], [ -55.351137056392737, -13.6727698698529 ], [ -55.351061446076621, -13.672812257532529 ], [ -55.35101045963696, -13.672865143066355 ], [ -55.351026000234356, -13.672950780513021 ], [ -55.350970259301974, -13.673019197266063 ], [ -55.350857056680994, -13.673104817234304 ], [ -55.35075941258799, -13.673150979897892 ], [ -55.350678178435764, -13.673245839315461 ], [ -55.350677734798786, -13.673326856876809 ], [ -55.350645748399486, -13.673442711896156 ], [ -55.350588286710902, -13.673459915105294 ], [ -55.350514840787937, -13.673472498569138 ], [ -55.350463854348277, -13.673525383954702 ], [ -55.350469034547409, -13.673553929693696 ], [ -55.350425800475904, -13.673774727990406 ], [ -55.35037956852895, -13.673812082111095 ], [ -55.350266809544948, -13.673816684426116 ], [ -55.350196379427956, -13.673887617615888 ], [ -55.350173902014113, -13.673972409987526 ], [ -55.350180802969447, -13.674052168955674 ], [ -55.350125062037037, -13.674120585388758 ], [ -55.350020499058147, -13.674212083028632 ], [ -55.349890442859433, -13.674330023233908 ], [ -55.349896048764968, -13.674402645672453 ], [ -55.349847865278065, -13.674491842051863 ], [ -55.349761238073505, -13.674536116932577 ], [ -55.349669634557742, -13.674636431503238 ], [ -55.349582563716204, -13.67476172342449 ], [ -55.349593784492576, -13.674844421153423 ], [ -55.349572611093784, -13.674873802721393 ], [ -55.349493328481522, -13.674916819191663 ], [ -55.349399356684657, -13.674962352330873 ], [ -55.349359165314951, -13.675053858354818 ], [ -55.349202311881314, -13.675253651024789 ], [ -55.349104437004563, -13.675402868425785 ], [ -55.349031407822729, -13.675522075081192 ], [ -55.349006127456093, -13.675570555833522 ], [ -55.348942616224996, -13.6755961535948 ], [ -55.348910425937753, -13.675627422571234 ], [ -55.348937418095304, -13.675692701421568 ], [ -55.34896009043181, -13.675755041237091 ], [ -55.348933293196907, -13.675836893920632 ], [ -55.348898078138411, -13.675872360213928 ], [ -55.348824197543756, -13.675903413624056 ], [ -55.348733898043058, -13.675948317405927 ], [ -55.348665632319232, -13.675989446180564 ], [ -55.348612703304894, -13.676031626462281 ], [ -55.34858072587086, -13.676084933620952 ], [ -55.348566027720992, -13.676149996815047 ], [ -55.34856666628059, -13.676216111504603 ], [ -55.348523237286436, -13.676289776163495 ], [ -55.348472250846775, -13.676342660916358 ], [ -55.348386049348619, -13.676431011866489 ], [ -55.348332898515793, -13.67651370029809 ], [ -55.348302428984752, -13.676596181882735 ], [ -55.348271524782014, -13.676697133451418 ], [ -55.348201742189929, -13.676771633941943 ], [ -55.34811036049264, -13.676831439392892 ], [ -55.348069743416517, -13.676878868365158 ], [ -55.348020477733044, -13.676982965631636 ], [ -55.347970999196384, -13.677065024705819 ], [ -55.347940964337027, -13.677129036119723 ], [ -55.347928856286721, -13.67720837167286 ], [ -55.347902706576711, -13.677293792011687 ], [ -55.347798791122706, -13.677388856577618 ], [ -55.3477441323869, -13.677442370246187 ], [ -55.347740876831885, -13.677549621785989 ], [ -55.34771407959699, -13.677631473845665 ], [ -55.347646026726359, -13.677694640415689 ], [ -55.347586400644616, -13.677741646869208 ], [ -55.347568890576689, -13.677832944996213 ], [ -55.347541011145218, -13.677929698722526 ], [ -55.347505361415031, -13.677983634612591 ], [ -55.347443358086934, -13.67803840646792 ], [ -55.34737336264164, -13.67809086848378 ], [ -55.347324753448333, -13.67813598737605 ], [ -55.347288456193269, -13.678186355071917 ], [ -55.347260363908589, -13.678261070618676 ], [ -55.347209155650432, -13.678354462841032 ], [ -55.347158816735664, -13.678410915273709 ], [ -55.347094436161193, -13.67847345247479 ], [ -55.347067638926305, -13.678555304213276 ], [ -55.347057908122359, -13.678626873845953 ], [ -55.347036947576775, -13.678678292939237 ], [ -55.346957443146017, -13.67876181655663 ], [ -55.346920285512851, -13.678786577995975 ], [ -55.346850068249068, -13.678879547667044 ], [ -55.346827590835211, -13.67896433824102 ], [ -55.34682520462357, -13.679034649432719 ], [ -55.346814817329452, -13.679165196514928 ], [ -55.346734878227011, -13.679267189770869 ], [ -55.346655808467958, -13.679332243374569 ], [ -55.346559876165863, -13.679492162572409 ], [ -55.346541071048151, -13.679576323768869 ], [ -55.346544512560541, -13.679678747899022 ], [ -55.346494155715206, -13.679860291117999 ], [ -55.346388075868028, -13.679985157918544 ], [ -55.346306841715823, -13.680080014582812 ], [ -55.346252386867924, -13.680218110947207 ], [ -55.346146085202278, -13.680383485121071 ], [ -55.346071760970666, -13.680495553030836 ], [ -55.346115163068994, -13.680609525771416 ], [ -55.346104341103207, -13.680758541674511 ], [ -55.345998908780935, -13.680886976104613 ], [ -55.345908609280229, -13.68093187893594 ], [ -55.345862803039694, -13.681013307480614 ], [ -55.345799717515014, -13.681082980196548 ], [ -55.345730156741396, -13.68111697186918 ], [ -55.345674415809015, -13.681185386249306 ], [ -55.345683906863904, -13.681279415174684 ], [ -55.345656249250922, -13.681335660092152 ], [ -55.345587983527096, -13.681376787925604 ], [ -55.345498979076162, -13.68142882685922 ], [ -55.345489895797115, -13.681503963714928 ], [ -55.345550798998083, -13.681589184392402 ], [ -55.345512763056263, -13.681713429835526 ], [ -55.345396970335713, -13.681784774272858 ], [ -55.345399986141693, -13.681843122046189 ], [ -55.345399968211133, -13.681968212029808 ], [ -55.345310963760213, -13.682020250832659 ], [ -55.345244862429539, -13.682031575538382 ], [ -55.345174432312561, -13.682102506253118 ], [ -55.345205957144337, -13.682192759912899 ], [ -55.345223218497942, -13.682329605449581 ], [ -55.345116065419482, -13.682406827567577 ], [ -55.345033536217471, -13.6824945470927 ], [ -55.344947547572531, -13.682604933363635 ], [ -55.344887052147399, -13.682688877923679 ], [ -55.344825243741944, -13.682890775792069 ], [ -55.344708138041064, -13.683080073115926 ], [ -55.34465456150182, -13.683118684054973 ], [ -55.344647420797472, -13.683204524584108 ], [ -55.34465216632492, -13.68325153864815 ], [ -55.344665977200854, -13.683348505669997 ], [ -55.344642204737205, -13.683426158499151 ], [ -55.344600079758116, -13.683444412459918 ], [ -55.344550175515025, -13.683482394192769 ], [ -55.344533100118802, -13.683555220619754 ], [ -55.344533951531616, -13.683643370761912 ], [ -55.344529188073601, -13.683721445827894 ], [ -55.344505415609959, -13.683799098533983 ], [ -55.344454429170291, -13.683851981599783 ], [ -55.344380326757175, -13.683923540911103 ], [ -55.344366923657077, -13.68399573805652 ], [ -55.344393268289735, -13.684057446528312 ], [ -55.344414423757968, -13.684153154928826 ], [ -55.344375749256521, -13.684211286592944 ], [ -55.344287827002169, -13.684248423535649 ], [ -55.344208970096325, -13.684335513230183 ], [ -55.34418410647082, -13.68449061140049 ], [ -55.344178908341128, -13.6845871555792 ], [ -55.344177808213992, -13.684727145439048 ], [ -55.344160723852447, -13.684862515695086 ], [ -55.344184691238745, -13.684931989171643 ], [ -55.344194608000038, -13.68507009139981 ], [ -55.344166081043674, -13.685163274109987 ], [ -55.344136471890735, -13.685271358083584 ], [ -55.344158709555536, -13.685352164696106 ], [ -55.344168848135332, -13.685449759993514 ], [ -55.344132541914988, -13.68556267015242 ], [ -55.344095588169743, -13.685672012223696 ], [ -55.344131867494248, -13.685746734104878 ], [ -55.344160793261196, -13.685885258185095 ], [ -55.344146742636219, -13.685953886699441 ], [ -55.344114978055394, -13.686029228919997 ], [ -55.344145846396991, -13.686178456911527 ], [ -55.344197027759314, -13.686272699361991 ], [ -55.344185345415404, -13.686396106384398 ], [ -55.344187057206327, -13.686509860747416 ], [ -55.344225057287026, -13.686635792908119 ], [ -55.344259385071588, -13.686762354139065 ], [ -55.344334977457159, -13.686845056362523 ], [ -55.344380756801847, -13.686951260862807 ], [ -55.344390035003535, -13.687023250270467 ], [ -55.344464101555545, -13.687201866371318 ], [ -55.344515699658977, -13.687402726325356 ], [ -55.344606628754022, -13.687486479786795 ], [ -55.344741829290776, -13.6876472642297 ], [ -55.344957598524303, -13.687834713875947 ], [ -55.345072725789393, -13.687884890109441 ], [ -55.345390024265271, -13.688047587814662 ], [ -55.345597384640485, -13.688126109877389 ], [ -55.345699126736029, -13.68812339524421 ], [ -55.34591297132544, -13.688175053912932 ], [ -55.346112357514002, -13.688126179562584 ], [ -55.346246502750013, -13.688114234726795 ], [ -55.34641478084793, -13.688081726562311 ], [ -55.346631446320657, -13.688044607645949 ], [ -55.346805126436195, -13.688000137208956 ], [ -55.346944673689826, -13.68797623010266 ], [ -55.347124403347884, -13.687923365385124 ], [ -55.347305428055705, -13.687877636655871 ], [ -55.34752512726498, -13.687773777148143 ], [ -55.347588425642876, -13.68772614356326 ], [ -55.347866677702605, -13.687527637172836 ], [ -55.348223546919129, -13.687407635496093 ], [ -55.348543693174179, -13.687293925120555 ], [ -55.348762735893274, -13.687249040924543 ], [ -55.349036650201391, -13.687172682472857 ], [ -55.349345123077825, -13.68711983499613 ], [ -55.349796584720266, -13.687145501186871 ], [ -55.350109368452472, -13.687158136183236 ], [ -55.350297294115634, -13.687192161821063 ], [ -55.350469661250827, -13.687265642368217 ], [ -55.350675291904551, -13.68735549785211 ], [ -55.350778541903111, -13.687381956408196 ], [ -55.350922825718904, -13.687467605995014 ], [ -55.35101268158266, -13.687503717092778 ], [ -55.351111177088484, -13.687545705924066 ], [ -55.351280084780718, -13.687641852654098 ], [ -55.351396285277119, -13.68773967123118 ], [ -55.351513559004786, -13.687885132040584 ], [ -55.351601454363312, -13.688035625834097 ], [ -55.351644421789942, -13.688168064035517 ], [ -55.351668167357751, -13.688278042740187 ], [ -55.351703799157363, -13.688349195800843 ], [ -55.351709405062905, -13.688421813913944 ], [ -55.351684550402695, -13.68851436616367 ], [ -55.351648466000825, -13.68858676870777 ], [ -55.351608265665838, -13.688740812618132 ], [ -55.35161710919585, -13.688831270538831 ], [ -55.351610828869575, -13.688942714004163 ], [ -55.351569989974983, -13.689030646610265 ], [ -55.351540167968835, -13.689116691789431 ], [ -55.351538642135289, -13.689212604938733 ], [ -55.351547042028315, -13.689384074712434 ], [ -55.351542269605034, -13.689524690848298 ], [ -55.351529079358151, -13.689618923247677 ], [ -55.351479822639959, -13.68966047195677 ], [ -55.351425367792061, -13.689798562698689 ], [ -55.351414767644755, -13.689907066865763 ], [ -55.351380191145871, -13.690008641853607 ], [ -55.351354032470589, -13.690156600353134 ], [ -55.351348834340889, -13.690253142206723 ], [ -55.351361350167053, -13.690342970417769 ], [ -55.35137386599321, -13.690432798594502 ], [ -55.351417064203588, -13.690462186926981 ], [ -55.351387889722339, -13.690551799541973 ], [ -55.351336690429463, -13.690582644209533 ], [ -55.35128052379067, -13.690606982083253 ], [ -55.351199937163337, -13.690705402422768 ], [ -55.351120219879391, -13.690766884908092 ], [ -55.351103792008033, -13.690843277035269 ], [ -55.35115173574588, -13.690919677848191 ], [ -55.351117159247011, -13.691021252398734 ], [ -55.351033122142006, -13.691079795976165 ], [ -55.350977390174904, -13.691085664916246 ], [ -55.350880393606786, -13.691135392003849 ], [ -55.350863540029039, -13.691167710362272 ], [ -55.350850571600638, -13.691221436413063 ], [ -55.350836733828864, -13.691312100184765 ], [ -55.35081404356179, -13.691374849472661 ], [ -55.350741023345243, -13.691431505586586 ], [ -55.350672757621432, -13.691472631655271 ], [ -55.350598442355086, -13.691522151856256 ], [ -55.350548750965217, -13.691582169073801 ], [ -55.35049214965472, -13.691624975685389 ], [ -55.350411571992659, -13.691660853208685 ], [ -55.350306361488876, -13.69174877608811 ], [ -55.350144336821401, -13.691857468738981 ], [ -55.350119047489493, -13.691968488451163 ], [ -55.35003133808835, -13.692027660916382 ], [ -55.349977317912156, -13.692147281469651 ], [ -55.349966513876915, -13.692171205572999 ], [ -55.349910772944526, -13.692239616738792 ], [ -55.349813554557912, -13.692329849088814 ], [ -55.349762124481295, -13.69246374121065 ], [ -55.349693415120505, -13.692585878030432 ], [ -55.34957545800679, -13.692687020832844 ], [ -55.349473910833879, -13.69283685630116 ], [ -55.349470433460375, -13.692984606217939 ], [ -55.349432397518548, -13.693108845643126 ], [ -55.349350737659911, -13.693159623740666 ], [ -55.349284210622834, -13.693126874628271 ], [ -55.349226748934257, -13.69314407639853 ], [ -55.349158908916849, -13.693229275438716 ], [ -55.349123906711554, -13.693286775739796 ], [ -55.349109199596398, -13.693414376118264 ], [ -55.349134231248712, -13.693594030091161 ], [ -55.349097916063073, -13.693769478186844 ], [ -55.349026598672161, -13.694002426277708 ], [ -55.349029596547581, -13.694185854508149 ], [ -55.349061547085775, -13.69432017659874 ], [ -55.348994132774777, -13.694449448255082 ], [ -55.349000146456163, -13.694691220723533 ], [ -55.348984791816129, -13.694815252445121 ], [ -55.348948902336907, -13.695034772562167 ], [ -55.348921883283531, -13.695157123558545 ], [ -55.348860518515032, -13.695278000749628 ], [ -55.348799810236713, -13.695339904352732 ], [ -55.348711444345398, -13.695458049480564 ], [ -55.348684434257301, -13.695517858892288 ], [ -55.348682048045646, -13.695588165136954 ], [ -55.348681169737006, -13.695687643528526 ], [ -55.348659126994832, -13.695753959529398 ], [ -55.348602303865853, -13.695837270283791 ], [ -55.348537914326094, -13.695962344115651 ], [ -55.348498139697547, -13.696160455916473 ], [ -55.348477604858367, -13.696255943881388 ], [ -55.348444970934175, -13.696368219740812 ], [ -55.348444314444009, -13.696427193008715 ], [ -55.348465257059026, -13.696500860050264 ], [ -55.348437377627548, -13.696597606099617 ], [ -55.348377751545812, -13.696644608776451 ], [ -55.348345339440094, -13.696716379706467 ], [ -55.34840494759127, -13.696794459143494 ], [ -55.348468449857087, -13.696831404720006 ], [ -55.348544698732823, -13.696855130256983 ], [ -55.348627866494439, -13.696833524983264 ], [ -55.348805431759331, -13.696810463396186 ], [ -55.348923361977192, -13.696896945459905 ], [ -55.349102860851474, -13.696947128470251 ], [ -55.349199200929419, -13.696956375746828 ], [ -55.349277401345105, -13.69692826386753 ], [ -55.349365536452666, -13.696913165216007 ], [ -55.349427530815497, -13.696920938762588 ], [ -55.34945798241597, -13.696963546312579 ], [ -55.34949966375811, -13.697026302802675 ], [ -55.349542214443623, -13.697052122450318 ], [ -55.349630562404379, -13.697059060082267 ], [ -55.34968802409297, -13.697041858598419 ], [ -55.349775724528833, -13.697045228369761 ], [ -55.349873137838074, -13.697102116048278 ], [ -55.349993454267576, -13.697118292238644 ], [ -55.350212488021398, -13.697135950868201 ], [ -55.350494598334649, -13.697146482488062 ], [ -55.367562339380108, -13.700329334037896 ], [ -55.387062088192984, -13.70401887102088 ], [ -55.386991693937112, -13.70383963860335 ], [ -55.387036223058416, -13.703626004046422 ], [ -55.387184445815244, -13.703357818852934 ], [ -55.387285123644787, -13.703244925948846 ], [ -55.387394884753377, -13.703056903044541 ], [ -55.387697823446508, -13.702431129794661 ], [ -55.387715990004594, -13.702280869430501 ], [ -55.38759246284647, -13.70205923586423 ], [ -55.387632237475046, -13.701861129035041 ], [ -55.387790394923726, -13.701605954798692 ], [ -55.387953288934575, -13.701460330521787 ], [ -55.388059590600221, -13.701294971166837 ], [ -55.388260964189868, -13.700944103497624 ], [ -55.38845974767996, -13.700578964075822 ], [ -55.388716418565032, -13.700240694790308 ], [ -55.388810177508674, -13.700173130561817 ], [ -55.388936756333912, -13.700202948691588 ], [ -55.38944434875404, -13.700454436947091 ], [ -55.389561418593807, -13.70051531391281 ], [ -55.389641339765681, -13.700538409977165 ], [ -55.38972817982345, -13.700516175941129 ], [ -55.389957636732497, -13.700153138667392 ], [ -55.390113222012182, -13.699758610849882 ], [ -55.390184947178945, -13.699694821101179 ], [ -55.390338314273784, -13.69970533518595 ], [ -55.390904663432281, -13.699946758336003 ], [ -55.391499521616595, -13.700220084757852 ], [ -55.391769089207834, -13.700328412159495 ], [ -55.391834746901523, -13.70039809657445 ], [ -55.391816154637027, -13.700504286243538 ], [ -55.39138154382178, -13.701325604992414 ], [ -55.391487261156534, -13.701362591829108 ], [ -55.391878653080269, -13.701516266038421 ], [ -55.390375189356298, -13.704665276097375 ], [ -55.390521855234148, -13.704688850220439 ], [ -55.390535751079341, -13.704694279920323 ], [ -55.390599459392071, -13.704539532236225 ], [ -55.390607543226317, -13.704519996303473 ], [ -55.390621144598228, -13.704489008272205 ], [ -55.390636734849998, -13.704452406467153 ], [ -55.390648411499456, -13.704428507830201 ], [ -55.390669358895323, -13.704384110899273 ], [ -55.390688991064216, -13.704343050153906 ], [ -55.390708045816361, -13.704302502667861 ], [ -55.390750325552602, -13.704212553972541 ], [ -55.390770791767878, -13.704170017606641 ], [ -55.390793118548167, -13.704123246851374 ], [ -55.39081262240223, -13.704082763522742 ], [ -55.390833922663873, -13.704038559064058 ], [ -55.390859329000087, -13.70398492346542 ], [ -55.39087556082599, -13.703950727563422 ], [ -55.390890252873938, -13.703919932004398 ], [ -55.390902731491082, -13.703893467070861 ], [ -55.390926373498367, -13.703843809231934 ], [ -55.390982960338079, -13.703722872505349 ], [ -55.391037301668277, -13.703609506353686 ], [ -55.391092669517107, -13.703493188960953 ], [ -55.39114470118038, -13.70338277405037 ], [ -55.391210975789697, -13.703243359988372 ], [ -55.391270706342738, -13.703116456622229 ], [ -55.391389140930144, -13.702862521575108 ], [ -55.391388501986384, -13.702861465928898 ], [ -55.401705172022673, -13.681108057499616 ], [ -55.402184171280332, -13.680143771557656 ] ] ] } },
{ "type": "Feature", "properties": { }, "geometry": { "type": "MultiPolygon", "coordinates": [ [ [ [ -55.802919802104029, -13.260754457946129 ], [ -55.8028672247383, -13.260758213472252 ], [ -55.802829669477063, -13.260822057416355 ], [ -55.802964868417519, -13.260953500830686 ], [ -55.803637107593659, -13.261351586599799 ], [ -55.804149736909544, -13.261687706187868 ], [ -55.804352535320227, -13.261777838814837 ], [ -55.804630444253384, -13.261864215915683 ], [ -55.805066085283734, -13.262232257475805 ], [ -55.805620025386979, -13.262457589043228 ], [ -55.805864134585022, -13.262720475871886 ], [ -55.80679926058982, -13.263445292413762 ], [ -55.807244290435484, -13.264014254621502 ], [ -55.808250771436633, -13.265692974798799 ], [ -55.808523985962132, -13.266261937006538 ], [ -55.808871372128579, -13.267121952488862 ], [ -55.809175569744596, -13.26782799140012 ], [ -55.809258191319323, -13.26804956744142 ], [ -55.809472256308368, -13.26816223322513 ], [ -55.811706794351977, -13.268605385307728 ], [ -55.814069959165323, -13.269065437257883 ], [ -55.816435940623258, -13.269531122497222 ], [ -55.818903321286534, -13.269968641290633 ], [ -55.821712454827065, -13.270473759554271 ], [ -55.824461499949621, -13.271003288737713 ], [ -55.826481973004178, -13.271356308193342 ], [ -55.826684771414854, -13.271371330297837 ], [ -55.826928880612897, -13.271269931092496 ], [ -55.82732696638201, -13.270747912961301 ], [ -55.827923156154149, -13.26998554115819 ], [ -55.828452685337595, -13.269459767500871 ], [ -55.829053569517384, -13.268862638847201 ], [ -55.829686375669233, -13.268490841760956 ], [ -55.830339837214758, -13.268032667573863 ], [ -55.830726656405496, -13.267559471282276 ], [ -55.830782989297354, -13.267352917345471 ], [ -55.829652575934119, -13.267082519464566 ], [ -55.802919802104029, -13.260754457946129 ] ] ], [ [ [ -55.805825640442251, -13.267598904306601 ], [ -55.805859440177358, -13.267546326940868 ], [ -55.806017172274558, -13.267497505101261 ], [ -55.806392724886926, -13.267598904306601 ], [ -55.807237718264787, -13.267764147456047 ], [ -55.807463049832208, -13.267760391929924 ], [ -55.807508116145691, -13.267557593519244 ], [ -55.807410472466479, -13.26718955195912 ], [ -55.807117541428823, -13.266408402525389 ], [ -55.806610545402123, -13.265728652296998 ], [ -55.80652416830128, -13.265469520994461 ], [ -55.806460324357175, -13.265293011266648 ], [ -55.806193682002394, -13.264996324702874 ], [ -55.805829395968395, -13.264496839728421 ], [ -55.80540877704253, -13.263918488705372 ], [ -55.805168423370617, -13.263580491354238 ], [ -55.805153401266118, -13.263445292413785 ], [ -55.805115846004881, -13.263385203995805 ], [ -55.804650160765547, -13.262859430338485 ], [ -55.804071809742496, -13.262333656681166 ], [ -55.803763856600348, -13.262243524054199 ], [ -55.803628657659893, -13.262213479845208 ], [ -55.803463414510453, -13.262025703539024 ], [ -55.80296017400989, -13.261713994870755 ], [ -55.802329245621102, -13.261270842788157 ], [ -55.802021292478955, -13.261146910426078 ], [ -55.801732116967429, -13.260970400698262 ], [ -55.801382853037921, -13.260666203082243 ], [ -55.801138743839886, -13.260474671249934 ], [ -55.800755680175264, -13.260245584156388 ], [ -55.800507815451098, -13.26016671810779 ], [ -55.799330458011305, -13.259870031544022 ], [ -55.798618785810859, -13.25971229944682 ], [ -55.797364440085545, -13.259400590778558 ], [ -55.794569389767965, -13.258727412720878 ], [ -55.791446669796109, -13.257981940785326 ], [ -55.78815682891176, -13.257198913588535 ], [ -55.785813380610534, -13.256648729011411 ], [ -55.785619971015166, -13.256659995589782 ], [ -55.785563638123307, -13.256682528746525 ], [ -55.785347695371193, -13.256543574279947 ], [ -55.785099830647034, -13.256474097046659 ], [ -55.784062366555361, -13.25621590462565 ], [ -55.780407300755449, -13.255353072498734 ], [ -55.777543712086114, -13.254686466611773 ], [ -55.773442677559025, -13.253698763241241 ], [ -55.773318745196946, -13.25374758508085 ], [ -55.773187301782613, -13.253845228760065 ], [ -55.773100924681771, -13.253987938752767 ], [ -55.773078391525026, -13.254202003741819 ], [ -55.77298450337193, -13.254239559003056 ], [ -55.772920659427832, -13.254247070055303 ], [ -55.772807993644108, -13.254577556354192 ], [ -55.772650261546914, -13.254705244242398 ], [ -55.772162043150828, -13.255313639474439 ], [ -55.771658802650251, -13.255876968392995 ], [ -55.771163073201926, -13.256432786259303 ], [ -55.77078752058955, -13.256552963095263 ], [ -55.769916238528872, -13.2568909604464 ], [ -55.769848639058644, -13.25715384727506 ], [ -55.769638329595715, -13.257311579372255 ], [ -55.769082511729408, -13.257394200946976 ], [ -55.768534204915348, -13.257461800417204 ], [ -55.768218740720954, -13.257536910939677 ], [ -55.767880743369808, -13.257536910939679 ], [ -55.767294881294511, -13.257672109880133 ], [ -55.766468665547293, -13.257829841977328 ], [ -55.765770137688286, -13.257852375134069 ], [ -55.765184275612988, -13.25788241934306 ], [ -55.764658501955665, -13.257950018813286 ], [ -55.764282949343297, -13.258010107231266 ], [ -55.763794730947218, -13.258077706701492 ], [ -55.76345673359608, -13.258055173544751 ], [ -55.762705628371357, -13.258062684596993 ], [ -55.761969545251112, -13.257950018813283 ], [ -55.761744213683691, -13.257965040917782 ], [ -55.761751724735937, -13.259151787172874 ], [ -55.761853123941272, -13.259229714339941 ], [ -55.7619587481135, -13.259265391838117 ], [ -55.763299940380364, -13.259507153832322 ], [ -55.77517960839068, -13.261680664576321 ], [ -55.78402762793776, -13.263297418572511 ], [ -55.788126784701589, -13.264119878793567 ], [ -55.794052066043015, -13.265284091891871 ], [ -55.799255347487197, -13.266320617101968 ], [ -55.800704980570877, -13.266737480501687 ], [ -55.805765552024269, -13.267805458243405 ], [ -55.805825640442251, -13.267598904306601 ] ] ], [ [ [ -55.73434581453337, -13.246541517482839 ], [ -55.734155179898643, -13.246627576991623 ], [ -55.733773993997069, -13.246645415740696 ], [ -55.733672594791727, -13.24658532732272 ], [ -55.733533640325156, -13.246491439169631 ], [ -55.733499840590049, -13.246333707072441 ], [ -55.733541151377409, -13.24607833129604 ], [ -55.73325197586589, -13.245676490000822 ], [ -55.733146821134433, -13.245533780008126 ], [ -55.733173109817301, -13.245421114224419 ], [ -55.7339448704357, -13.245049317138188 ], [ -55.734581432113636, -13.244611798344794 ], [ -55.734665931451417, -13.244446555195358 ], [ -55.715942755962423, -13.239990623449769 ], [ -55.71445042, -13.24360236 ], [ -55.71297028, -13.24725694 ], [ -55.71698651, -13.24815654 ], [ -55.72100275, -13.24905614 ], [ -55.72501898, -13.24995574 ], [ -55.72903522, -13.25085534 ], [ -55.73305145, -13.25175493 ], [ -55.73706769, -13.25265453 ], [ -55.74108392, -13.25355413 ], [ -55.743940203213484, -13.254167734566169 ], [ -55.744176801359266, -13.254126423778811 ], [ -55.744811485274141, -13.254269133771507 ], [ -55.745352281035935, -13.254381799555212 ], [ -55.745900587849967, -13.254475687708302 ], [ -55.746107141786766, -13.254524509547908 ], [ -55.746377539667655, -13.254528265074033 ], [ -55.746595360182823, -13.25444188797319 ], [ -55.74690706885108, -13.254415599290326 ], [ -55.747230044097712, -13.254486954286671 ], [ -55.747849705908095, -13.254637175331613 ], [ -55.748424301405002, -13.254644686383859 ], [ -55.749284316887291, -13.254554553756895 ], [ -55.749768779757218, -13.25438179955521 ], [ -55.750392197093724, -13.254171490092292 ], [ -55.750857882333044, -13.254118912726561 ], [ -55.751113258109449, -13.254141445883302 ], [ -55.751488810721803, -13.254201534301281 ], [ -55.751654053871242, -13.254321711137234 ], [ -55.751751697550453, -13.254351755346223 ], [ -55.752134761215054, -13.254359266398469 ], [ -55.752517824879654, -13.254509487443411 ], [ -55.753351551679081, -13.254577086913635 ], [ -55.75587526523411, -13.254400577185827 ], [ -55.756096841275401, -13.254363021924592 ], [ -55.756359728104044, -13.254344244293973 ], [ -55.756660170193932, -13.254239089562514 ], [ -55.757200965955725, -13.254148956935548 ], [ -55.757587785146448, -13.253818470636677 ], [ -55.758019670650661, -13.253540561703534 ], [ -55.758943530077055, -13.253236364087527 ], [ -55.759856122925072, -13.253198808826291 ], [ -55.760573428414666, -13.253142475934437 ], [ -55.761238156538539, -13.253003521467866 ], [ -55.761850307296662, -13.25292277765621 ], [ -55.762235248724323, -13.252851422659862 ], [ -55.762500013316036, -13.252783823189638 ], [ -55.762667134228529, -13.252629846618573 ], [ -55.762757266855495, -13.252468358995261 ], [ -55.763076486575997, -13.252098439672091 ], [ -55.763711170490872, -13.251461877994149 ], [ -55.763722437069248, -13.251409300628421 ], [ -55.763705537201687, -13.251375500893309 ], [ -55.763168496966024, -13.251242179715922 ], [ -55.741889685950049, -13.246179730501378 ], [ -55.737033790672299, -13.245056828190435 ], [ -55.736907980547194, -13.245072789176469 ], [ -55.736521161356464, -13.245429564158206 ], [ -55.735462102989636, -13.246229491222525 ], [ -55.73534192615368, -13.246210713591907 ], [ -55.735184194056494, -13.246270802009883 ], [ -55.734988906698071, -13.246409756476455 ], [ -55.734812396970263, -13.246484866998927 ], [ -55.734733530921666, -13.246503644629543 ], [ -55.73461710961184, -13.246458578316062 ], [ -55.734549510141612, -13.246432289633196 ], [ -55.734463133040769, -13.246406000950333 ], [ -55.734418066727287, -13.246473600420558 ], [ -55.73434581453337, -13.246541517482839 ] ], [ [ -55.718768789370465, -13.242763140610489 ], [ -55.732686769184333, -13.245940315711012 ], [ -55.732431393407936, -13.246248268853142 ], [ -55.732288683415234, -13.24633089042786 ], [ -55.732236106049506, -13.246353423584601 ], [ -55.732003263429846, -13.246285824114379 ], [ -55.720218422454153, -13.243626911618906 ], [ -55.718611057273272, -13.243273892163291 ], [ -55.718656123586754, -13.24294340586442 ], [ -55.718768789370465, -13.242763140610489 ] ] ] ] } },
{ "type": "Feature", "properties": { }, "geometry": { "type": "MultiPolygon", "coordinates": [ [ [ [ -55.754512121769523, -13.232649873408159 ], [ -55.748988483763512, -13.231198517402357 ], [ -55.748873905833143, -13.231195966942163 ], [ -55.748735241418103, -13.231186442169399 ], [ -55.748664291968943, -13.231109751020409 ], [ -55.74710126345407, -13.230733735891185 ], [ -55.746977569527935, -13.230743858844601 ], [ -55.746802441129766, -13.230785027723462 ], [ -55.746723658670383, -13.230854093885574 ], [ -55.746626644219418, -13.230948506844447 ], [ -55.746504901790992, -13.230969403499738 ], [ -55.746312851406188, -13.230980150907904 ], [ -55.746234068946805, -13.231049217014721 ], [ -55.746063485036821, -13.231178475162697 ], [ -55.745735363227467, -13.231257013379418 ], [ -55.745495781366031, -13.231320354026352 ], [ -55.745377941933043, -13.231362798037056 ], [ -55.745152020555594, -13.231501554477411 ], [ -55.745028968122242, -13.231578219200998 ], [ -55.744815424243228, -13.231659307744254 ], [ -55.744588861372996, -13.231731522273737 ], [ -55.744329096022312, -13.231809435849796 ], [ -55.744178054108829, -13.231857578842167 ], [ -55.743863592783448, -13.232011532503098 ], [ -55.743731424354294, -13.232100870414138 ], [ -55.74355172444853, -13.232242801344782 ], [ -55.7434065370282, -13.232323265205787 ], [ -55.743151343185083, -13.232300416377086 ], [ -55.743011368765089, -13.232346659587341 ], [ -55.742840143362336, -13.232409375490162 ], [ -55.742691694439344, -13.23253483354936 ], [ -55.742367475625421, -13.232634918603718 ], [ -55.742055634309907, -13.23267733608346 ], [ -55.741948862370386, -13.232717880175578 ], [ -55.7417763269627, -13.232836363810613 ], [ -55.741525677607775, -13.232901603727802 ], [ -55.741379180182506, -13.233037835152903 ], [ -55.741108347338319, -13.233117647990372 ], [ -55.740752877541603, -13.2332342054509 ], [ -55.740441677718863, -13.233343164146392 ], [ -55.74023724983563, -13.233411578823224 ], [ -55.739786717085678, -13.233633321658914 ], [ -55.739407802297038, -13.233809445826108 ], [ -55.738560791279056, -13.234110350053411 ], [ -55.737597892325773, -13.23446447093761 ], [ -55.737132389086909, -13.23466656538865 ], [ -55.736713107319723, -13.234871834548359 ], [ -55.736248914085785, -13.235018161345881 ], [ -55.736151258142073, -13.235046031854411 ], [ -55.735842009817041, -13.235165763264845 ], [ -55.735634961923928, -13.235345711949366 ], [ -55.735455930530343, -13.235365333019256 ], [ -55.735302937119151, -13.235402701794694 ], [ -55.735099819240837, -13.235415348668502 ], [ -55.734843288373412, -13.235637115982042 ], [ -55.734614774005472, -13.235698555831293 ], [ -55.734396685638266, -13.235691555346058 ], [ -55.734276894707556, -13.235723225095159 ], [ -55.73410435929987, -13.2358417072686 ], [ -55.733942891385674, -13.235958289727463 ], [ -55.733707212519661, -13.236043176125543 ], [ -55.733567238099688, -13.236089418625387 ], [ -55.733238447778163, -13.236290262826527 ], [ -55.733011884907924, -13.236362475983364 ], [ -55.732717607071812, -13.236501854026661 ], [ -55.732390126755234, -13.23664693094503 ], [ -55.732196766365497, -13.236713445042996 ], [ -55.731929195023945, -13.236748263209551 ], [ -55.731637537197699, -13.236776107218601 ], [ -55.731377771847008, -13.236854019181385 ], [ -55.731176605466416, -13.236877439429385 ], [ -55.730972846095348, -13.236823545875371 ], [ -55.730667527785123, -13.236775975710932 ], [ -55.730378489968757, -13.236692285864931 ], [ -55.730207933078155, -13.236632693314931 ], [ -55.730010028200205, -13.236611120092164 ], [ -55.729896760274784, -13.236552802724372 ], [ -55.729624644445053, -13.236499533548921 ], [ -55.729273104663143, -13.236448788465484 ], [ -55.728830431942811, -13.236335926644674 ], [ -55.728661826549917, -13.236287107483145 ], [ -55.72828229728789, -13.23620784123038 ], [ -55.727845479060683, -13.236127299747531 ], [ -55.727200998466977, -13.235971317522432 ], [ -55.726795431222541, -13.235874303495427 ], [ -55.726499228908089, -13.235814059991524 ], [ -55.7263071785233, -13.235824807185987 ], [ -55.7261581151269, -13.23569487444723 ], [ -55.725674433935247, -13.235544617227518 ], [ -55.725152337262728, -13.235434279101966 ], [ -55.724810554969388, -13.235437401367555 ], [ -55.724658230070354, -13.235352462155006 ], [ -55.724163481385183, -13.235204104386936 ], [ -55.723506623293069, -13.235105788543038 ], [ -55.723230604467901, -13.23503097199017 ], [ -55.722949372642368, -13.234990375679528 ], [ -55.722795096245619, -13.234894662774353 ], [ -55.72232833704058, -13.234774826023679 ], [ -55.722037347726506, -13.234680361943937 ], [ -55.721763280399045, -13.234616318809957 ], [ -55.721485310076176, -13.234530728553914 ], [ -55.72111748980042, -13.234516103060653 ], [ -55.720904614433557, -13.23447488220863 ], [ -55.720672865582365, -13.234392466785463 ], [ -55.720409865748401, -13.234326523906129 ], [ -55.719948961036494, -13.234239007576113 ], [ -55.719312286433627, -13.234126118429696 ], [ -55.71911700156555, -13.233993009897208 ], [ -55.718639174867, -13.233875072376225 ], [ -55.7182505296092, -13.233808478597709 ], [ -55.717941308303558, -13.233739360669281 ], [ -55.717746664928264, -13.233672793155534 ], [ -55.717558544558251, -13.233516237504595 ], [ -55.717210266279004, -13.233420497718393 ], [ -55.717011719908285, -13.23333238290631 ], [ -55.716785825550225, -13.2332822879237 ], [ -55.716749361567089, -13.233332981062912 ], [ -55.716770828041923, -13.233451490700729 ], [ -55.716736957049292, -13.233579498658605 ], [ -55.716621710606773, -13.233699257091647 ], [ -55.716576130627857, -13.233762623405571 ], [ -55.716384721735849, -13.233839911874945 ], [ -55.716195932853687, -13.233805665146287 ], [ -55.715907536530089, -13.233788515478299 ], [ -55.715497397778059, -13.233792262222307 ], [ -55.71532226937989, -13.233833430586122 ], [ -55.715047533540279, -13.233891696001217 ], [ -55.714826183670418, -13.233929689459675 ], [ -55.714690780757998, -13.233875170796402 ], [ -55.714505253378491, -13.23379593006069 ], [ -55.714363995972946, -13.233709090601348 ], [ -55.714311278515368, -13.233607053709205 ], [ -55.714227310074989, -13.233521489400475 ], [ -55.713847780812962, -13.233442222247845 ], [ -55.713626457962476, -13.233291365482067 ], [ -55.713264519199242, -13.233120210310904 ], [ -55.713060118335385, -13.232999774529999 ], [ -55.712771080519019, -13.232916083386739 ], [ -55.712594000623127, -13.232946478275693 ], [ -55.712403260243249, -13.232901457796553 ], [ -55.712290633810611, -13.232909680979192 ], [ -55.711933212516193, -13.233015464919351 ], [ -55.711748326629461, -13.233002765317076 ], [ -55.711704725167635, -13.232888054822828 ], [ -55.711401358355133, -13.232851257517511 ], [ -55.711038751079727, -13.232802411355715 ], [ -55.710879261682635, -13.232740918172144 ], [ -55.710745810267937, -13.232697172877275 ], [ -55.709712657397048, -13.232663445240307 ], [ -55.709578537470207, -13.232742009280376 ], [ -55.709340265613704, -13.232749581706427 ], [ -55.709243278182143, -13.232655143143417 ], [ -55.709053206314437, -13.232487813195396 ], [ -55.708308449767124, -13.232471235291362 ], [ -55.7071997759395, -13.23246157905845 ], [ -55.706912021108685, -13.232510970843204 ], [ -55.706773998186407, -13.232567987653622 ], [ -55.706622956272923, -13.232616130496117 ], [ -55.70654158082305, -13.232607881001584 ], [ -55.706507736849794, -13.232547038531431 ], [ -55.706462825383035, -13.232488095730108 ], [ -55.705545560447433, -13.232401150596612 ], [ -55.704772172927235, -13.232289509521022 ], [ -55.704228582760528, -13.232249510912839 ], [ -55.703682399603323, -13.232132197009507 ], [ -55.703249484371547, -13.23207320150375 ], [ -55.703265123372617, -13.231970539464529 ], [ -55.703296374355382, -13.231954066733522 ], [ -55.703407049290313, -13.231935069851001 ], [ -55.703632302155597, -13.23191862341965 ], [ -55.703989054937857, -13.231935148757165 ], [ -55.70439788368494, -13.231987170006725 ], [ -55.704825585916382, -13.232080386207238 ], [ -55.705374389083445, -13.232086164174868 ], [ -55.706025392682449, -13.232152160264627 ], [ -55.706639290805533, -13.232202308083647 ], [ -55.70731373939644, -13.232208736811808 ], [ -55.708054592948322, -13.232203767422675 ], [ -55.708490769682747, -13.23221776859338 ], [ -55.708784379006701, -13.232200697719707 ], [ -55.708869015959237, -13.232163952914641 ], [ -55.708993378397516, -13.232031520376127 ], [ -55.709148991818587, -13.231882615029802 ], [ -55.709279208750019, -13.231782503364368 ], [ -55.709487539628668, -13.231735635584446 ], [ -55.709646387532999, -13.231730587279429 ], [ -55.709943899852369, -13.231735063725999 ], [ -55.710104699254408, -13.231740789097669 ], [ -55.710309768630417, -13.231738915709899 ], [ -55.710821466321597, -13.231728845401971 ], [ -55.714180717304359, -13.231563263483777 ], [ -55.714263564875459, -13.230382631799685 ], [ -55.714343015847007, -13.230191254936196 ], [ -55.715266803787905, -13.230188211510121 ], [ -55.715437387697868, -13.230058952836904 ], [ -55.715594284104483, -13.230043130745882 ], [ -55.715754442013747, -13.229982313937629 ], [ -55.715898987941308, -13.229835307043841 ], [ -55.716003166890339, -13.2297174464174 ], [ -55.716126219323691, -13.229640781108428 ], [ -55.716276619744391, -13.229526095333872 ], [ -55.716402933680406, -13.22940443514182 ], [ -55.716579372083508, -13.229307497407145 ], [ -55.71675514197446, -13.229332870693849 ], [ -55.716917892874207, -13.229349369904375 ], [ -55.716987532318434, -13.229481830202806 ], [ -55.717133975704947, -13.229723303347944 ], [ -55.717172364166416, -13.229872236315988 ], [ -55.717219868623637, -13.230008495736953 ], [ -55.717163221151253, -13.230073762713504 ], [ -55.717149533647884, -13.230187199297193 ], [ -55.717165145629572, -13.230273389243102 ], [ -55.717262774553923, -13.230434370843582 ], [ -55.717427449931996, -13.230650496200225 ], [ -55.717735975706113, -13.231030777500161 ], [ -55.718017180512255, -13.231260226485466 ], [ -55.718141515931158, -13.231316645427 ], [ -55.718285393346569, -13.231291949414828 ], [ -55.718515859212218, -13.231241282153116 ], [ -55.718858310017723, -13.231115849730056 ], [ -55.718980052446149, -13.231094953087322 ], [ -55.719582241582984, -13.231080458898568 ], [ -55.720254070164017, -13.231198424074362 ], [ -55.720765767855198, -13.231188353744104 ], [ -55.721334113018763, -13.231113016732694 ], [ -55.721660283330415, -13.231023704761636 ], [ -55.72210429307507, -13.230891948672529 ], [ -55.722491655347341, -13.230825459287413 ], [ -55.722921977588634, -13.230807139386245 ], [ -55.723463616257625, -13.230836364514982 ], [ -55.724397803179862, -13.230953731646489 ], [ -55.725031884792223, -13.2309893066115 ], [ -55.725544223976179, -13.231045778220057 ], [ -55.725941985229767, -13.231099699354328 ], [ -55.726341697981077, -13.231164394178842 ], [ -55.726815621684182, -13.23126078561747 ], [ -55.72723877942741, -13.231265912838605 ], [ -55.728066221429515, -13.231234972182534 ], [ -55.72857596762298, -13.231214128154278 ], [ -55.729346762152673, -13.23124845415358 ], [ -55.729773181398549, -13.231208586885179 ], [ -55.72988513931903, -13.23132267370641 ], [ -55.730350588519144, -13.231498280289024 ], [ -55.730841434208877, -13.23162509295145 ], [ -55.731089463553914, -13.231671388894041 ], [ -55.73154518228484, -13.231604275258665 ], [ -55.732485892212374, -13.231631653205289 ], [ -55.732743037553206, -13.231665275776734 ], [ -55.732986522410052, -13.231623482583696 ], [ -55.733188998795569, -13.231544293719896 ], [ -55.73351452761446, -13.231388440071186 ], [ -55.733730022991182, -13.231318125133175 ], [ -55.734123239756578, -13.231283956956458 ], [ -55.734420110583166, -13.231221891530033 ], [ -55.734790550868809, -13.231124980820432 ], [ -55.735315936063337, -13.231001474335278 ], [ -55.735668144357405, -13.230929910356281 ], [ -55.735913580711966, -13.230898890751043 ], [ -55.73635497044674, -13.230878671158843 ], [ -55.737026184554409, -13.230741242200674 ], [ -55.737812645104576, -13.230484053210592 ], [ -55.737991035005386, -13.230397889641415 ], [ -55.73814728991924, -13.230315525443705 ], [ -55.738313302321622, -13.230287029927764 ], [ -55.738453276741609, -13.230240786326656 ], [ -55.738780757058194, -13.230095705593708 ], [ -55.739017745929139, -13.229955048649122 ], [ -55.739206561830684, -13.229800442919139 ], [ -55.739655784575689, -13.229634465156089 ], [ -55.73999042939036, -13.229465936801697 ], [ -55.740532736571517, -13.229372851112782 ], [ -55.741091324246518, -13.22924364461181 ], [ -55.707581648915294, -13.220709491104557 ], [ -55.698921662105633, -13.235837571124742 ], [ -55.764881369557642, -13.251464661761537 ], [ -55.76497514952532, -13.251226411138147 ], [ -55.765091064479989, -13.250984361202065 ], [ -55.765210882430083, -13.250763856695714 ], [ -55.76567315118568, -13.250417929508968 ], [ -55.766088529957457, -13.250191127736475 ], [ -55.766574216685591, -13.249974474206695 ], [ -55.766973983475651, -13.249661488967348 ], [ -55.767412834258707, -13.249186285392136 ], [ -55.768065228920783, -13.248629998023603 ], [ -55.769027567439423, -13.24764284344718 ], [ -55.769670873125108, -13.246910385385195 ], [ -55.769850627069623, -13.246390782877503 ], [ -55.769993917031023, -13.24592186977927 ], [ -55.770006963041617, -13.245741902609687 ], [ -55.769915857122555, -13.245490947432453 ], [ -55.769762249237971, -13.245272935660177 ], [ -55.769608641353379, -13.245054923692635 ], [ -55.769345695558187, -13.244611300814103 ], [ -55.769320994600093, -13.244348946922528 ], [ -55.769281964645849, -13.24413348445222 ], [ -55.76936013263186, -13.243809041525903 ], [ -55.769693602538489, -13.242752074990914 ], [ -55.769874639468554, -13.242365541335715 ], [ -55.769972322431663, -13.242148828238243 ], [ -55.770090857396198, -13.241795237759634 ], [ -55.770172928377619, -13.241492338208579 ], [ -55.770329210310827, -13.241221133615955 ], [ -55.770538905233195, -13.240740812842564 ], [ -55.770696524190726, -13.240224996414115 ], [ -55.770766886185875, -13.239857455013446 ], [ -55.770841151176427, -13.239511459724584 ], [ -55.770920656186746, -13.238942398352266 ], [ -55.771087364120682, -13.238602751418757 ], [ -55.771316574020148, -13.23823015939943 ], [ -55.771630420872128, -13.237820822858273 ], [ -55.771847921785344, -13.237383589089811 ], [ -55.771953410739293, -13.237209965300989 ], [ -55.771853161805076, -13.237160521865937 ], [ -55.756966350218207, -13.23328393306366 ], [ -55.75551854112647, -13.232977013151833 ], [ -55.755247735301673, -13.232867975386734 ], [ -55.754512121769523, -13.232649873408159 ] ], [ [ -55.710956497935044, -13.229828299602822 ], [ -55.711166780311416, -13.229792205209902 ], [ -55.711484476120056, -13.229782108519244 ], [ -55.71161402453933, -13.229804306814232 ], [ -55.71168497398849, -13.229880998374043 ], [ -55.711675135441787, -13.230393688073093 ], [ -55.710869186933891, -13.230354287317644 ], [ -55.710837989989876, -13.229993054602 ], [ -55.710892044471784, -13.22985047159132 ], [ -55.710956497935044, -13.229828299602822 ] ] ], [ [ [ -55.779844675234052, -13.239415722718245 ], [ -55.77978345625408, -13.239581746419942 ], [ -55.77968903479362, -13.239753468890585 ], [ -55.779625864315918, -13.239908719047044 ], [ -55.779597847816419, -13.240069043538023 ], [ -55.779563976823773, -13.240197048018207 ], [ -55.779487787354881, -13.240343424218802 ], [ -55.77939531739213, -13.240525919440476 ], [ -55.77935949490179, -13.240643150398013 ], [ -55.779248124435306, -13.240973296396714 ], [ -55.779195379958338, -13.241060106965097 ], [ -55.779108122995943, -13.241208382262897 ], [ -55.77903778802019, -13.241387077607126 ], [ -55.779009771520684, -13.241547401124743 ], [ -55.778947911047929, -13.241646884339673 ], [ -55.778854799592388, -13.241762839582744 ], [ -55.778747359140738, -13.241925686899837 ], [ -55.778665956671468, -13.242106281326642 ], [ -55.77859693170064, -13.242229210347491 ], [ -55.778546780214157, -13.242393332524149 ], [ -55.778551966195124, -13.242547956562584 ], [ -55.778544133184916, -13.242693706915402 ], [ -55.778482272712147, -13.242793189661963 ], [ -55.778388519763851, -13.242842605652497 ], [ -55.778321446290725, -13.242976307481298 ], [ -55.778219218839432, -13.24310493486656 ], [ -55.778197725345208, -13.243175272702816 ], [ -55.778221143317758, -13.243304550716726 ], [ -55.778200291316324, -13.243441427056439 ], [ -55.778011475414786, -13.24359602412842 ], [ -55.777965895435869, -13.243659387867396 ], [ -55.777821349508308, -13.243806386418145 ], [ -55.777734065526516, -13.244143502069267 ], [ -55.777600560073068, -13.244477442502511 ], [ -55.777467723131764, -13.244689079190037 ], [ -55.777412358644909, -13.244887418582829 ], [ -55.77722872872436, -13.245196637092654 ], [ -55.777057476302225, -13.245448190700161 ], [ -55.776927232351404, -13.245737137537816 ], [ -55.7768184818948, -13.245955747019929 ], [ -55.776750098416748, -13.246145211919007 ], [ -55.77662963897388, -13.246299182848587 ], [ -55.776544333509214, -13.246458227981094 ], [ -55.776478543021646, -13.246725003169377 ], [ -55.776369151072274, -13.246877074160414 ], [ -55.7762942716083, -13.246967681765712 ], [ -55.776234362633254, -13.247077935763798 ], [ -55.776117806185802, -13.247253452084671 ], [ -55.776030549223428, -13.247401723610198 ], [ -55.775945243758741, -13.247560768022227 ], [ -55.77589118927682, -13.247703340664625 ], [ -55.775814999807935, -13.247849712351892 ], [ -55.7757264328406, -13.24805374785698 ], [ -55.775654787859899, -13.248288202465327 ], [ -55.775557746389566, -13.248571447255737 ], [ -55.775547961881628, -13.248706421076175 ], [ -55.775537508861554, -13.24896369602283 ], [ -55.775585013318789, -13.249099944762065 ], [ -55.775583034801684, -13.249278009895486 ], [ -55.77541376089664, -13.249351494335183 ], [ -55.77538510290438, -13.249445275705508 ], [ -55.775550446794597, -13.249539083339839 ], [ -55.77560316425221, -13.249641113555622 ], [ -55.77556734176185, -13.249758340123352 ], [ -55.775622010717157, -13.24987114312175 ], [ -55.775612226209219, -13.250006116221289 ], [ -55.775659089173686, -13.250075827647629 ], [ -55.775602441701288, -13.250141089245957 ], [ -55.775525610739606, -13.250220922777393 ], [ -55.775299047869389, -13.250293131802247 ], [ -55.775240448899282, -13.250347620489315 ], [ -55.775213742404702, -13.250452174324545 ], [ -55.775358902805671, -13.250560553500968 ], [ -55.775498208713501, -13.250636614109984 ], [ -55.775710442587588, -13.250611295643006 ], [ -55.775854320002985, -13.250586601587647 ], [ -55.775993625910829, -13.250662662188528 ], [ -55.776101680835879, -13.25075519422586 ], [ -55.776106225324085, -13.250843276432802 ], [ -55.776100343811571, -13.250999794642722 ], [ -55.776035221836153, -13.251144264808676 ], [ -55.775902384894863, -13.251355895698666 ], [ -55.775734393975377, -13.251562452210782 ], [ -55.775667989014408, -13.2515738494217 ], [ -55.775554721088987, -13.251515535638211 ], [ -55.775430385670077, -13.251459121376749 ], [ -55.775311904744299, -13.251435025519577 ], [ -55.775250071290934, -13.25134566840228 ], [ -55.775232507811523, -13.251248713101699 ], [ -55.775211041336696, -13.251130212126297 ], [ -55.775187623364161, -13.251000938269129 ], [ -55.775182437383187, -13.25084631960074 ], [ -55.775187008890754, -13.250745565018054 ], [ -55.775204599389546, -13.250653683691182 ], [ -55.77515252342473, -13.25061819049909 ], [ -55.775058128983652, -13.250601068315328 ], [ -55.77501190751196, -13.250597893644118 ], [ -55.774947454048728, -13.250620063741609 ], [ -55.774909680060659, -13.250726517001507 ], [ -55.774930505042711, -13.250778481636452 ], [ -55.774962397518252, -13.250828546719374 ], [ -55.774947400009957, -13.250997737303139 ], [ -55.774877733546354, -13.251054125371587 ], [ -55.77483931806551, -13.251094041990788 ], [ -55.774832795060227, -13.251184023613222 ], [ -55.77486532902855, -13.251300625025177 ], [ -55.774824293537847, -13.251452068744801 ], [ -55.77475526856702, -13.251574993045397 ], [ -55.774695359591952, -13.251685244955992 ], [ -55.774684933591239, -13.251753680778805 ], [ -55.774671246087884, -13.251867107263108 ], [ -55.774653655589098, -13.251958988131733 ], [ -55.774614571596103, -13.252121204216474 ], [ -55.774559875621406, -13.252197238037732 ], [ -55.774492802148309, -13.252330934727475 ], [ -55.774488230640713, -13.252431688653623 ], [ -55.774537045102889, -13.252512172142607 ], [ -55.774538328088447, -13.252645244250298 ], [ -55.774479729118333, -13.252699732410587 ], [ -55.774370337168961, -13.252851799667733 ], [ -55.774292196202346, -13.252987395521821 ], [ -55.77417890125755, -13.253117917138994 ], [ -55.774066916317679, -13.253192675533846 ], [ -55.773900903915276, -13.253221168369206 ], [ -55.773668486551927, -13.253261058333102 ], [ -55.773457562682786, -13.253230613380742 ], [ -55.773333227263862, -13.253174199516987 ], [ -55.773093672421837, -13.253048699493348 ], [ -55.772928328531599, -13.252954893212175 ], [ -55.772655571209071, -13.252835091651251 ], [ -55.772309244427518, -13.252750132208975 ], [ -55.771938831161279, -13.252658199039502 ], [ -55.771333407541185, -13.252528847094732 ], [ -55.770981867759268, -13.252478105352617 ], [ -55.77052096304736, -13.252390595547476 ], [ -55.770031427362561, -13.252208030321981 ], [ -55.769877792458594, -13.252178860358052 ], [ -55.769696809567279, -13.25218770729977 ], [ -55.769485885698145, -13.252157262213082 ], [ -55.769322493305623, -13.252074228365176 ], [ -55.769054280471288, -13.252042508143369 ], [ -55.768807561131176, -13.251940452634686 ], [ -55.768623985249377, -13.251871990564506 ], [ -55.768518523314796, -13.251856768001883 ], [ -55.76839678088637, -13.25187766286288 ], [ -55.768358365405547, -13.251917579346971 ], [ -55.768329065920483, -13.251944823510135 ], [ -55.768265253950005, -13.25203352969694 ], [ -55.768191684490986, -13.252068371972221 ], [ -55.768120066529661, -13.252113987017763 ], [ -55.768048448568358, -13.252159602054752 ], [ -55.768051041558849, -13.252236910983923 ], [ -55.768118088012571, -13.252292049945416 ], [ -55.768257393920408, -13.252368110013126 ], [ -55.768373923348463, -13.252381433014959 ], [ -55.768623262698455, -13.252371961670613 ], [ -55.768756072620363, -13.25234916732302 ], [ -55.769140814882761, -13.25239421050599 ], [ -55.769252772803249, -13.25250828740082 ], [ -55.769358876230584, -13.252590045982524 ], [ -55.769464338165172, -13.252605268499265 ], [ -55.769674620541529, -13.252569177482536 ], [ -55.769926552881998, -13.252637014947522 ], [ -55.770315839632588, -13.252770139586538 ], [ -55.770571674968473, -13.252859522480431 ], [ -55.770726619877394, -13.252832929127999 ], [ -55.771084014152436, -13.252915989016737 ], [ -55.772589753702121, -13.2532906947761 ], [ -55.773160664836801, -13.253481507976653 ], [ -55.773248536272575, -13.253588610690763 ], [ -55.799467519004239, -13.25982964755485 ], [ -55.807364983141852, -13.246005830909185 ], [ -55.780153950578459, -13.23910714761146 ], [ -55.77997098917006, -13.239294067464748 ], [ -55.779844675234052, -13.239415722718245 ] ] ] ] } },
{ "type": "Feature", "properties": { }, "geometry": { "type": "MultiPolygon", "coordinates": [ [ [ [ -55.843877199791862, -13.255532426655973 ], [ -55.843896487336899, -13.255638897402298 ], [ -55.843947583394694, -13.255782601439341 ], [ -55.843959722459246, -13.255884200022113 ], [ -55.843983663192731, -13.255947179429937 ], [ -55.844055147997487, -13.255995899953243 ], [ -55.844936261268508, -13.256155721275082 ], [ -55.84572692474952, -13.256404253390885 ], [ -55.845930678696838, -13.256387580184562 ], [ -55.8461258455661, -13.256427271105945 ], [ -55.846291699214646, -13.256478091928738 ], [ -55.846489009144456, -13.256529612872651 ], [ -55.846665592931636, -13.256535899617694 ], [ -55.847047354427886, -13.256567961269601 ], [ -55.847211417247365, -13.256643485104059 ], [ -55.847464491259217, -13.256691534237588 ], [ -55.84761497641653, -13.256726695917544 ], [ -55.847792631733995, -13.256738897670983 ], [ -55.848147575301603, -13.256830452260481 ], [ -55.848397067655313, -13.25692790738392 ], [ -55.849220626015153, -13.257115902856061 ], [ -55.849534821760464, -13.25719005514161 ], [ -55.849855461523276, -13.257196013465363 ], [ -55.850070635236371, -13.257311556285963 ], [ -55.850513870697569, -13.257406254021124 ], [ -55.850806268769951, -13.257429257200894 ], [ -55.850971770187023, -13.257443544865957 ], [ -55.851176228597296, -13.257499937627099 ], [ -55.85138641172631, -13.257518754465162 ], [ -55.851830733553619, -13.25751568330757 ], [ -55.852031272910089, -13.257481265192016 ], [ -55.852299363181693, -13.257508440257354 ], [ -55.852701483753279, -13.257652886639518 ], [ -55.852950256808185, -13.257780959347638 ], [ -55.853452808337927, -13.258030146608696 ], [ -55.853812742489623, -13.258218426310382 ], [ -55.854189483730124, -13.258361129174853 ], [ -55.854461493055545, -13.258479114663109 ], [ -55.85462913753318, -13.25850523220768 ], [ -55.854988014990411, -13.258583913226898 ], [ -55.855485575936072, -13.258736374311326 ], [ -55.856539309432932, -13.259122719774876 ], [ -55.857084766681353, -13.259297454520013 ], [ -55.857239537959799, -13.25935627562332 ], [ -55.857389303818316, -13.259422054625599 ], [ -55.857572669018644, -13.259500363626071 ], [ -55.857837544699422, -13.259509793628368 ], [ -55.857967655945593, -13.259536253903612 ], [ -55.858037364757102, -13.259505993492118 ], [ -55.858055258212048, -13.259362648937278 ], [ -55.858052425524342, -13.259174070600713 ], [ -55.858106780680444, -13.259024468050354 ], [ -55.858146824039785, -13.258968804648191 ], [ -55.858226191459643, -13.258888095580485 ], [ -55.8437800130962, -13.255238060168644 ], [ -55.843850059303385, -13.255348017278969 ], [ -55.843865060727296, -13.255430827926254 ], [ -55.843877199791862, -13.255532426655973 ] ] ], [ [ [ -55.831333395302508, -13.267027101563263 ], [ -55.831517861704789, -13.266903963319205 ], [ -55.831706599392348, -13.266908163930317 ], [ -55.831934485024725, -13.266869053946118 ], [ -55.832081433031362, -13.266642578541719 ], [ -55.832257885210296, -13.266319559225579 ], [ -55.832287939983537, -13.266122292744424 ], [ -55.832298156610769, -13.265919282729339 ], [ -55.832188816014707, -13.26562701469441 ], [ -55.832086983548542, -13.26532430969198 ], [ -55.831991029663087, -13.265157816364935 ], [ -55.831816779888037, -13.265077944775895 ], [ -55.831605011717357, -13.264894735337153 ], [ -55.831333178507677, -13.26479501888641 ], [ -55.831198076677417, -13.264671836191321 ], [ -55.831073169220666, -13.264501163424701 ], [ -55.830812609332682, -13.264308031143472 ], [ -55.830206764485432, -13.263972899331911 ], [ -55.829888297454836, -13.263771408620684 ], [ -55.829318914308772, -13.263430018382797 ], [ -55.829089971981958, -13.263359532758662 ], [ -55.828883047951273, -13.263047416727687 ], [ -55.828685217092158, -13.262889258221655 ], [ -55.828576382589588, -13.262807307206369 ], [ -55.828393039642997, -13.26257347681674 ], [ -55.828251530884778, -13.262259281091017 ], [ -55.828215113691094, -13.261954493206403 ], [ -55.828059667621346, -13.261615244088695 ], [ -55.828072042144953, -13.261320377926689 ], [ -55.828062420626189, -13.261111620413605 ], [ -55.828129487701567, -13.2608073670099 ], [ -55.828268399231128, -13.260536524053745 ], [ -55.828504365848076, -13.260230727148539 ], [ -55.828704376857324, -13.260141510604852 ], [ -55.828866847217206, -13.260104478235789 ], [ -55.829280233692558, -13.260207347155815 ], [ -55.829674860970094, -13.260258546129657 ], [ -55.82989576681981, -13.260284670703234 ], [ -55.830426574875801, -13.260413128186114 ], [ -55.830938579226483, -13.260800963222676 ], [ -55.831662857841323, -13.261582331595529 ], [ -55.832407502949401, -13.262424239225062 ], [ -55.832564027967344, -13.26271756128213 ], [ -55.832679247144107, -13.263146045995475 ], [ -55.832704963870825, -13.26328800253509 ], [ -55.832788587740147, -13.263438317013785 ], [ -55.832909223911614, -13.263481649880541 ], [ -55.833212190842723, -13.263338172352084 ], [ -55.833523767105653, -13.262982809986413 ], [ -55.833872355670714, -13.262520465159225 ], [ -55.834094384976112, -13.262189618216746 ], [ -55.834322843463191, -13.261894260154611 ], [ -55.834766306965527, -13.261644335279305 ], [ -55.835186695477269, -13.261526445188327 ], [ -55.835568486645187, -13.261351141889202 ], [ -55.835691831314016, -13.261201897957678 ], [ -55.835921874842761, -13.261070934578484 ], [ -55.836051648693278, -13.260957179942348 ], [ -55.836223234478453, -13.260918583259732 ], [ -55.837276836367074, -13.260975612215962 ], [ -55.837669328001958, -13.260963140036942 ], [ -55.838258616055263, -13.26084370683774 ], [ -55.838631269544145, -13.260825491157794 ], [ -55.838933157527059, -13.260727938377848 ], [ -55.839200741705184, -13.260544790641692 ], [ -55.839569674509747, -13.260298507523162 ], [ -55.840341843923653, -13.259891535714871 ], [ -55.840651262290173, -13.259628021367691 ], [ -55.841012686964859, -13.259392174191685 ], [ -55.84130226718537, -13.259122915768938 ], [ -55.841491027126693, -13.258971591756064 ], [ -55.841709819587493, -13.258778520063522 ], [ -55.841996780325637, -13.258079739545613 ], [ -55.842204343972249, -13.257669034197736 ], [ -55.842342727154573, -13.257343388302807 ], [ -55.842332577288573, -13.257079827872833 ], [ -55.842367520709296, -13.256442592607911 ], [ -55.842405172627373, -13.255612774076569 ], [ -55.842447579670505, -13.255276152449055 ], [ -55.842440093794366, -13.255131062281846 ], [ -55.842290537432199, -13.254850257718514 ], [ -55.807441885344659, -13.246007621331479 ], [ -55.79953505695218, -13.259864606287772 ], [ -55.830912984537029, -13.267300508515318 ], [ -55.831051873812825, -13.267185192397221 ], [ -55.831253492117497, -13.267104850548057 ], [ -55.831333395302508, -13.267027101563263 ] ] ] ] } },
{ "type": "Feature", "properties": { }, "geometry": { "type": "MultiPolygon", "coordinates": [ [ [ [ -54.467499230762847, -15.281414007737197 ], [ -54.467326186788192, -15.281253877491993 ], [ -54.467259938232672, -15.281226408578727 ], [ -54.466211814222568, -15.292842315039319 ], [ -54.468146208608609, -15.292992457563869 ], [ -54.481576487238627, -15.293968735510433 ], [ -54.495200471810428, -15.294880444809738 ], [ -54.496503361368333, -15.294935839773936 ], [ -54.49732185, -15.29098492 ], [ -54.49815951, -15.28694141 ], [ -54.498392995106137, -15.285814353168131 ], [ -54.49841341868148, -15.285715766450952 ], [ -54.49899718, -15.28289789 ], [ -54.499795635147017, -15.279043673695814 ], [ -54.49983485, -15.27885438 ], [ -54.50010666686876, -15.277398620030395 ], [ -54.499850060099632, -15.276998157951303 ], [ -54.499292186987304, -15.276373133445828 ], [ -54.498754975842104, -15.275887577218436 ], [ -54.497752870436635, -15.275288380171865 ], [ -54.497045198062665, -15.274911299271867 ], [ -54.496421692596734, -15.27465767206365 ], [ -54.496143170293323, -15.274648811922818 ], [ -54.495506445676433, -15.274552858902027 ], [ -54.495319841693856, -15.274480079253223 ], [ -54.495133139434543, -15.274361202217467 ], [ -54.494994377050688, -15.274258232463129 ], [ -54.494720726761329, -15.274389584602021 ], [ -54.494038881846265, -15.274430908536267 ], [ -54.493176244718875, -15.274451570503391 ], [ -54.492179304805184, -15.274730507059553 ], [ -54.491249516284647, -15.275086925992424 ], [ -54.490154432027126, -15.27572228148146 ], [ -54.48934344981754, -15.276486774265017 ], [ -54.488718425312058, -15.27720477762254 ], [ -54.488238034576447, -15.277953773930752 ], [ -54.48789194662713, -15.278656280812939 ], [ -54.487576851628489, -15.279865005889647 ], [ -54.487483872776437, -15.280670822607449 ], [ -54.487483872776437, -15.281900209651276 ], [ -54.487545858677805, -15.282137822273192 ], [ -54.487556189661369, -15.282292787026615 ], [ -54.487483872776437, -15.282334110960861 ], [ -54.487380562940821, -15.282292787026615 ], [ -54.487318577039453, -15.282292787026615 ], [ -54.487225598187401, -15.282365103911546 ], [ -54.486657394091509, -15.282964300958117 ], [ -54.485882570324392, -15.283470519152633 ], [ -54.485180063442208, -15.283728793741671 ], [ -54.484498218527143, -15.283739124725233 ], [ -54.483775049677838, -15.283553167021125 ], [ -54.483527106072358, -15.283336216366333 ], [ -54.483403134269622, -15.283170920629347 ], [ -54.48333081738469, -15.283088272760855 ], [ -54.483204262836075, -15.283023704113594 ], [ -54.482989967541037, -15.283018266158246 ], [ -54.482894979015462, -15.283159943959106 ], [ -54.482696107581909, -15.283278750270064 ], [ -54.482602615954605, -15.283321347047002 ], [ -54.482489500130207, -15.284139711055341 ], [ -54.481978400177582, -15.285607034982277 ], [ -54.481491638317934, -15.287250425588038 ], [ -54.481017045504764, -15.288811634729946 ], [ -54.480871016946885, -15.289339860754168 ], [ -54.480785833621439, -15.289539412461302 ], [ -54.48053028364513, -15.289527674130847 ], [ -54.480372086040738, -15.28971548733924 ], [ -54.480213888436353, -15.289797655564978 ], [ -54.480067859878467, -15.289774178932335 ], [ -54.479924896140751, -15.28967075130798 ], [ -54.479663963906589, -15.289640053398079 ], [ -54.479284300260701, -15.289663298111094 ], [ -54.478721261656595, -15.289733032250133 ], [ -54.477313665146333, -15.290154019830265 ], [ -54.476536258633331, -15.290164350813827 ], [ -54.475776931341557, -15.290102364912457 ], [ -54.47496817735923, -15.290079374951537 ], [ -54.474577757281942, -15.290068276715838 ], [ -54.473232926639518, -15.290030048027523 ], [ -54.472778363362814, -15.289942234667251 ], [ -54.472259231438848, -15.289616808685063 ], [ -54.472096518447749, -15.289541909054241 ], [ -54.4720836047183, -15.289410189013831 ], [ -54.471946719186107, -15.289221648563839 ], [ -54.471684570478239, -15.288670232316241 ], [ -54.470795046452174, -15.286898271542796 ], [ -54.470454313150412, -15.286064837945583 ], [ -54.470210932220589, -15.28556008077568 ], [ -54.469286084687297, -15.283705381203253 ], [ -54.468701970455712, -15.282766286555526 ], [ -54.468178701456594, -15.282120656545484 ], [ -54.468155048192202, -15.282092769216559 ], [ -54.467499230762847, -15.281414007737197 ] ] ], [ [ [ -54.49170707073457, -15.251222865241985 ], [ -54.469939033006504, -15.250838286829804 ], [ -54.469685525159257, -15.253290487736844 ], [ -54.469117321063365, -15.259768014429929 ], [ -54.469272285816793, -15.259799007380613 ], [ -54.469246458357887, -15.259917813691571 ], [ -54.469132817538707, -15.259933310166913 ], [ -54.469091493604466, -15.259969468609379 ], [ -54.469014011227749, -15.260708133934029 ], [ -54.4688255560594, -15.262739772578099 ], [ -54.468857109414948, -15.262767228095262 ], [ -54.468913929824538, -15.262777559078822 ], [ -54.468939757283444, -15.262803386537726 ], [ -54.468939757283444, -15.262880868914438 ], [ -54.468846778431391, -15.263164970962382 ], [ -54.468665986219065, -15.264673294562369 ], [ -54.468712475645084, -15.265716723902088 ], [ -54.468562030696916, -15.265796143338088 ], [ -54.468481965574313, -15.266558053375753 ], [ -54.46796541639624, -15.27285995334829 ], [ -54.468306338853772, -15.272803132938702 ], [ -54.47517127743042, -15.271749372615425 ], [ -54.475186773905762, -15.271687386714056 ], [ -54.474943995792067, -15.271625400812686 ], [ -54.473991608245051, -15.271414261336284 ], [ -54.475071196027237, -15.27152273666368 ], [ -54.475839116222822, -15.271508562134708 ], [ -54.476459737593878, -15.27149682279498 ], [ -54.476861316128094, -15.271438126086535 ], [ -54.477299401801766, -15.271367690014728 ], [ -54.477640135103535, -15.271308993270164 ], [ -54.477980868405275, -15.271144642298037 ], [ -54.478163404102638, -15.27116812101622 ], [ -54.478358108846507, -15.271297253919283 ], [ -54.478589320729846, -15.271355950667132 ], [ -54.478844870706155, -15.271426386742876 ], [ -54.479138352756955, -15.271524611611881 ], [ -54.479565173876559, -15.271269627566403 ], [ -54.481486736819022, -15.269988585604766 ], [ -54.482488842224491, -15.269497863885592 ], [ -54.482523699714314, -15.269465007861259 ], [ -54.482726454846357, -15.268950321756844 ], [ -54.48322234205731, -15.268345959218491 ], [ -54.483754387710732, -15.268025698728083 ], [ -54.484472391068259, -15.267633121352745 ], [ -54.485185228934007, -15.267405839714391 ], [ -54.486151175897021, -15.267142399633572 ], [ -54.486595408190169, -15.26693061447056 ], [ -54.487039640483317, -15.266563864554131 ], [ -54.4872307636792, -15.266238438571941 ], [ -54.487308246055917, -15.265809702754137 ], [ -54.487272087613448, -15.265468780296604 ], [ -54.487111957368249, -15.264916072676062 ], [ -54.487044805975096, -15.264068932024013 ], [ -54.486977654581935, -15.262793055554157 ], [ -54.486786531386045, -15.261961411377451 ], [ -54.486497263846317, -15.261145263676088 ], [ -54.486094355487417, -15.260473749744586 ], [ -54.485619130243585, -15.260034682943219 ], [ -54.485102581065512, -15.259781573845961 ], [ -54.484560204428519, -15.259585285158293 ], [ -54.483968039278956, -15.25934625418107 ], [ -54.483700320256155, -15.259275814052192 ], [ -54.483280488152197, -15.259129063716836 ], [ -54.4828199194231, -15.259010160053302 ], [ -54.482678120350897, -15.258994053300425 ], [ -54.482300879909666, -15.258994053300425 ], [ -54.481899301375456, -15.258982313260896 ], [ -54.481582906166679, -15.258923613053415 ], [ -54.481193496678955, -15.258630111769941 ], [ -54.481108313353531, -15.258454010802984 ], [ -54.481108313353531, -15.25827790968839 ], [ -54.481108171256224, -15.258043101198385 ], [ -54.481144820492993, -15.25780830599429 ], [ -54.481198319776652, -15.257668212127944 ], [ -54.481230003818432, -15.257585243871805 ], [ -54.481436877608779, -15.257409142028822 ], [ -54.481722850201329, -15.257268260457314 ], [ -54.482197443014478, -15.257174339340541 ], [ -54.482367809665284, -15.257174339341319 ], [ -54.482534525602297, -15.257231866024437 ], [ -54.482665521808649, -15.257379308290211 ], [ -54.482777835740357, -15.25759789089169 ], [ -54.482903247710958, -15.25779656589603 ], [ -54.483201389350008, -15.257949187212759 ], [ -54.483563115339621, -15.258131983795268 ], [ -54.48385836615094, -15.258227106591386 ], [ -54.484103483671483, -15.25826010338179 ], [ -54.484387834523552, -15.258330032033626 ], [ -54.484692097545171, -15.258377700331554 ], [ -54.485245789160523, -15.258301389845535 ], [ -54.485574353415814, -15.258283779727913 ], [ -54.485811649822388, -15.258254429528614 ], [ -54.485952825997927, -15.258199328814978 ], [ -54.486036777182477, -15.258095938381512 ], [ -54.486036777182477, -15.257508933091295 ], [ -54.485925868710204, -15.257328459449827 ], [ -54.485849533879595, -15.257118669954448 ], [ -54.485796252385235, -15.256891100865319 ], [ -54.485788400372108, -15.2566960522638 ], [ -54.485791647041893, -15.256391220009194 ], [ -54.485802214983195, -15.256011544083179 ], [ -54.485789307945673, -15.255383783170542 ], [ -54.48571651042591, -15.254817275018816 ], [ -54.485516525323384, -15.254854107019177 ], [ -54.485463981050778, -15.254565377794131 ], [ -54.485459967470369, -15.254376151696095 ], [ -54.485507423660117, -15.254145361140342 ], [ -54.485596109041161, -15.254000995412975 ], [ -54.48568387483423, -15.253881204046765 ], [ -54.485850166258025, -15.253665449336621 ], [ -54.486019325938791, -15.253505145672667 ], [ -54.486249735496081, -15.253323537843338 ], [ -54.486371425960989, -15.253212004418248 ], [ -54.486260442253638, -15.252836995944651 ], [ -54.48621775585994, -15.252725585403097 ], [ -54.48623394615317, -15.252626925681383 ], [ -54.486306594309134, -15.252520131567694 ], [ -54.486401848577209, -15.252472360271423 ], [ -54.486681736646517, -15.252466490081815 ], [ -54.486870356867129, -15.252460619883669 ], [ -54.487095484227204, -15.252460619881543 ], [ -54.487221195427715, -15.252501429182336 ], [ -54.487363203249998, -15.252624985448929 ], [ -54.487448386575458, -15.252748259592732 ], [ -54.487576161563616, -15.252912624963979 ], [ -54.48767351393554, -15.253076990206646 ], [ -54.487783035353964, -15.253247225501003 ], [ -54.487922979388607, -15.253558344820522 ], [ -54.488361065062271, -15.254333206028855 ], [ -54.488872165014904, -15.255131544890871 ], [ -54.489553631618413, -15.256164684797145 ], [ -54.490210760128946, -15.25710389848458 ], [ -54.491038255290341, -15.258019627786561 ], [ -54.492376850404384, -15.259404954270426 ], [ -54.492808161548375, -15.25955883119434 ], [ -54.494394405736102, -15.251278514044538 ], [ -54.49170707073457, -15.251222865241985 ] ] ] ] } },
{ "type": "Feature", "properties": { }, "geometry": { "type": "Polygon", "coordinates": [ [ [ -54.548053138024535, -15.252674502841915 ], [ -54.547973072901932, -15.252671920096024 ], [ -54.547942079951248, -15.252638344399449 ], [ -54.547909921013321, -15.252606695920855 ], [ -54.547794688125244, -15.252589764291558 ], [ -54.547636654701222, -15.252563818837404 ], [ -54.547161674422426, -15.252585132756522 ], [ -54.546892550640635, -15.252618709830072 ], [ -54.546748150126987, -15.252636725874741 ], [ -54.546648037259949, -15.252622416776012 ], [ -54.546535191813405, -15.252495841093699 ], [ -54.54566538944929, -15.252428496296005 ], [ -54.535561687526069, -15.252154725231627 ], [ -54.535484205149359, -15.252118566789161 ], [ -54.535535860067164, -15.252030753428887 ], [ -54.535659831869907, -15.251927443593273 ], [ -54.535814796623328, -15.251865457691903 ], [ -54.536191877523329, -15.251870623183683 ], [ -54.541088763731508, -15.25202558793711 ], [ -54.546408918572084, -15.252169846460138 ], [ -54.546492600150685, -15.252155369149536 ], [ -54.546732529510706, -15.2519841039742 ], [ -54.546794338978742, -15.251518970519324 ], [ -54.547088883428756, -15.249302427388209 ], [ -54.547219941763409, -15.24920387289907 ], [ -54.547453954823482, -15.249161540342271 ], [ -54.552592529334014, -15.250048153060828 ], [ -54.552697560822182, -15.249974242013597 ], [ -54.553469801843406, -15.245932244695139 ], [ -54.555453350687223, -15.235898276910987 ], [ -54.557648684694051, -15.224823462533013 ], [ -54.558247881740627, -15.221579533694682 ], [ -54.560378647100201, -15.211256298370806 ], [ -54.560548166875357, -15.210314083806567 ], [ -54.560511341708541, -15.210237888142187 ], [ -54.560365313150633, -15.210108717739439 ], [ -54.560315386847208, -15.210088070277077 ], [ -54.560140776964097, -15.21005539872424 ], [ -54.559548259766785, -15.20994453182155 ], [ -54.559063225176097, -15.209920833375906 ], [ -54.559148408501535, -15.210073489434031 ], [ -54.559209253733975, -15.210390543970647 ], [ -54.559318775152398, -15.210637141613772 ], [ -54.55936745133836, -15.210895481692301 ], [ -54.559270098966444, -15.211247763107151 ], [ -54.559184915641005, -15.211459131673381 ], [ -54.559136239455036, -15.211717470744166 ], [ -54.559087563269074, -15.211940581504951 ], [ -54.559063225176097, -15.212093236099903 ], [ -54.558917196618196, -15.212422030236466 ], [ -54.558771168060311, -15.212868250029729 ], [ -54.558661646641887, -15.213290983698995 ], [ -54.558393927619065, -15.213878112388098 ], [ -54.558333082386625, -15.214230388816185 ], [ -54.558333082386625, -15.214347814161318 ], [ -54.558284406200656, -15.214559179617611 ], [ -54.55816271573574, -15.214688347292077 ], [ -54.557980180038378, -15.214688347292077 ], [ -54.557907165759417, -15.214817514887333 ], [ -54.557748968155032, -15.215005394884516 ], [ -54.557529925318192, -15.215251987126535 ], [ -54.557310882481346, -15.215404639322179 ], [ -54.557152684876961, -15.215639488637944 ], [ -54.556897134900659, -15.215839110350485 ], [ -54.556848458714697, -15.216003504559941 ], [ -54.556763275389258, -15.216073959181873 ], [ -54.556592908738374, -15.216062216746518 ], [ -54.556459049226973, -15.216120928916734 ], [ -54.556203499250664, -15.216085701616569 ], [ -54.556093977832241, -15.216085701616569 ], [ -54.555996625460303, -15.216085701616569 ], [ -54.555838427855917, -15.216050474310517 ], [ -54.555655892158562, -15.216003504559941 ], [ -54.555315158856793, -15.215897822582873 ], [ -54.555071777926969, -15.215839110350485 ], [ -54.555023101741007, -15.215792140552786 ], [ -54.554913580322584, -15.215662973555125 ], [ -54.554816227950667, -15.215486836612484 ], [ -54.554755382718206, -15.215228502163543 ], [ -54.554645861299782, -15.21495842490093 ], [ -54.554475494648919, -15.214711832315286 ], [ -54.554390311323473, -15.214582664655227 ], [ -54.55431729704452, -15.214336071629752 ], [ -54.554280789905057, -15.21410122086095 ], [ -54.554025239928734, -15.213655003678983 ], [ -54.553830535184872, -15.213420152150984 ], [ -54.553696675673464, -15.213185300361193 ], [ -54.55346546379014, -15.213009161347065 ], [ -54.55330726618574, -15.21295044830962 ], [ -54.552893518605053, -15.212926963090068 ], [ -54.543162708681528, -15.212269380446358 ], [ -54.54394786343223, -15.209552331769666 ], [ -54.544671090471311, -15.207253231077008 ], [ -54.533377330188912, -15.205099032168047 ], [ -54.533370758691447, -15.205096650000216 ], [ -54.533216170428787, -15.205071010281705 ], [ -54.530616723393685, -15.204539804756649 ], [ -54.530502088326813, -15.206259330759414 ], [ -54.529904665423544, -15.213564746925156 ], [ -54.53935966046334, -15.215237469365489 ], [ -54.544572914559964, -15.216193612038232 ], [ -54.547057178111466, -15.216646072410157 ], [ -54.547182387270986, -15.216566393854096 ], [ -54.54723930052532, -15.216478178309885 ], [ -54.547316133418661, -15.216463949996301 ], [ -54.547384429323863, -15.216518017587916 ], [ -54.547484027518934, -15.216646072410157 ], [ -54.547529558122399, -15.216748516267952 ], [ -54.547762902465152, -15.216788355545983 ], [ -54.548081616689402, -15.217109915432948 ], [ -54.553155433312931, -15.221549149270688 ], [ -54.553232266206273, -15.221697123731946 ], [ -54.553297716448753, -15.222277638926112 ], [ -54.553354629703094, -15.2235866437757 ], [ -54.553552403261897, -15.223700470284358 ], [ -54.553516832477939, -15.223814296793019 ], [ -54.552286083353032, -15.223617946065582 ], [ -54.549503466814706, -15.223089800716945 ], [ -54.549319974884185, -15.223809089084595 ], [ -54.547966616037606, -15.230565552333854 ], [ -54.548023436447195, -15.23067402766125 ], [ -54.548292042019796, -15.230994288151658 ], [ -54.548328200462265, -15.231113094462616 ], [ -54.548410848330754, -15.231355872576312 ], [ -54.548462503248565, -15.232058379458499 ], [ -54.548431510297874, -15.236082297555731 ], [ -54.548472834232122, -15.236846790339285 ], [ -54.548441841281431, -15.236934603699559 ], [ -54.54815257374171, -15.236888114273532 ], [ -54.547718672432126, -15.236934603699559 ], [ -54.547382915466386, -15.236944934683123 ], [ -54.547341591532138, -15.236831293863945 ], [ -54.54730026759789, -15.236789969929699 ], [ -54.547072985959538, -15.236758976979015 ], [ -54.544733190092749, -15.236385676213944 ], [ -54.544671089923654, -15.23649172419502 ], [ -54.544318227746814, -15.236594168052815 ], [ -54.544022278824293, -15.236571402751082 ], [ -54.543566972789655, -15.236947030229659 ], [ -54.542644978069511, -15.23865442785956 ], [ -54.542053080224477, -15.239018672687273 ], [ -54.54137012117252, -15.239337386911521 ], [ -54.541332924438372, -15.239663189582251 ], [ -54.541381600624334, -15.239780600740222 ], [ -54.541393769670833, -15.239898011832643 ], [ -54.541454614903301, -15.240062387251905 ], [ -54.541527629182234, -15.240261985802578 ], [ -54.541697995833125, -15.240285467972551 ], [ -54.541917038669958, -15.240215021454754 ], [ -54.542148250553289, -15.24010935163381 ], [ -54.542403800529613, -15.239991940659383 ], [ -54.542720195738376, -15.239944976251255 ], [ -54.543024421900661, -15.240003681759779 ], [ -54.543352986155931, -15.240121092727648 ], [ -54.543742395643633, -15.240273726887892 ], [ -54.544034452759419, -15.24043810201349 ], [ -54.544302171782242, -15.24059073594365 ], [ -54.544472538433105, -15.240755110821468 ], [ -54.544715919362929, -15.24096644976129 ], [ -54.545093159804154, -15.241330421882003 ], [ -54.545421724059416, -15.24165917035277 ], [ -54.545774626407663, -15.242175774054136 ], [ -54.545701612128724, -15.242246219915064 ], [ -54.545531245477839, -15.242140551114808 ], [ -54.545373047873461, -15.242105328169593 ], [ -54.545251357408539, -15.242105328169593 ], [ -54.545068821711176, -15.242210996987556 ], [ -54.544934962199768, -15.242304924781161 ], [ -54.544886286013814, -15.242469298319017 ], [ -54.544861947920829, -15.242621930774819 ], [ -54.544898455060313, -15.24276282217415 ], [ -54.54498363838573, -15.242927195354047 ], [ -54.545227019315554, -15.243185495805685 ], [ -54.545275695501516, -15.243349868655152 ], [ -54.545154005036622, -15.243279423163974 ], [ -54.54510532885066, -15.243244200409533 ], [ -54.544934962199797, -15.243220718569962 ], [ -54.544849778874358, -15.243232459490079 ], [ -54.544776764595412, -15.243244200409533 ], [ -54.544703750316458, -15.243291164080803 ], [ -54.544642905084011, -15.243349868655152 ], [ -54.544642905084011, -15.243432055031695 ], [ -54.54471591936295, -15.24361990948602 ], [ -54.544764595548912, -15.243760800216608 ], [ -54.544934962199797, -15.244042581394549 ], [ -54.545129666943637, -15.244195212708258 ], [ -54.544971469339252, -15.244230435303377 ], [ -54.544825440781374, -15.244206953573952 ], [ -54.544703750316458, -15.244195212708258 ], [ -54.544557721758565, -15.24425391703017 ], [ -54.544387355107688, -15.244394807335905 ], [ -54.544363017014703, -15.244512215851888 ], [ -54.544363017014703, -15.244617883460217 ], [ -54.544387355107688, -15.244793996022734 ], [ -54.544277833689264, -15.244899663489431 ], [ -54.544204819410318, -15.244829218517536 ], [ -54.544156143224342, -15.244676587664113 ], [ -54.544070959898917, -15.244547438393896 ], [ -54.544034452759441, -15.244488734153936 ], [ -54.543912762294518, -15.24447699330398 ], [ -54.543827578969093, -15.244500475003244 ], [ -54.543766733736632, -15.244582660930007 ], [ -54.543681550411193, -15.244829218517536 ], [ -54.543535521853293, -15.24508751663242 ], [ -54.542671519552421, -15.245157961517767 ], [ -54.542501152901544, -15.245275369607558 ], [ -54.542172588646288, -15.245240147187502 ], [ -54.541953545809449, -15.245381036832301 ], [ -54.541771010112079, -15.245463222414829 ], [ -54.541381600624355, -15.245510185590415 ], [ -54.541272079205932, -15.245568889545154 ], [ -54.540907007811207, -15.245651075054241 ], [ -54.540468922137521, -15.245627593483496 ], [ -54.539994329324358, -15.245662815838626 ], [ -54.539483229371747, -15.245780223646461 ], [ -54.539239848441923, -15.245815445976026 ], [ -54.538972129419101, -15.245850668299685 ], [ -54.53866790325683, -15.245885890617442 ], [ -54.538339339001567, -15.245909372159339 ], [ -54.537876915234904, -15.245862409072933 ], [ -54.537560520026133, -15.245827186751233 ], [ -54.537341477189294, -15.245780223646461 ], [ -54.537183279584909, -15.245827186751233 ], [ -54.536891222469109, -15.245791964423637 ], [ -54.536611334399815, -15.245803705200155 ], [ -54.536367953469991, -15.245791964423637 ], [ -54.535978543982267, -15.245721519750742 ], [ -54.535503951169112, -15.245545407965228 ], [ -54.534846822658594, -15.245381036832301 ], [ -54.534396567938423, -15.24522840637951 ], [ -54.533824622753329, -15.245052294180896 ], [ -54.533532565637529, -15.244993590081908 ], [ -54.532936282359479, -15.244770514356256 ], [ -54.532218308616486, -15.244383066480697 ], [ -54.531622025338415, -15.244077804015243 ], [ -54.531378644408591, -15.243972136135469 ], [ -54.530551149247195, -15.243537723182905 ], [ -54.529967035015623, -15.243138532110809 ], [ -54.529285568412114, -15.242704117435904 ], [ -54.528628439901588, -15.242304924781161 ], [ -54.527574073950355, -15.241624344715637 ], [ -54.52726016, -15.24558775 ], [ -54.527253610195885, -15.245668499727728 ], [ -54.527421518165738, -15.245733373261535 ], [ -54.527442180132859, -15.245831517605371 ], [ -54.527385359723276, -15.245893503506739 ], [ -54.527318208330122, -15.245919330965643 ], [ -54.52689980349588, -15.251079657254634 ], [ -54.526853314069854, -15.251627199383396 ], [ -54.526951458413691, -15.25171501274367 ], [ -54.527049602757522, -15.25179249512038 ], [ -54.527049602757522, -15.251885473972434 ], [ -54.526894638004102, -15.252019776758734 ], [ -54.526416830014391, -15.257291161121012 ], [ -54.526367757842472, -15.257805127553198 ], [ -54.526370340588365, -15.257991085257306 ], [ -54.526408031081672, -15.258097505473721 ], [ -54.550796916488707, -15.259400352415241 ], [ -54.551918600564356, -15.253666193866481 ], [ -54.551553325203535, -15.253560009168568 ], [ -54.550699626388585, -15.253360812778414 ], [ -54.549965445407729, -15.25329820819865 ], [ -54.549794705644736, -15.253320973500383 ], [ -54.549846788777991, -15.252891287651009 ], [ -54.54981973621355, -15.252826884849449 ], [ -54.549722922649238, -15.252758675292776 ], [ -54.549264445847115, -15.252720992267944 ], [ -54.548136052925592, -15.252637768392081 ], [ -54.548053138024535, -15.252674502841915 ] ] ] } },
{ "type": "Feature", "properties": { }, "geometry": { "type": "Polygon", "coordinates": [ [ [ -55.106885941997533, -13.1578738311092 ], [ -55.104314710474114, -13.152000596997803 ], [ -55.100288703220343, -13.145410124619346 ], [ -55.09736223576278, -13.146739721972903 ], [ -55.093648328651142, -13.148417788861874 ], [ -55.089898897946121, -13.15010769694865 ], [ -55.086159405389246, -13.151804582884129 ], [ -55.082774875215797, -13.153354162191517 ], [ -55.083889297248675, -13.157600143572795 ], [ -55.085011560248674, -13.161876003572795 ], [ -55.08613382424867, -13.166151863572795 ], [ -55.087236127233808, -13.170351671498587 ], [ -55.103194871481669, -13.161926903957962 ], [ -55.107494917884658, -13.15960602918814 ], [ -55.107555815473368, -13.159463934814477 ], [ -55.106885941997533, -13.1578738311092 ] ] ] } },
{ "type": "Feature", "properties": { }, "geometry": { "type": "Polygon", "coordinates": [ [ [ -55.095911206145558, -13.137819658217271 ], [ -55.095827730048768, -13.137806121552925 ], [ -55.095755534505592, -13.137783560445683 ], [ -55.091073786474169, -13.131822523642493 ], [ -55.088268195848315, -13.132469387017892 ], [ -55.083514800729361, -13.133413299642937 ], [ -55.077991842325972, -13.134542842417749 ], [ -55.078928052017218, -13.138225074179639 ], [ -55.079887797017221, -13.141999876179639 ], [ -55.080847542017217, -13.14577467817964 ], [ -55.081807288017217, -13.149549481179639 ], [ -55.082758346465404, -13.153290117840745 ], [ -55.08613910619448, -13.151787666885522 ], [ -55.087302361869597, -13.151266931493053 ], [ -55.090193261697955, -13.149955537978986 ], [ -55.093906376697952, -13.148271165978986 ], [ -55.097517150236932, -13.146633217492036 ], [ -55.100266500974925, -13.145377138424182 ], [ -55.100267346774764, -13.145372909424967 ], [ -55.100260580376023, -13.145352610228731 ], [ -55.100090574607556, -13.145058271883308 ], [ -55.098568134889859, -13.142520872353801 ], [ -55.097214855140784, -13.14015263279293 ], [ -55.096416420088843, -13.137926487605709 ], [ -55.09630376941157, -13.137839963213796 ], [ -55.09596343597542, -13.137814808291177 ], [ -55.095911206145558, -13.137819658217271 ] ] ] } },
{ "type": "Feature", "properties": { }, "geometry": { "type": "MultiPolygon", "coordinates": [ [ [ [ -55.089901223896909, -13.127330518620424 ], [ -55.088277288198036, -13.120990402996028 ], [ -55.086321798960626, -13.113066950065223 ], [ -55.086105274200776, -13.112180551829582 ], [ -55.084494871299377, -13.105299124305558 ], [ -55.083588173867497, -13.101780596957978 ], [ -55.083432546696358, -13.101712932970523 ], [ -55.083067161164109, -13.101787363356722 ], [ -55.078926125131943, -13.103465430245571 ], [ -55.073357378964516, -13.105556247457887 ], [ -55.072484513526369, -13.105921632990135 ], [ -55.072146193589099, -13.105935165787626 ], [ -55.07191613603176, -13.105725407426521 ], [ -55.071787574455598, -13.105380321090507 ], [ -55.071807873651835, -13.104324762886232 ], [ -55.073039358223483, -13.102538433617458 ], [ -55.07580681531033, -13.098451528775268 ], [ -55.077112730268183, -13.096699031500224 ], [ -55.077261591040582, -13.096306580372994 ], [ -55.077214226249367, -13.096029158024434 ], [ -55.077038299881984, -13.095711137283404 ], [ -55.077031533483243, -13.095555510112261 ], [ -55.0783746636342, -13.095376200545507 ], [ -55.078706217172723, -13.095322069355545 ], [ -55.07908513550246, -13.094584531892302 ], [ -55.076076286432674, -13.095340349601964 ], [ -55.076075214343888, -13.095340621726551 ], [ -55.072906948343885, -13.096144810726551 ], [ -55.072906703625918, -13.096144840788551 ], [ -55.068634432640259, -13.096678732303991 ], [ -55.068228448715537, -13.096834359475135 ], [ -55.070894409821193, -13.107532035891536 ], [ -55.073533305331885, -13.117931990763145 ], [ -55.075678253734154, -13.126640345948417 ], [ -55.077681107762778, -13.134428470904314 ], [ -55.08178428, -13.13368813 ], [ -55.084704458319294, -13.13307603860342 ], [ -55.086040524465162, -13.132795986552807 ], [ -55.08960335374244, -13.132049184809663 ], [ -55.09029676, -13.13190384 ], [ -55.090934811559201, -13.131770098396817 ], [ -55.090931969777181, -13.13148449930363 ], [ -55.09004331827056, -13.127986859298723 ], [ -55.089901223896909, -13.127330518620424 ] ] ], [ [ [ -55.00634720875928, -13.154069195562981 ], [ -55.00945108, -13.15321937 ], [ -55.013109346076718, -13.152217759943754 ], [ -55.013705885978297, -13.152054430680506 ], [ -55.01370619393775, -13.152054346362963 ], [ -55.01572034865174, -13.151500094938804 ], [ -55.01576940504264, -13.151471337744136 ], [ -55.017960319370218, -13.150889591067445 ], [ -55.017960696978299, -13.150889487680505 ], [ -55.019873432164786, -13.150365791565672 ], [ -55.02221551, -13.14972454 ], [ -55.02647032, -13.1485596 ], [ -55.026650404729956, -13.148510293942783 ], [ -55.026834121926157, -13.148459993209801 ], [ -55.029639621716598, -13.147691863177585 ], [ -55.030081549361228, -13.145536548135976 ], [ -55.030812094250898, -13.142253393455356 ], [ -55.030803499605135, -13.141385334233515 ], [ -55.030580038815337, -13.140861060842111 ], [ -55.02928224730546, -13.139236672793322 ], [ -55.028624756904762, -13.138248288530828 ], [ -55.027051936730551, -13.136168384256722 ], [ -55.02619247215447, -13.134879187392603 ], [ -55.025848686324039, -13.134973728495972 ], [ -55.02495484316492, -13.135523785824661 ], [ -55.018637778530746, -13.139296835313646 ], [ -55.018448696324008, -13.139477322874622 ], [ -55.018044747973256, -13.139640621144077 ], [ -55.017099336939566, -13.140491491074396 ], [ -55.016549279610878, -13.141007169820043 ], [ -55.015328839912847, -13.14196977014525 ], [ -55.014701430772305, -13.142287772038399 ], [ -55.014010141368843, -13.142632729383015 ], [ -55.01255536563859, -13.144297263474371 ], [ -55.01233207448, -13.144500255436732 ], [ -55.012102016922654, -13.144581452221676 ], [ -55.011993754542729, -13.144452890645514 ], [ -55.012081717726417, -13.143877746752159 ], [ -55.012710992809737, -13.14255153259807 ], [ -55.013617690241617, -13.140541912170704 ], [ -55.012913984772098, -13.13710458160806 ], [ -55.014159002141241, -13.13611668739124 ], [ -55.020235228214567, -13.131447872256947 ], [ -55.023043283693887, -13.12935028864589 ], [ -55.023165078871301, -13.129113464689802 ], [ -55.020972765677811, -13.124316087979345 ], [ -55.020478818569408, -13.12317256659138 ], [ -55.020478818569408, -13.122888377844076 ], [ -55.020593847348081, -13.122631254691752 ], [ -55.020708876126747, -13.122509459514335 ], [ -55.020796839310442, -13.122022278804669 ], [ -55.026575343838978, -13.12098701979663 ], [ -55.027196160923872, -13.120234257936222 ], [ -55.027290890506301, -13.11348139198836 ], [ -55.027399152886225, -13.105632369443752 ], [ -55.027460050474922, -13.102465694830927 ], [ -55.019604261531562, -13.103758076991291 ], [ -55.007810428518411, -13.105686500633713 ], [ -55.001260554532912, -13.106728526040497 ], [ -54.990610242907728, -13.10836599453687 ], [ -54.990353119755397, -13.108440424923067 ], [ -54.990075697406837, -13.108514855309267 ], [ -54.989297561551119, -13.108616351290447 ], [ -54.987084949161392, -13.109008802417677 ], [ -54.987010518775193, -13.109130597595094 ], [ -54.986901937302598, -13.10922665043624 ], [ -54.989869322245141, -13.123272370972877 ], [ -54.990106146201228, -13.124409125962096 ], [ -54.990600093309645, -13.126770599124225 ], [ -54.99177744669133, -13.127413407005033 ], [ -54.994118620657218, -13.128509563601778 ], [ -54.995424535615072, -13.129064408298897 ], [ -54.996270335458242, -13.129294465856239 ], [ -54.996513925813069, -13.129355363444946 ], [ -54.996527458610565, -13.129538056211072 ], [ -54.996229737065768, -13.129747814572177 ], [ -54.995573396387471, -13.12981547855963 ], [ -54.994078022264745, -13.129578654603543 ], [ -54.992264627400992, -13.129138838685099 ], [ -54.991344397171623, -13.128969678716464 ], [ -54.9910872740193, -13.128895248330267 ], [ -54.990979011639375, -13.129050875501409 ], [ -54.991607617613049, -13.131596032711983 ], [ -54.991779510528268, -13.132283604372846 ], [ -54.991624806904575, -13.132386740121975 ], [ -54.988272895057868, -13.133039933199795 ], [ -54.971702418031072, -13.136718441585407 ], [ -54.970774196288907, -13.136890334500622 ], [ -54.969931921004353, -13.136976280958232 ], [ -54.969347485092619, -13.136821577334537 ], [ -54.965479894500263, -13.136065248507588 ], [ -54.95631475086693, -13.134213637744114 ], [ -54.955424158960142, -13.139975812328743 ], [ -54.955583159906716, -13.140156299889719 ], [ -54.956691869209855, -13.14070205989553 ], [ -54.957362251579198, -13.140972791236994 ], [ -54.957723226701155, -13.140779411707381 ], [ -54.958887801201733, -13.140132664613882 ], [ -54.959283154906728, -13.140038123510513 ], [ -54.959651035814019, -13.139997886536278 ], [ -54.960705568780135, -13.14012406996812 ], [ -54.961689655719738, -13.140689167926892 ], [ -54.962140874622179, -13.141136089506453 ], [ -54.962351443443318, -13.141355252973353 ], [ -54.962557714941575, -13.141393928879276 ], [ -54.962849932897441, -13.141346658327592 ], [ -54.963166297542408, -13.141034678935126 ], [ -54.963459211577849, -13.140745825094234 ], [ -54.963935006924729, -13.140276624930374 ], [ -54.964433496378859, -13.139945731068584 ], [ -54.965138257331233, -13.139765243507608 ], [ -54.965622658441205, -13.139682078256799 ], [ -54.966559078567393, -13.139633523139144 ], [ -54.967059160658764, -13.13989416319402 ], [ -54.967536163498487, -13.140216462410049 ], [ -54.967806894839953, -13.140603221469284 ], [ -54.967995977046691, -13.14120484667254 ], [ -54.968240924450868, -13.141849445104599 ], [ -54.96833546555424, -13.142214717549432 ], [ -54.968480735811077, -13.142252119453596 ], [ -54.968528100602292, -13.142299484244813 ], [ -54.97220902151976, -13.141697274756472 ], [ -54.983684833791877, -13.139532027157962 ], [ -54.985444097465667, -13.146555549055638 ], [ -54.985843314991641, -13.147556976069952 ], [ -54.985985409365298, -13.148071222374599 ], [ -54.986046306954002, -13.14819978395076 ], [ -54.986641750043596, -13.14837571031814 ], [ -54.992305225793459, -13.148930555015257 ], [ -54.995065916481565, -13.149052350192674 ], [ -54.995309506836392, -13.149106481382637 ], [ -54.995607228381189, -13.15085221225894 ], [ -54.996792698456282, -13.156612455415527 ], [ -55.00094145, -13.15554926 ], [ -55.003839736990351, -13.154755727398888 ], [ -55.005196264978302, -13.154384317680506 ], [ -55.00634720875928, -13.154069195562981 ] ] ] ] } },
{ "type": "Feature", "properties": { }, "geometry": { "type": "Polygon", "coordinates": [ [ [ -56.038725540883902, -13.266991035717993 ], [ -56.04283186, -13.26786249 ], [ -56.0470404, -13.26875564 ], [ -56.05001155, -13.26922738 ], [ -56.051624840427671, -13.269483527830419 ], [ -56.052982696339086, -13.269699118649839 ], [ -56.053612463108749, -13.26978324779847 ], [ -56.05485295, -13.26994896 ], [ -56.055167124406132, -13.269988233519973 ], [ -56.055309809202754, -13.270006069119518 ], [ -56.055768538763296, -13.270042571215608 ], [ -56.055768538857095, -13.270042571223073 ], [ -56.055768539222505, -13.270042571252148 ], [ -56.0583524, -13.27024817 ], [ -56.059445641824034, -13.270335162959316 ], [ -56.059598737382281, -13.270098821330409 ], [ -56.059901511690725, -13.269698377890204 ], [ -56.060502176851031, -13.268819355704393 ], [ -56.061078424728393, -13.268086837216217 ], [ -56.061389260571374, -13.267266917593446 ], [ -56.0584105, -13.26664427 ], [ -56.056401447585515, -13.266224315468843 ], [ -56.056401447219727, -13.266224315392384 ], [ -56.056401447004852, -13.266224315347468 ], [ -56.05457710434392, -13.265842973067105 ], [ -56.051089121897427, -13.265113881132493 ], [ -56.051089121297601, -13.26511388100711 ], [ -56.051089119199389, -13.265113880568522 ], [ -56.05074371, -13.26504168 ], [ -56.04691032, -13.26424039 ], [ -56.0444477, -13.26372563 ], [ -56.0408773, -13.26297931 ], [ -56.039617411033802, -13.26271595566064 ], [ -56.038725540883902, -13.266991035717993 ] ] ] } },
{ "type": "Feature", "properties": { }, "geometry": { "type": "Polygon", "coordinates": [ [ [ -56.090367542786026, -13.203953883122814 ], [ -56.090047910425589, -13.204117797153806 ], [ -56.089236535972184, -13.204109601452256 ], [ -56.088638249759065, -13.204216145572401 ], [ -56.087933419425802, -13.204298102587897 ], [ -56.086974522344505, -13.204396451006492 ], [ -56.086228713503495, -13.204617734948329 ], [ -56.08584460316132, -13.204694083102803 ], [ -56.085049259843039, -13.205102466877136 ], [ -56.097569373369012, -13.212389247967598 ], [ -56.100361107612997, -13.213997378784645 ], [ -56.100360251661314, -13.213959306626355 ], [ -56.10031377286267, -13.213702691250477 ], [ -56.100328333036501, -13.213082805093405 ], [ -56.100506582262312, -13.212299580913411 ], [ -56.100625490118489, -13.212055732904151 ], [ -56.100686514790546, -13.211792421312772 ], [ -56.100701357283185, -13.211607596090669 ], [ -56.10071997740355, -13.211510321067237 ], [ -56.10076444767963, -13.211355689259568 ], [ -56.100811677021696, -13.21118294395046 ], [ -56.100869942627767, -13.210937744840466 ], [ -56.100898226629347, -13.210727091840758 ], [ -56.10090479192398, -13.210596606160939 ], [ -56.100888959470524, -13.210475845172663 ], [ -56.100905174345911, -13.210331943006974 ], [ -56.100899330993784, -13.210232986949956 ], [ -56.100880046132716, -13.210159858045946 ], [ -56.100835604457529, -13.21011456738055 ], [ -56.100707783263545, -13.210042430050503 ], [ -56.100615801326619, -13.20993474070348 ], [ -56.100285056617842, -13.209709278694401 ], [ -56.100101432264552, -13.209529121181578 ], [ -56.099842380370326, -13.20913259256921 ], [ -56.099747314147272, -13.208907832661595 ], [ -56.09971700732266, -13.208807195492261 ], [ -56.09038431621844, -13.203808513375234 ], [ -56.090367542786026, -13.203953883122814 ] ] ] } },
{ "type": "Feature", "properties": { }, "geometry": { "type": "MultiPolygon", "coordinates": [ [ [ [ -56.096420137053073, -13.221250423725243 ], [ -56.096796916750769, -13.220405460659761 ], [ -56.097062816938617, -13.219923384647871 ], [ -56.097170577378591, -13.219693282835795 ], [ -56.097224075756344, -13.219538621552113 ], [ -56.097216342413773, -13.219420921453509 ], [ -56.074959176010651, -13.207245176347712 ], [ -56.074870049574749, -13.207240637149507 ], [ -56.074756879011581, -13.207365871915352 ], [ -56.074643326606171, -13.207451494358663 ], [ -56.074479776735096, -13.207598603203362 ], [ -56.074342196285443, -13.207701576210392 ], [ -56.074295301806607, -13.207742691052694 ], [ -56.074237936757541, -13.20783850696313 ], [ -56.074171278830981, -13.207883014428937 ], [ -56.07407400504426, -13.207946003396566 ], [ -56.074041049881679, -13.208064080771376 ], [ -56.073984464600095, -13.208126697951128 ], [ -56.073874413106793, -13.208119137867241 ], [ -56.073797300693016, -13.208105923377447 ], [ -56.073707394489659, -13.208134582803229 ], [ -56.073655073804595, -13.20818324199718 ], [ -56.073587636110567, -13.208260947990935 ], [ -56.073505479332809, -13.208294890059038 ], [ -56.0733992945108, -13.208346182721948 ], [ -56.073365177738545, -13.208457846366835 ], [ -56.073339972001563, -13.208581206148395 ], [ -56.073325618677046, -13.208689477050473 ], [ -56.073288780760159, -13.208861124033691 ], [ -56.073247280321503, -13.209119539288864 ], [ -56.073196503088376, -13.209214223782876 ], [ -56.073160063096736, -13.209313060003076 ], [ -56.073162370233085, -13.209438309363255 ], [ -56.0730929911619, -13.209542799865245 ], [ -56.073039110941927, -13.209657855584661 ], [ -56.072982907502549, -13.20976008424571 ], [ -56.072934071646564, -13.209827983617759 ], [ -56.072904999238311, -13.209892490352326 ], [ -56.072910027519292, -13.209957756204044 ], [ -56.072928231432087, -13.210020760293764 ], [ -56.072968621493295, -13.210074996194818 ], [ -56.095991482844646, -13.221733983995758 ], [ -56.096172058935807, -13.221755888227024 ], [ -56.096274377086544, -13.221645748863486 ], [ -56.096420137053073, -13.221250423725243 ] ] ], [ [ [ -56.063853178519544, -13.205377241360431 ], [ -56.066055202098916, -13.202381330332706 ], [ -56.057033923471636, -13.197449931321914 ], [ -56.055515252916095, -13.200316240915175 ], [ -56.055213676421069, -13.200976421916847 ], [ -56.06126009717682, -13.204056368622421 ], [ -56.061396506155752, -13.20383709437591 ], [ -56.061454900529291, -13.203821727435503 ], [ -56.061534808619399, -13.203840167763991 ], [ -56.061728432068513, -13.204003057332288 ], [ -56.061783753053973, -13.204082965422398 ], [ -56.061759165949319, -13.204159800124424 ], [ -56.061699077135835, -13.204279977751391 ], [ -56.063853178519544, -13.205377241360431 ] ] ] ] } },
{ "type": "Feature", "properties": { }, "geometry": { "type": "Polygon", "coordinates": [ [ [ -56.006591081546439, -13.09721306614124 ], [ -56.006435363216994, -13.0965369207634 ], [ -56.006328819096851, -13.096348419627759 ], [ -56.006172696295359, -13.096231989063932 ], [ -56.006178355089389, -13.096263246982696 ], [ -56.00616234148486, -13.096396033869556 ], [ -56.006009244532166, -13.096435330518927 ], [ -56.005924705059115, -13.096410838395796 ], [ -56.005841698217729, -13.096321064712424 ], [ -56.00580363531548, -13.096184561255839 ], [ -56.005824215203845, -13.096076997404404 ], [ -56.005863842348887, -13.095927151240121 ], [ -56.005818179510655, -13.095674919476036 ], [ -56.005977406989977, -13.09537449557437 ], [ -56.006316378614713, -13.09510822042321 ], [ -56.00644814516879, -13.095098594351448 ], [ -56.006518954179207, -13.095268485722428 ], [ -56.006956914638714, -13.095180265976495 ], [ -56.007347679628303, -13.094905095530082 ], [ -56.00794026967214, -13.094712296762197 ], [ -56.008336319844673, -13.094761312132992 ], [ -56.008782630750403, -13.094866714365592 ], [ -56.009102491896122, -13.095084859420114 ], [ -56.009627993869685, -13.09533270583167 ], [ -56.010114682430732, -13.095366154709115 ], [ -56.010358417771954, -13.095311291515802 ], [ -56.010452871934042, -13.095243054911691 ], [ -56.010566373352844, -13.095132535886394 ], [ -56.010591519525015, -13.095050194830106 ], [ -56.010605249987641, -13.094904795583897 ], [ -56.01061213102453, -13.094721561324331 ], [ -56.010592364868721, -13.094464880775027 ], [ -56.01060152904752, -13.094294257853889 ], [ -56.010698297962655, -13.094017562845785 ], [ -56.010859058073649, -13.093651854657454 ], [ -56.011127971198199, -13.093293579072222 ], [ -56.011317661643794, -13.093013928152017 ], [ -56.011421279984688, -13.09277506693811 ], [ -56.011456340845903, -13.092599995262256 ], [ -56.011556143413237, -13.09241380449299 ], [ -56.011765663236922, -13.091948692455622 ], [ -56.01186321427349, -13.091528817374737 ], [ -56.011942595008186, -13.090344828265994 ], [ -56.011915292138696, -13.089530264952355 ], [ -56.011868096668792, -13.089343310062953 ], [ -56.011836132682014, -13.089166743136602 ], [ -56.011795036127609, -13.088939728331111 ], [ -56.011731076542922, -13.08880766843741 ], [ -56.011718159812851, -13.088588817601938 ], [ -56.011758569079298, -13.088295787566189 ], [ -56.011858371646625, -13.08810959354447 ], [ -56.012009967578813, -13.087914504044415 ], [ -56.012230120990665, -13.087655623356786 ], [ -56.0122948943079, -13.087423428465303 ], [ -56.012366548662008, -13.087007993359018 ], [ -56.012496126907635, -13.086322525442263 ], [ -56.012530156836903, -13.085367372578228 ], [ -56.012700894859236, -13.084466762306251 ], [ -55.999261079430681, -13.089497761201631 ], [ -55.997484115001654, -13.092431369137607 ], [ -56.006676365791051, -13.097471503246123 ], [ -56.006591081546439, -13.09721306614124 ] ] ] } },
{ "type": "Feature", "properties": { }, "geometry": { "type": "Polygon", "coordinates": [ [ [ -55.960030020465034, -13.113482558179808 ], [ -55.95996240592725, -13.113580906598402 ], [ -55.959756488925819, -13.113617787255377 ], [ -55.959615113074086, -13.113633154195782 ], [ -55.959553645312461, -13.113504071896376 ], [ -55.959541987534955, -13.113465860292333 ], [ -55.955517510122306, -13.114850042828843 ], [ -55.962788040744606, -13.13100077082381 ], [ -55.96279453304394, -13.131002663051758 ], [ -55.963399734380232, -13.132347270337235 ], [ -55.965481484536589, -13.136906348999556 ], [ -55.969443443973887, -13.136904747149028 ], [ -55.992484554462123, -13.099595960215368 ], [ -55.983847961628385, -13.09090331160988 ], [ -55.983854668415411, -13.090940359214061 ], [ -55.983929543015321, -13.091139380704389 ], [ -55.984163485344794, -13.091659172300206 ], [ -55.984174895559327, -13.092451762355047 ], [ -55.984154019655506, -13.092765599692388 ], [ -55.984233735096346, -13.093205935791625 ], [ -55.984275813266223, -13.093395453806769 ], [ -55.984363973772936, -13.093667862471397 ], [ -55.984466312045249, -13.093975671317766 ], [ -55.984583264815029, -13.09436420762586 ], [ -55.984729028242832, -13.094740228266577 ], [ -55.984738746714555, -13.094965570817143 ], [ -55.984736926207127, -13.095298833470615 ], [ -55.984822392742586, -13.095813847597423 ], [ -55.984928716786939, -13.096143670285734 ], [ -55.985026595765376, -13.096641416928316 ], [ -55.985042883610717, -13.097418019317564 ], [ -55.984994033722813, -13.09809230168907 ], [ -55.984998364252029, -13.098802850656767 ], [ -55.985055911988262, -13.099292384526116 ], [ -55.985056293535337, -13.099723632922284 ], [ -55.984933934428085, -13.099948952996648 ], [ -55.984773009401209, -13.100218730551566 ], [ -55.984631139770705, -13.100507935918706 ], [ -55.984412119905997, -13.101014695977824 ], [ -55.984321683764989, -13.1011588639139 ], [ -55.984231684355876, -13.101348357892729 ], [ -55.984078294141177, -13.101616839907333 ], [ -55.983892107496409, -13.101875820311335 ], [ -55.983607531561503, -13.102106296517283 ], [ -55.983342902881745, -13.102318213184779 ], [ -55.983221454028218, -13.102376904516676 ], [ -55.983063204577647, -13.102532717674023 ], [ -55.98296035599364, -13.102694150015505 ], [ -55.982805182061405, -13.103038604926866 ], [ -55.982693451679602, -13.103322630989652 ], [ -55.982644675371482, -13.103482343455648 ], [ -55.982596772527195, -13.103732707202656 ], [ -55.982445584366992, -13.104099176472985 ], [ -55.982275777542306, -13.104491542950624 ], [ -55.982119293414335, -13.104700018866717 ], [ -55.981958386782395, -13.104841153390632 ], [ -55.98184580133173, -13.104905888711146 ], [ -55.981779753344753, -13.104970198656837 ], [ -55.98180455983578, -13.105064306161021 ], [ -55.981840886911023, -13.105179135356639 ], [ -55.981853680901075, -13.105593108350346 ], [ -55.981849676734072, -13.105699730114431 ], [ -55.98183635403737, -13.105883619303508 ], [ -55.981871352521928, -13.105991109569604 ], [ -55.981946682248704, -13.106106806960254 ], [ -55.981901454980736, -13.106243208018556 ], [ -55.981845162255389, -13.106275575496543 ], [ -55.981805267745081, -13.106312693543677 ], [ -55.981749830088617, -13.106564348392395 ], [ -55.981728972579738, -13.106749530915316 ], [ -55.981736488996958, -13.106876873762848 ], [ -55.981754634139641, -13.107062924674675 ], [ -55.981756381067278, -13.107244224890506 ], [ -55.981714684444469, -13.107485952331928 ], [ -55.9817244029162, -13.107711283216396 ], [ -55.981712408810189, -13.107902509392781 ], [ -55.981691951243334, -13.108390287926193 ], [ -55.981634164372785, -13.109573037829144 ], [ -55.981591139159299, -13.109807424549222 ], [ -55.981543236315026, -13.11005778186119 ], [ -55.981495788597591, -13.110224828377193 ], [ -55.981480682183353, -13.110484686250187 ], [ -55.981459369547622, -13.110753176213032 ], [ -55.981451797945546, -13.11101173957044 ], [ -55.981407880873299, -13.111284110826272 ], [ -55.981388807081956, -13.111393318035264 ], [ -55.981360414760921, -13.111579790878164 ], [ -55.981273945996989, -13.111874601967555 ], [ -55.981261060032189, -13.112103810687817 ], [ -55.981181252616615, -13.112306679006432 ], [ -55.981105430973095, -13.112531562215558 ], [ -55.981026952148191, -13.112741768527501 ], [ -55.981001217008512, -13.112942917028608 ], [ -55.980936460822335, -13.113271830246337 ], [ -55.980924429926411, -13.113720318666097 ], [ -55.980954987512071, -13.113889099894852 ], [ -55.98093898923905, -13.114186939354992 ], [ -55.980873814715927, -13.114341894350568 ], [ -55.980813936160565, -13.114654835181728 ], [ -55.980787764288962, -13.114810658479227 ], [ -55.980821852519796, -13.115084762719773 ], [ -55.980824454516309, -13.115485336451375 ], [ -55.980796043800325, -13.11580043835302 ], [ -55.980807090862726, -13.116033099869179 ], [ -55.980761863594751, -13.116169495423641 ], [ -55.980701111575563, -13.116391787242263 ], [ -55.980689990933364, -13.11667365328676 ], [ -55.98067446618218, -13.116759549498104 ], [ -55.980620375511336, -13.11688990035403 ], [ -55.980602630310685, -13.117006443292706 ], [ -55.98056228067351, -13.117126867952138 ], [ -55.980533014888643, -13.117222690067292 ], [ -55.980507734875822, -13.117340526772432 ], [ -55.980384957431603, -13.117391876313564 ], [ -55.980338419967893, -13.117392301649881 ], [ -55.980230712148035, -13.117441063332876 ], [ -55.980146482228498, -13.117576589519382 ], [ -55.980087513926854, -13.117722910259596 ], [ -55.980055590960625, -13.117804055753009 ], [ -55.979992636886941, -13.117928361785134 ], [ -55.980000153304154, -13.118055698845387 ], [ -55.980027616976528, -13.11816447771243 ], [ -55.980013857547938, -13.118303034588108 ], [ -55.979977475287853, -13.118574103851021 ], [ -55.979847581368432, -13.118800700579134 ], [ -55.979705293400983, -13.118915930781311 ], [ -55.97947835717703, -13.11899273297124 ], [ -55.979183607643542, -13.119081180372781 ], [ -55.978940728331423, -13.11906992464089 ], [ -55.978787374906609, -13.119081126628238 ], [ -55.978672132274582, -13.119131181891062 ], [ -55.978602535247489, -13.119218796491321 ], [ -55.978556871247598, -13.119309867468873 ], [ -55.978500560127316, -13.119470863468361 ], [ -55.978339635100433, -13.119740619617255 ], [ -55.978228378240438, -13.119812689151765 ], [ -55.97801341772756, -13.119826904259622 ], [ -55.977835257811734, -13.119744004360484 ], [ -55.977740872688557, -13.119608886786438 ], [ -55.977702361953774, -13.119267450323056 ], [ -55.977637242615479, -13.119036511116191 ], [ -55.977851403244337, -13.118417127716116 ], [ -55.977887767109451, -13.118274689146924 ], [ -55.977888677363183, -13.118108073433543 ], [ -55.977915741093547, -13.117914267349065 ], [ -55.977942349697059, -13.11780376911396 ], [ -55.978024814293988, -13.117615581731561 ], [ -55.978065163931163, -13.11749515731149 ], [ -55.97807360899705, -13.117327247145585 ], [ -55.978082490794847, -13.117204660071113 ], [ -55.978058576162589, -13.117072572204584 ], [ -55.977995658878804, -13.116939615677898 ], [ -55.977905696259597, -13.11687183450343 ], [ -55.977778059579521, -13.116810522945297 ], [ -55.977687660228398, -13.116697418443993 ], [ -55.977563572588458, -13.116612798223946 ], [ -55.977386741263288, -13.116537235473924 ], [ -55.97726574753662, -13.116512615002547 ], [ -55.977131449508192, -13.116543243948115 ], [ -55.976993602439649, -13.116597181511981 ], [ -55.976923568680654, -13.116639473713306 ], [ -55.976806105599159, -13.116720176311773 ], [ -55.976658958395838, -13.116722746251668 ], [ -55.976497633426952, -13.116689918980709 ], [ -55.976459522634158, -13.116651065318942 ], [ -55.976318581652336, -13.11664500310231 ], [ -55.976213094281924, -13.116663118091664 ], [ -55.976095194468527, -13.116698497391317 ], [ -55.975942277775616, -13.116755022775699 ], [ -55.97584698239875, -13.116786520280822 ], [ -55.975731303034799, -13.116791252736848 ], [ -55.975584592563393, -13.116839145949481 ], [ -55.975479541924884, -13.116902584186313 ], [ -55.975229109405639, -13.117021253803788 ], [ -55.975085492847512, -13.117129146624967 ], [ -55.97489224491239, -13.117177465108469 ], [ -55.974710954293386, -13.117291827483458 ], [ -55.974511500136778, -13.117348778067836 ], [ -55.974443686827222, -13.117360423384957 ], [ -55.974342621960751, -13.117445876105194 ], [ -55.974269039161619, -13.117511476695981 ], [ -55.974164443649975, -13.117491606679664 ], [ -55.974101507971234, -13.11748728165831 ], [ -55.973913574398843, -13.117564952881519 ], [ -55.973845761089294, -13.117576598188394 ], [ -55.973798331766801, -13.117615008453026 ], [ -55.973707458893877, -13.117713843558194 ], [ -55.973686164653088, -13.117853694609328 ], [ -55.973514192563798, -13.117890792994439 ], [ -55.973423338085816, -13.117860996972812 ], [ -55.973324056936903, -13.117870479758347 ], [ -55.973254023177887, -13.117912771740661 ], [ -55.973157380815387, -13.118065561882808 ], [ -55.973033256385548, -13.11823820397268 ], [ -55.97283735126905, -13.118271845876698 ], [ -55.972520870762857, -13.118454821253721 ], [ -55.972387446198255, -13.118576095872289 ], [ -55.972258007405699, -13.118719384934909 ], [ -55.972111296934294, -13.118767277771953 ], [ -55.972016001557407, -13.118798775019295 ], [ -55.971916265281635, -13.118891565402214 ], [ -55.971539924615008, -13.119258844841374 ], [ -55.971342672512876, -13.119413778725914 ], [ -55.971181765880964, -13.119554904807792 ], [ -55.971113934176458, -13.119695180143976 ], [ -55.971089982754314, -13.119820353798948 ], [ -55.970962327679295, -13.119887672998951 ], [ -55.970860389348992, -13.119882479440939 ], [ -55.970751352938457, -13.119923902498478 ], [ -55.970637875629016, -13.120026618405642 ], [ -55.970214124034861, -13.120303676235618 ], [ -55.969927346045452, -13.120436151867734 ], [ -55.969838693621973, -13.120504339475717 ], [ -55.969672472627316, -13.120616112489225 ], [ -55.96953728274012, -13.120684725377911 ], [ -55.969438438323103, -13.120739530608969 ], [ -55.969279752140622, -13.120850009609811 ], [ -55.969169387139409, -13.120884094401408 ], [ -55.969060350728853, -13.120925517290159 ], [ -55.968960614453074, -13.121018306870313 ], [ -55.968849794324981, -13.121135698511614 ], [ -55.968720355532426, -13.121278986082281 ], [ -55.96855058549766, -13.121414066908967 ], [ -55.968414048624837, -13.121603970614405 ], [ -55.9683076510007, -13.121788698570032 ], [ -55.968206567739287, -13.122002778667021 ], [ -55.968128544041264, -13.122129670374001 ], [ -55.967993790885977, -13.122243605117289 ], [ -55.967886956529924, -13.122383010349145 ], [ -55.967792971348786, -13.122550473819793 ], [ -55.967746852222028, -13.122724849897399 ], [ -55.96762272779219, -13.122897488714978 ], [ -55.967495054322214, -13.123093435417456 ], [ -55.967286699972846, -13.123401596951167 ], [ -55.967213553905623, -13.12351251799568 ], [ -55.967127995395415, -13.123640702814219 ], [ -55.967136840403327, -13.123775374932128 ], [ -55.967046404262298, -13.123919529528417 ], [ -55.966932490220948, -13.123976921816704 ], [ -55.966864676911399, -13.123988566819818 ], [ -55.966662565573415, -13.124030839835017 ], [ -55.966512306061873, -13.124102039547669 ], [ -55.966413898376771, -13.124202165932624 ], [ -55.96635937097404, -13.124287190950055 ], [ -55.966228166858869, -13.124377816810982 ], [ -55.966124008079142, -13.124403269228525 ], [ -55.966045547649195, -13.124484837840672 ], [ -55.965938713293163, -13.124624241801206 ], [ -55.965801758083366, -13.124640193754781 ], [ -55.965543372414999, -13.124586204212385 ], [ -55.965396243606627, -13.124460146507479 ], [ -55.965287243985983, -13.124244313509781 ], [ -55.965224763434094, -13.124156682786415 ], [ -55.965098455344709, -13.124102711052267 ], [ -55.965019139845886, -13.123965008095668 ], [ -55.965038213637214, -13.123855806470431 ], [ -55.965020941958365, -13.123760412266213 ], [ -55.964873849939899, -13.123377097946149 ], [ -55.964863676341309, -13.12323508757728 ], [ -55.964944812347561, -13.12303956631429 ], [ -55.965017066556022, -13.122966629158007 ], [ -55.965123445785188, -13.122910530528664 ], [ -55.965224947383568, -13.122870401869543 ], [ -55.965466061373085, -13.122828997223134 ], [ -55.965696983369085, -13.122774210372556 ], [ -55.965751947503733, -13.122734507018246 ], [ -55.96584547755802, -13.122650350032666 ], [ -55.965995318732595, -13.12240519904611 ], [ -55.966074234289408, -13.122240323273305 ], [ -55.966150055932943, -13.122015448943765 ], [ -55.966291052099606, -13.121635624107336 ], [ -55.966443132118584, -13.121231196599817 ], [ -55.966698915790417, -13.120884622597075 ], [ -55.967034506877837, -13.120335186577949 ], [ -55.967486687582934, -13.119614402239868 ], [ -55.967794341476171, -13.119168122895861 ], [ -55.96854303703735, -13.118411548668309 ], [ -55.969063467783904, -13.117724436499161 ], [ -55.969384862710804, -13.117268227664555 ], [ -55.969735486632672, -13.116973458870676 ], [ -55.970033366869345, -13.116687747217025 ], [ -55.97050367432216, -13.116281628132013 ], [ -55.971885804417525, -13.114947148333556 ], [ -55.972309137674692, -13.114496128018224 ], [ -55.972935892465593, -13.114138803482053 ], [ -55.973507683121831, -13.11382118322687 ], [ -55.973892850401405, -13.113717206614639 ], [ -55.974409658528018, -13.113567924005666 ], [ -55.975313854383678, -13.11328401726073 ], [ -55.975768618690346, -13.113092423669501 ], [ -55.976058072256066, -13.112845987120197 ], [ -55.976390132698313, -13.112191208184607 ], [ -55.976690288569266, -13.111488940691878 ], [ -55.9769501499879, -13.110521194536348 ], [ -55.977519012285391, -13.108985849769299 ], [ -55.977855931963504, -13.108443725640479 ], [ -55.978128113850374, -13.108101884155428 ], [ -55.978332937554541, -13.107688376566513 ], [ -55.978536432668058, -13.107267529773521 ], [ -55.978538234780537, -13.107062920051506 ], [ -55.975499919371195, -13.10808338366834 ], [ -55.970452850634658, -13.109731031107824 ], [ -55.970554837948733, -13.109952003621649 ], [ -55.970542544396409, -13.110044205264082 ], [ -55.970296673349921, -13.110121039966108 ], [ -55.970179884602835, -13.110154847235 ], [ -55.970158370886267, -13.110114893189946 ], [ -55.970017740562994, -13.10986281996898 ], [ -55.959973378490446, -13.113317487282432 ], [ -55.960030020465034, -13.113482558179808 ] ], [ [ -55.977931084046482, -13.122198875394728 ], [ -55.977879232220062, -13.122169948466006 ], [ -55.977861960541198, -13.122074553607426 ], [ -55.977823413016516, -13.121990378481231 ], [ -55.977786194082519, -13.121913541398587 ], [ -55.977791526840193, -13.121814264738568 ], [ -55.977841176612124, -13.121745208921745 ], [ -55.977903675558942, -13.121704211499987 ], [ -55.978036189869833, -13.121749551782843 ], [ -55.978157183596501, -13.121774171729763 ], [ -55.97824405230245, -13.121781953049465 ], [ -55.978284820276578, -13.121835482049985 ], [ -55.978348192687221, -13.121885129338041 ], [ -55.978356164231307, -13.121929157772845 ], [ -55.978370778728802, -13.122009876549498 ], [ -55.978369868475077, -13.122176489618303 ], [ -55.978380497200533, -13.122235194126688 ], [ -55.978281652783522, -13.122289999012034 ], [ -55.978151358922076, -13.12221401267902 ], [ -55.978015295571069, -13.122191980573499 ], [ -55.977931084046482, -13.122198875394728 ] ], [ [ -55.987220284818498, -13.104560512580395 ], [ -55.98680845081563, -13.104677301327477 ], [ -55.98675312983017, -13.104296201205422 ], [ -55.98675312983017, -13.104191706010665 ], [ -55.987121936399902, -13.104050330158934 ], [ -55.987220284818498, -13.104560512580395 ] ] ] } },
{ "type": "Feature", "properties": { }, "geometry": { "type": "Polygon", "coordinates": [ [ [ -56.043880875694832, -13.195788844939727 ], [ -56.043712880435713, -13.195945640514905 ], [ -56.043488886756883, -13.196035237986434 ], [ -56.043298492129885, -13.19599043925067 ], [ -56.043253693394121, -13.195766445571845 ], [ -56.043287292445946, -13.195408055685723 ], [ -56.043500086440829, -13.19493766896019 ], [ -56.043632221959498, -13.194652203573328 ], [ -56.043197910676213, -13.194428351237718 ], [ -56.041495474362534, -13.19831653941718 ], [ -56.040409318713706, -13.200797207381251 ], [ -56.03979304, -13.20220473 ], [ -56.038679240739093, -13.204748527812697 ], [ -56.038090602362537, -13.206092917417179 ], [ -56.037824362273362, -13.206700981926973 ], [ -56.03638817, -13.20998111 ], [ -56.034898729173925, -13.213383548411468 ], [ -56.035324317163692, -13.213478745724968 ], [ -56.036091495513666, -13.213853935137001 ], [ -56.037737849053016, -13.214693911432599 ], [ -56.03787224526031, -13.214817107955954 ], [ -56.0379506430479, -13.214934704637336 ], [ -56.037984242099725, -13.215186697526015 ], [ -56.03817463672673, -13.215365892469077 ], [ -56.03926100606904, -13.216116271293144 ], [ -56.040319376201488, -13.21677705264568 ], [ -56.040397773989078, -13.21678265248765 ], [ -56.040968957870113, -13.215676683698446 ], [ -56.04374367956656, -13.210040442754993 ], [ -56.046319606873062, -13.204762591697659 ], [ -56.048296351088673, -13.200708306110911 ], [ -56.049710749996315, -13.197770568907371 ], [ -56.049706147939297, -13.197768217744455 ], [ -56.04965571333932, -13.197742451014335 ], [ -56.049445188667555, -13.197634895241057 ], [ -56.04917182101871, -13.197495233373331 ], [ -56.04907011, -13.19744327 ], [ -56.04844865, -13.19712577 ], [ -56.048261356940699, -13.197030082818319 ], [ -56.04647902798439, -13.196119501804333 ], [ -56.045210955691516, -13.19546591311024 ], [ -56.044643470913172, -13.195173420610217 ], [ -56.04414444543103, -13.194916213339754 ], [ -56.044082470005776, -13.195228860742663 ], [ -56.044037671270011, -13.195508852841195 ], [ -56.043880875694832, -13.195788844939727 ] ] ] } },
{ "type": "Feature", "properties": { }, "geometry": { "type": "Polygon", "coordinates": [ [ [ -56.05246024613659, -13.222251683237321 ], [ -56.052447781015552, -13.222267231130232 ], [ -56.052407614365684, -13.222552491095753 ], [ -56.052336761757061, -13.222986487841023 ], [ -56.052157405052881, -13.224108510013711 ], [ -56.082674686591119, -13.238964179659357 ], [ -56.082718631789028, -13.238879751104989 ], [ -56.082861152801343, -13.2387399599691 ], [ -56.082972125812788, -13.238644026614159 ], [ -56.083137174432395, -13.238519590152418 ], [ -56.083275185247921, -13.238409405169305 ], [ -56.083492066065652, -13.238189575313333 ], [ -56.083750625294563, -13.237981813029435 ], [ -56.084069458730148, -13.237725261936289 ], [ -56.084366319566776, -13.237510925098325 ], [ -56.084644029599524, -13.237299875153651 ], [ -56.085022558856764, -13.237100352578016 ], [ -56.085261967281802, -13.236895876452355 ], [ -56.085216357058876, -13.236807597074003 ], [ -56.08511047262926, -13.236768106497177 ], [ -56.084946002394695, -13.236786725749287 ], [ -56.084824343964634, -13.23676916426748 ], [ -56.084778733741715, -13.236680884843208 ], [ -56.08487844294951, -13.236577273211648 ], [ -56.084989415960962, -13.236481339004872 ], [ -56.058222235538807, -13.222743184507831 ], [ -56.056291608553146, -13.221726518048955 ], [ -56.054140236896366, -13.220610878175515 ], [ -56.054003127556534, -13.220577743232878 ], [ -56.053891292461785, -13.220660820731837 ], [ -56.053596247206002, -13.220544031984755 ], [ -56.053267394681328, -13.220362702087971 ], [ -56.052898588111596, -13.220172152026942 ], [ -56.05277718928243, -13.220120672776586 ], [ -56.052720619113273, -13.220137976696073 ], [ -56.052656185271339, -13.220564850898899 ], [ -56.052620446490295, -13.221054982753239 ], [ -56.052601750045632, -13.221328770407899 ], [ -56.052589712609489, -13.221445303039539 ], [ -56.052517487989583, -13.221894017699379 ], [ -56.052485428484928, -13.222106638753816 ], [ -56.05246024613659, -13.222251683237321 ] ] ] } },
{ "type": "Feature", "properties": { }, "geometry": { "type": "Polygon", "coordinates": [ [ [ -55.992428261151531, -13.100692293184405 ], [ -55.992556427857295, -13.10082560370439 ], [ -55.992580745700501, -13.100935033998827 ], [ -55.992580745700501, -13.101147815126897 ], [ -55.992635460847723, -13.10127548380374 ], [ -55.992775288446168, -13.101278523534141 ], [ -55.992899917392613, -13.101348437333364 ], [ -55.992972870922237, -13.101701046059878 ], [ -55.993070142295068, -13.10218740292404 ], [ -55.993495704551208, -13.102108369933614 ], [ -55.993483545629601, -13.102315071600882 ], [ -55.993544340237626, -13.10249137596414 ], [ -55.99320996989352, -13.102576488415369 ], [ -55.993137016363903, -13.105743887493219 ], [ -55.992978950383041, -13.115623011296499 ], [ -55.992954632539835, -13.11646805634798 ], [ -55.992705374646953, -13.116522771495198 ], [ -55.992875599549393, -13.107032733183249 ], [ -55.992899917392585, -13.10328778532921 ], [ -55.992693215725318, -13.103281705868408 ], [ -55.992553388126872, -13.103263467486002 ], [ -55.992535149744462, -13.103117560426753 ], [ -55.992577705970078, -13.102752792778633 ], [ -55.992492593518854, -13.102667680327404 ], [ -55.992383163224417, -13.102655521405801 ], [ -55.992358845381204, -13.102783190082642 ], [ -55.992298050773186, -13.102886540916277 ], [ -55.992194699939553, -13.102923017681089 ], [ -55.991963680429073, -13.102923017681089 ], [ -55.991902885821055, -13.102904779298683 ], [ -55.991866409056243, -13.102813587386652 ], [ -55.991817773369824, -13.102728474935423 ], [ -55.99153203871213, -13.102819666847454 ], [ -55.990989329843146, -13.103031289073128 ], [ -55.978058398579513, -13.123956042715514 ], [ -55.981580707805414, -13.126103377273083 ], [ -55.985119280805414, -13.128260626273082 ], [ -55.988657854805417, -13.130417876273082 ], [ -55.992196428805414, -13.132575126273082 ], [ -55.993080631452926, -13.133114169999885 ], [ -55.993081672490518, -13.13311364237569 ], [ -55.993641237996115, -13.133454040212239 ], [ -55.99364485, -13.13345623 ], [ -55.99739571, -13.13574119 ], [ -56.00114657, -13.13802614 ], [ -56.004223345225967, -13.13990045904159 ], [ -56.004398588488584, -13.140007213970833 ], [ -56.004633276740492, -13.139995569651784 ], [ -56.004785263260537, -13.139953013426171 ], [ -56.005083156839838, -13.139691596611684 ], [ -56.005496560174379, -13.139387623571583 ], [ -56.005952519734549, -13.138858710481806 ], [ -56.006171380323423, -13.138706723961755 ], [ -56.006554386353955, -13.138572975824111 ], [ -56.006761088021221, -13.138475704451279 ], [ -56.006943471845283, -13.138226446558395 ], [ -56.007156252973353, -13.138031903812731 ], [ -56.007660848219921, -13.137940711900701 ], [ -56.008621403026623, -13.137867758371076 ], [ -56.009545481068535, -13.137892076214284 ], [ -56.010524274257655, -13.137892076214284 ], [ -56.011290286318712, -13.137867758371076 ], [ -56.011762569224231, -13.137753103856181 ], [ -56.012172354301711, -13.137601483377514 ], [ -56.012369051138897, -13.137388395137224 ], [ -56.012385442541998, -13.137216285404683 ], [ -56.012278898421854, -13.137117936986089 ], [ -56.012061712330791, -13.137097447732215 ], [ -56.011762569224231, -13.13710154558299 ], [ -56.011488013222319, -13.137138426239963 ], [ -56.011070032443293, -13.137117936986089 ], [ -56.010724896464097, -13.136998395476388 ], [ -56.01076137322891, -13.134870584195683 ], [ -56.010700578620906, -13.133083222719891 ], [ -56.010749214307324, -13.132219939286006 ], [ -56.010615466169682, -13.131867330559489 ], [ -56.010262857443159, -13.131526880754576 ], [ -56.00992240763825, -13.130979729282394 ], [ -56.009837295187019, -13.130420418888608 ], [ -56.009740023814174, -13.129113334816175 ], [ -56.009703547049362, -13.128554024422391 ], [ -56.009563719450917, -13.128547944961587 ], [ -56.009375256166059, -13.128578342265598 ], [ -56.009229349106811, -13.128633057412816 ], [ -56.009119918812374, -13.128718169864044 ], [ -56.00881594577227, -13.128748567168055 ], [ -56.008025615868007, -13.128748567168055 ], [ -56.007168411894909, -13.128742487707253 ], [ -56.006426717677066, -13.128894474227303 ], [ -56.005830930518464, -13.129040381286551 ], [ -56.005387129879921, -13.129204526728206 ], [ -56.005229063899066, -13.129307877561839 ], [ -56.005034521153398, -13.129447705160286 ], [ -56.004633276740471, -13.1294902613859 ], [ -56.00445089291641, -13.129459864081891 ], [ -56.004098284189887, -13.12942946677788 ], [ -56.003690960316156, -13.129508499768306 ], [ -56.003180285608785, -13.129630088984348 ], [ -56.002681769823006, -13.129624009523548 ], [ -56.002475068155739, -13.129624009523548 ], [ -56.002250128106063, -13.129684804131568 ], [ -56.001861042614735, -13.129684804131568 ], [ -56.001319970603355, -13.129648327366755 ], [ -56.000639070993536, -13.129624009523541 ], [ -56.000189190894183, -13.129624009523541 ], [ -55.9996298805004, -13.129794234425997 ], [ -55.998961139812174, -13.130110366387703 ], [ -55.998669325693683, -13.130292750211764 ], [ -55.998438306183203, -13.131423529920937 ], [ -55.998328875888767, -13.131691026196227 ], [ -55.998085697456688, -13.131812615412267 ], [ -55.997222414022801, -13.13172750296104 ], [ -55.996359130588914, -13.131678867274623 ], [ -55.995240509801341, -13.131496483450562 ], [ -55.99355041969838, -13.131301940704898 ], [ -55.992674977342894, -13.131143874724046 ], [ -55.992115666949104, -13.13094933197838 ], [ -55.991945442046649, -13.130839901683945 ], [ -55.992006236654667, -13.129927982563641 ], [ -55.99203055449788, -13.128967427756923 ], [ -55.992060951801889, -13.128256130843091 ], [ -55.992115666949104, -13.127909601577377 ], [ -55.99237100430279, -13.127806250743742 ], [ -55.992687136264493, -13.127781932900534 ], [ -55.992985029843794, -13.127836648047753 ], [ -55.993817915973672, -13.127927839959783 ], [ -55.994590007495525, -13.128043349715023 ], [ -55.995471529311821, -13.128189256774272 ], [ -55.996906282061097, -13.128316925451113 ], [ -55.997556784366907, -13.128359481676728 ], [ -55.998328875888767, -13.128347322755124 ], [ -55.998882106821753, -13.12845675304956 ], [ -55.999198238783457, -13.128444594127956 ], [ -56.000128396286165, -13.128335163833519 ], [ -56.001319970603369, -13.128280448686301 ], [ -56.003776072767387, -13.128134541627054 ], [ -56.005429686105536, -13.1279764756462 ], [ -56.006001155420925, -13.127879204273368 ], [ -56.00669421395235, -13.127708979370912 ], [ -56.00735079571897, -13.12755091339006 ], [ -56.008554528957767, -13.127356370644394 ], [ -56.009113839351556, -13.12728341711477 ], [ -56.009284064254011, -13.12716182789873 ], [ -56.009308382097217, -13.126942967309857 ], [ -56.00933269994043, -13.126626835348153 ], [ -56.009442130234866, -13.126322862308053 ], [ -56.009515083764498, -13.125739234071059 ], [ -56.009563719450917, -13.124632772205091 ], [ -56.009636672980541, -13.123307449750252 ], [ -56.00968530866696, -13.123039953474963 ], [ -56.009940646020645, -13.122650867983635 ], [ -56.010159506609511, -13.122091557589849 ], [ -56.010220301217522, -13.121276909842383 ], [ -56.010463479649601, -13.120498738859725 ], [ -56.010597227787244, -13.119124780718469 ], [ -56.010645863473677, -13.117884570714857 ], [ -56.010670181316883, -13.117276624634654 ], [ -56.010524274257641, -13.117118558653802 ], [ -56.010414843963204, -13.117106399732197 ], [ -56.010147347687912, -13.11708208188899 ], [ -56.010086553079894, -13.116851062378514 ], [ -56.010001440628663, -13.116510612573601 ], [ -56.010074394158288, -13.116072891395856 ], [ -56.009660990823747, -13.115939143258213 ], [ -56.009138157194776, -13.115829712963777 ], [ -56.008493734349763, -13.115768918355757 ], [ -56.007970900720785, -13.115562216688488 ], [ -56.007727722288706, -13.115477104237259 ], [ -56.007399431405396, -13.115404150707635 ], [ -56.007204888659736, -13.115282561491595 ], [ -56.007083299443693, -13.114978588451494 ], [ -56.006937392384444, -13.114589502960165 ], [ -56.006791485325195, -13.114139622860815 ], [ -56.006973869149256, -13.113896444428734 ], [ -56.007362954640584, -13.113872126585527 ], [ -56.008007377485598, -13.113969397958359 ], [ -56.00879770738986, -13.114236894233647 ], [ -56.009198951802794, -13.11421257639044 ], [ -56.009308382097231, -13.114054510409588 ], [ -56.00945428915648, -13.11376269629109 ], [ -56.009466448078086, -13.113422246486177 ], [ -56.00935701778365, -13.113081796681264 ], [ -56.009454289156487, -13.112522486287478 ], [ -56.009320541018845, -13.112127321335347 ], [ -56.009259746410827, -13.111756474226423 ], [ -56.009314461558041, -13.111495057411936 ], [ -56.00915031611639, -13.11114244868542 ], [ -56.008742992242631, -13.110443310693189 ], [ -56.008457257584936, -13.109640821867323 ], [ -56.008153284544832, -13.108643790295792 ], [ -56.007782437435914, -13.107640679263456 ], [ -56.007581815229443, -13.10725767323293 ], [ -56.007490623317416, -13.106844269898392 ], [ -56.007575735768647, -13.106394389799044 ], [ -56.007697324984683, -13.105968827542902 ], [ -56.008077291284806, -13.105646616120392 ], [ -56.008259675108867, -13.105452073374728 ], [ -56.008366065672902, -13.105254490898663 ], [ -56.008359986212106, -13.105035630309789 ], [ -56.00825055591767, -13.10437296908237 ], [ -56.008043854250403, -13.103473208883671 ], [ -56.007922265034381, -13.102427541625724 ], [ -56.007770278514307, -13.100938073729225 ], [ -56.007715563367086, -13.100555067698698 ], [ -56.007685166063048, -13.099308778234287 ], [ -56.007648689298236, -13.098773785683708 ], [ -56.007539259003799, -13.098633958085262 ], [ -56.007144094051668, -13.098494130486815 ], [ -56.006992107531616, -13.098445494800398 ], [ -56.006941753369439, -13.09828627377764 ], [ -56.006861539697574, -13.098032636296196 ], [ -56.006696141640482, -13.097531430062576 ], [ -56.004788826452888, -13.09648416499998 ], [ -56.002725917330253, -13.095351465841546 ], [ -56.00110917, -13.09446375 ], [ -55.997445778702719, -13.092452257318669 ], [ -55.992428261151531, -13.100692293184405 ] ] ] } },
{ "type": "Feature", "properties": { }, "geometry": { "type": "Polygon", "coordinates": [ [ [ -56.07091630868522, -13.186046574619425 ], [ -56.070917666767528, -13.186187474200965 ], [ -56.070894207556343, -13.18639143952749 ], [ -56.07081010609501, -13.186594054564312 ], [ -56.070692924442632, -13.186814109585727 ], [ -56.070548180731187, -13.18701537415509 ], [ -56.070439261976333, -13.187281054271669 ], [ -56.070371686310089, -13.187574919418843 ], [ -56.070317920274285, -13.187678237715019 ], [ -56.070244176035779, -13.187737941833214 ], [ -56.070053278745796, -13.187817758396953 ], [ -56.069887877790492, -13.187904958782738 ], [ -56.069787958176157, -13.187886829728537 ], [ -56.069732834058023, -13.187849249350078 ], [ -56.069670833725581, -13.187707000612612 ], [ -56.069638461176581, -13.187594948357345 ], [ -56.069534410113476, -13.187554006571661 ], [ -56.069447592487506, -13.187474823209195 ], [ -56.069364906310312, -13.187418452544357 ], [ -56.069344249066461, -13.187304388906719 ], [ -56.069402146551042, -13.187223883194003 ], [ -56.069466241208779, -13.187177596574195 ], [ -56.069679182425823, -13.18715280042376 ], [ -56.069737758951575, -13.187142744166554 ], [ -56.069823218495216, -13.187081028651054 ], [ -56.069900415141326, -13.186973687596829 ], [ -56.070004494805339, -13.186814687181334 ], [ -56.070045173153233, -13.186672451765403 ], [ -56.070050705585672, -13.18653625003623 ], [ -56.070100340172708, -13.186410118442332 ], [ -56.070128609873841, -13.186299415714002 ], [ -56.070154134809414, -13.18610685673327 ], [ -56.070190667408092, -13.186041779573191 ], [ -56.070274061227344, -13.185968657351369 ], [ -56.070395345727604, -13.185971357597426 ], [ -56.070555214250469, -13.186020358614483 ], [ -56.071034716960085, -13.185030073043464 ], [ -56.065553529337087, -13.182141434105198 ], [ -56.061914496350902, -13.18855263822774 ], [ -56.078668111231188, -13.197444573036091 ], [ -56.078872081908663, -13.197503641507385 ], [ -56.079286899477907, -13.197726442514659 ], [ -56.07962729376748, -13.197938498554549 ], [ -56.079866410360388, -13.197991533419865 ], [ -56.08005798669155, -13.197982166559656 ], [ -56.080490066298843, -13.197966794057374 ], [ -56.080791211825108, -13.197962138472311 ], [ -56.081047561855179, -13.197976933405659 ], [ -56.081400379091974, -13.198057491267633 ], [ -56.081627101338569, -13.198042090924636 ], [ -56.081837976831252, -13.198005890009579 ], [ -56.082015093091705, -13.197916682064578 ], [ -56.082290063242127, -13.197834196529127 ], [ -56.082624288959458, -13.197812101575 ], [ -56.08288890188706, -13.197872520014732 ], [ -56.083118368899207, -13.197938971927538 ], [ -56.08336574838966, -13.198037630259218 ], [ -56.083569719067121, -13.198096698587133 ], [ -56.083902558101229, -13.19813364413028 ], [ -56.084320856678993, -13.198108876936733 ], [ -56.084510367285752, -13.19808810421809 ], [ -56.084803249914486, -13.19803782517743 ], [ -56.085109913572737, -13.197996940831878 ], [ -56.085574394329939, -13.197893682588347 ], [ -56.085845233031584, -13.197788385291815 ], [ -56.08627663359772, -13.197702566335741 ], [ -56.086874114160317, -13.197599996919948 ], [ -56.087415083921563, -13.197518889182339 ], [ -56.08785613406846, -13.197419653070652 ], [ -56.088618307944309, -13.197359373746611 ], [ -56.089169606327488, -13.197335295427477 ], [ -56.089924196346949, -13.19729983905178 ], [ -56.090240509585975, -13.197245537512224 ], [ -56.09041417343883, -13.197203964080829 ], [ -56.090745625789722, -13.197299950433948 ], [ -56.091436092550559, -13.197510712475749 ], [ -56.09181301943881, -13.197657694635238 ], [ -56.092107260149859, -13.197748308423765 ], [ -56.092435939134305, -13.197962375607142 ], [ -56.092742574191654, -13.198121424462093 ], [ -56.092946544869129, -13.198180492769747 ], [ -56.093178785247709, -13.198128863692228 ], [ -56.093303522155587, -13.198083929193579 ], [ -56.093443426776211, -13.197989348896028 ], [ -56.093572295132859, -13.197967226110466 ], [ -56.093810732684602, -13.197949814599228 ], [ -56.094065696031436, -13.198023650033429 ], [ -56.094164908003719, -13.198171265144001 ], [ -56.094277929606449, -13.198128341814254 ], [ -56.094441264837378, -13.198029739210122 ], [ -56.094625964954211, -13.197915708369765 ], [ -56.094756899035225, -13.197904991449544 ], [ -56.095038745399982, -13.197927169931688 ], [ -56.095197920581221, -13.198005688802517 ], [ -56.09535228527254, -13.19799094956184 ], [ -56.095661693696357, -13.198031917444773 ], [ -56.095779818631264, -13.197992160789155 ], [ -56.088710067919045, -13.194295491150807 ], [ -56.085177383525767, -13.192514532938743 ], [ -56.081257376617771, -13.190395776162603 ], [ -56.077318926499927, -13.188341912305606 ], [ -56.071288819644728, -13.185163987618125 ], [ -56.071245130674129, -13.185260935842189 ], [ -56.070985950075837, -13.185764114074139 ], [ -56.07094803079395, -13.185888234739439 ], [ -56.07091630868522, -13.186046574619425 ] ] ] } },
{ "type": "Feature", "properties": { }, "geometry": { "type": "Polygon", "coordinates": [ [ [ -55.972613751847327, -13.132905346389613 ], [ -55.967593884648231, -13.141152271073867 ], [ -55.968073696703414, -13.141131212875489 ], [ -55.971623355486777, -13.141097530269779 ], [ -55.972280486312698, -13.141069149362261 ], [ -55.972425749752212, -13.141174727165858 ], [ -55.974161894475465, -13.141183722639711 ], [ -55.975806645792957, -13.144955099425447 ], [ -55.969111683770336, -13.144991420876044 ], [ -55.972193098492589, -13.151824171205536 ], [ -55.972669072832758, -13.151579252370302 ], [ -55.976701357995154, -13.146415960394073 ], [ -55.976823175641321, -13.146183073717575 ], [ -55.976795152639994, -13.146177083847332 ], [ -55.976746494428177, -13.146109456312622 ], [ -55.976722768628306, -13.14600715472109 ], [ -55.976660766963377, -13.145865835776588 ], [ -55.976619237576294, -13.145751394558795 ], [ -55.976538238028489, -13.145648796071308 ], [ -55.976433500364422, -13.145530011493548 ], [ -55.976386328863974, -13.145441866460963 ], [ -55.976353707428693, -13.145290436898062 ], [ -55.976286953213958, -13.145180326683164 ], [ -55.976150776093839, -13.144945367775453 ], [ -55.975972484755232, -13.144535280961469 ], [ -55.975850565284603, -13.1442066936609 ], [ -55.975784103485552, -13.144126925978002 ], [ -55.975690065216789, -13.143894861586652 ], [ -55.97561412295093, -13.143705279674354 ], [ -55.975568145746152, -13.143566273428428 ], [ -55.975504657369861, -13.143445470566142 ], [ -55.97545748586942, -13.143357324784658 ], [ -55.975388952527588, -13.143237388080617 ], [ -55.97525779574017, -13.143173794292682 ], [ -55.975215669205262, -13.143084782151954 ], [ -55.9752162786695, -13.142973235173002 ], [ -55.97520710293481, -13.142807647134759 ], [ -55.97519821961582, -13.142672402183026 ], [ -55.975180428345041, -13.142574145719143 ], [ -55.974856734885947, -13.142107972504926 ], [ -55.974752594369704, -13.141963755766707 ], [ -55.974722641625057, -13.141827062575103 ], [ -55.97455887571882, -13.141525919434514 ], [ -55.974473733085432, -13.141342981076511 ], [ -55.974459804800908, -13.14120860158584 ], [ -55.974388907500604, -13.141018151329243 ], [ -55.974242055618014, -13.140724234108628 ], [ -55.974022819723729, -13.140260383429936 ], [ -55.973971212722006, -13.140061554473899 ], [ -55.973973358163271, -13.139585017180984 ], [ -55.974044597144953, -13.139461340769397 ], [ -55.974113155119618, -13.139409043555279 ], [ -55.974258569556483, -13.139379008701747 ], [ -55.974396258020803, -13.13942121937562 ], [ -55.974564203961876, -13.139544350275223 ], [ -55.974677837261346, -13.139712266570097 ], [ -55.974672475247296, -13.139855024851025 ], [ -55.974757910296375, -13.140068307838368 ], [ -55.974783402906908, -13.140266555276563 ], [ -55.974839470042753, -13.140403830849396 ], [ -55.975083662981817, -13.140660771602423 ], [ -55.975229345201562, -13.140833315233987 ], [ -55.975399667417562, -13.140940840585811 ], [ -55.975485407198775, -13.141098348707622 ], [ -55.97558390560166, -13.141268862743491 ], [ -55.975651841795646, -13.141414230915522 ], [ -55.975779123280354, -13.141600064772648 ], [ -55.976279658315917, -13.142238496838191 ], [ -55.97680600301053, -13.142933282266522 ], [ -55.977256710171432, -13.143382710206421 ], [ -55.977499721131245, -13.143604391958336 ], [ -55.977983403725176, -13.143805010530906 ], [ -55.978244535320748, -13.143896941922993 ], [ -55.97837124429045, -13.143935971540168 ], [ -55.97851902268583, -13.143976448913238 ], [ -55.978617240989415, -13.144030501658138 ], [ -55.979192851266177, -13.143678596076517 ], [ -55.979482767177323, -13.143581957439469 ], [ -55.979492344792007, -13.143473862540464 ], [ -55.979583252844471, -13.143105081771045 ], [ -55.979732598432847, -13.142971950937383 ], [ -55.979937722349362, -13.142798531836148 ], [ -55.980085257797683, -13.14274248816821 ], [ -55.980238186331327, -13.142716229056004 ], [ -55.980379404956857, -13.142799467734537 ], [ -55.980551246623996, -13.142616408047026 ], [ -55.980782449564515, -13.142499931973411 ], [ -55.980958760579497, -13.142515723811936 ], [ -55.981156643935776, -13.142650653977105 ], [ -55.98121958815441, -13.142824109539784 ], [ -55.981314928219859, -13.142915225909539 ], [ -55.98146785675349, -13.14288896681582 ], [ -55.981661270761904, -13.142825045438071 ], [ -55.981814199295549, -13.1427987863347 ], [ -55.981972520914518, -13.142802311786602 ], [ -55.982198293434855, -13.142917097705416 ], [ -55.982258541110838, -13.143075660818651 ], [ -55.982274720366796, -13.143165014371675 ], [ -55.982146060717092, -13.143325303690036 ], [ -55.982068672712806, -13.143507499666667 ], [ -55.982497759009597, -13.143525953699891 ], [ -55.982704655731318, -13.143536493667273 ], [ -55.987198832475677, -13.143624702398279 ], [ -55.987287855718328, -13.143855100236804 ], [ -55.987366775786612, -13.143997028965302 ], [ -55.98758131940815, -13.143973617804159 ], [ -55.988293766693474, -13.143989482261359 ], [ -55.988690457143484, -13.144090274961956 ], [ -55.989044889313504, -13.144044771534602 ], [ -55.989411917794264, -13.143981749995067 ], [ -55.98989770615664, -13.143790849846926 ], [ -55.99030522011217, -13.143690166093736 ], [ -55.990816163761103, -13.143725275055209 ], [ -55.991281228849935, -13.143768261712104 ], [ -55.991638357562636, -13.143737650446857 ], [ -55.992066557456837, -13.14366412522379 ], [ -55.99239760714552, -13.143576570929724 ], [ -55.992784435162342, -13.143448728515819 ], [ -55.993197342203167, -13.143377829110474 ], [ -55.993712792534836, -13.143350743240543 ], [ -55.994407250424132, -13.143354341398219 ], [ -55.994754941237524, -13.14327160721307 ], [ -55.99519438917109, -13.143173117561703 ], [ -55.995474167214361, -13.143063656291783 ], [ -55.995893852946708, -13.142768941082483 ], [ -55.996291947670343, -13.142485610538907 ], [ -55.996676541013251, -13.142258341638014 ], [ -55.997145688250946, -13.142062619905976 ], [ -55.997534769609146, -13.141903679079913 ], [ -55.998104649997607, -13.141828858525438 ], [ -55.998343037496085, -13.14179560291851 ], [ -55.998534660031865, -13.141678245088299 ], [ -55.998866171589277, -13.141506156213522 ], [ -55.999200841558086, -13.141264425629462 ], [ -55.999600265885626, -13.141119063702877 ], [ -55.999820663988068, -13.141073541545957 ], [ -56.00043555520147, -13.140768338396628 ], [ -56.001018974305545, -13.140376406267359 ], [ -56.001470132147219, -13.140168416535396 ], [ -56.001870442877355, -13.140115034563363 ], [ -56.002378708651044, -13.140004726913746 ], [ -56.002920256674152, -13.139904059785851 ], [ -56.00324005832347, -13.139841468780382 ], [ -56.00353376228135, -13.139852458682139 ], [ -56.003886384311322, -13.139884042698895 ], [ -56.00422011187522, -13.139941904302139 ], [ -55.981962431353587, -13.126363607172287 ], [ -55.981924151754683, -13.128775474966471 ], [ -55.981835855940851, -13.136038643830782 ], [ -55.981603766597729, -13.136063140883062 ], [ -55.981579348374318, -13.136973319521395 ], [ -55.980751761487461, -13.136931158521721 ], [ -55.980533192192517, -13.136769065900337 ], [ -55.980331688556113, -13.136788310930223 ], [ -55.979951177362082, -13.136776871109518 ], [ -55.97969300899495, -13.136744423487166 ], [ -55.979603985752284, -13.136514018973488 ], [ -55.979586033691149, -13.1362406989916 ], [ -55.979635532531354, -13.136078642272276 ], [ -55.979610377244818, -13.135852625894454 ], [ -55.979526747087476, -13.135652005969611 ], [ -55.979487185350173, -13.13552059751362 ], [ -55.979614034859814, -13.135437392724661 ], [ -55.981618247718231, -13.135446424766807 ], [ -55.981662277957959, -13.126180498605049 ], [ -55.978063525455894, -13.12398507978221 ], [ -55.972613751847327, -13.132905346389613 ] ], [ [ -55.981041289959293, -13.137833492408882 ], [ -55.980955849661896, -13.13770996301546 ], [ -55.980931580777948, -13.13757592969467 ], [ -55.981016172007628, -13.137346425522818 ], [ -55.981125032121241, -13.137250954707815 ], [ -55.981193406760077, -13.137193147006899 ], [ -55.981376921000439, -13.137161635359442 ], [ -55.981393986659008, -13.137342972708037 ], [ -55.981381353013418, -13.137621543394527 ], [ -55.981273379302401, -13.137808995533257 ], [ -55.981199611578262, -13.137837017932108 ], [ -55.981041289959293, -13.137833492408882 ] ] ] } },
{ "type": "Feature", "properties": { }, "geometry": { "type": "Polygon", "coordinates": [ [ [ -55.999256854707333, -13.089439267326648 ], [ -56.012710727721135, -13.084346664224904 ], [ -56.012757308742778, -13.084153199604115 ], [ -56.012769002301475, -13.083767014602522 ], [ -56.012807841287625, -13.083455651770933 ], [ -56.012895554924093, -13.083188884377984 ], [ -56.013021310801633, -13.082756612567081 ], [ -56.013049285176372, -13.08246036201291 ], [ -56.013065630396802, -13.082099870575316 ], [ -56.01307888524348, -13.081647176240514 ], [ -56.013127091957472, -13.080936773149844 ], [ -56.013101572222411, -13.080345012018352 ], [ -56.013096188219983, -13.08001474489585 ], [ -56.013051232890717, -13.079691273801346 ], [ -56.012986874169464, -13.079410878013428 ], [ -56.01286975367907, -13.079139543887443 ], [ -56.012811607907501, -13.078818337143085 ], [ -56.012762065320899, -13.078018732393641 ], [ -56.012748907080791, -13.077795779845468 ], [ -56.012672154662347, -13.077371784544509 ], [ -56.012594605498798, -13.077093651633527 ], [ -56.012576795596999, -13.076845001488632 ], [ -56.012577624544285, -13.076473918962202 ], [ -56.012675438249275, -13.07611267405529 ], [ -56.012715138384905, -13.075204997043738 ], [ -56.012717689631145, -13.073641296901291 ], [ -56.012654892197872, -13.073294385867031 ], [ -56.012567275167989, -13.072885496969628 ], [ -56.012421480164363, -13.07238061517743 ], [ -56.012308278995, -13.071830389743289 ], [ -56.012191190706801, -13.071333823326709 ], [ -56.012092773469895, -13.070489596198959 ], [ -56.011929232968825, -13.069285600757187 ], [ -56.011908332693267, -13.068944735625831 ], [ -56.011780347591447, -13.068688504386536 ], [ -56.011640733335334, -13.06836802877787 ], [ -56.011532151625495, -13.068068719236278 ], [ -56.011323526986395, -13.067442135722249 ], [ -56.011096295700391, -13.066712759371086 ], [ -56.010765931111351, -13.065563896506944 ], [ -56.010746559921571, -13.065381745263755 ], [ -56.010726424188888, -13.065120234326733 ], [ -56.010679907571657, -13.064863254365191 ], [ -56.010592258339578, -13.064679581730273 ], [ -56.010464273237766, -13.064423346063942 ], [ -56.010307581420513, -13.064158792355773 ], [ -56.010175709199864, -13.063956217997218 ], [ -56.009923593912873, -13.063615314138413 ], [ -56.009615626483004, -13.063191263105224 ], [ -56.009341017430273, -13.062801227392093 ], [ -56.008882538930656, -13.062297038365125 ], [ -56.008757644202603, -13.062133009922771 ], [ -56.008469812505396, -13.061970470893971 ], [ -56.008232416746466, -13.061786019976488 ], [ -56.007982595088137, -13.061683195266941 ], [ -56.007902687891551, -13.061617428513715 ], [ -56.007784006113177, -13.061412586412509 ], [ -56.007500061534813, -13.061196384473266 ], [ -56.00728981120335, -13.06108676253573 ], [ -56.007033776595314, -13.061024750813349 ], [ -56.006919714276492, -13.061070840170938 ], [ -56.006689263807949, -13.061150169662682 ], [ -56.006589953219368, -13.061127481689704 ], [ -56.006444858354243, -13.061152403953844 ], [ -55.998539986553197, -13.089742878865252 ], [ -55.998861572013531, -13.089209093828112 ], [ -55.999256854707333, -13.089439267326648 ] ] ] } },
{ "type": "Feature", "properties": { }, "geometry": { "type": "Polygon", "coordinates": [ [ [ -55.999627208188528, -13.085720845619724 ], [ -56.000754751188531, -13.081606665619724 ], [ -56.00188229518853, -13.077492484619723 ], [ -56.002881688049307, -13.073845902207017 ], [ -56.002881688203367, -13.073845901644885 ], [ -56.00300984, -13.0733783 ], [ -56.00413738, -13.06926412 ], [ -56.00481077833085, -13.066807038766521 ], [ -56.005264926188531, -13.065149943619724 ], [ -56.006118145904679, -13.062036716690205 ], [ -56.006344270159531, -13.061211632092926 ], [ -56.005947848970926, -13.061278325784594 ], [ -56.005195056827475, -13.061715131102398 ], [ -56.004656020477846, -13.06227275491236 ], [ -56.004423677223691, -13.06271885396033 ], [ -56.004237802620374, -13.063378708802121 ], [ -56.004061221747214, -13.064010682453413 ], [ -56.003810291032735, -13.064512543882378 ], [ -56.003438541826092, -13.06493076173985 ], [ -56.002722924603304, -13.065739316264295 ], [ -56.00188648888836, -13.066204002772597 ], [ -56.001031465713083, -13.066399171106085 ], [ -55.999934805553487, -13.066278352613926 ], [ -55.999163425949703, -13.066018128169278 ], [ -55.999098369838549, -13.06619470904243 ], [ -55.998842792258976, -13.070414062537816 ], [ -55.998512864838084, -13.074103673413736 ], [ -55.998310726206974, -13.07704978587638 ], [ -55.998092323548072, -13.080321178894827 ], [ -55.997611373011985, -13.086673443463328 ], [ -55.997597865465735, -13.086915078457448 ], [ -55.999430116920877, -13.08643999183565 ], [ -55.999627208188528, -13.085720845619724 ] ] ] } },
{ "type": "Feature", "properties": { }, "geometry": { "type": "Polygon", "coordinates": [ [ [ -56.04037376333369, -13.259090465297541 ], [ -56.03962436949223, -13.262682601066524 ], [ -56.061293947371283, -13.267201829278683 ], [ -56.061390462246194, -13.266934445967426 ], [ -56.06168868432799, -13.266491358944791 ], [ -56.061903276709856, -13.26616451953973 ], [ -56.062103173140358, -13.265801011119297 ], [ -56.062349006335943, -13.265468809171526 ], [ -56.062591632538243, -13.265074451821555 ], [ -56.062731782573188, -13.264870120976916 ], [ -56.06282967459768, -13.264610336933643 ], [ -56.062865990382939, -13.264455178784814 ], [ -56.062851766192928, -13.264332208934011 ], [ -56.062859595463628, -13.264197615943294 ], [ -56.062815507609479, -13.264087609456968 ], [ -56.062787945550411, -13.264068825140875 ], [ -56.040464360144462, -13.258475105284941 ], [ -56.04040032915551, -13.258486092851092 ], [ -56.04037376333369, -13.259090465297541 ] ] ] } },
{ "type": "Feature", "properties": { }, "geometry": { "type": "MultiPolygon", "coordinates": [ [ [ [ -54.460717560542236, -15.185696005486392 ], [ -54.460763430464901, -15.185840445283903 ], [ -54.463043363837343, -15.185840892255833 ], [ -54.463553265606933, -15.184481244153886 ], [ -54.463773506626822, -15.184243686070758 ], [ -54.464065563742608, -15.183750428777278 ], [ -54.464235930393485, -15.183045773501766 ], [ -54.464235930393485, -15.182552513409567 ], [ -54.464430635137347, -15.181918320169203 ], [ -54.464795706532072, -15.18142505739606 ], [ -54.464990411275934, -15.181049237444553 ], [ -54.465136439833842, -15.180720394406942 ], [ -54.465379820763651, -15.180274106653384 ], [ -54.465671877879451, -15.179780839976743 ], [ -54.46607095592465, -15.178941672868593 ], [ -54.466377682575938, -15.178512435000238 ], [ -54.466742753970685, -15.177666827412084 ], [ -54.466913120621548, -15.177291000730621 ], [ -54.467132163458388, -15.176633302428947 ], [ -54.467351206295227, -15.176069559397522 ], [ -54.467937080893478, -15.174567146052496 ], [ -54.468203039549614, -15.173955509630318 ], [ -54.46847075857243, -15.173532697138196 ], [ -54.468811491874199, -15.173109883799899 ], [ -54.469079210896986, -15.172757538704953 ], [ -54.469371268012772, -15.172287744330996 ], [ -54.469590310849611, -15.171794459114107 ], [ -54.470015431601695, -15.171022605720042 ], [ -54.47046539379167, -15.17044922707924 ], [ -54.470758539312776, -15.170079696781666 ], [ -54.471123610707501, -15.169680366569708 ], [ -54.471561696381187, -15.169281035603152 ], [ -54.47187809158995, -15.169046134682112 ], [ -54.472510882007505, -15.168458881237212 ], [ -54.472827277216261, -15.16810652838701 ], [ -54.473314039075916, -15.167848135923521 ], [ -54.473581758098717, -15.167589743144124 ], [ -54.473825139028548, -15.167143427599289 ], [ -54.473971167586441, -15.166767582198979 ], [ -54.473996773736914, -15.16664000880083 ], [ -54.474167234965677, -15.166552195440556 ], [ -54.474203393408146, -15.166552195440556 ], [ -54.475122850945127, -15.165916839951521 ], [ -54.476447799586886, -15.164958641226185 ], [ -54.476982427986201, -15.164540236391941 ], [ -54.477067658600582, -15.164367192417286 ], [ -54.476372899956075, -15.164307789261809 ], [ -54.472813876119112, -15.163925542870032 ], [ -54.472824207102676, -15.164008190738524 ], [ -54.472744771322041, -15.164156760568703 ], [ -54.472486543914499, -15.164230608267038 ], [ -54.472323876818692, -15.164010542271843 ], [ -54.472334795589248, -15.163963561926328 ], [ -54.470455829121128, -15.163734419674121 ], [ -54.467916112391435, -15.163375487545299 ], [ -54.467909887359681, -15.163377355054825 ], [ -54.467309398940166, -15.163321826018183 ], [ -54.46616911662958, -15.163204311080168 ], [ -54.466038967451929, -15.163233528242497 ], [ -54.460717560542236, -15.185696005486392 ] ] ], [ [ [ -54.488634868608301, -15.198324521182084 ], [ -54.488245459120577, -15.198348008028541 ], [ -54.488148106748653, -15.198348008028541 ], [ -54.488002078190767, -15.19860636316694 ], [ -54.487734359167966, -15.199921620782817 ], [ -54.487174583029358, -15.203280187832078 ], [ -54.486760835448649, -15.205534860173486 ], [ -54.486188561370433, -15.209032347533139 ], [ -54.486151704285241, -15.209512040537804 ], [ -54.486335855792333, -15.209587375245251 ], [ -54.489265538859712, -15.210524873826811 ], [ -54.48986574312277, -15.210643020379715 ], [ -54.489865743122778, -15.210643020379713 ], [ -54.489900449443383, -15.210513842828282 ], [ -54.490015477217682, -15.210099711408528 ], [ -54.490180337512683, -15.209691849097089 ], [ -54.490341206371177, -15.209375079883969 ], [ -54.490411549396029, -15.209269108191677 ], [ -54.490630592232854, -15.209316079443523 ], [ -54.491312058836364, -15.209433507527331 ], [ -54.491453650422883, -15.209528394395395 ], [ -54.491701468324088, -15.209785791401863 ], [ -54.49189617306795, -15.209997161418801 ], [ -54.492220451067936, -15.210167066922672 ], [ -54.492407273020582, -15.210302473299492 ], [ -54.492428079402906, -15.210550071230603 ], [ -54.492309920648637, -15.21105400840187 ], [ -54.49274800632233, -15.211124464678955 ], [ -54.495157477527584, -15.211335833368858 ], [ -54.495653020622321, -15.211381405611196 ], [ -54.497129779986366, -15.199068833315387 ], [ -54.488634868608301, -15.198324521182084 ] ] ] ] } }
]
}
